date,bdi_index,source
2018-01-01,1722.0,FRED_synthetic
2018-01-02,1730.2,FRED_synthetic
2018-01-03,1742.9,FRED_synthetic
2018-01-04,1793.2,FRED_synthetic
2018-01-05,1761.3,FRED_synthetic
2018-01-06,1702.4,FRED_synthetic
2018-01-07,1803.5,FRED_synthetic
2018-01-08,1783.1,FRED_synthetic
2018-01-09,1795.1,FRED_synthetic
2018-01-10,1821.3,FRED_synthetic
2018-01-11,1836.6,FRED_synthetic
2018-01-12,1892.7,FRED_synthetic
2018-01-13,1876.8,FRED_synthetic
2018-01-14,1858.9,FRED_synthetic
2018-01-15,1825.9,FRED_synthetic
2018-01-16,1821.4,FRED_synthetic
2018-01-17,1893.8,FRED_synthetic
2018-01-18,1956.3,FRED_synthetic
2018-01-19,1902.1,FRED_synthetic
2018-01-20,1904.0,FRED_synthetic
2018-01-21,1945.1,FRED_synthetic
2018-01-22,1855.0,FRED_synthetic
2018-01-23,1921.2,FRED_synthetic
2018-01-24,1970.4,FRED_synthetic
2018-01-25,1998.5,FRED_synthetic
2018-01-26,1951.8,FRED_synthetic
2018-01-27,1991.6,FRED_synthetic
2018-01-28,1994.1,FRED_synthetic
2018-01-29,2029.6,FRED_synthetic
2018-01-30,1943.6,FRED_synthetic
2018-01-31,2036.4,FRED_synthetic
2018-02-01,1941.0,FRED_synthetic
2018-02-02,1894.3,FRED_synthetic
2018-02-03,2003.5,FRED_synthetic
2018-02-04,1996.6,FRED_synthetic
2018-02-05,2094.6,FRED_synthetic
2018-02-06,2092.4,FRED_synthetic
2018-02-07,2006.5,FRED_synthetic
2018-02-08,2118.1,FRED_synthetic
2018-02-09,2033.7,FRED_synthetic
2018-02-10,2087.6,FRED_synthetic
2018-02-11,2085.3,FRED_synthetic
2018-02-12,2113.6,FRED_synthetic
2018-02-13,2156.7,FRED_synthetic
2018-02-14,2155.5,FRED_synthetic
2018-02-15,2148.8,FRED_synthetic
2018-02-16,2171.5,FRED_synthetic
2018-02-17,2170.4,FRED_synthetic
2018-02-18,2122.6,FRED_synthetic
2018-02-19,2125.5,FRED_synthetic
2018-02-20,2145.2,FRED_synthetic
2018-02-21,2200.9,FRED_synthetic
2018-02-22,2170.6,FRED_synthetic
2018-02-23,2306.9,FRED_synthetic
2018-02-24,2156.1,FRED_synthetic
2018-02-25,2149.0,FRED_synthetic
2018-02-26,2249.1,FRED_synthetic
2018-02-27,2288.5,FRED_synthetic
2018-02-28,2249.3,FRED_synthetic
2018-03-01,2272.3,FRED_synthetic
2018-03-02,2308.2,FRED_synthetic
2018-03-03,2238.4,FRED_synthetic
2018-03-04,2178.2,FRED_synthetic
2018-03-05,2228.8,FRED_synthetic
2018-03-06,2309.1,FRED_synthetic
2018-03-07,2195.1,FRED_synthetic
2018-03-08,2274.8,FRED_synthetic
2018-03-09,2291.4,FRED_synthetic
2018-03-10,2268.5,FRED_synthetic
2018-03-11,2326.0,FRED_synthetic
2018-03-12,2324.2,FRED_synthetic
2018-03-13,2416.4,FRED_synthetic
2018-03-14,2336.5,FRED_synthetic
2018-03-15,2280.0,FRED_synthetic
2018-03-16,2287.3,FRED_synthetic
2018-03-17,2278.6,FRED_synthetic
2018-03-18,2372.5,FRED_synthetic
2018-03-19,2301.1,FRED_synthetic
2018-03-20,2330.4,FRED_synthetic
2018-03-21,2375.7,FRED_synthetic
2018-03-22,2306.2,FRED_synthetic
2018-03-23,2331.8,FRED_synthetic
2018-03-24,2258.4,FRED_synthetic
2018-03-25,2300.2,FRED_synthetic
2018-03-26,2329.7,FRED_synthetic
2018-03-27,2382.5,FRED_synthetic
2018-03-28,2424.8,FRED_synthetic
2018-03-29,2367.6,FRED_synthetic
2018-03-30,2384.8,FRED_synthetic
2018-03-31,2383.3,FRED_synthetic
2018-04-01,2432.1,FRED_synthetic
2018-04-02,2425.4,FRED_synthetic
2018-04-03,2397.2,FRED_synthetic
2018-04-04,2335.6,FRED_synthetic
2018-04-05,2433.8,FRED_synthetic
2018-04-06,2410.1,FRED_synthetic
2018-04-07,2454.6,FRED_synthetic
2018-04-08,2393.9,FRED_synthetic
2018-04-09,2495.0,FRED_synthetic
2018-04-10,2381.3,FRED_synthetic
2018-04-11,2480.6,FRED_synthetic
2018-04-12,2408.3,FRED_synthetic
2018-04-13,2378.3,FRED_synthetic
2018-04-14,2349.0,FRED_synthetic
2018-04-15,2399.1,FRED_synthetic
2018-04-16,2478.9,FRED_synthetic
2018-04-17,2449.5,FRED_synthetic
2018-04-18,2444.0,FRED_synthetic
2018-04-19,2291.5,FRED_synthetic
2018-04-20,2446.4,FRED_synthetic
2018-04-21,2439.1,FRED_synthetic
2018-04-22,2384.2,FRED_synthetic
2018-04-23,2380.5,FRED_synthetic
2018-04-24,2411.9,FRED_synthetic
2018-04-25,2498.2,FRED_synthetic
2018-04-26,2359.0,FRED_synthetic
2018-04-27,2390.1,FRED_synthetic
2018-04-28,2479.1,FRED_synthetic
2018-04-29,2388.2,FRED_synthetic
2018-04-30,2391.6,FRED_synthetic
2018-05-01,2413.9,FRED_synthetic
2018-05-02,2346.0,FRED_synthetic
2018-05-03,2418.0,FRED_synthetic
2018-05-04,2345.4,FRED_synthetic
2018-05-05,2448.8,FRED_synthetic
2018-05-06,2403.3,FRED_synthetic
2018-05-07,2515.8,FRED_synthetic
2018-05-08,2414.0,FRED_synthetic
2018-05-09,2466.4,FRED_synthetic
2018-05-10,2331.1,FRED_synthetic
2018-05-11,2388.1,FRED_synthetic
2018-05-12,2408.3,FRED_synthetic
2018-05-13,2477.1,FRED_synthetic
2018-05-14,2303.4,FRED_synthetic
2018-05-15,2434.5,FRED_synthetic
2018-05-16,2412.0,FRED_synthetic
2018-05-17,2456.3,FRED_synthetic
2018-05-18,2412.5,FRED_synthetic
2018-05-19,2376.5,FRED_synthetic
2018-05-20,2344.8,FRED_synthetic
2018-05-21,2305.3,FRED_synthetic
2018-05-22,2374.2,FRED_synthetic
2018-05-23,2351.4,FRED_synthetic
2018-05-24,2458.5,FRED_synthetic
2018-05-25,2323.4,FRED_synthetic
2018-05-26,2366.2,FRED_synthetic
2018-05-27,2268.0,FRED_synthetic
2018-05-28,2322.7,FRED_synthetic
2018-05-29,2351.6,FRED_synthetic
2018-05-30,2375.6,FRED_synthetic
2018-05-31,2402.6,FRED_synthetic
2018-06-01,2323.7,FRED_synthetic
2018-06-02,2265.6,FRED_synthetic
2018-06-03,2339.8,FRED_synthetic
2018-06-04,2338.2,FRED_synthetic
2018-06-05,2332.3,FRED_synthetic
2018-06-06,2267.9,FRED_synthetic
2018-06-07,2354.7,FRED_synthetic
2018-06-08,2297.5,FRED_synthetic
2018-06-09,2323.0,FRED_synthetic
2018-06-10,2346.6,FRED_synthetic
2018-06-11,2308.1,FRED_synthetic
2018-06-12,2286.7,FRED_synthetic
2018-06-13,2374.7,FRED_synthetic
2018-06-14,2273.7,FRED_synthetic
2018-06-15,2241.2,FRED_synthetic
2018-06-16,2256.0,FRED_synthetic
2018-06-17,2318.9,FRED_synthetic
2018-06-18,2244.9,FRED_synthetic
2018-06-19,2259.1,FRED_synthetic
2018-06-20,2287.0,FRED_synthetic
2018-06-21,2195.7,FRED_synthetic
2018-06-22,2128.9,FRED_synthetic
2018-06-23,2224.1,FRED_synthetic
2018-06-24,2214.5,FRED_synthetic
2018-06-25,2166.4,FRED_synthetic
2018-06-26,2234.1,FRED_synthetic
2018-06-27,2214.6,FRED_synthetic
2018-06-28,2128.1,FRED_synthetic
2018-06-29,2197.3,FRED_synthetic
2018-06-30,2155.1,FRED_synthetic
2018-07-01,2084.2,FRED_synthetic
2018-07-02,2174.4,FRED_synthetic
2018-07-03,2142.8,FRED_synthetic
2018-07-04,2101.2,FRED_synthetic
2018-07-05,2157.8,FRED_synthetic
2018-07-06,2149.3,FRED_synthetic
2018-07-07,2089.3,FRED_synthetic
2018-07-08,2131.3,FRED_synthetic
2018-07-09,2155.2,FRED_synthetic
2018-07-10,2061.9,FRED_synthetic
2018-07-11,2109.6,FRED_synthetic
2018-07-12,2083.8,FRED_synthetic
2018-07-13,2189.9,FRED_synthetic
2018-07-14,1976.5,FRED_synthetic
2018-07-15,2097.3,FRED_synthetic
2018-07-16,2040.2,FRED_synthetic
2018-07-17,2043.4,FRED_synthetic
2018-07-18,2136.4,FRED_synthetic
2018-07-19,2033.8,FRED_synthetic
2018-07-20,2139.2,FRED_synthetic
2018-07-21,1997.9,FRED_synthetic
2018-07-22,2030.4,FRED_synthetic
2018-07-23,1981.2,FRED_synthetic
2018-07-24,1964.0,FRED_synthetic
2018-07-25,1994.5,FRED_synthetic
2018-07-26,1970.1,FRED_synthetic
2018-07-27,1987.2,FRED_synthetic
2018-07-28,1864.7,FRED_synthetic
2018-07-29,2062.9,FRED_synthetic
2018-07-30,1947.3,FRED_synthetic
2018-07-31,2035.7,FRED_synthetic
2018-08-01,1891.1,FRED_synthetic
2018-08-02,1949.0,FRED_synthetic
2018-08-03,2085.5,FRED_synthetic
2018-08-04,1876.7,FRED_synthetic
2018-08-05,1838.4,FRED_synthetic
2018-08-06,1878.8,FRED_synthetic
2018-08-07,1922.8,FRED_synthetic
2018-08-08,1926.8,FRED_synthetic
2018-08-09,1949.7,FRED_synthetic
2018-08-10,1865.5,FRED_synthetic
2018-08-11,1791.3,FRED_synthetic
2018-08-12,1842.8,FRED_synthetic
2018-08-13,1919.8,FRED_synthetic
2018-08-14,1874.3,FRED_synthetic
2018-08-15,1746.4,FRED_synthetic
2018-08-16,1835.8,FRED_synthetic
2018-08-17,1900.8,FRED_synthetic
2018-08-18,1930.6,FRED_synthetic
2018-08-19,1845.8,FRED_synthetic
2018-08-20,1826.7,FRED_synthetic
2018-08-21,1742.8,FRED_synthetic
2018-08-22,1756.2,FRED_synthetic
2018-08-23,1794.4,FRED_synthetic
2018-08-24,1810.9,FRED_synthetic
2018-08-25,1808.5,FRED_synthetic
2018-08-26,1749.4,FRED_synthetic
2018-08-27,1709.6,FRED_synthetic
2018-08-28,1722.3,FRED_synthetic
2018-08-29,1697.4,FRED_synthetic
2018-08-30,1781.5,FRED_synthetic
2018-08-31,1627.8,FRED_synthetic
2018-09-01,1721.0,FRED_synthetic
2018-09-02,1754.5,FRED_synthetic
2018-09-03,1802.5,FRED_synthetic
2018-09-04,1724.4,FRED_synthetic
2018-09-05,1765.4,FRED_synthetic
2018-09-06,1690.0,FRED_synthetic
2018-09-07,1667.4,FRED_synthetic
2018-09-08,1665.7,FRED_synthetic
2018-09-09,1770.6,FRED_synthetic
2018-09-10,1738.9,FRED_synthetic
2018-09-11,1708.6,FRED_synthetic
2018-09-12,1845.8,FRED_synthetic
2018-09-13,1672.9,FRED_synthetic
2018-09-14,1700.8,FRED_synthetic
2018-09-15,1680.6,FRED_synthetic
2018-09-16,1649.6,FRED_synthetic
2018-09-17,1772.1,FRED_synthetic
2018-09-18,1727.3,FRED_synthetic
2018-09-19,1577.7,FRED_synthetic
2018-09-20,1623.6,FRED_synthetic
2018-09-21,1661.0,FRED_synthetic
2018-09-22,1674.8,FRED_synthetic
2018-09-23,1564.4,FRED_synthetic
2018-09-24,1515.3,FRED_synthetic
2018-09-25,1529.1,FRED_synthetic
2018-09-26,1617.4,FRED_synthetic
2018-09-27,1612.4,FRED_synthetic
2018-09-28,1631.5,FRED_synthetic
2018-09-29,1572.6,FRED_synthetic
2018-09-30,1546.8,FRED_synthetic
2018-10-01,1503.9,FRED_synthetic
2018-10-02,1618.7,FRED_synthetic
2018-10-03,1618.0,FRED_synthetic
2018-10-04,1646.5,FRED_synthetic
2018-10-05,1633.9,FRED_synthetic
2018-10-06,1582.4,FRED_synthetic
2018-10-07,1657.2,FRED_synthetic
2018-10-08,1580.7,FRED_synthetic
2018-10-09,1552.5,FRED_synthetic
2018-10-10,1557.6,FRED_synthetic
2018-10-11,1552.6,FRED_synthetic
2018-10-12,1471.8,FRED_synthetic
2018-10-13,1586.4,FRED_synthetic
2018-10-14,1589.6,FRED_synthetic
2018-10-15,1557.7,FRED_synthetic
2018-10-16,1539.0,FRED_synthetic
2018-10-17,1592.2,FRED_synthetic
2018-10-18,1658.5,FRED_synthetic
2018-10-19,1573.8,FRED_synthetic
2018-10-20,1545.8,FRED_synthetic
2018-10-21,1541.0,FRED_synthetic
2018-10-22,1566.7,FRED_synthetic
2018-10-23,1506.6,FRED_synthetic
2018-10-24,1563.4,FRED_synthetic
2018-10-25,1572.7,FRED_synthetic
2018-10-26,1661.9,FRED_synthetic
2018-10-27,1617.1,FRED_synthetic
2018-10-28,1621.9,FRED_synthetic
2018-10-29,1535.0,FRED_synthetic
2018-10-30,1604.7,FRED_synthetic
2018-10-31,1515.0,FRED_synthetic
2018-11-01,1588.4,FRED_synthetic
2018-11-02,1594.7,FRED_synthetic
2018-11-03,1536.5,FRED_synthetic
2018-11-04,1676.0,FRED_synthetic
2018-11-05,1605.7,FRED_synthetic
2018-11-06,1483.7,FRED_synthetic
2018-11-07,1608.1,FRED_synthetic
2018-11-08,1561.8,FRED_synthetic
2018-11-09,1584.1,FRED_synthetic
2018-11-10,1609.3,FRED_synthetic
2018-11-11,1607.6,FRED_synthetic
2018-11-12,1488.3,FRED_synthetic
2018-11-13,1534.7,FRED_synthetic
2018-11-14,1633.8,FRED_synthetic
2018-11-15,1662.8,FRED_synthetic
2018-11-16,1695.6,FRED_synthetic
2018-11-17,1693.4,FRED_synthetic
2018-11-18,1503.5,FRED_synthetic
2018-11-19,1647.8,FRED_synthetic
2018-11-20,1516.7,FRED_synthetic
2018-11-21,1696.6,FRED_synthetic
2018-11-22,1632.0,FRED_synthetic
2018-11-23,1565.8,FRED_synthetic
2018-11-24,1727.1,FRED_synthetic
2018-11-25,1662.6,FRED_synthetic
2018-11-26,1539.8,FRED_synthetic
2018-11-27,1653.0,FRED_synthetic
2018-11-28,1605.9,FRED_synthetic
2018-11-29,1652.3,FRED_synthetic
2018-11-30,1627.9,FRED_synthetic
2018-12-01,1724.3,FRED_synthetic
2018-12-02,1589.1,FRED_synthetic
2018-12-03,1680.8,FRED_synthetic
2018-12-04,1760.5,FRED_synthetic
2018-12-05,1633.4,FRED_synthetic
2018-12-06,1690.3,FRED_synthetic
2018-12-07,1695.0,FRED_synthetic
2018-12-08,1655.7,FRED_synthetic
2018-12-09,1727.9,FRED_synthetic
2018-12-10,1705.9,FRED_synthetic
2018-12-11,1659.4,FRED_synthetic
2018-12-12,1800.3,FRED_synthetic
2018-12-13,1757.6,FRED_synthetic
2018-12-14,1715.5,FRED_synthetic
2018-12-15,1698.0,FRED_synthetic
2018-12-16,1696.6,FRED_synthetic
2018-12-17,1803.6,FRED_synthetic
2018-12-18,1740.9,FRED_synthetic
2018-12-19,1777.5,FRED_synthetic
2018-12-20,1751.8,FRED_synthetic
2018-12-21,1798.3,FRED_synthetic
2018-12-22,1768.3,FRED_synthetic
2018-12-23,1819.0,FRED_synthetic
2018-12-24,1778.4,FRED_synthetic
2018-12-25,1835.9,FRED_synthetic
2018-12-26,1834.9,FRED_synthetic
2018-12-27,1802.5,FRED_synthetic
2018-12-28,1772.4,FRED_synthetic
2018-12-29,1775.5,FRED_synthetic
2018-12-30,1792.7,FRED_synthetic
2018-12-31,1787.9,FRED_synthetic
2019-01-01,1887.7,FRED_synthetic
2019-01-02,1849.6,FRED_synthetic
2019-01-03,1937.9,FRED_synthetic
2019-01-04,1980.9,FRED_synthetic
2019-01-05,1875.8,FRED_synthetic
2019-01-06,1804.9,FRED_synthetic
2019-01-07,1871.0,FRED_synthetic
2019-01-08,1894.1,FRED_synthetic
2019-01-09,1831.3,FRED_synthetic
2019-01-10,1901.2,FRED_synthetic
2019-01-11,1936.0,FRED_synthetic
2019-01-12,1906.7,FRED_synthetic
2019-01-13,1899.4,FRED_synthetic
2019-01-14,1908.0,FRED_synthetic
2019-01-15,2043.4,FRED_synthetic
2019-01-16,1954.3,FRED_synthetic
2019-01-17,1929.1,FRED_synthetic
2019-01-18,1960.2,FRED_synthetic
2019-01-19,2034.9,FRED_synthetic
2019-01-20,1961.3,FRED_synthetic
2019-01-21,2028.1,FRED_synthetic
2019-01-22,2048.8,FRED_synthetic
2019-01-23,2058.3,FRED_synthetic
2019-01-24,2099.3,FRED_synthetic
2019-01-25,2010.3,FRED_synthetic
2019-01-26,2103.0,FRED_synthetic
2019-01-27,2015.3,FRED_synthetic
2019-01-28,2043.7,FRED_synthetic
2019-01-29,2132.0,FRED_synthetic
2019-01-30,2121.9,FRED_synthetic
2019-01-31,2089.5,FRED_synthetic
2019-02-01,2038.5,FRED_synthetic
2019-02-02,2134.8,FRED_synthetic
2019-02-03,2083.8,FRED_synthetic
2019-02-04,2077.8,FRED_synthetic
2019-02-05,2100.3,FRED_synthetic
2019-02-06,2153.6,FRED_synthetic
2019-02-07,2043.9,FRED_synthetic
2019-02-08,2176.7,FRED_synthetic
2019-02-09,2176.0,FRED_synthetic
2019-02-10,2146.7,FRED_synthetic
2019-02-11,2236.4,FRED_synthetic
2019-02-12,2223.8,FRED_synthetic
2019-02-13,2171.5,FRED_synthetic
2019-02-14,2176.9,FRED_synthetic
2019-02-15,2253.8,FRED_synthetic
2019-02-16,2151.8,FRED_synthetic
2019-02-17,2219.5,FRED_synthetic
2019-02-18,2213.1,FRED_synthetic
2019-02-19,2256.6,FRED_synthetic
2019-02-20,2272.2,FRED_synthetic
2019-02-21,2271.9,FRED_synthetic
2019-02-22,2335.2,FRED_synthetic
2019-02-23,2298.2,FRED_synthetic
2019-02-24,2279.4,FRED_synthetic
2019-02-25,2242.9,FRED_synthetic
2019-02-26,2347.8,FRED_synthetic
2019-02-27,2346.3,FRED_synthetic
2019-02-28,2400.7,FRED_synthetic
2019-03-01,2298.9,FRED_synthetic
2019-03-02,2345.6,FRED_synthetic
2019-03-03,2349.4,FRED_synthetic
2019-03-04,2356.0,FRED_synthetic
2019-03-05,2368.8,FRED_synthetic
2019-03-06,2290.4,FRED_synthetic
2019-03-07,2425.2,FRED_synthetic
2019-03-08,2424.4,FRED_synthetic
2019-03-09,2456.0,FRED_synthetic
2019-03-10,2519.6,FRED_synthetic
2019-03-11,2398.7,FRED_synthetic
2019-03-12,2420.4,FRED_synthetic
2019-03-13,2430.1,FRED_synthetic
2019-03-14,2534.1,FRED_synthetic
2019-03-15,2357.8,FRED_synthetic
2019-03-16,2475.8,FRED_synthetic
2019-03-17,2385.2,FRED_synthetic
2019-03-18,2336.7,FRED_synthetic
2019-03-19,2371.8,FRED_synthetic
2019-03-20,2410.7,FRED_synthetic
2019-03-21,2540.0,FRED_synthetic
2019-03-22,2449.9,FRED_synthetic
2019-03-23,2488.7,FRED_synthetic
2019-03-24,2448.5,FRED_synthetic
2019-03-25,2543.7,FRED_synthetic
2019-03-26,2464.5,FRED_synthetic
2019-03-27,2591.8,FRED_synthetic
2019-03-28,2482.5,FRED_synthetic
2019-03-29,2500.1,FRED_synthetic
2019-03-30,2550.5,FRED_synthetic
2019-03-31,2551.6,FRED_synthetic
2019-04-01,2627.4,FRED_synthetic
2019-04-02,2568.0,FRED_synthetic
2019-04-03,2507.2,FRED_synthetic
2019-04-04,2545.2,FRED_synthetic
2019-04-05,2550.0,FRED_synthetic
2019-04-06,2620.3,FRED_synthetic
2019-04-07,2608.5,FRED_synthetic
2019-04-08,2588.4,FRED_synthetic
2019-04-09,2642.9,FRED_synthetic
2019-04-10,2578.0,FRED_synthetic
2019-04-11,2602.4,FRED_synthetic
2019-04-12,2623.0,FRED_synthetic
2019-04-13,2695.0,FRED_synthetic
2019-04-14,2618.1,FRED_synthetic
2019-04-15,2609.9,FRED_synthetic
2019-04-16,2579.4,FRED_synthetic
2019-04-17,2670.1,FRED_synthetic
2019-04-18,2610.5,FRED_synthetic
2019-04-19,2661.0,FRED_synthetic
2019-04-20,2552.5,FRED_synthetic
2019-04-21,2703.4,FRED_synthetic
2019-04-22,2588.2,FRED_synthetic
2019-04-23,2619.4,FRED_synthetic
2019-04-24,2714.5,FRED_synthetic
2019-04-25,2598.0,FRED_synthetic
2019-04-26,2663.9,FRED_synthetic
2019-04-27,2674.5,FRED_synthetic
2019-04-28,2623.7,FRED_synthetic
2019-04-29,2743.5,FRED_synthetic
2019-04-30,2753.8,FRED_synthetic
2019-05-01,2582.8,FRED_synthetic
2019-05-02,2611.2,FRED_synthetic
2019-05-03,2726.3,FRED_synthetic
2019-05-04,2622.8,FRED_synthetic
2019-05-05,2670.5,FRED_synthetic
2019-05-06,2698.2,FRED_synthetic
2019-05-07,2728.0,FRED_synthetic
2019-05-08,2683.8,FRED_synthetic
2019-05-09,2701.1,FRED_synthetic
2019-05-10,2658.8,FRED_synthetic
2019-05-11,2763.5,FRED_synthetic
2019-05-12,2675.1,FRED_synthetic
2019-05-13,2717.8,FRED_synthetic
2019-05-14,2676.0,FRED_synthetic
2019-05-15,2707.5,FRED_synthetic
2019-05-16,2694.3,FRED_synthetic
2019-05-17,2695.0,FRED_synthetic
2019-05-18,2652.7,FRED_synthetic
2019-05-19,2743.3,FRED_synthetic
2019-05-20,2774.2,FRED_synthetic
2019-05-21,2715.5,FRED_synthetic
2019-05-22,2739.7,FRED_synthetic
2019-05-23,2744.6,FRED_synthetic
2019-05-24,2748.6,FRED_synthetic
2019-05-25,2716.7,FRED_synthetic
2019-05-26,2711.4,FRED_synthetic
2019-05-27,2743.1,FRED_synthetic
2019-05-28,2702.2,FRED_synthetic
2019-05-29,2648.9,FRED_synthetic
2019-05-30,2697.5,FRED_synthetic
2019-05-31,2600.5,FRED_synthetic
2019-06-01,2693.1,FRED_synthetic
2019-06-02,2712.3,FRED_synthetic
2019-06-03,2751.6,FRED_synthetic
2019-06-04,2695.5,FRED_synthetic
2019-06-05,2732.2,FRED_synthetic
2019-06-06,2683.6,FRED_synthetic
2019-06-07,2630.2,FRED_synthetic
2019-06-08,2608.3,FRED_synthetic
2019-06-09,2627.8,FRED_synthetic
2019-06-10,2605.3,FRED_synthetic
2019-06-11,2702.5,FRED_synthetic
2019-06-12,2657.5,FRED_synthetic
2019-06-13,2693.3,FRED_synthetic
2019-06-14,2665.3,FRED_synthetic
2019-06-15,2710.6,FRED_synthetic
2019-06-16,2707.9,FRED_synthetic
2019-06-17,2619.1,FRED_synthetic
2019-06-18,2634.0,FRED_synthetic
2019-06-19,2617.3,FRED_synthetic
2019-06-20,2559.0,FRED_synthetic
2019-06-21,2669.9,FRED_synthetic
2019-06-22,2691.4,FRED_synthetic
2019-06-23,2627.4,FRED_synthetic
2019-06-24,2598.7,FRED_synthetic
2019-06-25,2673.5,FRED_synthetic
2019-06-26,2497.1,FRED_synthetic
2019-06-27,2618.6,FRED_synthetic
2019-06-28,2612.1,FRED_synthetic
2019-06-29,2571.5,FRED_synthetic
2019-06-30,2664.6,FRED_synthetic
2019-07-01,2638.5,FRED_synthetic
2019-07-02,2571.7,FRED_synthetic
2019-07-03,2575.1,FRED_synthetic
2019-07-04,2554.6,FRED_synthetic
2019-07-05,2542.9,FRED_synthetic
2019-07-06,2497.5,FRED_synthetic
2019-07-07,2626.2,FRED_synthetic
2019-07-08,2602.8,FRED_synthetic
2019-07-09,2585.4,FRED_synthetic
2019-07-10,2484.8,FRED_synthetic
2019-07-11,2637.5,FRED_synthetic
2019-07-12,2626.3,FRED_synthetic
2019-07-13,2530.4,FRED_synthetic
2019-07-14,2469.5,FRED_synthetic
2019-07-15,2464.9,FRED_synthetic
2019-07-16,2522.6,FRED_synthetic
2019-07-17,2449.4,FRED_synthetic
2019-07-18,2486.7,FRED_synthetic
2019-07-19,2536.0,FRED_synthetic
2019-07-20,2399.4,FRED_synthetic
2019-07-21,2568.1,FRED_synthetic
2019-07-22,2539.1,FRED_synthetic
2019-07-23,2391.9,FRED_synthetic
2019-07-24,2375.9,FRED_synthetic
2019-07-25,2425.1,FRED_synthetic
2019-07-26,2380.4,FRED_synthetic
2019-07-27,2411.4,FRED_synthetic
2019-07-28,2288.1,FRED_synthetic
2019-07-29,2398.2,FRED_synthetic
2019-07-30,2492.2,FRED_synthetic
2019-07-31,2338.6,FRED_synthetic
2019-08-01,2373.1,FRED_synthetic
2019-08-02,2304.5,FRED_synthetic
2019-08-03,2403.0,FRED_synthetic
2019-08-04,2352.0,FRED_synthetic
2019-08-05,2452.3,FRED_synthetic
2019-08-06,2357.6,FRED_synthetic
2019-08-07,2320.6,FRED_synthetic
2019-08-08,2358.7,FRED_synthetic
2019-08-09,2297.7,FRED_synthetic
2019-08-10,2247.8,FRED_synthetic
2019-08-11,2321.6,FRED_synthetic
2019-08-12,2289.5,FRED_synthetic
2019-08-13,2298.2,FRED_synthetic
2019-08-14,2300.3,FRED_synthetic
2019-08-15,2247.6,FRED_synthetic
2019-08-16,2285.7,FRED_synthetic
2019-08-17,2343.1,FRED_synthetic
2019-08-18,2192.3,FRED_synthetic
2019-08-19,2326.0,FRED_synthetic
2019-08-20,2218.3,FRED_synthetic
2019-08-21,2183.5,FRED_synthetic
2019-08-22,2334.6,FRED_synthetic
2019-08-23,2212.3,FRED_synthetic
2019-08-24,2264.3,FRED_synthetic
2019-08-25,2228.0,FRED_synthetic
2019-08-26,2094.3,FRED_synthetic
2019-08-27,2175.6,FRED_synthetic
2019-08-28,2134.5,FRED_synthetic
2019-08-29,2084.9,FRED_synthetic
2019-08-30,2054.5,FRED_synthetic
2019-08-31,2139.4,FRED_synthetic
2019-09-01,2154.9,FRED_synthetic
2019-09-02,2136.1,FRED_synthetic
2019-09-03,2092.4,FRED_synthetic
2019-09-04,2058.9,FRED_synthetic
2019-09-05,2040.6,FRED_synthetic
2019-09-06,2053.2,FRED_synthetic
2019-09-07,2020.4,FRED_synthetic
2019-09-08,2053.0,FRED_synthetic
2019-09-09,2053.1,FRED_synthetic
2019-09-10,2000.6,FRED_synthetic
2019-09-11,2024.9,FRED_synthetic
2019-09-12,1989.6,FRED_synthetic
2019-09-13,2018.5,FRED_synthetic
2019-09-14,2035.2,FRED_synthetic
2019-09-15,2009.8,FRED_synthetic
2019-09-16,2015.7,FRED_synthetic
2019-09-17,1900.6,FRED_synthetic
2019-09-18,1955.4,FRED_synthetic
2019-09-19,1979.4,FRED_synthetic
2019-09-20,1988.8,FRED_synthetic
2019-09-21,1868.0,FRED_synthetic
2019-09-22,1947.1,FRED_synthetic
2019-09-23,1990.7,FRED_synthetic
2019-09-24,1912.7,FRED_synthetic
2019-09-25,1908.2,FRED_synthetic
2019-09-26,1926.7,FRED_synthetic
2019-09-27,1907.9,FRED_synthetic
2019-09-28,1920.6,FRED_synthetic
2019-09-29,1881.9,FRED_synthetic
2019-09-30,1877.3,FRED_synthetic
2019-10-01,1822.0,FRED_synthetic
2019-10-02,1844.0,FRED_synthetic
2019-10-03,1906.7,FRED_synthetic
2019-10-04,1825.4,FRED_synthetic
2019-10-05,1818.7,FRED_synthetic
2019-10-06,1794.2,FRED_synthetic
2019-10-07,1849.7,FRED_synthetic
2019-10-08,1759.3,FRED_synthetic
2019-10-09,1839.3,FRED_synthetic
2019-10-10,1738.7,FRED_synthetic
2019-10-11,1724.4,FRED_synthetic
2019-10-12,1779.4,FRED_synthetic
2019-10-13,1767.5,FRED_synthetic
2019-10-14,1767.8,FRED_synthetic
2019-10-15,1798.0,FRED_synthetic
2019-10-16,1716.3,FRED_synthetic
2019-10-17,1751.1,FRED_synthetic
2019-10-18,1675.6,FRED_synthetic
2019-10-19,1776.2,FRED_synthetic
2019-10-20,1737.0,FRED_synthetic
2019-10-21,1724.5,FRED_synthetic
2019-10-22,1699.3,FRED_synthetic
2019-10-23,1643.0,FRED_synthetic
2019-10-24,1658.3,FRED_synthetic
2019-10-25,1692.2,FRED_synthetic
2019-10-26,1658.7,FRED_synthetic
2019-10-27,1658.4,FRED_synthetic
2019-10-28,1576.8,FRED_synthetic
2019-10-29,1646.5,FRED_synthetic
2019-10-30,1595.6,FRED_synthetic
2019-10-31,1568.8,FRED_synthetic
2019-11-01,1608.1,FRED_synthetic
2019-11-02,1515.9,FRED_synthetic
2019-11-03,1636.6,FRED_synthetic
2019-11-04,1637.3,FRED_synthetic
2019-11-05,1585.1,FRED_synthetic
2019-11-06,1531.2,FRED_synthetic
2019-11-07,1526.8,FRED_synthetic
2019-11-08,1559.8,FRED_synthetic
2019-11-09,1439.4,FRED_synthetic
2019-11-10,1563.0,FRED_synthetic
2019-11-11,1580.7,FRED_synthetic
2019-11-12,1525.3,FRED_synthetic
2019-11-13,1509.8,FRED_synthetic
2019-11-14,1537.2,FRED_synthetic
2019-11-15,1539.3,FRED_synthetic
2019-11-16,1570.3,FRED_synthetic
2019-11-17,1510.3,FRED_synthetic
2019-11-18,1468.7,FRED_synthetic
2019-11-19,1474.1,FRED_synthetic
2019-11-20,1500.3,FRED_synthetic
2019-11-21,1563.0,FRED_synthetic
2019-11-22,1463.3,FRED_synthetic
2019-11-23,1420.9,FRED_synthetic
2019-11-24,1424.3,FRED_synthetic
2019-11-25,1357.3,FRED_synthetic
2019-11-26,1473.0,FRED_synthetic
2019-11-27,1382.9,FRED_synthetic
2019-11-28,1383.8,FRED_synthetic
2019-11-29,1341.3,FRED_synthetic
2019-11-30,1378.8,FRED_synthetic
2019-12-01,1457.8,FRED_synthetic
2019-12-02,1358.6,FRED_synthetic
2019-12-03,1331.5,FRED_synthetic
2019-12-04,1422.8,FRED_synthetic
2019-12-05,1391.8,FRED_synthetic
2019-12-06,1425.5,FRED_synthetic
2019-12-07,1436.0,FRED_synthetic
2019-12-08,1393.7,FRED_synthetic
2019-12-09,1324.4,FRED_synthetic
2019-12-10,1378.4,FRED_synthetic
2019-12-11,1405.0,FRED_synthetic
2019-12-12,1346.2,FRED_synthetic
2019-12-13,1298.9,FRED_synthetic
2019-12-14,1421.4,FRED_synthetic
2019-12-15,1341.1,FRED_synthetic
2019-12-16,1337.1,FRED_synthetic
2019-12-17,1354.0,FRED_synthetic
2019-12-18,1400.5,FRED_synthetic
2019-12-19,1358.0,FRED_synthetic
2019-12-20,1324.0,FRED_synthetic
2019-12-21,1370.7,FRED_synthetic
2019-12-22,1439.9,FRED_synthetic
2019-12-23,1398.0,FRED_synthetic
2019-12-24,1358.4,FRED_synthetic
2019-12-25,1264.8,FRED_synthetic
2019-12-26,1504.7,FRED_synthetic
2019-12-27,1253.4,FRED_synthetic
2019-12-28,1291.1,FRED_synthetic
2019-12-29,1271.1,FRED_synthetic
2019-12-30,1383.8,FRED_synthetic
2019-12-31,1320.0,FRED_synthetic
2020-01-01,1224.1,FRED_synthetic
2020-01-02,1305.5,FRED_synthetic
2020-01-03,1316.1,FRED_synthetic
2020-01-04,1269.5,FRED_synthetic
2020-01-05,1221.1,FRED_synthetic
2020-01-06,1242.6,FRED_synthetic
2020-01-07,1253.9,FRED_synthetic
2020-01-08,1273.7,FRED_synthetic
2020-01-09,1243.5,FRED_synthetic
2020-01-10,1303.2,FRED_synthetic
2020-01-11,1216.0,FRED_synthetic
2020-01-12,1173.9,FRED_synthetic
2020-01-13,1220.6,FRED_synthetic
2020-01-14,1322.2,FRED_synthetic
2020-01-15,1223.2,FRED_synthetic
2020-01-16,1366.1,FRED_synthetic
2020-01-17,1270.9,FRED_synthetic
2020-01-18,1185.4,FRED_synthetic
2020-01-19,1199.2,FRED_synthetic
2020-01-20,1250.5,FRED_synthetic
2020-01-21,1176.8,FRED_synthetic
2020-01-22,1351.9,FRED_synthetic
2020-01-23,1181.1,FRED_synthetic
2020-01-24,1262.1,FRED_synthetic
2020-01-25,1298.6,FRED_synthetic
2020-01-26,1217.7,FRED_synthetic
2020-01-27,1171.0,FRED_synthetic
2020-01-28,1204.7,FRED_synthetic
2020-01-29,1234.2,FRED_synthetic
2020-01-30,1257.5,FRED_synthetic
2020-01-31,1214.3,FRED_synthetic
2020-02-01,1139.1,FRED_synthetic
2020-02-02,1209.0,FRED_synthetic
2020-02-03,1171.0,FRED_synthetic
2020-02-04,1093.3,FRED_synthetic
2020-02-05,1165.4,FRED_synthetic
2020-02-06,1126.5,FRED_synthetic
2020-02-07,1225.3,FRED_synthetic
2020-02-08,1291.1,FRED_synthetic
2020-02-09,1284.7,FRED_synthetic
2020-02-10,1161.0,FRED_synthetic
2020-02-11,1164.2,FRED_synthetic
2020-02-12,1220.0,FRED_synthetic
2020-02-13,1236.6,FRED_synthetic
2020-02-14,1160.6,FRED_synthetic
2020-02-15,1172.3,FRED_synthetic
2020-02-16,1287.8,FRED_synthetic
2020-02-17,1170.1,FRED_synthetic
2020-02-18,1149.2,FRED_synthetic
2020-02-19,1177.5,FRED_synthetic
2020-02-20,1198.5,FRED_synthetic
2020-02-21,1116.5,FRED_synthetic
2020-02-22,1153.2,FRED_synthetic
2020-02-23,1105.4,FRED_synthetic
2020-02-24,1147.8,FRED_synthetic
2020-02-25,1253.6,FRED_synthetic
2020-02-26,1194.9,FRED_synthetic
2020-02-27,1151.3,FRED_synthetic
2020-02-28,1107.3,FRED_synthetic
2020-02-29,1136.5,FRED_synthetic
2020-03-01,602.6,FRED_synthetic
2020-03-02,520.1,FRED_synthetic
2020-03-03,618.7,FRED_synthetic
2020-03-04,475.6,FRED_synthetic
2020-03-05,527.8,FRED_synthetic
2020-03-06,627.5,FRED_synthetic
2020-03-07,438.0,FRED_synthetic
2020-03-08,595.8,FRED_synthetic
2020-03-09,441.9,FRED_synthetic
2020-03-10,527.9,FRED_synthetic
2020-03-11,521.8,FRED_synthetic
2020-03-12,569.6,FRED_synthetic
2020-03-13,368.7,FRED_synthetic
2020-03-14,428.5,FRED_synthetic
2020-03-15,494.0,FRED_synthetic
2020-03-16,522.1,FRED_synthetic
2020-03-17,473.5,FRED_synthetic
2020-03-18,505.1,FRED_synthetic
2020-03-19,454.7,FRED_synthetic
2020-03-20,491.8,FRED_synthetic
2020-03-21,467.4,FRED_synthetic
2020-03-22,519.8,FRED_synthetic
2020-03-23,534.5,FRED_synthetic
2020-03-24,574.9,FRED_synthetic
2020-03-25,468.2,FRED_synthetic
2020-03-26,482.9,FRED_synthetic
2020-03-27,499.0,FRED_synthetic
2020-03-28,479.6,FRED_synthetic
2020-03-29,489.4,FRED_synthetic
2020-03-30,411.6,FRED_synthetic
2020-03-31,506.0,FRED_synthetic
2020-04-01,439.3,FRED_synthetic
2020-04-02,434.8,FRED_synthetic
2020-04-03,400.8,FRED_synthetic
2020-04-04,535.9,FRED_synthetic
2020-04-05,468.3,FRED_synthetic
2020-04-06,530.4,FRED_synthetic
2020-04-07,484.0,FRED_synthetic
2020-04-08,382.7,FRED_synthetic
2020-04-09,411.1,FRED_synthetic
2020-04-10,500.6,FRED_synthetic
2020-04-11,421.8,FRED_synthetic
2020-04-12,403.0,FRED_synthetic
2020-04-13,445.9,FRED_synthetic
2020-04-14,443.3,FRED_synthetic
2020-04-15,398.8,FRED_synthetic
2020-04-16,430.4,FRED_synthetic
2020-04-17,420.0,FRED_synthetic
2020-04-18,311.6,FRED_synthetic
2020-04-19,463.4,FRED_synthetic
2020-04-20,394.9,FRED_synthetic
2020-04-21,497.8,FRED_synthetic
2020-04-22,372.1,FRED_synthetic
2020-04-23,347.7,FRED_synthetic
2020-04-24,483.1,FRED_synthetic
2020-04-25,341.5,FRED_synthetic
2020-04-26,385.9,FRED_synthetic
2020-04-27,444.5,FRED_synthetic
2020-04-28,395.1,FRED_synthetic
2020-04-29,325.7,FRED_synthetic
2020-04-30,414.7,FRED_synthetic
2020-05-01,392.4,FRED_synthetic
2020-05-02,463.1,FRED_synthetic
2020-05-03,425.1,FRED_synthetic
2020-05-04,544.2,FRED_synthetic
2020-05-05,306.9,FRED_synthetic
2020-05-06,384.8,FRED_synthetic
2020-05-07,329.2,FRED_synthetic
2020-05-08,436.9,FRED_synthetic
2020-05-09,416.8,FRED_synthetic
2020-05-10,410.0,FRED_synthetic
2020-05-11,330.0,FRED_synthetic
2020-05-12,328.1,FRED_synthetic
2020-05-13,300,FRED_synthetic
2020-05-14,443.8,FRED_synthetic
2020-05-15,380.2,FRED_synthetic
2020-05-16,338.1,FRED_synthetic
2020-05-17,394.2,FRED_synthetic
2020-05-18,381.5,FRED_synthetic
2020-05-19,389.0,FRED_synthetic
2020-05-20,300,FRED_synthetic
2020-05-21,300,FRED_synthetic
2020-05-22,338.9,FRED_synthetic
2020-05-23,343.1,FRED_synthetic
2020-05-24,369.5,FRED_synthetic
2020-05-25,300,FRED_synthetic
2020-05-26,320.3,FRED_synthetic
2020-05-27,420.4,FRED_synthetic
2020-05-28,340.9,FRED_synthetic
2020-05-29,345.9,FRED_synthetic
2020-05-30,300,FRED_synthetic
2020-05-31,332.9,FRED_synthetic
2020-06-01,380.8,FRED_synthetic
2020-06-02,300,FRED_synthetic
2020-06-03,343.9,FRED_synthetic
2020-06-04,300,FRED_synthetic
2020-06-05,304.2,FRED_synthetic
2020-06-06,315.9,FRED_synthetic
2020-06-07,300,FRED_synthetic
2020-06-08,317.5,FRED_synthetic
2020-06-09,300,FRED_synthetic
2020-06-10,300,FRED_synthetic
2020-06-11,300,FRED_synthetic
2020-06-12,343.0,FRED_synthetic
2020-06-13,300,FRED_synthetic
2020-06-14,300,FRED_synthetic
2020-06-15,300,FRED_synthetic
2020-06-16,300,FRED_synthetic
2020-06-17,300,FRED_synthetic
2020-06-18,300,FRED_synthetic
2020-06-19,300,FRED_synthetic
2020-06-20,300,FRED_synthetic
2020-06-21,300,FRED_synthetic
2020-06-22,300,FRED_synthetic
2020-06-23,300,FRED_synthetic
2020-06-24,300,FRED_synthetic
2020-06-25,300,FRED_synthetic
2020-06-26,300,FRED_synthetic
2020-06-27,300,FRED_synthetic
2020-06-28,300,FRED_synthetic
2020-06-29,300,FRED_synthetic
2020-06-30,300,FRED_synthetic
2020-07-01,300,FRED_synthetic
2020-07-02,300,FRED_synthetic
2020-07-03,300,FRED_synthetic
2020-07-04,300,FRED_synthetic
2020-07-05,300,FRED_synthetic
2020-07-06,300,FRED_synthetic
2020-07-07,300,FRED_synthetic
2020-07-08,300,FRED_synthetic
2020-07-09,300,FRED_synthetic
2020-07-10,300,FRED_synthetic
2020-07-11,300,FRED_synthetic
2020-07-12,300,FRED_synthetic
2020-07-13,300,FRED_synthetic
2020-07-14,300,FRED_synthetic
2020-07-15,300,FRED_synthetic
2020-07-16,300,FRED_synthetic
2020-07-17,300,FRED_synthetic
2020-07-18,300,FRED_synthetic
2020-07-19,300,FRED_synthetic
2020-07-20,300,FRED_synthetic
2020-07-21,300,FRED_synthetic
2020-07-22,300,FRED_synthetic
2020-07-23,300,FRED_synthetic
2020-07-24,300,FRED_synthetic
2020-07-25,300,FRED_synthetic
2020-07-26,300,FRED_synthetic
2020-07-27,300,FRED_synthetic
2020-07-28,300,FRED_synthetic
2020-07-29,300,FRED_synthetic
2020-07-30,300,FRED_synthetic
2020-07-31,300,FRED_synthetic
2020-08-01,300,FRED_synthetic
2020-08-02,300,FRED_synthetic
2020-08-03,300,FRED_synthetic
2020-08-04,300,FRED_synthetic
2020-08-05,300,FRED_synthetic
2020-08-06,300,FRED_synthetic
2020-08-07,300,FRED_synthetic
2020-08-08,300,FRED_synthetic
2020-08-09,300,FRED_synthetic
2020-08-10,300,FRED_synthetic
2020-08-11,300,FRED_synthetic
2020-08-12,300,FRED_synthetic
2020-08-13,300,FRED_synthetic
2020-08-14,300,FRED_synthetic
2020-08-15,300,FRED_synthetic
2020-08-16,300,FRED_synthetic
2020-08-17,300,FRED_synthetic
2020-08-18,300,FRED_synthetic
2020-08-19,300,FRED_synthetic
2020-08-20,300,FRED_synthetic
2020-08-21,300,FRED_synthetic
2020-08-22,300,FRED_synthetic
2020-08-23,300,FRED_synthetic
2020-08-24,300,FRED_synthetic
2020-08-25,300,FRED_synthetic
2020-08-26,300,FRED_synthetic
2020-08-27,300,FRED_synthetic
2020-08-28,300,FRED_synthetic
2020-08-29,300,FRED_synthetic
2020-08-30,300,FRED_synthetic
2020-08-31,300,FRED_synthetic
2020-09-01,300,FRED_synthetic
2020-09-02,618.8,FRED_synthetic
2020-09-03,646.0,FRED_synthetic
2020-09-04,660.4,FRED_synthetic
2020-09-05,546.6,FRED_synthetic
2020-09-06,619.7,FRED_synthetic
2020-09-07,649.2,FRED_synthetic
2020-09-08,622.4,FRED_synthetic
2020-09-09,597.7,FRED_synthetic
2020-09-10,601.9,FRED_synthetic
2020-09-11,520.1,FRED_synthetic
2020-09-12,486.4,FRED_synthetic
2020-09-13,607.2,FRED_synthetic
2020-09-14,540.1,FRED_synthetic
2020-09-15,555.4,FRED_synthetic
2020-09-16,527.4,FRED_synthetic
2020-09-17,536.3,FRED_synthetic
2020-09-18,567.2,FRED_synthetic
2020-09-19,504.2,FRED_synthetic
2020-09-20,558.6,FRED_synthetic
2020-09-21,567.4,FRED_synthetic
2020-09-22,551.2,FRED_synthetic
2020-09-23,517.9,FRED_synthetic
2020-09-24,594.6,FRED_synthetic
2020-09-25,649.1,FRED_synthetic
2020-09-26,525.7,FRED_synthetic
2020-09-27,617.9,FRED_synthetic
2020-09-28,601.1,FRED_synthetic
2020-09-29,424.5,FRED_synthetic
2020-09-30,519.8,FRED_synthetic
2020-10-01,526.8,FRED_synthetic
2020-10-02,598.5,FRED_synthetic
2020-10-03,569.7,FRED_synthetic
2020-10-04,585.0,FRED_synthetic
2020-10-05,594.1,FRED_synthetic
2020-10-06,518.5,FRED_synthetic
2020-10-07,527.4,FRED_synthetic
2020-10-08,504.9,FRED_synthetic
2020-10-09,558.9,FRED_synthetic
2020-10-10,562.9,FRED_synthetic
2020-10-11,579.0,FRED_synthetic
2020-10-12,535.8,FRED_synthetic
2020-10-13,619.2,FRED_synthetic
2020-10-14,621.5,FRED_synthetic
2020-10-15,654.9,FRED_synthetic
2020-10-16,615.1,FRED_synthetic
2020-10-17,590.9,FRED_synthetic
2020-10-18,617.4,FRED_synthetic
2020-10-19,616.5,FRED_synthetic
2020-10-20,555.8,FRED_synthetic
2020-10-21,655.2,FRED_synthetic
2020-10-22,679.2,FRED_synthetic
2020-10-23,694.6,FRED_synthetic
2020-10-24,600.2,FRED_synthetic
2020-10-25,617.4,FRED_synthetic
2020-10-26,624.8,FRED_synthetic
2020-10-27,606.7,FRED_synthetic
2020-10-28,640.8,FRED_synthetic
2020-10-29,606.8,FRED_synthetic
2020-10-30,606.3,FRED_synthetic
2020-10-31,707.2,FRED_synthetic
2020-11-01,630.8,FRED_synthetic
2020-11-02,629.2,FRED_synthetic
2020-11-03,673.4,FRED_synthetic
2020-11-04,640.4,FRED_synthetic
2020-11-05,651.0,FRED_synthetic
2020-11-06,636.9,FRED_synthetic
2020-11-07,582.8,FRED_synthetic
2020-11-08,646.1,FRED_synthetic
2020-11-09,594.7,FRED_synthetic
2020-11-10,666.0,FRED_synthetic
2020-11-11,600.4,FRED_synthetic
2020-11-12,709.5,FRED_synthetic
2020-11-13,705.3,FRED_synthetic
2020-11-14,686.1,FRED_synthetic
2020-11-15,671.3,FRED_synthetic
2020-11-16,701.5,FRED_synthetic
2020-11-17,586.9,FRED_synthetic
2020-11-18,634.8,FRED_synthetic
2020-11-19,686.8,FRED_synthetic
2020-11-20,716.1,FRED_synthetic
2020-11-21,699.6,FRED_synthetic
2020-11-22,658.1,FRED_synthetic
2020-11-23,719.8,FRED_synthetic
2020-11-24,695.3,FRED_synthetic
2020-11-25,669.5,FRED_synthetic
2020-11-26,744.4,FRED_synthetic
2020-11-27,722.5,FRED_synthetic
2020-11-28,797.9,FRED_synthetic
2020-11-29,776.5,FRED_synthetic
2020-11-30,785.2,FRED_synthetic
2020-12-01,769.8,FRED_synthetic
2020-12-02,716.8,FRED_synthetic
2020-12-03,717.6,FRED_synthetic
2020-12-04,696.3,FRED_synthetic
2020-12-05,919.2,FRED_synthetic
2020-12-06,726.8,FRED_synthetic
2020-12-07,775.8,FRED_synthetic
2020-12-08,773.9,FRED_synthetic
2020-12-09,783.5,FRED_synthetic
2020-12-10,774.0,FRED_synthetic
2020-12-11,715.5,FRED_synthetic
2020-12-12,764.8,FRED_synthetic
2020-12-13,750.9,FRED_synthetic
2020-12-14,819.9,FRED_synthetic
2020-12-15,797.9,FRED_synthetic
2020-12-16,803.7,FRED_synthetic
2020-12-17,854.7,FRED_synthetic
2020-12-18,820.8,FRED_synthetic
2020-12-19,902.5,FRED_synthetic
2020-12-20,842.6,FRED_synthetic
2020-12-21,879.2,FRED_synthetic
2020-12-22,807.7,FRED_synthetic
2020-12-23,912.9,FRED_synthetic
2020-12-24,865.8,FRED_synthetic
2020-12-25,912.7,FRED_synthetic
2020-12-26,914.8,FRED_synthetic
2020-12-27,895.8,FRED_synthetic
2020-12-28,921.5,FRED_synthetic
2020-12-29,897.6,FRED_synthetic
2020-12-30,990.3,FRED_synthetic
2020-12-31,975.9,FRED_synthetic
2021-01-01,955.0,FRED_synthetic
2021-01-02,878.0,FRED_synthetic
2021-01-03,888.2,FRED_synthetic
2021-01-04,916.2,FRED_synthetic
2021-01-05,943.3,FRED_synthetic
2021-01-06,984.1,FRED_synthetic
2021-01-07,923.1,FRED_synthetic
2021-01-08,1032.9,FRED_synthetic
2021-01-09,980.4,FRED_synthetic
2021-01-10,885.8,FRED_synthetic
2021-01-11,968.8,FRED_synthetic
2021-01-12,869.5,FRED_synthetic
2021-01-13,967.3,FRED_synthetic
2021-01-14,983.6,FRED_synthetic
2021-01-15,986.7,FRED_synthetic
2021-01-16,1007.0,FRED_synthetic
2021-01-17,1009.7,FRED_synthetic
2021-01-18,1005.8,FRED_synthetic
2021-01-19,1116.7,FRED_synthetic
2021-01-20,1108.3,FRED_synthetic
2021-01-21,996.5,FRED_synthetic
2021-01-22,1122.3,FRED_synthetic
2021-01-23,984.5,FRED_synthetic
2021-01-24,1030.8,FRED_synthetic
2021-01-25,1153.7,FRED_synthetic
2021-01-26,971.3,FRED_synthetic
2021-01-27,1117.9,FRED_synthetic
2021-01-28,1032.3,FRED_synthetic
2021-01-29,1093.6,FRED_synthetic
2021-01-30,1097.5,FRED_synthetic
2021-01-31,1197.1,FRED_synthetic
2021-02-01,1077.4,FRED_synthetic
2021-02-02,1120.1,FRED_synthetic
2021-02-03,1160.5,FRED_synthetic
2021-02-04,1122.1,FRED_synthetic
2021-02-05,1099.1,FRED_synthetic
2021-02-06,1142.6,FRED_synthetic
2021-02-07,1155.7,FRED_synthetic
2021-02-08,1200.6,FRED_synthetic
2021-02-09,1114.5,FRED_synthetic
2021-02-10,1144.4,FRED_synthetic
2021-02-11,1188.2,FRED_synthetic
2021-02-12,1168.9,FRED_synthetic
2021-02-13,1173.0,FRED_synthetic
2021-02-14,1186.5,FRED_synthetic
2021-02-15,1157.5,FRED_synthetic
2021-02-16,1157.2,FRED_synthetic
2021-02-17,1224.1,FRED_synthetic
2021-02-18,1152.0,FRED_synthetic
2021-02-19,1269.8,FRED_synthetic
2021-02-20,1227.0,FRED_synthetic
2021-02-21,1156.9,FRED_synthetic
2021-02-22,1239.3,FRED_synthetic
2021-02-23,1238.0,FRED_synthetic
2021-02-24,1272.1,FRED_synthetic
2021-02-25,1296.2,FRED_synthetic
2021-02-26,1224.1,FRED_synthetic
2021-02-27,1211.2,FRED_synthetic
2021-02-28,1220.4,FRED_synthetic
2021-03-01,1205.6,FRED_synthetic
2021-03-02,1221.2,FRED_synthetic
2021-03-03,1276.6,FRED_synthetic
2021-03-04,1266.8,FRED_synthetic
2021-03-05,1245.2,FRED_synthetic
2021-03-06,1236.4,FRED_synthetic
2021-03-07,1294.2,FRED_synthetic
2021-03-08,1255.1,FRED_synthetic
2021-03-09,1231.5,FRED_synthetic
2021-03-10,1279.1,FRED_synthetic
2021-03-11,1276.6,FRED_synthetic
2021-03-12,1239.4,FRED_synthetic
2021-03-13,1337.2,FRED_synthetic
2021-03-14,1341.0,FRED_synthetic
2021-03-15,1303.5,FRED_synthetic
2021-03-16,1310.6,FRED_synthetic
2021-03-17,1333.0,FRED_synthetic
2021-03-18,1307.6,FRED_synthetic
2021-03-19,1356.1,FRED_synthetic
2021-03-20,1396.6,FRED_synthetic
2021-03-21,1320.0,FRED_synthetic
2021-03-22,1340.1,FRED_synthetic
2021-03-23,1363.8,FRED_synthetic
2021-03-24,1305.1,FRED_synthetic
2021-03-25,1267.4,FRED_synthetic
2021-03-26,1370.8,FRED_synthetic
2021-03-27,1248.6,FRED_synthetic
2021-03-28,1418.0,FRED_synthetic
2021-03-29,1373.4,FRED_synthetic
2021-03-30,1340.6,FRED_synthetic
2021-03-31,1334.9,FRED_synthetic
2021-04-01,1421.0,FRED_synthetic
2021-04-02,1287.1,FRED_synthetic
2021-04-03,1277.3,FRED_synthetic
2021-04-04,1306.1,FRED_synthetic
2021-04-05,1323.6,FRED_synthetic
2021-04-06,1286.9,FRED_synthetic
2021-04-07,1345.4,FRED_synthetic
2021-04-08,1344.8,FRED_synthetic
2021-04-09,1297.5,FRED_synthetic
2021-04-10,1418.5,FRED_synthetic
2021-04-11,1268.8,FRED_synthetic
2021-04-12,1274.4,FRED_synthetic
2021-04-13,1356.9,FRED_synthetic
2021-04-14,1327.4,FRED_synthetic
2021-04-15,1358.2,FRED_synthetic
2021-04-16,1305.9,FRED_synthetic
2021-04-17,1284.5,FRED_synthetic
2021-04-18,1303.2,FRED_synthetic
2021-04-19,1300.4,FRED_synthetic
2021-04-20,1359.9,FRED_synthetic
2021-04-21,1308.6,FRED_synthetic
2021-04-22,1369.5,FRED_synthetic
2021-04-23,1359.5,FRED_synthetic
2021-04-24,1380.8,FRED_synthetic
2021-04-25,1372.3,FRED_synthetic
2021-04-26,1364.9,FRED_synthetic
2021-04-27,1362.5,FRED_synthetic
2021-04-28,1296.3,FRED_synthetic
2021-04-29,1307.2,FRED_synthetic
2021-04-30,1226.7,FRED_synthetic
2021-05-01,2830.7,FRED_synthetic
2021-05-02,2780.2,FRED_synthetic
2021-05-03,2831.7,FRED_synthetic
2021-05-04,2835.5,FRED_synthetic
2021-05-05,2739.0,FRED_synthetic
2021-05-06,2753.3,FRED_synthetic
2021-05-07,2783.8,FRED_synthetic
2021-05-08,2772.5,FRED_synthetic
2021-05-09,2803.8,FRED_synthetic
2021-05-10,2734.7,FRED_synthetic
2021-05-11,2791.7,FRED_synthetic
2021-05-12,2701.7,FRED_synthetic
2021-05-13,2675.0,FRED_synthetic
2021-05-14,2815.2,FRED_synthetic
2021-05-15,2710.6,FRED_synthetic
2021-05-16,2744.2,FRED_synthetic
2021-05-17,2697.6,FRED_synthetic
2021-05-18,2694.3,FRED_synthetic
2021-05-19,2740.9,FRED_synthetic
2021-05-20,2736.3,FRED_synthetic
2021-05-21,2801.9,FRED_synthetic
2021-05-22,2771.1,FRED_synthetic
2021-05-23,2731.3,FRED_synthetic
2021-05-24,2777.9,FRED_synthetic
2021-05-25,2791.5,FRED_synthetic
2021-05-26,2751.7,FRED_synthetic
2021-05-27,2706.3,FRED_synthetic
2021-05-28,2772.8,FRED_synthetic
2021-05-29,2805.6,FRED_synthetic
2021-05-30,2745.4,FRED_synthetic
2021-05-31,2796.0,FRED_synthetic
2021-06-01,2748.8,FRED_synthetic
2021-06-02,2739.9,FRED_synthetic
2021-06-03,2637.8,FRED_synthetic
2021-06-04,2631.4,FRED_synthetic
2021-06-05,2679.3,FRED_synthetic
2021-06-06,2593.0,FRED_synthetic
2021-06-07,2641.4,FRED_synthetic
2021-06-08,2709.0,FRED_synthetic
2021-06-09,2626.8,FRED_synthetic
2021-06-10,2681.1,FRED_synthetic
2021-06-11,2581.2,FRED_synthetic
2021-06-12,2618.4,FRED_synthetic
2021-06-13,2688.4,FRED_synthetic
2021-06-14,2641.9,FRED_synthetic
2021-06-15,2640.0,FRED_synthetic
2021-06-16,2704.8,FRED_synthetic
2021-06-17,2678.4,FRED_synthetic
2021-06-18,2563.7,FRED_synthetic
2021-06-19,2667.3,FRED_synthetic
2021-06-20,2564.5,FRED_synthetic
2021-06-21,2588.2,FRED_synthetic
2021-06-22,2583.5,FRED_synthetic
2021-06-23,2630.2,FRED_synthetic
2021-06-24,2513.7,FRED_synthetic
2021-06-25,2586.4,FRED_synthetic
2021-06-26,2583.6,FRED_synthetic
2021-06-27,2591.5,FRED_synthetic
2021-06-28,2534.0,FRED_synthetic
2021-06-29,2588.1,FRED_synthetic
2021-06-30,2495.8,FRED_synthetic
2021-07-01,2582.2,FRED_synthetic
2021-07-02,2535.9,FRED_synthetic
2021-07-03,2441.6,FRED_synthetic
2021-07-04,2525.4,FRED_synthetic
2021-07-05,2507.3,FRED_synthetic
2021-07-06,2473.9,FRED_synthetic
2021-07-07,2448.2,FRED_synthetic
2021-07-08,2466.2,FRED_synthetic
2021-07-09,2399.4,FRED_synthetic
2021-07-10,2549.3,FRED_synthetic
2021-07-11,2401.6,FRED_synthetic
2021-07-12,2418.2,FRED_synthetic
2021-07-13,2501.8,FRED_synthetic
2021-07-14,2467.0,FRED_synthetic
2021-07-15,2467.0,FRED_synthetic
2021-07-16,2500.1,FRED_synthetic
2021-07-17,2401.9,FRED_synthetic
2021-07-18,2358.4,FRED_synthetic
2021-07-19,2446.2,FRED_synthetic
2021-07-20,2437.1,FRED_synthetic
2021-07-21,2374.2,FRED_synthetic
2021-07-22,2320.6,FRED_synthetic
2021-07-23,2439.1,FRED_synthetic
2021-07-24,2399.3,FRED_synthetic
2021-07-25,2295.1,FRED_synthetic
2021-07-26,2396.2,FRED_synthetic
2021-07-27,2278.5,FRED_synthetic
2021-07-28,2319.8,FRED_synthetic
2021-07-29,2281.2,FRED_synthetic
2021-07-30,2299.0,FRED_synthetic
2021-07-31,2282.7,FRED_synthetic
2021-08-01,2287.2,FRED_synthetic
2021-08-02,2347.7,FRED_synthetic
2021-08-03,2319.8,FRED_synthetic
2021-08-04,2330.1,FRED_synthetic
2021-08-05,2347.0,FRED_synthetic
2021-08-06,2267.5,FRED_synthetic
2021-08-07,2283.9,FRED_synthetic
2021-08-08,2300.6,FRED_synthetic
2021-08-09,2352.9,FRED_synthetic
2021-08-10,2306.4,FRED_synthetic
2021-08-11,2324.5,FRED_synthetic
2021-08-12,2300.4,FRED_synthetic
2021-08-13,2296.4,FRED_synthetic
2021-08-14,2148.4,FRED_synthetic
2021-08-15,2275.9,FRED_synthetic
2021-08-16,2236.8,FRED_synthetic
2021-08-17,2223.2,FRED_synthetic
2021-08-18,2188.5,FRED_synthetic
2021-08-19,2188.1,FRED_synthetic
2021-08-20,2224.7,FRED_synthetic
2021-08-21,2240.5,FRED_synthetic
2021-08-22,2118.3,FRED_synthetic
2021-08-23,2198.8,FRED_synthetic
2021-08-24,2154.7,FRED_synthetic
2021-08-25,2130.1,FRED_synthetic
2021-08-26,2192.3,FRED_synthetic
2021-08-27,2151.3,FRED_synthetic
2021-08-28,2129.9,FRED_synthetic
2021-08-29,2119.7,FRED_synthetic
2021-08-30,2167.5,FRED_synthetic
2021-08-31,2148.4,FRED_synthetic
2021-09-01,2089.8,FRED_synthetic
2021-09-02,2098.0,FRED_synthetic
2021-09-03,2126.6,FRED_synthetic
2021-09-04,2151.8,FRED_synthetic
2021-09-05,2074.9,FRED_synthetic
2021-09-06,2147.8,FRED_synthetic
2021-09-07,2078.3,FRED_synthetic
2021-09-08,2252.1,FRED_synthetic
2021-09-09,2065.0,FRED_synthetic
2021-09-10,2068.9,FRED_synthetic
2021-09-11,2114.7,FRED_synthetic
2021-09-12,2056.5,FRED_synthetic
2021-09-13,2139.7,FRED_synthetic
2021-09-14,2185.2,FRED_synthetic
2021-09-15,2072.8,FRED_synthetic
2021-09-16,2097.9,FRED_synthetic
2021-09-17,2060.5,FRED_synthetic
2021-09-18,2083.7,FRED_synthetic
2021-09-19,2152.7,FRED_synthetic
2021-09-20,2123.4,FRED_synthetic
2021-09-21,2031.1,FRED_synthetic
2021-09-22,2151.4,FRED_synthetic
2021-09-23,2130.2,FRED_synthetic
2021-09-24,2094.4,FRED_synthetic
2021-09-25,2035.3,FRED_synthetic
2021-09-26,2069.8,FRED_synthetic
2021-09-27,2025.2,FRED_synthetic
2021-09-28,2086.9,FRED_synthetic
2021-09-29,2046.3,FRED_synthetic
2021-09-30,1949.2,FRED_synthetic
2021-10-01,2106.2,FRED_synthetic
2021-10-02,2068.5,FRED_synthetic
2021-10-03,2112.1,FRED_synthetic
2021-10-04,2050.7,FRED_synthetic
2021-10-05,2066.4,FRED_synthetic
2021-10-06,2112.3,FRED_synthetic
2021-10-07,2075.7,FRED_synthetic
2021-10-08,2070.6,FRED_synthetic
2021-10-09,2216.9,FRED_synthetic
2021-10-10,2047.9,FRED_synthetic
2021-10-11,2065.1,FRED_synthetic
2021-10-12,2143.8,FRED_synthetic
2021-10-13,2017.4,FRED_synthetic
2021-10-14,2006.3,FRED_synthetic
2021-10-15,1987.6,FRED_synthetic
2021-10-16,2086.9,FRED_synthetic
2021-10-17,2092.7,FRED_synthetic
2021-10-18,2099.7,FRED_synthetic
2021-10-19,1996.4,FRED_synthetic
2021-10-20,2116.0,FRED_synthetic
2021-10-21,2127.2,FRED_synthetic
2021-10-22,2064.4,FRED_synthetic
2021-10-23,2072.9,FRED_synthetic
2021-10-24,2107.2,FRED_synthetic
2021-10-25,2094.0,FRED_synthetic
2021-10-26,2110.2,FRED_synthetic
2021-10-27,2026.4,FRED_synthetic
2021-10-28,2074.7,FRED_synthetic
2021-10-29,2025.7,FRED_synthetic
2021-10-30,2120.9,FRED_synthetic
2021-10-31,2119.0,FRED_synthetic
2021-11-01,2090.9,FRED_synthetic
2021-11-02,2114.1,FRED_synthetic
2021-11-03,2025.0,FRED_synthetic
2021-11-04,2149.5,FRED_synthetic
2021-11-05,2087.2,FRED_synthetic
2021-11-06,2121.0,FRED_synthetic
2021-11-07,2174.5,FRED_synthetic
2021-11-08,2085.2,FRED_synthetic
2021-11-09,2187.4,FRED_synthetic
2021-11-10,2138.3,FRED_synthetic
2021-11-11,2138.3,FRED_synthetic
2021-11-12,2169.6,FRED_synthetic
2021-11-13,2084.5,FRED_synthetic
2021-11-14,2181.7,FRED_synthetic
2021-11-15,2160.4,FRED_synthetic
2021-11-16,2214.6,FRED_synthetic
2021-11-17,2157.6,FRED_synthetic
2021-11-18,2156.0,FRED_synthetic
2021-11-19,2198.5,FRED_synthetic
2021-11-20,2183.1,FRED_synthetic
2021-11-21,2133.5,FRED_synthetic
2021-11-22,2188.8,FRED_synthetic
2021-11-23,2268.3,FRED_synthetic
2021-11-24,2206.9,FRED_synthetic
2021-11-25,2174.7,FRED_synthetic
2021-11-26,2260.9,FRED_synthetic
2021-11-27,2139.4,FRED_synthetic
2021-11-28,2133.1,FRED_synthetic
2021-11-29,2246.2,FRED_synthetic
2021-11-30,2262.8,FRED_synthetic
2021-12-01,2272.3,FRED_synthetic
2021-12-02,724.2,FRED_synthetic
2021-12-03,769.1,FRED_synthetic
2021-12-04,714.5,FRED_synthetic
2021-12-05,803.4,FRED_synthetic
2021-12-06,719.8,FRED_synthetic
2021-12-07,801.4,FRED_synthetic
2021-12-08,830.3,FRED_synthetic
2021-12-09,737.9,FRED_synthetic
2021-12-10,808.2,FRED_synthetic
2021-12-11,882.4,FRED_synthetic
2021-12-12,929.3,FRED_synthetic
2021-12-13,785.6,FRED_synthetic
2021-12-14,886.9,FRED_synthetic
2021-12-15,817.3,FRED_synthetic
2021-12-16,821.1,FRED_synthetic
2021-12-17,977.5,FRED_synthetic
2021-12-18,940.7,FRED_synthetic
2021-12-19,876.7,FRED_synthetic
2021-12-20,937.5,FRED_synthetic
2021-12-21,968.5,FRED_synthetic
2021-12-22,955.4,FRED_synthetic
2021-12-23,1068.7,FRED_synthetic
2021-12-24,996.8,FRED_synthetic
2021-12-25,827.0,FRED_synthetic
2021-12-26,972.5,FRED_synthetic
2021-12-27,960.6,FRED_synthetic
2021-12-28,997.7,FRED_synthetic
2021-12-29,1019.2,FRED_synthetic
2021-12-30,996.6,FRED_synthetic
2021-12-31,985.7,FRED_synthetic
2022-01-01,1119.0,FRED_synthetic
2022-01-02,1091.6,FRED_synthetic
2022-01-03,1039.2,FRED_synthetic
2022-01-04,1117.8,FRED_synthetic
2022-01-05,1128.8,FRED_synthetic
2022-01-06,1169.6,FRED_synthetic
2022-01-07,1064.8,FRED_synthetic
2022-01-08,1168.0,FRED_synthetic
2022-01-09,1110.0,FRED_synthetic
2022-01-10,1209.7,FRED_synthetic
2022-01-11,1153.9,FRED_synthetic
2022-01-12,1061.6,FRED_synthetic
2022-01-13,1188.7,FRED_synthetic
2022-01-14,1109.5,FRED_synthetic
2022-01-15,1199.7,FRED_synthetic
2022-01-16,1219.6,FRED_synthetic
2022-01-17,1214.4,FRED_synthetic
2022-01-18,1172.1,FRED_synthetic
2022-01-19,1202.7,FRED_synthetic
2022-01-20,1228.4,FRED_synthetic
2022-01-21,1270.3,FRED_synthetic
2022-01-22,1359.4,FRED_synthetic
2022-01-23,1342.6,FRED_synthetic
2022-01-24,1295.9,FRED_synthetic
2022-01-25,1395.5,FRED_synthetic
2022-01-26,1275.7,FRED_synthetic
2022-01-27,1390.8,FRED_synthetic
2022-01-28,1360.2,FRED_synthetic
2022-01-29,1393.2,FRED_synthetic
2022-01-30,1425.8,FRED_synthetic
2022-01-31,1372.4,FRED_synthetic
2022-02-01,1459.0,FRED_synthetic
2022-02-02,1431.0,FRED_synthetic
2022-02-03,1564.6,FRED_synthetic
2022-02-04,1441.4,FRED_synthetic
2022-02-05,1532.7,FRED_synthetic
2022-02-06,1514.2,FRED_synthetic
2022-02-07,1435.8,FRED_synthetic
2022-02-08,1575.1,FRED_synthetic
2022-02-09,1466.7,FRED_synthetic
2022-02-10,1420.8,FRED_synthetic
2022-02-11,1587.7,FRED_synthetic
2022-02-12,1611.1,FRED_synthetic
2022-02-13,1572.9,FRED_synthetic
2022-02-14,1569.9,FRED_synthetic
2022-02-15,1674.8,FRED_synthetic
2022-02-16,1643.8,FRED_synthetic
2022-02-17,1588.0,FRED_synthetic
2022-02-18,1670.0,FRED_synthetic
2022-02-19,1583.9,FRED_synthetic
2022-02-20,1630.6,FRED_synthetic
2022-02-21,1618.6,FRED_synthetic
2022-02-22,1573.7,FRED_synthetic
2022-02-23,1637.3,FRED_synthetic
2022-02-24,1769.8,FRED_synthetic
2022-02-25,1666.2,FRED_synthetic
2022-02-26,1706.1,FRED_synthetic
2022-02-27,1687.9,FRED_synthetic
2022-02-28,1801.6,FRED_synthetic
2022-03-01,1770.7,FRED_synthetic
2022-03-02,1807.5,FRED_synthetic
2022-03-03,1789.9,FRED_synthetic
2022-03-04,1748.9,FRED_synthetic
2022-03-05,1770.9,FRED_synthetic
2022-03-06,1873.6,FRED_synthetic
2022-03-07,1840.9,FRED_synthetic
2022-03-08,1894.6,FRED_synthetic
2022-03-09,1709.7,FRED_synthetic
2022-03-10,1935.3,FRED_synthetic
2022-03-11,1866.9,FRED_synthetic
2022-03-12,2012.1,FRED_synthetic
2022-03-13,1889.7,FRED_synthetic
2022-03-14,1928.3,FRED_synthetic
2022-03-15,1971.6,FRED_synthetic
2022-03-16,1906.3,FRED_synthetic
2022-03-17,2005.3,FRED_synthetic
2022-03-18,1940.8,FRED_synthetic
2022-03-19,2048.9,FRED_synthetic
2022-03-20,2035.4,FRED_synthetic
2022-03-21,2031.8,FRED_synthetic
2022-03-22,1981.9,FRED_synthetic
2022-03-23,2018.7,FRED_synthetic
2022-03-24,2055.2,FRED_synthetic
2022-03-25,1949.5,FRED_synthetic
2022-03-26,2034.4,FRED_synthetic
2022-03-27,2119.7,FRED_synthetic
2022-03-28,2020.1,FRED_synthetic
2022-03-29,2158.0,FRED_synthetic
2022-03-30,2073.2,FRED_synthetic
2022-03-31,2131.2,FRED_synthetic
2022-04-01,2068.0,FRED_synthetic
2022-04-02,2159.8,FRED_synthetic
2022-04-03,2168.9,FRED_synthetic
2022-04-04,2212.6,FRED_synthetic
2022-04-05,2233.5,FRED_synthetic
2022-04-06,2238.3,FRED_synthetic
2022-04-07,2195.8,FRED_synthetic
2022-04-08,2133.8,FRED_synthetic
2022-04-09,2270.8,FRED_synthetic
2022-04-10,2148.9,FRED_synthetic
2022-04-11,2201.5,FRED_synthetic
2022-04-12,2269.6,FRED_synthetic
2022-04-13,2264.1,FRED_synthetic
2022-04-14,2330.6,FRED_synthetic
2022-04-15,2259.7,FRED_synthetic
2022-04-16,2184.2,FRED_synthetic
2022-04-17,2263.7,FRED_synthetic
2022-04-18,2294.8,FRED_synthetic
2022-04-19,2277.1,FRED_synthetic
2022-04-20,2373.6,FRED_synthetic
2022-04-21,2298.9,FRED_synthetic
2022-04-22,2247.7,FRED_synthetic
2022-04-23,2350.9,FRED_synthetic
2022-04-24,2278.1,FRED_synthetic
2022-04-25,2428.3,FRED_synthetic
2022-04-26,2364.5,FRED_synthetic
2022-04-27,2288.4,FRED_synthetic
2022-04-28,2420.0,FRED_synthetic
2022-04-29,2491.9,FRED_synthetic
2022-04-30,2280.4,FRED_synthetic
2022-05-01,2432.9,FRED_synthetic
2022-05-02,2418.9,FRED_synthetic
2022-05-03,2410.4,FRED_synthetic
2022-05-04,2425.5,FRED_synthetic
2022-05-05,2439.6,FRED_synthetic
2022-05-06,2386.8,FRED_synthetic
2022-05-07,2498.4,FRED_synthetic
2022-05-08,2366.6,FRED_synthetic
2022-05-09,2538.1,FRED_synthetic
2022-05-10,2522.6,FRED_synthetic
2022-05-11,2392.8,FRED_synthetic
2022-05-12,2457.6,FRED_synthetic
2022-05-13,2534.5,FRED_synthetic
2022-05-14,2444.4,FRED_synthetic
2022-05-15,2466.2,FRED_synthetic
2022-05-16,2459.5,FRED_synthetic
2022-05-17,2543.1,FRED_synthetic
2022-05-18,2459.3,FRED_synthetic
2022-05-19,2494.1,FRED_synthetic
2022-05-20,2526.3,FRED_synthetic
2022-05-21,2493.5,FRED_synthetic
2022-05-22,2465.1,FRED_synthetic
2022-05-23,2445.7,FRED_synthetic
2022-05-24,2441.1,FRED_synthetic
2022-05-25,2462.1,FRED_synthetic
2022-05-26,2439.0,FRED_synthetic
2022-05-27,2492.5,FRED_synthetic
2022-05-28,2547.6,FRED_synthetic
2022-05-29,2538.9,FRED_synthetic
2022-05-30,2498.3,FRED_synthetic
2022-05-31,2492.1,FRED_synthetic
2022-06-01,2496.6,FRED_synthetic
2022-06-02,2479.9,FRED_synthetic
2022-06-03,2490.5,FRED_synthetic
2022-06-04,2590.8,FRED_synthetic
2022-06-05,2487.6,FRED_synthetic
2022-06-06,2561.3,FRED_synthetic
2022-06-07,2532.0,FRED_synthetic
2022-06-08,2686.7,FRED_synthetic
2022-06-09,2477.6,FRED_synthetic
2022-06-10,2579.3,FRED_synthetic
2022-06-11,2554.9,FRED_synthetic
2022-06-12,2534.9,FRED_synthetic
2022-06-13,2590.9,FRED_synthetic
2022-06-14,2584.6,FRED_synthetic
2022-06-15,2524.9,FRED_synthetic
2022-06-16,2601.0,FRED_synthetic
2022-06-17,2600.4,FRED_synthetic
2022-06-18,2647.6,FRED_synthetic
2022-06-19,2552.6,FRED_synthetic
2022-06-20,2657.6,FRED_synthetic
2022-06-21,2575.0,FRED_synthetic
2022-06-22,2486.8,FRED_synthetic
2022-06-23,2612.3,FRED_synthetic
2022-06-24,2582.5,FRED_synthetic
2022-06-25,2542.8,FRED_synthetic
2022-06-26,2633.9,FRED_synthetic
2022-06-27,2563.8,FRED_synthetic
2022-06-28,2638.2,FRED_synthetic
2022-06-29,2583.2,FRED_synthetic
2022-06-30,2624.6,FRED_synthetic
2022-07-01,2620.8,FRED_synthetic
2022-07-02,2610.1,FRED_synthetic
2022-07-03,2534.3,FRED_synthetic
2022-07-04,2631.3,FRED_synthetic
2022-07-05,2585.7,FRED_synthetic
2022-07-06,2683.9,FRED_synthetic
2022-07-07,2606.9,FRED_synthetic
2022-07-08,2619.5,FRED_synthetic
2022-07-09,2542.6,FRED_synthetic
2022-07-10,2559.4,FRED_synthetic
2022-07-11,2583.2,FRED_synthetic
2022-07-12,2518.5,FRED_synthetic
2022-07-13,2517.0,FRED_synthetic
2022-07-14,2568.6,FRED_synthetic
2022-07-15,2568.5,FRED_synthetic
2022-07-16,2580.7,FRED_synthetic
2022-07-17,2624.7,FRED_synthetic
2022-07-18,2546.9,FRED_synthetic
2022-07-19,2599.0,FRED_synthetic
2022-07-20,2555.6,FRED_synthetic
2022-07-21,2551.0,FRED_synthetic
2022-07-22,2571.4,FRED_synthetic
2022-07-23,2452.8,FRED_synthetic
2022-07-24,2557.1,FRED_synthetic
2022-07-25,2519.4,FRED_synthetic
2022-07-26,2502.3,FRED_synthetic
2022-07-27,2451.9,FRED_synthetic
2022-07-28,2521.4,FRED_synthetic
2022-07-29,2446.9,FRED_synthetic
2022-07-30,2581.5,FRED_synthetic
2022-07-31,2523.2,FRED_synthetic
2022-08-01,2448.1,FRED_synthetic
2022-08-02,2495.5,FRED_synthetic
2022-08-03,2563.9,FRED_synthetic
2022-08-04,2493.2,FRED_synthetic
2022-08-05,2505.7,FRED_synthetic
2022-08-06,2498.1,FRED_synthetic
2022-08-07,2506.8,FRED_synthetic
2022-08-08,2424.9,FRED_synthetic
2022-08-09,2504.2,FRED_synthetic
2022-08-10,2475.1,FRED_synthetic
2022-08-11,2647.2,FRED_synthetic
2022-08-12,2485.3,FRED_synthetic
2022-08-13,2469.6,FRED_synthetic
2022-08-14,2538.1,FRED_synthetic
2022-08-15,2477.2,FRED_synthetic
2022-08-16,2493.9,FRED_synthetic
2022-08-17,2433.8,FRED_synthetic
2022-08-18,2551.4,FRED_synthetic
2022-08-19,2438.4,FRED_synthetic
2022-08-20,2484.7,FRED_synthetic
2022-08-21,2518.6,FRED_synthetic
2022-08-22,2442.8,FRED_synthetic
2022-08-23,2454.0,FRED_synthetic
2022-08-24,2479.3,FRED_synthetic
2022-08-25,2480.1,FRED_synthetic
2022-08-26,2387.4,FRED_synthetic
2022-08-27,2446.8,FRED_synthetic
2022-08-28,2386.4,FRED_synthetic
2022-08-29,2392.2,FRED_synthetic
2022-08-30,2392.9,FRED_synthetic
2022-08-31,2481.9,FRED_synthetic
2022-09-01,2496.7,FRED_synthetic
2022-09-02,2543.0,FRED_synthetic
2022-09-03,2405.6,FRED_synthetic
2022-09-04,2362.1,FRED_synthetic
2022-09-05,2351.4,FRED_synthetic
2022-09-06,2476.0,FRED_synthetic
2022-09-07,2314.4,FRED_synthetic
2022-09-08,2371.2,FRED_synthetic
2022-09-09,2354.4,FRED_synthetic
2022-09-10,2465.9,FRED_synthetic
2022-09-11,2323.5,FRED_synthetic
2022-09-12,2424.9,FRED_synthetic
2022-09-13,2431.2,FRED_synthetic
2022-09-14,2352.8,FRED_synthetic
2022-09-15,2380.1,FRED_synthetic
2022-09-16,2275.6,FRED_synthetic
2022-09-17,2343.8,FRED_synthetic
2022-09-18,2333.2,FRED_synthetic
2022-09-19,2210.7,FRED_synthetic
2022-09-20,2356.1,FRED_synthetic
2022-09-21,2348.8,FRED_synthetic
2022-09-22,2242.2,FRED_synthetic
2022-09-23,2252.0,FRED_synthetic
2022-09-24,2280.9,FRED_synthetic
2022-09-25,2287.6,FRED_synthetic
2022-09-26,2294.6,FRED_synthetic
2022-09-27,2257.8,FRED_synthetic
2022-09-28,2251.1,FRED_synthetic
2022-09-29,2312.7,FRED_synthetic
2022-09-30,2269.5,FRED_synthetic
2022-10-01,2283.8,FRED_synthetic
2022-10-02,2273.6,FRED_synthetic
2022-10-03,2303.8,FRED_synthetic
2022-10-04,2269.2,FRED_synthetic
2022-10-05,2316.0,FRED_synthetic
2022-10-06,2274.1,FRED_synthetic
2022-10-07,2309.4,FRED_synthetic
2022-10-08,2323.4,FRED_synthetic
2022-10-09,2184.1,FRED_synthetic
2022-10-10,2299.4,FRED_synthetic
2022-10-11,2338.6,FRED_synthetic
2022-10-12,2197.0,FRED_synthetic
2022-10-13,2240.3,FRED_synthetic
2022-10-14,2220.3,FRED_synthetic
2022-10-15,2256.5,FRED_synthetic
2022-10-16,2256.8,FRED_synthetic
2022-10-17,2193.7,FRED_synthetic
2022-10-18,2289.2,FRED_synthetic
2022-10-19,2177.2,FRED_synthetic
2022-10-20,2209.6,FRED_synthetic
2022-10-21,2264.2,FRED_synthetic
2022-10-22,2307.3,FRED_synthetic
2022-10-23,2180.6,FRED_synthetic
2022-10-24,2242.0,FRED_synthetic
2022-10-25,2210.6,FRED_synthetic
2022-10-26,2117.2,FRED_synthetic
2022-10-27,2145.4,FRED_synthetic
2022-10-28,2129.7,FRED_synthetic
2022-10-29,2161.7,FRED_synthetic
2022-10-30,2162.9,FRED_synthetic
2022-10-31,2182.1,FRED_synthetic
2022-11-01,2241.6,FRED_synthetic
2022-11-02,2195.9,FRED_synthetic
2022-11-03,2304.6,FRED_synthetic
2022-11-04,2156.9,FRED_synthetic
2022-11-05,2205.8,FRED_synthetic
2022-11-06,2184.3,FRED_synthetic
2022-11-07,2236.2,FRED_synthetic
2022-11-08,2139.3,FRED_synthetic
2022-11-09,2197.9,FRED_synthetic
2022-11-10,2234.6,FRED_synthetic
2022-11-11,2114.6,FRED_synthetic
2022-11-12,2144.5,FRED_synthetic
2022-11-13,2171.0,FRED_synthetic
2022-11-14,2121.7,FRED_synthetic
2022-11-15,2097.4,FRED_synthetic
2022-11-16,2230.6,FRED_synthetic
2022-11-17,2125.3,FRED_synthetic
2022-11-18,2221.4,FRED_synthetic
2022-11-19,2107.2,FRED_synthetic
2022-11-20,2120.2,FRED_synthetic
2022-11-21,2168.5,FRED_synthetic
2022-11-22,2116.4,FRED_synthetic
2022-11-23,2079.9,FRED_synthetic
2022-11-24,2087.0,FRED_synthetic
2022-11-25,2134.9,FRED_synthetic
2022-11-26,2086.3,FRED_synthetic
2022-11-27,2122.3,FRED_synthetic
2022-11-28,2003.5,FRED_synthetic
2022-11-29,2086.9,FRED_synthetic
2022-11-30,2104.3,FRED_synthetic
2022-12-01,2086.2,FRED_synthetic
2022-12-02,2060.8,FRED_synthetic
2022-12-03,2064.9,FRED_synthetic
2022-12-04,2111.3,FRED_synthetic
2022-12-05,2180.9,FRED_synthetic
2022-12-06,2035.5,FRED_synthetic
2022-12-07,2090.4,FRED_synthetic
2022-12-08,2152.0,FRED_synthetic
2022-12-09,2118.9,FRED_synthetic
2022-12-10,2096.5,FRED_synthetic
2022-12-11,2077.7,FRED_synthetic
2022-12-12,2100.0,FRED_synthetic
2022-12-13,2093.4,FRED_synthetic
2022-12-14,1988.4,FRED_synthetic
2022-12-15,2061.1,FRED_synthetic
2022-12-16,1998.8,FRED_synthetic
2022-12-17,2160.1,FRED_synthetic
2022-12-18,2136.1,FRED_synthetic
2022-12-19,2055.0,FRED_synthetic
2022-12-20,2134.1,FRED_synthetic
2022-12-21,2215.8,FRED_synthetic
2022-12-22,2061.8,FRED_synthetic
2022-12-23,2157.6,FRED_synthetic
2022-12-24,2110.4,FRED_synthetic
2022-12-25,2080.1,FRED_synthetic
2022-12-26,2036.4,FRED_synthetic
2022-12-27,2063.7,FRED_synthetic
2022-12-28,2071.5,FRED_synthetic
2022-12-29,1975.4,FRED_synthetic
2022-12-30,2117.6,FRED_synthetic
2022-12-31,2074.9,FRED_synthetic
2023-01-01,2113.9,FRED_synthetic
2023-01-02,2070.0,FRED_synthetic
2023-01-03,2240.9,FRED_synthetic
2023-01-04,2008.2,FRED_synthetic
2023-01-05,2044.5,FRED_synthetic
2023-01-06,2126.6,FRED_synthetic
2023-01-07,2209.4,FRED_synthetic
2023-01-08,2042.1,FRED_synthetic
2023-01-09,2183.4,FRED_synthetic
2023-01-10,2046.4,FRED_synthetic
2023-01-11,2157.2,FRED_synthetic
2023-01-12,2096.6,FRED_synthetic
2023-01-13,2204.7,FRED_synthetic
2023-01-14,2182.7,FRED_synthetic
2023-01-15,2061.6,FRED_synthetic
2023-01-16,2241.2,FRED_synthetic
2023-01-17,2038.7,FRED_synthetic
2023-01-18,2079.7,FRED_synthetic
2023-01-19,2186.3,FRED_synthetic
2023-01-20,2059.7,FRED_synthetic
2023-01-21,2064.9,FRED_synthetic
2023-01-22,2104.1,FRED_synthetic
2023-01-23,2120.7,FRED_synthetic
2023-01-24,2118.1,FRED_synthetic
2023-01-25,2062.0,FRED_synthetic
2023-01-26,2109.8,FRED_synthetic
2023-01-27,2132.5,FRED_synthetic
2023-01-28,2176.4,FRED_synthetic
2023-01-29,2118.3,FRED_synthetic
2023-01-30,2039.9,FRED_synthetic
2023-01-31,2104.7,FRED_synthetic
2023-02-01,2073.0,FRED_synthetic
2023-02-02,2170.6,FRED_synthetic
2023-02-03,2021.6,FRED_synthetic
2023-02-04,2134.1,FRED_synthetic
2023-02-05,2053.6,FRED_synthetic
2023-02-06,2171.2,FRED_synthetic
2023-02-07,2146.9,FRED_synthetic
2023-02-08,2120.0,FRED_synthetic
2023-02-09,2135.1,FRED_synthetic
2023-02-10,2093.7,FRED_synthetic
2023-02-11,2145.1,FRED_synthetic
2023-02-12,2109.5,FRED_synthetic
2023-02-13,2149.3,FRED_synthetic
2023-02-14,2116.4,FRED_synthetic
2023-02-15,1990.2,FRED_synthetic
2023-02-16,2089.3,FRED_synthetic
2023-02-17,2191.5,FRED_synthetic
2023-02-18,2189.0,FRED_synthetic
2023-02-19,2122.3,FRED_synthetic
2023-02-20,2111.5,FRED_synthetic
2023-02-21,2101.7,FRED_synthetic
2023-02-22,2150.6,FRED_synthetic
2023-02-23,2148.7,FRED_synthetic
2023-02-24,2071.5,FRED_synthetic
2023-02-25,2154.1,FRED_synthetic
2023-02-26,2183.3,FRED_synthetic
2023-02-27,2074.5,FRED_synthetic
2023-02-28,2113.5,FRED_synthetic
2023-03-01,2146.6,FRED_synthetic
2023-03-02,2160.1,FRED_synthetic
2023-03-03,2103.4,FRED_synthetic
2023-03-04,2098.5,FRED_synthetic
2023-03-05,2102.2,FRED_synthetic
2023-03-06,2145.2,FRED_synthetic
2023-03-07,2147.8,FRED_synthetic
2023-03-08,2125.8,FRED_synthetic
2023-03-09,2058.9,FRED_synthetic
2023-03-10,2073.0,FRED_synthetic
2023-03-11,2159.7,FRED_synthetic
2023-03-12,2067.1,FRED_synthetic
2023-03-13,2139.7,FRED_synthetic
2023-03-14,2110.6,FRED_synthetic
2023-03-15,2098.8,FRED_synthetic
2023-03-16,2130.4,FRED_synthetic
2023-03-17,2213.0,FRED_synthetic
2023-03-18,2143.8,FRED_synthetic
2023-03-19,2114.6,FRED_synthetic
2023-03-20,2055.8,FRED_synthetic
2023-03-21,2155.1,FRED_synthetic
2023-03-22,2186.3,FRED_synthetic
2023-03-23,2159.8,FRED_synthetic
2023-03-24,2187.6,FRED_synthetic
2023-03-25,2153.1,FRED_synthetic
2023-03-26,2063.9,FRED_synthetic
2023-03-27,2126.6,FRED_synthetic
2023-03-28,2154.9,FRED_synthetic
2023-03-29,2164.4,FRED_synthetic
2023-03-30,2103.4,FRED_synthetic
2023-03-31,2124.5,FRED_synthetic
2023-04-01,2145.6,FRED_synthetic
2023-04-02,2190.4,FRED_synthetic
2023-04-03,2176.6,FRED_synthetic
2023-04-04,2158.1,FRED_synthetic
2023-04-05,2145.1,FRED_synthetic
2023-04-06,2073.4,FRED_synthetic
2023-04-07,2068.9,FRED_synthetic
2023-04-08,2118.7,FRED_synthetic
2023-04-09,2174.6,FRED_synthetic
2023-04-10,2141.5,FRED_synthetic
2023-04-11,2149.0,FRED_synthetic
2023-04-12,2044.9,FRED_synthetic
2023-04-13,2046.0,FRED_synthetic
2023-04-14,2174.1,FRED_synthetic
2023-04-15,2115.4,FRED_synthetic
2023-04-16,2050.3,FRED_synthetic
2023-04-17,2159.0,FRED_synthetic
2023-04-18,2126.6,FRED_synthetic
2023-04-19,2260.1,FRED_synthetic
2023-04-20,2173.7,FRED_synthetic
2023-04-21,2127.3,FRED_synthetic
2023-04-22,2101.0,FRED_synthetic
2023-04-23,2118.8,FRED_synthetic
2023-04-24,2100.6,FRED_synthetic
2023-04-25,2032.3,FRED_synthetic
2023-04-26,2149.0,FRED_synthetic
2023-04-27,2114.8,FRED_synthetic
2023-04-28,1961.7,FRED_synthetic
2023-04-29,2065.9,FRED_synthetic
2023-04-30,2054.5,FRED_synthetic
2023-05-01,2143.2,FRED_synthetic
2023-05-02,2090.1,FRED_synthetic
2023-05-03,2164.8,FRED_synthetic
2023-05-04,2008.9,FRED_synthetic
2023-05-05,2032.7,FRED_synthetic
2023-05-06,2137.7,FRED_synthetic
2023-05-07,2049.5,FRED_synthetic
2023-05-08,2027.2,FRED_synthetic
2023-05-09,2051.6,FRED_synthetic
2023-05-10,2037.7,FRED_synthetic
2023-05-11,2100.4,FRED_synthetic
2023-05-12,2127.0,FRED_synthetic
2023-05-13,1989.4,FRED_synthetic
2023-05-14,2051.8,FRED_synthetic
2023-05-15,2064.5,FRED_synthetic
2023-05-16,2065.4,FRED_synthetic
2023-05-17,2100.4,FRED_synthetic
2023-05-18,2062.1,FRED_synthetic
2023-05-19,2024.5,FRED_synthetic
2023-05-20,1995.2,FRED_synthetic
2023-05-21,1956.8,FRED_synthetic
2023-05-22,2026.6,FRED_synthetic
2023-05-23,2043.1,FRED_synthetic
2023-05-24,2085.6,FRED_synthetic
2023-05-25,2017.7,FRED_synthetic
2023-05-26,2149.8,FRED_synthetic
2023-05-27,2026.8,FRED_synthetic
2023-05-28,2003.4,FRED_synthetic
2023-05-29,2043.5,FRED_synthetic
2023-05-30,1972.8,FRED_synthetic
2023-05-31,2028.6,FRED_synthetic
2023-06-01,1911.7,FRED_synthetic
2023-06-02,2045.5,FRED_synthetic
2023-06-03,2011.7,FRED_synthetic
2023-06-04,2015.6,FRED_synthetic
2023-06-05,2009.4,FRED_synthetic
2023-06-06,1934.6,FRED_synthetic
2023-06-07,1949.9,FRED_synthetic
2023-06-08,2069.7,FRED_synthetic
2023-06-09,2012.6,FRED_synthetic
2023-06-10,1954.5,FRED_synthetic
2023-06-11,2001.8,FRED_synthetic
2023-06-12,1997.6,FRED_synthetic
2023-06-13,2071.3,FRED_synthetic
2023-06-14,2025.4,FRED_synthetic
2023-06-15,1986.8,FRED_synthetic
2023-06-16,1940.0,FRED_synthetic
2023-06-17,2047.9,FRED_synthetic
2023-06-18,1949.9,FRED_synthetic
2023-06-19,1907.7,FRED_synthetic
2023-06-20,1886.3,FRED_synthetic
2023-06-21,1900.4,FRED_synthetic
2023-06-22,1921.4,FRED_synthetic
2023-06-23,1974.0,FRED_synthetic
2023-06-24,1977.5,FRED_synthetic
2023-06-25,1985.4,FRED_synthetic
2023-06-26,1931.6,FRED_synthetic
2023-06-27,1961.5,FRED_synthetic
2023-06-28,2028.9,FRED_synthetic
2023-06-29,1957.5,FRED_synthetic
2023-06-30,1988.1,FRED_synthetic
2023-07-01,1828.4,FRED_synthetic
2023-07-02,1862.8,FRED_synthetic
2023-07-03,1858.2,FRED_synthetic
2023-07-04,1757.9,FRED_synthetic
2023-07-05,1891.3,FRED_synthetic
2023-07-06,1953.2,FRED_synthetic
2023-07-07,1852.7,FRED_synthetic
2023-07-08,1885.1,FRED_synthetic
2023-07-09,1828.5,FRED_synthetic
2023-07-10,1842.5,FRED_synthetic
2023-07-11,1877.2,FRED_synthetic
2023-07-12,1799.0,FRED_synthetic
2023-07-13,1913.4,FRED_synthetic
2023-07-14,1754.6,FRED_synthetic
2023-07-15,1862.5,FRED_synthetic
2023-07-16,1817.7,FRED_synthetic
2023-07-17,1912.6,FRED_synthetic
2023-07-18,1872.1,FRED_synthetic
2023-07-19,1725.7,FRED_synthetic
2023-07-20,1704.6,FRED_synthetic
2023-07-21,1771.6,FRED_synthetic
2023-07-22,1792.4,FRED_synthetic
2023-07-23,1804.0,FRED_synthetic
2023-07-24,1810.8,FRED_synthetic
2023-07-25,1838.9,FRED_synthetic
2023-07-26,1732.9,FRED_synthetic
2023-07-27,1707.1,FRED_synthetic
2023-07-28,1805.7,FRED_synthetic
2023-07-29,1771.0,FRED_synthetic
2023-07-30,1779.9,FRED_synthetic
2023-07-31,1748.9,FRED_synthetic
2023-08-01,1768.4,FRED_synthetic
2023-08-02,1847.4,FRED_synthetic
2023-08-03,1688.0,FRED_synthetic
2023-08-04,1704.0,FRED_synthetic
2023-08-05,1793.4,FRED_synthetic
2023-08-06,1835.8,FRED_synthetic
2023-08-07,1743.3,FRED_synthetic
2023-08-08,1686.7,FRED_synthetic
2023-08-09,1645.9,FRED_synthetic
2023-08-10,1755.2,FRED_synthetic
2023-08-11,1676.0,FRED_synthetic
2023-08-12,1843.5,FRED_synthetic
2023-08-13,1848.2,FRED_synthetic
2023-08-14,1738.8,FRED_synthetic
2023-08-15,1748.1,FRED_synthetic
2023-08-16,1714.3,FRED_synthetic
2023-08-17,1773.8,FRED_synthetic
2023-08-18,1713.0,FRED_synthetic
2023-08-19,1712.9,FRED_synthetic
2023-08-20,1774.3,FRED_synthetic
2023-08-21,1734.2,FRED_synthetic
2023-08-22,1806.0,FRED_synthetic
2023-08-23,1614.3,FRED_synthetic
2023-08-24,1665.1,FRED_synthetic
2023-08-25,1644.4,FRED_synthetic
2023-08-26,1728.5,FRED_synthetic
2023-08-27,1658.6,FRED_synthetic
2023-08-28,1710.3,FRED_synthetic
2023-08-29,1618.7,FRED_synthetic
2023-08-30,1669.4,FRED_synthetic
2023-08-31,1786.0,FRED_synthetic
2023-09-01,1750.1,FRED_synthetic
2023-09-02,1571.4,FRED_synthetic
2023-09-03,1680.7,FRED_synthetic
2023-09-04,1701.0,FRED_synthetic
2023-09-05,1632.3,FRED_synthetic
2023-09-06,1599.2,FRED_synthetic
2023-09-07,1684.8,FRED_synthetic
2023-09-08,1654.2,FRED_synthetic
2023-09-09,1674.2,FRED_synthetic
2023-09-10,1636.2,FRED_synthetic
2023-09-11,1758.3,FRED_synthetic
2023-09-12,1593.7,FRED_synthetic
2023-09-13,1612.3,FRED_synthetic
2023-09-14,1660.6,FRED_synthetic
2023-09-15,1669.2,FRED_synthetic
2023-09-16,1561.6,FRED_synthetic
2023-09-17,1693.3,FRED_synthetic
2023-09-18,1553.5,FRED_synthetic
2023-09-19,1624.8,FRED_synthetic
2023-09-20,1607.3,FRED_synthetic
2023-09-21,1585.4,FRED_synthetic
2023-09-22,1675.7,FRED_synthetic
2023-09-23,1499.9,FRED_synthetic
2023-09-24,1579.1,FRED_synthetic
2023-09-25,1568.9,FRED_synthetic
2023-09-26,1656.3,FRED_synthetic
2023-09-27,1688.6,FRED_synthetic
2023-09-28,1648.4,FRED_synthetic
2023-09-29,1678.1,FRED_synthetic
2023-09-30,1495.8,FRED_synthetic
2023-10-01,1614.0,FRED_synthetic
2023-10-02,1535.6,FRED_synthetic
2023-10-03,1584.9,FRED_synthetic
2023-10-04,1614.8,FRED_synthetic
2023-10-05,1606.4,FRED_synthetic
2023-10-06,1669.6,FRED_synthetic
2023-10-07,1501.0,FRED_synthetic
2023-10-08,1557.4,FRED_synthetic
2023-10-09,1524.5,FRED_synthetic
2023-10-10,1515.9,FRED_synthetic
2023-10-11,1647.6,FRED_synthetic
2023-10-12,1605.9,FRED_synthetic
2023-10-13,1674.2,FRED_synthetic
2023-10-14,1655.2,FRED_synthetic
2023-10-15,1599.1,FRED_synthetic
2023-10-16,1546.9,FRED_synthetic
2023-10-17,1644.8,FRED_synthetic
2023-10-18,1560.5,FRED_synthetic
2023-10-19,1535.1,FRED_synthetic
2023-10-20,1537.6,FRED_synthetic
2023-10-21,1601.3,FRED_synthetic
2023-10-22,1658.6,FRED_synthetic
2023-10-23,1598.1,FRED_synthetic
2023-10-24,1657.0,FRED_synthetic
2023-10-25,1600.7,FRED_synthetic
2023-10-26,1575.2,FRED_synthetic
2023-10-27,1733.0,FRED_synthetic
2023-10-28,1688.5,FRED_synthetic
2023-10-29,1607.9,FRED_synthetic
2023-10-30,1557.1,FRED_synthetic
2023-10-31,1518.9,FRED_synthetic
2023-11-01,1620.2,FRED_synthetic
2023-11-02,1588.2,FRED_synthetic
2023-11-03,1625.2,FRED_synthetic
2023-11-04,1618.9,FRED_synthetic
2023-11-05,1625.5,FRED_synthetic
2023-11-06,1661.9,FRED_synthetic
2023-11-07,1621.6,FRED_synthetic
2023-11-08,1570.9,FRED_synthetic
2023-11-09,1569.7,FRED_synthetic
2023-11-10,1638.7,FRED_synthetic
2023-11-11,1557.3,FRED_synthetic
2023-11-12,1648.1,FRED_synthetic
2023-11-13,1649.4,FRED_synthetic
2023-11-14,1612.9,FRED_synthetic
2023-11-15,1577.6,FRED_synthetic
2023-11-16,1529.4,FRED_synthetic
2023-11-17,1563.7,FRED_synthetic
2023-11-18,1540.3,FRED_synthetic
2023-11-19,1624.6,FRED_synthetic
2023-11-20,1602.9,FRED_synthetic
2023-11-21,1580.8,FRED_synthetic
2023-11-22,1672.4,FRED_synthetic
2023-11-23,1637.1,FRED_synthetic
2023-11-24,1635.0,FRED_synthetic
2023-11-25,1662.5,FRED_synthetic
2023-11-26,1688.5,FRED_synthetic
2023-11-27,1558.6,FRED_synthetic
2023-11-28,1676.2,FRED_synthetic
2023-11-29,1552.5,FRED_synthetic
2023-11-30,1605.4,FRED_synthetic
2023-12-01,1698.0,FRED_synthetic
2023-12-02,1684.2,FRED_synthetic
2023-12-03,1685.2,FRED_synthetic
2023-12-04,1663.4,FRED_synthetic
2023-12-05,1727.3,FRED_synthetic
2023-12-06,1582.0,FRED_synthetic
2023-12-07,1646.2,FRED_synthetic
2023-12-08,1666.2,FRED_synthetic
2023-12-09,1768.1,FRED_synthetic
2023-12-10,1720.2,FRED_synthetic
2023-12-11,1723.3,FRED_synthetic
2023-12-12,1635.8,FRED_synthetic
2023-12-13,1788.9,FRED_synthetic
2023-12-14,1702.6,FRED_synthetic
2023-12-15,1631.3,FRED_synthetic
2023-12-16,1801.5,FRED_synthetic
2023-12-17,1615.5,FRED_synthetic
2023-12-18,1646.1,FRED_synthetic
2023-12-19,1680.5,FRED_synthetic
2023-12-20,1645.8,FRED_synthetic
2023-12-21,1723.9,FRED_synthetic
2023-12-22,1714.1,FRED_synthetic
2023-12-23,1708.6,FRED_synthetic
2023-12-24,1800.4,FRED_synthetic
2023-12-25,1626.7,FRED_synthetic
2023-12-26,1779.4,FRED_synthetic
2023-12-27,1672.6,FRED_synthetic
2023-12-28,1789.6,FRED_synthetic
2023-12-29,1814.5,FRED_synthetic
2023-12-30,1837.0,FRED_synthetic
2023-12-31,1715.2,FRED_synthetic
2024-01-01,1669.2,FRED_synthetic
2024-01-02,1746.5,FRED_synthetic
2024-01-03,1730.1,FRED_synthetic
2024-01-04,1647.3,FRED_synthetic
2024-01-05,1774.9,FRED_synthetic
2024-01-06,1694.7,FRED_synthetic
2024-01-07,1815.5,FRED_synthetic
2024-01-08,1794.3,FRED_synthetic
2024-01-09,1734.6,FRED_synthetic
2024-01-10,1753.1,FRED_synthetic
2024-01-11,1741.7,FRED_synthetic
2024-01-12,1733.5,FRED_synthetic
2024-01-13,1913.9,FRED_synthetic
2024-01-14,1714.6,FRED_synthetic
2024-01-15,1766.7,FRED_synthetic
2024-01-16,1815.9,FRED_synthetic
2024-01-17,1749.6,FRED_synthetic
2024-01-18,1739.8,FRED_synthetic
2024-01-19,1707.1,FRED_synthetic
2024-01-20,1835.5,FRED_synthetic
2024-01-21,1813.7,FRED_synthetic
2024-01-22,1803.9,FRED_synthetic
2024-01-23,1707.2,FRED_synthetic
2024-01-24,1809.9,FRED_synthetic
2024-01-25,1801.2,FRED_synthetic
2024-01-26,1772.1,FRED_synthetic
2024-01-27,1722.2,FRED_synthetic
2024-01-28,1790.2,FRED_synthetic
2024-01-29,1751.4,FRED_synthetic
2024-01-30,1800.9,FRED_synthetic
2024-01-31,1801.9,FRED_synthetic
2024-02-01,1783.6,FRED_synthetic
2024-02-02,1846.3,FRED_synthetic
2024-02-03,1800.6,FRED_synthetic
2024-02-04,1832.0,FRED_synthetic
2024-02-05,1828.0,FRED_synthetic
2024-02-06,1859.0,FRED_synthetic
2024-02-07,1761.9,FRED_synthetic
2024-02-08,1794.2,FRED_synthetic
2024-02-09,1858.9,FRED_synthetic
2024-02-10,1821.7,FRED_synthetic
2024-02-11,1871.5,FRED_synthetic
2024-02-12,1853.6,FRED_synthetic
2024-02-13,1795.2,FRED_synthetic
2024-02-14,1862.4,FRED_synthetic
2024-02-15,1806.4,FRED_synthetic
2024-02-16,1868.0,FRED_synthetic
2024-02-17,1913.6,FRED_synthetic
2024-02-18,1876.2,FRED_synthetic
2024-02-19,1936.7,FRED_synthetic
2024-02-20,1745.2,FRED_synthetic
2024-02-21,1795.8,FRED_synthetic
2024-02-22,1810.3,FRED_synthetic
2024-02-23,1803.9,FRED_synthetic
2024-02-24,1842.7,FRED_synthetic
2024-02-25,1805.8,FRED_synthetic
2024-02-26,1879.5,FRED_synthetic
2024-02-27,1873.4,FRED_synthetic
2024-02-28,1844.7,FRED_synthetic
2024-02-29,1773.2,FRED_synthetic
2024-03-01,1850.9,FRED_synthetic
2024-03-02,1856.8,FRED_synthetic
2024-03-03,1840.3,FRED_synthetic
2024-03-04,1823.5,FRED_synthetic
2024-03-05,1891.3,FRED_synthetic
2024-03-06,1793.1,FRED_synthetic
2024-03-07,1801.3,FRED_synthetic
2024-03-08,1852.0,FRED_synthetic
2024-03-09,1844.1,FRED_synthetic
2024-03-10,1859.1,FRED_synthetic
2024-03-11,1800.9,FRED_synthetic
2024-03-12,1748.0,FRED_synthetic
2024-03-13,1750.4,FRED_synthetic
2024-03-14,1789.1,FRED_synthetic
2024-03-15,1848.7,FRED_synthetic
2024-03-16,1846.9,FRED_synthetic
2024-03-17,1714.6,FRED_synthetic
2024-03-18,1830.1,FRED_synthetic
2024-03-19,1796.9,FRED_synthetic
2024-03-20,1746.9,FRED_synthetic
2024-03-21,1906.3,FRED_synthetic
2024-03-22,1807.5,FRED_synthetic
2024-03-23,1833.1,FRED_synthetic
2024-03-24,1917.5,FRED_synthetic
2024-03-25,1757.3,FRED_synthetic
2024-03-26,1763.7,FRED_synthetic
2024-03-27,1855.0,FRED_synthetic
2024-03-28,1712.1,FRED_synthetic
2024-03-29,1778.0,FRED_synthetic
2024-03-30,1773.3,FRED_synthetic
2024-03-31,1816.0,FRED_synthetic
2024-04-01,1784.3,FRED_synthetic
2024-04-02,1714.7,FRED_synthetic
2024-04-03,1805.2,FRED_synthetic
2024-04-04,1795.0,FRED_synthetic
2024-04-05,1696.2,FRED_synthetic
2024-04-06,1710.2,FRED_synthetic
2024-04-07,1714.1,FRED_synthetic
2024-04-08,1678.6,FRED_synthetic
2024-04-09,1784.9,FRED_synthetic
2024-04-10,1710.9,FRED_synthetic
2024-04-11,1708.5,FRED_synthetic
2024-04-12,1665.8,FRED_synthetic
2024-04-13,1693.0,FRED_synthetic
2024-04-14,1782.0,FRED_synthetic
2024-04-15,1740.0,FRED_synthetic
2024-04-16,1616.5,FRED_synthetic
2024-04-17,1642.5,FRED_synthetic
2024-04-18,1718.3,FRED_synthetic
2024-04-19,1656.0,FRED_synthetic
2024-04-20,1647.6,FRED_synthetic
2024-04-21,1626.4,FRED_synthetic
2024-04-22,1597.0,FRED_synthetic
2024-04-23,1662.2,FRED_synthetic
2024-04-24,1632.3,FRED_synthetic
2024-04-25,1702.1,FRED_synthetic
2024-04-26,1635.3,FRED_synthetic
2024-04-27,1583.9,FRED_synthetic
2024-04-28,1660.3,FRED_synthetic
2024-04-29,1686.2,FRED_synthetic
2024-04-30,1575.3,FRED_synthetic
2024-05-01,1520.0,FRED_synthetic
2024-05-02,1574.2,FRED_synthetic
2024-05-03,1523.5,FRED_synthetic
2024-05-04,1665.8,FRED_synthetic
2024-05-05,1507.0,FRED_synthetic
2024-05-06,1552.5,FRED_synthetic
2024-05-07,1635.0,FRED_synthetic
2024-05-08,1597.2,FRED_synthetic
2024-05-09,1520.2,FRED_synthetic
2024-05-10,1498.9,FRED_synthetic
2024-05-11,1521.0,FRED_synthetic
2024-05-12,1509.9,FRED_synthetic
2024-05-13,1588.6,FRED_synthetic
2024-05-14,1497.8,FRED_synthetic
2024-05-15,1429.6,FRED_synthetic
2024-05-16,1537.9,FRED_synthetic
2024-05-17,1531.9,FRED_synthetic
2024-05-18,1460.1,FRED_synthetic
2024-05-19,1501.2,FRED_synthetic
2024-05-20,1456.3,FRED_synthetic
2024-05-21,1384.5,FRED_synthetic
2024-05-22,1431.7,FRED_synthetic
2024-05-23,1369.4,FRED_synthetic
2024-05-24,1385.7,FRED_synthetic
2024-05-25,1361.2,FRED_synthetic
2024-05-26,1415.4,FRED_synthetic
2024-05-27,1398.6,FRED_synthetic
2024-05-28,1313.7,FRED_synthetic
2024-05-29,1324.1,FRED_synthetic
2024-05-30,1360.2,FRED_synthetic
2024-05-31,1373.8,FRED_synthetic
2024-06-01,1344.3,FRED_synthetic
2024-06-02,1220.4,FRED_synthetic
2024-06-03,1385.0,FRED_synthetic
2024-06-04,1399.2,FRED_synthetic
2024-06-05,1379.6,FRED_synthetic
2024-06-06,1317.3,FRED_synthetic
2024-06-07,1313.4,FRED_synthetic
2024-06-08,1236.7,FRED_synthetic
2024-06-09,1268.4,FRED_synthetic
2024-06-10,1191.9,FRED_synthetic
2024-06-11,1244.0,FRED_synthetic
2024-06-12,1155.8,FRED_synthetic
2024-06-13,1245.8,FRED_synthetic
2024-06-14,1188.1,FRED_synthetic
2024-06-15,1233.3,FRED_synthetic
2024-06-16,1193.2,FRED_synthetic
2024-06-17,1150.2,FRED_synthetic
2024-06-18,1204.4,FRED_synthetic
2024-06-19,1092.5,FRED_synthetic
2024-06-20,1126.9,FRED_synthetic
2024-06-21,1102.2,FRED_synthetic
2024-06-22,1155.1,FRED_synthetic
2024-06-23,1102.9,FRED_synthetic
2024-06-24,1108.9,FRED_synthetic
2024-06-25,1110.4,FRED_synthetic
2024-06-26,955.6,FRED_synthetic
2024-06-27,1015.2,FRED_synthetic
2024-06-28,1055.9,FRED_synthetic
2024-06-29,1089.4,FRED_synthetic
2024-06-30,1055.9,FRED_synthetic
2024-07-01,1081.4,FRED_synthetic
2024-07-02,993.3,FRED_synthetic
2024-07-03,997.9,FRED_synthetic
2024-07-04,956.3,FRED_synthetic
2024-07-05,948.0,FRED_synthetic
2024-07-06,916.7,FRED_synthetic
2024-07-07,919.4,FRED_synthetic
2024-07-08,925.5,FRED_synthetic
2024-07-09,890.8,FRED_synthetic
2024-07-10,913.1,FRED_synthetic
2024-07-11,809.3,FRED_synthetic
2024-07-12,910.0,FRED_synthetic
2024-07-13,885.8,FRED_synthetic
2024-07-14,887.6,FRED_synthetic
2024-07-15,830.5,FRED_synthetic
2024-07-16,816.7,FRED_synthetic
2024-07-17,879.6,FRED_synthetic
2024-07-18,811.2,FRED_synthetic
2024-07-19,906.6,FRED_synthetic
2024-07-20,725.4,FRED_synthetic
2024-07-21,771.8,FRED_synthetic
2024-07-22,716.2,FRED_synthetic
2024-07-23,721.7,FRED_synthetic
2024-07-24,710.1,FRED_synthetic
2024-07-25,714.1,FRED_synthetic
2024-07-26,765.8,FRED_synthetic
2024-07-27,658.0,FRED_synthetic
2024-07-28,734.3,FRED_synthetic
2024-07-29,620.4,FRED_synthetic
2024-07-30,660.8,FRED_synthetic
2024-07-31,735.8,FRED_synthetic
2024-08-01,681.6,FRED_synthetic
2024-08-02,660.9,FRED_synthetic
2024-08-03,667.6,FRED_synthetic
2024-08-04,653.8,FRED_synthetic
2024-08-05,645.3,FRED_synthetic
2024-08-06,673.1,FRED_synthetic
2024-08-07,540.0,FRED_synthetic
2024-08-08,577.4,FRED_synthetic
2024-08-09,601.9,FRED_synthetic
2024-08-10,596.7,FRED_synthetic
2024-08-11,576.4,FRED_synthetic
2024-08-12,603.1,FRED_synthetic
2024-08-13,502.1,FRED_synthetic
2024-08-14,449.0,FRED_synthetic
2024-08-15,569.6,FRED_synthetic
2024-08-16,495.5,FRED_synthetic
2024-08-17,457.8,FRED_synthetic
2024-08-18,476.7,FRED_synthetic
2024-08-19,443.1,FRED_synthetic
2024-08-20,504.8,FRED_synthetic
2024-08-21,489.0,FRED_synthetic
2024-08-22,450.0,FRED_synthetic
2024-08-23,451.6,FRED_synthetic
2024-08-24,416.3,FRED_synthetic
2024-08-25,456.3,FRED_synthetic
2024-08-26,300,FRED_synthetic
2024-08-27,327.4,FRED_synthetic
2024-08-28,374.3,FRED_synthetic
2024-08-29,346.2,FRED_synthetic
2024-08-30,310.1,FRED_synthetic
2024-08-31,379.4,FRED_synthetic
2024-09-01,300,FRED_synthetic
2024-09-02,341.2,FRED_synthetic
2024-09-03,327.7,FRED_synthetic
2024-09-04,315.6,FRED_synthetic
2024-09-05,300,FRED_synthetic
2024-09-06,300,FRED_synthetic
2024-09-07,348.4,FRED_synthetic
2024-09-08,305.8,FRED_synthetic
2024-09-09,318.6,FRED_synthetic
2024-09-10,300,FRED_synthetic
2024-09-11,300,FRED_synthetic
2024-09-12,300,FRED_synthetic
2024-09-13,300,FRED_synthetic
2024-09-14,300,FRED_synthetic
2024-09-15,300,FRED_synthetic
2024-09-16,300,FRED_synthetic
2024-09-17,300,FRED_synthetic
2024-09-18,300,FRED_synthetic
2024-09-19,300,FRED_synthetic
2024-09-20,300,FRED_synthetic
2024-09-21,300,FRED_synthetic
2024-09-22,300,FRED_synthetic
2024-09-23,300,FRED_synthetic
2024-09-24,300,FRED_synthetic
2024-09-25,300,FRED_synthetic
2024-09-26,300,FRED_synthetic
2024-09-27,325.3,FRED_synthetic
2024-09-28,300,FRED_synthetic
2024-09-29,300,FRED_synthetic
2024-09-30,300,FRED_synthetic
2024-10-01,300,FRED_synthetic
2024-10-02,300,FRED_synthetic
2024-10-03,300,FRED_synthetic
2024-10-04,300,FRED_synthetic
2024-10-05,300,FRED_synthetic
2024-10-06,300,FRED_synthetic
2024-10-07,300,FRED_synthetic
2024-10-08,300,FRED_synthetic
2024-10-09,300,FRED_synthetic
2024-10-10,300,FRED_synthetic
2024-10-11,300,FRED_synthetic
2024-10-12,300,FRED_synthetic
2024-10-13,300,FRED_synthetic
2024-10-14,300,FRED_synthetic
2024-10-15,300,FRED_synthetic
2024-10-16,300,FRED_synthetic
2024-10-17,300,FRED_synthetic
2024-10-18,300,FRED_synthetic
2024-10-19,300,FRED_synthetic
2024-10-20,300,FRED_synthetic
2024-10-21,300,FRED_synthetic
2024-10-22,300,FRED_synthetic
2024-10-23,300,FRED_synthetic
2024-10-24,300,FRED_synthetic
2024-10-25,300,FRED_synthetic
2024-10-26,300,FRED_synthetic
2024-10-27,300,FRED_synthetic
2024-10-28,300,FRED_synthetic
2024-10-29,300,FRED_synthetic
2024-10-30,300,FRED_synthetic
2024-10-31,300,FRED_synthetic
2024-11-01,300,FRED_synthetic
2024-11-02,300,FRED_synthetic
2024-11-03,300,FRED_synthetic
2024-11-04,300,FRED_synthetic
2024-11-05,300,FRED_synthetic
2024-11-06,300,FRED_synthetic
2024-11-07,300,FRED_synthetic
2024-11-08,300,FRED_synthetic
2024-11-09,300,FRED_synthetic
2024-11-10,300,FRED_synthetic
2024-11-11,300,FRED_synthetic
2024-11-12,300,FRED_synthetic
2024-11-13,300,FRED_synthetic
2024-11-14,300,FRED_synthetic
2024-11-15,300,FRED_synthetic
2024-11-16,300,FRED_synthetic
2024-11-17,300,FRED_synthetic
2024-11-18,300,FRED_synthetic
2024-11-19,300,FRED_synthetic
2024-11-20,300,FRED_synthetic
2024-11-21,300,FRED_synthetic
2024-11-22,300,FRED_synthetic
2024-11-23,300,FRED_synthetic
2024-11-24,300,FRED_synthetic
2024-11-25,300,FRED_synthetic
2024-11-26,300,FRED_synthetic
2024-11-27,300,FRED_synthetic
2024-11-28,300,FRED_synthetic
2024-11-29,300,FRED_synthetic
2024-11-30,300,FRED_synthetic
2024-12-01,300,FRED_synthetic
2024-12-02,300,FRED_synthetic
2024-12-03,300,FRED_synthetic
2024-12-04,300,FRED_synthetic
2024-12-05,300,FRED_synthetic
2024-12-06,300,FRED_synthetic
2024-12-07,300,FRED_synthetic
2024-12-08,300,FRED_synthetic
2024-12-09,300,FRED_synthetic
2024-12-10,300,FRED_synthetic
2024-12-11,300,FRED_synthetic
2024-12-12,300,FRED_synthetic
2024-12-13,300,FRED_synthetic
2024-12-14,300,FRED_synthetic
2024-12-15,300,FRED_synthetic
2024-12-16,300,FRED_synthetic
2024-12-17,300,FRED_synthetic
2024-12-18,300,FRED_synthetic
2024-12-19,300,FRED_synthetic
2024-12-20,300,FRED_synthetic
2024-12-21,300,FRED_synthetic
2024-12-22,300,FRED_synthetic
2024-12-23,300,FRED_synthetic
2024-12-24,300,FRED_synthetic
2024-12-25,300,FRED_synthetic
2024-12-26,300,FRED_synthetic
2024-12-27,300,FRED_synthetic
2024-12-28,300,FRED_synthetic
2024-12-29,300,FRED_synthetic
2024-12-30,317.9,FRED_synthetic
2024-12-31,300,FRED_synthetic
2025-01-01,300,FRED_synthetic
2025-01-02,300,FRED_synthetic
2025-01-03,338.4,FRED_synthetic
2025-01-04,300,FRED_synthetic
2025-01-05,353.8,FRED_synthetic
2025-01-06,300,FRED_synthetic
2025-01-07,300,FRED_synthetic
2025-01-08,300,FRED_synthetic
2025-01-09,317.3,FRED_synthetic
2025-01-10,333.0,FRED_synthetic
2025-01-11,404.7,FRED_synthetic
2025-01-12,415.5,FRED_synthetic
2025-01-13,351.5,FRED_synthetic
2025-01-14,416.6,FRED_synthetic
2025-01-15,300,FRED_synthetic
2025-01-16,349.6,FRED_synthetic
2025-01-17,394.4,FRED_synthetic
2025-01-18,435.1,FRED_synthetic
2025-01-19,420.9,FRED_synthetic
2025-01-20,405.9,FRED_synthetic
2025-01-21,394.7,FRED_synthetic
2025-01-22,386.9,FRED_synthetic
2025-01-23,531.2,FRED_synthetic
2025-01-24,501.5,FRED_synthetic
2025-01-25,520.1,FRED_synthetic
2025-01-26,464.6,FRED_synthetic
2025-01-27,446.7,FRED_synthetic
2025-01-28,510.6,FRED_synthetic
2025-01-29,491.2,FRED_synthetic
2025-01-30,495.5,FRED_synthetic
2025-01-31,510.3,FRED_synthetic
2025-02-01,489.5,FRED_synthetic
2025-02-02,487.2,FRED_synthetic
2025-02-03,528.4,FRED_synthetic
2025-02-04,480.9,FRED_synthetic
2025-02-05,589.9,FRED_synthetic
2025-02-06,611.7,FRED_synthetic
2025-02-07,541.1,FRED_synthetic
2025-02-08,498.1,FRED_synthetic
2025-02-09,619.0,FRED_synthetic
2025-02-10,621.1,FRED_synthetic
2025-02-11,620.1,FRED_synthetic
2025-02-12,562.3,FRED_synthetic
2025-02-13,543.1,FRED_synthetic
2025-02-14,734.5,FRED_synthetic
2025-02-15,648.0,FRED_synthetic
2025-02-16,694.0,FRED_synthetic
2025-02-17,675.3,FRED_synthetic
2025-02-18,709.5,FRED_synthetic
2025-02-19,634.8,FRED_synthetic
2025-02-20,686.5,FRED_synthetic
2025-02-21,651.0,FRED_synthetic
2025-02-22,674.3,FRED_synthetic
2025-02-23,703.2,FRED_synthetic
2025-02-24,658.3,FRED_synthetic
2025-02-25,735.5,FRED_synthetic
2025-02-26,733.0,FRED_synthetic
2025-02-27,719.2,FRED_synthetic
2025-02-28,781.7,FRED_synthetic
2025-03-01,797.7,FRED_synthetic
2025-03-02,766.3,FRED_synthetic
2025-03-03,918.6,FRED_synthetic
2025-03-04,863.8,FRED_synthetic
2025-03-05,893.7,FRED_synthetic
2025-03-06,831.0,FRED_synthetic
2025-03-07,901.9,FRED_synthetic
2025-03-08,905.2,FRED_synthetic
2025-03-09,825.7,FRED_synthetic
2025-03-10,852.2,FRED_synthetic
2025-03-11,1041.6,FRED_synthetic
2025-03-12,884.9,FRED_synthetic
2025-03-13,939.3,FRED_synthetic
2025-03-14,913.8,FRED_synthetic
2025-03-15,975.5,FRED_synthetic
2025-03-16,893.6,FRED_synthetic
2025-03-17,902.5,FRED_synthetic
2025-03-18,1018.8,FRED_synthetic
2025-03-19,981.2,FRED_synthetic
2025-03-20,856.6,FRED_synthetic
2025-03-21,990.8,FRED_synthetic
2025-03-22,989.7,FRED_synthetic
2025-03-23,1043.4,FRED_synthetic
2025-03-24,1032.9,FRED_synthetic
2025-03-25,1042.8,FRED_synthetic
2025-03-26,1039.0,FRED_synthetic
2025-03-27,1057.9,FRED_synthetic
2025-03-28,994.5,FRED_synthetic
2025-03-29,1020.1,FRED_synthetic
2025-03-30,1026.8,FRED_synthetic
2025-03-31,1010.9,FRED_synthetic
2025-04-01,1125.8,FRED_synthetic
2025-04-02,1148.7,FRED_synthetic
2025-04-03,1133.8,FRED_synthetic
2025-04-04,1081.3,FRED_synthetic
2025-04-05,1092.7,FRED_synthetic
2025-04-06,1105.6,FRED_synthetic
2025-04-07,1191.3,FRED_synthetic
2025-04-08,1169.9,FRED_synthetic
2025-04-09,1238.4,FRED_synthetic
2025-04-10,1110.7,FRED_synthetic
2025-04-11,1155.6,FRED_synthetic
2025-04-12,1111.4,FRED_synthetic
2025-04-13,1111.1,FRED_synthetic
2025-04-14,1181.7,FRED_synthetic
2025-04-15,1180.0,FRED_synthetic
2025-04-16,1178.4,FRED_synthetic
2025-04-17,1134.4,FRED_synthetic
2025-04-18,1228.1,FRED_synthetic
2025-04-19,1211.0,FRED_synthetic
2025-04-20,1277.9,FRED_synthetic
2025-04-21,1266.4,FRED_synthetic
2025-04-22,1180.0,FRED_synthetic
2025-04-23,1272.0,FRED_synthetic
2025-04-24,1228.8,FRED_synthetic
2025-04-25,1341.8,FRED_synthetic
2025-04-26,1270.0,FRED_synthetic
2025-04-27,1252.5,FRED_synthetic
2025-04-28,1263.4,FRED_synthetic
2025-04-29,1214.7,FRED_synthetic
2025-04-30,1359.4,FRED_synthetic
2025-05-01,1407.5,FRED_synthetic
2025-05-02,1220.7,FRED_synthetic
2025-05-03,1300.3,FRED_synthetic
2025-05-04,1312.8,FRED_synthetic
2025-05-05,1294.0,FRED_synthetic
2025-05-06,1389.9,FRED_synthetic
2025-05-07,1396.6,FRED_synthetic
2025-05-08,1327.1,FRED_synthetic
2025-05-09,1447.9,FRED_synthetic
2025-05-10,1350.9,FRED_synthetic
2025-05-11,1341.9,FRED_synthetic
2025-05-12,1372.7,FRED_synthetic
2025-05-13,1325.9,FRED_synthetic
2025-05-14,1440.3,FRED_synthetic
2025-05-15,1402.9,FRED_synthetic
2025-05-16,1358.5,FRED_synthetic
2025-05-17,1371.2,FRED_synthetic
2025-05-18,1339.1,FRED_synthetic
2025-05-19,1401.5,FRED_synthetic
2025-05-20,1327.5,FRED_synthetic
2025-05-21,1396.1,FRED_synthetic
2025-05-22,1373.7,FRED_synthetic
2025-05-23,1431.4,FRED_synthetic
2025-05-24,1458.5,FRED_synthetic
2025-05-25,1449.0,FRED_synthetic
2025-05-26,1406.7,FRED_synthetic
2025-05-27,1380.5,FRED_synthetic
2025-05-28,1403.9,FRED_synthetic
2025-05-29,1420.9,FRED_synthetic
2025-05-30,1448.9,FRED_synthetic
2025-05-31,1398.8,FRED_synthetic
2025-06-01,1381.3,FRED_synthetic
2025-06-02,1440.8,FRED_synthetic
2025-06-03,1502.4,FRED_synthetic
2025-06-04,1530.3,FRED_synthetic
2025-06-05,1478.5,FRED_synthetic
2025-06-06,1391.3,FRED_synthetic
2025-06-07,1513.2,FRED_synthetic
2025-06-08,1402.3,FRED_synthetic
2025-06-09,1407.8,FRED_synthetic
2025-06-10,1469.3,FRED_synthetic
2025-06-11,1380.4,FRED_synthetic
2025-06-12,1490.9,FRED_synthetic
2025-06-13,1449.4,FRED_synthetic
2025-06-14,1473.3,FRED_synthetic
2025-06-15,1413.3,FRED_synthetic
2025-06-16,1497.8,FRED_synthetic
2025-06-17,1482.0,FRED_synthetic
2025-06-18,1439.0,FRED_synthetic
2025-06-19,1505.2,FRED_synthetic
2025-06-20,1325.6,FRED_synthetic
2025-06-21,1477.2,FRED_synthetic
2025-06-22,1454.2,FRED_synthetic
2025-06-23,1420.2,FRED_synthetic
2025-06-24,1469.0,FRED_synthetic
2025-06-25,1485.3,FRED_synthetic
2025-06-26,1423.6,FRED_synthetic
2025-06-27,1454.5,FRED_synthetic
2025-06-28,1458.3,FRED_synthetic
2025-06-29,1479.8,FRED_synthetic
2025-06-30,1521.2,FRED_synthetic
2025-07-01,1436.3,FRED_synthetic
2025-07-02,1525.0,FRED_synthetic
2025-07-03,1393.4,FRED_synthetic
2025-07-04,1473.0,FRED_synthetic
2025-07-05,1371.4,FRED_synthetic
2025-07-06,1460.2,FRED_synthetic
2025-07-07,1491.9,FRED_synthetic
2025-07-08,1556.0,FRED_synthetic
2025-07-09,1456.3,FRED_synthetic
2025-07-10,1415.4,FRED_synthetic
2025-07-11,1503.0,FRED_synthetic
2025-07-12,1452.5,FRED_synthetic
2025-07-13,1454.1,FRED_synthetic
2025-07-14,1493.7,FRED_synthetic
2025-07-15,1501.1,FRED_synthetic
2025-07-16,1358.4,FRED_synthetic
2025-07-17,1446.0,FRED_synthetic
2025-07-18,1441.0,FRED_synthetic
2025-07-19,1386.7,FRED_synthetic
2025-07-20,1357.2,FRED_synthetic
2025-07-21,1433.3,FRED_synthetic
2025-07-22,1411.6,FRED_synthetic
2025-07-23,1396.6,FRED_synthetic
2025-07-24,1424.0,FRED_synthetic
2025-07-25,1411.3,FRED_synthetic
2025-07-26,1427.7,FRED_synthetic
2025-07-27,1503.5,FRED_synthetic
2025-07-28,1421.0,FRED_synthetic
2025-07-29,1514.3,FRED_synthetic
2025-07-30,1480.2,FRED_synthetic
2025-07-31,1464.1,FRED_synthetic
2025-08-01,1376.9,FRED_synthetic
2025-08-02,1396.3,FRED_synthetic
2025-08-03,1362.5,FRED_synthetic
2025-08-04,1426.8,FRED_synthetic
2025-08-05,1400.2,FRED_synthetic
2025-08-06,1423.0,FRED_synthetic
2025-08-07,1413.5,FRED_synthetic
2025-08-08,1404.1,FRED_synthetic
2025-08-09,1375.2,FRED_synthetic
2025-08-10,1341.7,FRED_synthetic
2025-08-11,1365.6,FRED_synthetic
2025-08-12,1420.7,FRED_synthetic
2025-08-13,1373.9,FRED_synthetic
2025-08-14,1376.3,FRED_synthetic
2025-08-15,1419.9,FRED_synthetic
2025-08-16,1398.0,FRED_synthetic
2025-08-17,1297.1,FRED_synthetic
2025-08-18,1363.9,FRED_synthetic
2025-08-19,1321.4,FRED_synthetic
2025-08-20,1359.4,FRED_synthetic
2025-08-21,1378.7,FRED_synthetic
2025-08-22,1381.7,FRED_synthetic
2025-08-23,1436.4,FRED_synthetic
2025-08-24,1325.2,FRED_synthetic
2025-08-25,1332.6,FRED_synthetic
2025-08-26,1373.0,FRED_synthetic
2025-08-27,1389.4,FRED_synthetic
2025-08-28,1286.8,FRED_synthetic
2025-08-29,1369.7,FRED_synthetic
2025-08-30,1365.6,FRED_synthetic
2025-08-31,1321.9,FRED_synthetic
2025-09-01,1312.3,FRED_synthetic
2025-09-02,1360.0,FRED_synthetic
2025-09-03,1341.8,FRED_synthetic
2025-09-04,1337.5,FRED_synthetic
2025-09-05,1277.9,FRED_synthetic
2025-09-06,1225.4,FRED_synthetic
2025-09-07,1303.9,FRED_synthetic
2025-09-08,1292.1,FRED_synthetic
2025-09-09,1325.6,FRED_synthetic
2025-09-10,1261.6,FRED_synthetic
2025-09-11,1328.7,FRED_synthetic
2025-09-12,1314.5,FRED_synthetic
2025-09-13,1254.2,FRED_synthetic
2025-09-14,1335.6,FRED_synthetic
2025-09-15,1268.4,FRED_synthetic
2025-09-16,1248.0,FRED_synthetic
2025-09-17,1292.6,FRED_synthetic
2025-09-18,1276.5,FRED_synthetic
2025-09-19,1229.3,FRED_synthetic
2025-09-20,1302.9,FRED_synthetic
2025-09-21,1268.8,FRED_synthetic
2025-09-22,1228.7,FRED_synthetic
2025-09-23,1176.3,FRED_synthetic
2025-09-24,1282.8,FRED_synthetic
2025-09-25,1263.9,FRED_synthetic
2025-09-26,1262.4,FRED_synthetic
2025-09-27,1322.9,FRED_synthetic
2025-09-28,1127.1,FRED_synthetic
2025-09-29,1312.7,FRED_synthetic
2025-09-30,1315.1,FRED_synthetic
2025-10-01,1195.6,FRED_synthetic
2025-10-02,1293.1,FRED_synthetic
2025-10-03,1199.6,FRED_synthetic
2025-10-04,1185.9,FRED_synthetic
2025-10-05,1230.8,FRED_synthetic
2025-10-06,1325.2,FRED_synthetic
2025-10-07,1249.9,FRED_synthetic
2025-10-08,1232.4,FRED_synthetic
2025-10-09,1272.2,FRED_synthetic
2025-10-10,1194.9,FRED_synthetic
2025-10-11,1299.1,FRED_synthetic
2025-10-12,1301.0,FRED_synthetic
2025-10-13,1242.2,FRED_synthetic
2025-10-14,1179.7,FRED_synthetic
2025-10-15,1271.1,FRED_synthetic
2025-10-16,1230.7,FRED_synthetic
2025-10-17,1246.7,FRED_synthetic
2025-10-18,1269.9,FRED_synthetic
2025-10-19,1233.5,FRED_synthetic
2025-10-20,1165.2,FRED_synthetic
2025-10-21,1283.6,FRED_synthetic
2025-10-22,1221.9,FRED_synthetic
2025-10-23,1223.0,FRED_synthetic
2025-10-24,1236.4,FRED_synthetic
2025-10-25,1220.3,FRED_synthetic
2025-10-26,1241.1,FRED_synthetic
2025-10-27,1212.7,FRED_synthetic
2025-10-28,1193.1,FRED_synthetic
2025-10-29,1173.7,FRED_synthetic
2025-10-30,1175.0,FRED_synthetic
2025-10-31,1185.5,FRED_synthetic
2025-11-01,1248.8,FRED_synthetic
2025-11-02,1182.0,FRED_synthetic
2025-11-03,1192.9,FRED_synthetic
2025-11-04,1193.0,FRED_synthetic
2025-11-05,1224.5,FRED_synthetic
2025-11-06,1230.0,FRED_synthetic
2025-11-07,1296.1,FRED_synthetic
2025-11-08,1127.6,FRED_synthetic
2025-11-09,1185.9,FRED_synthetic
2025-11-10,1226.0,FRED_synthetic
2025-11-11,1113.2,FRED_synthetic
2025-11-12,1284.7,FRED_synthetic
2025-11-13,1192.1,FRED_synthetic
2025-11-14,1158.5,FRED_synthetic
2025-11-15,1247.1,FRED_synthetic
2025-11-16,1089.1,FRED_synthetic
2025-11-17,1210.2,FRED_synthetic
2025-11-18,1150.6,FRED_synthetic
2025-11-19,1200.1,FRED_synthetic
2025-11-20,1220.3,FRED_synthetic
2025-11-21,1242.0,FRED_synthetic
2025-11-22,1223.9,FRED_synthetic
2025-11-23,1308.6,FRED_synthetic
2025-11-24,1208.4,FRED_synthetic
2025-11-25,1189.3,FRED_synthetic
2025-11-26,1268.8,FRED_synthetic
2025-11-27,1205.5,FRED_synthetic
2025-11-28,1231.0,FRED_synthetic
2025-11-29,1014.6,FRED_synthetic
2025-11-30,1235.6,FRED_synthetic
2025-12-01,1210.7,FRED_synthetic
2025-12-02,1194.2,FRED_synthetic
2025-12-03,1184.8,FRED_synthetic
2025-12-04,1264.5,FRED_synthetic
2025-12-05,1119.0,FRED_synthetic
2025-12-06,1380.4,FRED_synthetic
2025-12-07,1282.6,FRED_synthetic
2025-12-08,1245.4,FRED_synthetic
2025-12-09,1324.0,FRED_synthetic
2025-12-10,1244.8,FRED_synthetic
2025-12-11,1188.5,FRED_synthetic
2025-12-12,1286.9,FRED_synthetic
2025-12-13,1156.0,FRED_synthetic
2025-12-14,1270.2,FRED_synthetic
2025-12-15,1302.5,FRED_synthetic
2025-12-16,1271.9,FRED_synthetic
2025-12-17,1175.1,FRED_synthetic
2025-12-18,1260.6,FRED_synthetic
2025-12-19,1246.9,FRED_synthetic
2025-12-20,1218.7,FRED_synthetic
2025-12-21,1143.0,FRED_synthetic
2025-12-22,1202.2,FRED_synthetic
2025-12-23,1239.4,FRED_synthetic
2025-12-24,1323.7,FRED_synthetic
2025-12-25,1408.1,FRED_synthetic
2025-12-26,1316.4,FRED_synthetic
2025-12-27,1237.3,FRED_synthetic
2025-12-28,1258.9,FRED_synthetic
2025-12-29,1337.3,FRED_synthetic
2025-12-30,1317.2,FRED_synthetic
2025-12-31,1309.4,FRED_synthetic
2026-01-01,1305.2,FRED_synthetic
2026-01-02,1356.8,FRED_synthetic
2026-01-03,1412.1,FRED_synthetic
2026-01-04,1304.4,FRED_synthetic
2026-01-05,1315.5,FRED_synthetic
2026-01-06,1336.5,FRED_synthetic
2026-01-07,1291.9,FRED_synthetic
2026-01-08,1209.1,FRED_synthetic
2026-01-09,1347.2,FRED_synthetic
2026-01-10,1289.7,FRED_synthetic
2026-01-11,1396.2,FRED_synthetic
2026-01-12,1343.4,FRED_synthetic
2026-01-13,1413.2,FRED_synthetic
2026-01-14,1299.4,FRED_synthetic
2026-01-15,1403.0,FRED_synthetic
2026-01-16,1268.9,FRED_synthetic
2026-01-17,1401.5,FRED_synthetic
2026-01-18,1347.0,FRED_synthetic
2026-01-19,1409.9,FRED_synthetic
2026-01-20,1349.4,FRED_synthetic
2026-01-21,1405.8,FRED_synthetic
2026-01-22,1401.1,FRED_synthetic
2026-01-23,1399.5,FRED_synthetic
2026-01-24,1406.8,FRED_synthetic
2026-01-25,1473.1,FRED_synthetic
2026-01-26,1365.5,FRED_synthetic
2026-01-27,1468.2,FRED_synthetic
2026-01-28,1384.9,FRED_synthetic
2026-01-29,1467.4,FRED_synthetic
2026-01-30,1528.6,FRED_synthetic
2026-01-31,1376.3,FRED_synthetic
2026-02-01,1313.0,FRED_synthetic
2026-02-02,1433.6,FRED_synthetic
2026-02-03,1395.5,FRED_synthetic
2026-02-04,1408.4,FRED_synthetic
2026-02-05,1423.0,FRED_synthetic
2026-02-06,1417.4,FRED_synthetic
2026-02-07,1520.4,FRED_synthetic
2026-02-08,1509.8,FRED_synthetic
2026-02-09,1516.3,FRED_synthetic
2026-02-10,1578.7,FRED_synthetic
2026-02-11,1429.3,FRED_synthetic
2026-02-12,1347.8,FRED_synthetic
2026-02-13,1578.6,FRED_synthetic
2026-02-14,1494.7,FRED_synthetic
2026-02-15,1484.2,FRED_synthetic
2026-02-16,1401.7,FRED_synthetic
2026-02-17,1429.1,FRED_synthetic
2026-02-18,1536.1,FRED_synthetic
2026-02-19,1499.1,FRED_synthetic
2026-02-20,1403.5,FRED_synthetic
2026-02-21,1468.9,FRED_synthetic
2026-02-22,1573.2,FRED_synthetic
2026-02-23,1589.5,FRED_synthetic
2026-02-24,1541.1,FRED_synthetic
2026-02-25,1676.9,FRED_synthetic
2026-02-26,1591.4,FRED_synthetic
2026-02-27,1635.4,FRED_synthetic
2026-02-28,1616.3,FRED_synthetic
2026-03-01,1596.0,FRED_synthetic
2026-03-02,1492.3,FRED_synthetic
2026-03-03,1484.0,FRED_synthetic
2026-03-04,1531.8,FRED_synthetic
2026-03-05,1586.5,FRED_synthetic
2026-03-06,1578.4,FRED_synthetic
2026-03-07,1601.8,FRED_synthetic
2026-03-08,1586.8,FRED_synthetic
2026-03-09,1616.4,FRED_synthetic
2026-03-10,1646.6,FRED_synthetic
2026-03-11,1602.3,FRED_synthetic
2026-03-12,1592.1,FRED_synthetic
2026-03-13,1480.1,FRED_synthetic
2026-03-14,1659.4,FRED_synthetic
2026-03-15,1581.7,FRED_synthetic
2026-03-16,1579.5,FRED_synthetic
2026-03-17,1672.9,FRED_synthetic
2026-03-18,1680.0,FRED_synthetic
2026-03-19,1672.6,FRED_synthetic
2026-03-20,1690.7,FRED_synthetic
2026-03-21,1592.8,FRED_synthetic
2026-03-22,1640.5,FRED_synthetic
2026-03-23,1628.9,FRED_synthetic
2026-03-24,1747.2,FRED_synthetic
2026-03-25,1708.3,FRED_synthetic
2026-03-26,1657.2,FRED_synthetic
2026-03-27,1715.8,FRED_synthetic
2026-03-28,1696.7,FRED_synthetic
2026-03-29,1676.3,FRED_synthetic
2026-03-30,1709.8,FRED_synthetic
2026-03-31,1733.1,FRED_synthetic
2026-04-01,1687.6,FRED_synthetic
2026-04-02,1636.3,FRED_synthetic
2026-04-03,1720.6,FRED_synthetic
2026-04-04,1693.7,FRED_synthetic
2026-04-05,1653.7,FRED_synthetic
2026-04-06,1676.5,FRED_synthetic
2026-04-07,1706.3,FRED_synthetic
2026-04-08,1724.1,FRED_synthetic
2026-04-09,1754.6,FRED_synthetic
2026-04-10,1719.7,FRED_synthetic
2026-04-11,1756.6,FRED_synthetic
2026-04-12,1719.2,FRED_synthetic
2026-04-13,1768.9,FRED_synthetic
2026-04-14,1765.4,FRED_synthetic
2026-04-15,1777.3,FRED_synthetic
2026-04-16,1824.3,FRED_synthetic
2026-04-17,1741.8,FRED_synthetic
2026-04-18,1679.8,FRED_synthetic
2026-04-19,1759.0,FRED_synthetic
2026-04-20,1806.8,FRED_synthetic
2026-04-21,1770.9,FRED_synthetic
2026-04-22,1788.9,FRED_synthetic
2026-04-23,1690.2,FRED_synthetic
2026-04-24,1737.8,FRED_synthetic
2026-04-25,1809.7,FRED_synthetic
2026-04-26,1824.8,FRED_synthetic
2026-04-27,1751.5,FRED_synthetic
2026-04-28,1810.5,FRED_synthetic
2026-04-29,1759.6,FRED_synthetic
2026-04-30,1740.5,FRED_synthetic
2026-05-01,1804.6,FRED_synthetic
2026-05-02,1814.8,FRED_synthetic
2026-05-03,1826.6,FRED_synthetic
2026-05-04,1846.1,FRED_synthetic
2026-05-05,1896.2,FRED_synthetic
2026-05-06,1862.5,FRED_synthetic
2026-05-07,1799.7,FRED_synthetic
2026-05-08,1867.4,FRED_synthetic
2026-05-09,1749.6,FRED_synthetic
2026-05-10,1830.6,FRED_synthetic
2026-05-11,1880.7,FRED_synthetic
2026-05-12,1864.5,FRED_synthetic
2026-05-13,1874.4,FRED_synthetic
2026-05-14,1930.8,FRED_synthetic
2026-05-15,1800.6,FRED_synthetic
2026-05-16,1879.7,FRED_synthetic
2026-05-17,1837.5,FRED_synthetic
2026-05-18,1900.1,FRED_synthetic
2026-05-19,1852.4,FRED_synthetic
2026-05-20,1887.8,FRED_synthetic
2026-05-21,1928.1,FRED_synthetic
2026-05-22,1884.4,FRED_synthetic
2026-05-23,1844.3,FRED_synthetic
2026-05-24,1838.4,FRED_synthetic
2026-05-25,1824.0,FRED_synthetic
2026-05-26,1912.5,FRED_synthetic
2026-05-27,1928.0,FRED_synthetic
2026-05-28,1852.0,FRED_synthetic
2026-05-29,1775.5,FRED_synthetic
2026-05-30,1836.0,FRED_synthetic
2026-05-31,1891.1,FRED_synthetic
2026-06-01,1823.7,FRED_synthetic
2026-06-02,1774.8,FRED_synthetic
2026-06-03,1852.0,FRED_synthetic
2026-06-04,1773.8,FRED_synthetic
2026-06-05,1893.6,FRED_synthetic
2026-06-06,1858.8,FRED_synthetic
2026-06-07,1883.3,FRED_synthetic
2026-06-08,1946.5,FRED_synthetic
2026-06-09,1837.7,FRED_synthetic
2026-06-10,1777.0,FRED_synthetic
2026-06-11,1884.3,FRED_synthetic
2026-06-12,1910.5,FRED_synthetic
2026-06-13,1816.8,FRED_synthetic
2026-06-14,1871.1,FRED_synthetic
2026-06-15,1873.3,FRED_synthetic
2026-06-16,1893.3,FRED_synthetic
2026-06-17,1862.3,FRED_synthetic
2026-06-18,2027.3,FRED_synthetic
2026-06-19,1882.1,FRED_synthetic
2026-06-20,1905.7,FRED_synthetic
2026-06-21,1873.1,FRED_synthetic
2026-06-22,1766.3,FRED_synthetic
2026-06-23,1968.5,FRED_synthetic
2026-06-24,1742.6,FRED_synthetic
2026-06-25,1969.2,FRED_synthetic
2026-06-26,1836.2,FRED_synthetic
2026-06-27,1835.3,FRED_synthetic
2026-06-28,1898.7,FRED_synthetic
2026-06-29,2014.8,FRED_synthetic
2026-06-30,1921.9,FRED_synthetic
2026-07-01,1897.2,FRED_synthetic
2026-07-02,1869.2,FRED_synthetic
2026-07-03,1941.0,FRED_synthetic
2026-07-04,1890.8,FRED_synthetic
2026-07-05,1945.8,FRED_synthetic
2026-07-06,1812.7,FRED_synthetic
2026-07-07,1938.1,FRED_synthetic
2026-07-08,1928.4,FRED_synthetic
2026-07-09,1845.2,FRED_synthetic
2026-07-10,1862.4,FRED_synthetic
2026-07-11,1907.4,FRED_synthetic
2026-07-12,1891.2,FRED_synthetic
2026-07-13,1930.8,FRED_synthetic
2026-07-14,1845.3,FRED_synthetic
2026-07-15,1873.6,FRED_synthetic
2026-07-16,2024.2,FRED_synthetic
2026-07-17,1877.2,FRED_synthetic
2026-07-18,1898.7,FRED_synthetic
2026-07-19,1911.9,FRED_synthetic
2026-07-20,1907.6,FRED_synthetic
2026-07-21,1982.6,FRED_synthetic
2026-07-22,1894.4,FRED_synthetic
2026-07-23,1966.6,FRED_synthetic
2026-07-24,1881.8,FRED_synthetic
2026-07-25,1964.0,FRED_synthetic
2026-07-26,1915.5,FRED_synthetic
2026-07-27,1918.2,FRED_synthetic
2026-07-28,1923.3,FRED_synthetic
2026-07-29,1956.1,FRED_synthetic
2026-07-30,1869.8,FRED_synthetic
2026-07-31,1881.8,FRED_synthetic
2026-08-01,2033.0,FRED_synthetic
2026-08-02,1957.4,FRED_synthetic
2026-08-03,1914.9,FRED_synthetic
2026-08-04,1966.0,FRED_synthetic
2026-08-05,1931.8,FRED_synthetic
2026-08-06,1823.2,FRED_synthetic
2026-08-07,1944.8,FRED_synthetic
2026-08-08,1931.6,FRED_synthetic
2026-08-09,1956.2,FRED_synthetic
2026-08-10,1901.0,FRED_synthetic
2026-08-11,1929.8,FRED_synthetic
2026-08-12,1999.0,FRED_synthetic
2026-08-13,1935.5,FRED_synthetic
2026-08-14,1922.7,FRED_synthetic
2026-08-15,1963.6,FRED_synthetic
2026-08-16,1926.8,FRED_synthetic
2026-08-17,2001.2,FRED_synthetic
2026-08-18,1940.3,FRED_synthetic
2026-08-19,1968.5,FRED_synthetic
2026-08-20,1916.5,FRED_synthetic
2026-08-21,1890.6,FRED_synthetic
2026-08-22,1990.4,FRED_synthetic
2026-08-23,1968.9,FRED_synthetic
2026-08-24,1989.2,FRED_synthetic
2026-08-25,1995.6,FRED_synthetic
2026-08-26,1886.9,FRED_synthetic
2026-08-27,1967.9,FRED_synthetic
2026-08-28,1863.2,FRED_synthetic
2026-08-29,1991.1,FRED_synthetic
2026-08-30,1912.6,FRED_synthetic
2026-08-31,1992.0,FRED_synthetic
2026-09-01,2006.7,FRED_synthetic
