date,commodity,price_usd,unit,source
2018-01-01,coal,97.56,per_ton,WorldBank_synthetic
2018-01-01,iron_ore,109.16,per_ton,WorldBank_synthetic
2018-01-02,coal,106.8,per_ton,WorldBank_synthetic
2018-01-02,iron_ore,96.53,per_ton,WorldBank_synthetic
2018-01-03,coal,104.34,per_ton,WorldBank_synthetic
2018-01-03,iron_ore,111.12,per_ton,WorldBank_synthetic
2018-01-04,coal,106.29,per_ton,WorldBank_synthetic
2018-01-04,iron_ore,97.37,per_ton,WorldBank_synthetic
2018-01-05,coal,102.0,per_ton,WorldBank_synthetic
2018-01-05,iron_ore,119.83,per_ton,WorldBank_synthetic
2018-01-06,coal,109.2,per_ton,WorldBank_synthetic
2018-01-06,iron_ore,105.25,per_ton,WorldBank_synthetic
2018-01-07,coal,101.44,per_ton,WorldBank_synthetic
2018-01-07,iron_ore,126.54,per_ton,WorldBank_synthetic
2018-01-08,coal,96.16,per_ton,WorldBank_synthetic
2018-01-08,iron_ore,111.85,per_ton,WorldBank_synthetic
2018-01-09,coal,104.58,per_ton,WorldBank_synthetic
2018-01-09,iron_ore,114.02,per_ton,WorldBank_synthetic
2018-01-10,coal,99.45,per_ton,WorldBank_synthetic
2018-01-10,iron_ore,120.74,per_ton,WorldBank_synthetic
2018-01-11,coal,108.99,per_ton,WorldBank_synthetic
2018-01-11,iron_ore,127.96,per_ton,WorldBank_synthetic
2018-01-12,coal,101.0,per_ton,WorldBank_synthetic
2018-01-12,iron_ore,109.98,per_ton,WorldBank_synthetic
2018-01-13,coal,110.88,per_ton,WorldBank_synthetic
2018-01-13,iron_ore,128.75,per_ton,WorldBank_synthetic
2018-01-14,coal,105.77,per_ton,WorldBank_synthetic
2018-01-14,iron_ore,102.4,per_ton,WorldBank_synthetic
2018-01-15,coal,105.16,per_ton,WorldBank_synthetic
2018-01-15,iron_ore,122.74,per_ton,WorldBank_synthetic
2018-01-16,coal,110.05,per_ton,WorldBank_synthetic
2018-01-16,iron_ore,124.32,per_ton,WorldBank_synthetic
2018-01-17,coal,116.7,per_ton,WorldBank_synthetic
2018-01-17,iron_ore,112.35,per_ton,WorldBank_synthetic
2018-01-18,coal,102.97,per_ton,WorldBank_synthetic
2018-01-18,iron_ore,106.57,per_ton,WorldBank_synthetic
2018-01-19,coal,107.3,per_ton,WorldBank_synthetic
2018-01-19,iron_ore,124.73,per_ton,WorldBank_synthetic
2018-01-20,coal,116.96,per_ton,WorldBank_synthetic
2018-01-20,iron_ore,118.72,per_ton,WorldBank_synthetic
2018-01-21,coal,108.81,per_ton,WorldBank_synthetic
2018-01-21,iron_ore,116.29,per_ton,WorldBank_synthetic
2018-01-22,coal,115.28,per_ton,WorldBank_synthetic
2018-01-22,iron_ore,111.64,per_ton,WorldBank_synthetic
2018-01-23,coal,109.04,per_ton,WorldBank_synthetic
2018-01-23,iron_ore,117.49,per_ton,WorldBank_synthetic
2018-01-24,coal,109.83,per_ton,WorldBank_synthetic
2018-01-24,iron_ore,132.95,per_ton,WorldBank_synthetic
2018-01-25,coal,105.92,per_ton,WorldBank_synthetic
2018-01-25,iron_ore,138.5,per_ton,WorldBank_synthetic
2018-01-26,coal,107.5,per_ton,WorldBank_synthetic
2018-01-26,iron_ore,112.67,per_ton,WorldBank_synthetic
2018-01-27,coal,107.88,per_ton,WorldBank_synthetic
2018-01-27,iron_ore,124.79,per_ton,WorldBank_synthetic
2018-01-28,coal,111.51,per_ton,WorldBank_synthetic
2018-01-28,iron_ore,128.94,per_ton,WorldBank_synthetic
2018-01-29,coal,107.86,per_ton,WorldBank_synthetic
2018-01-29,iron_ore,106.95,per_ton,WorldBank_synthetic
2018-01-30,coal,110.52,per_ton,WorldBank_synthetic
2018-01-30,iron_ore,122.94,per_ton,WorldBank_synthetic
2018-01-31,coal,105.42,per_ton,WorldBank_synthetic
2018-01-31,iron_ore,120.2,per_ton,WorldBank_synthetic
2018-02-01,coal,115.84,per_ton,WorldBank_synthetic
2018-02-01,iron_ore,114.96,per_ton,WorldBank_synthetic
2018-02-02,coal,109.43,per_ton,WorldBank_synthetic
2018-02-02,iron_ore,113.0,per_ton,WorldBank_synthetic
2018-02-03,coal,113.22,per_ton,WorldBank_synthetic
2018-02-03,iron_ore,125.77,per_ton,WorldBank_synthetic
2018-02-04,coal,128.05,per_ton,WorldBank_synthetic
2018-02-04,iron_ore,131.79,per_ton,WorldBank_synthetic
2018-02-05,coal,108.39,per_ton,WorldBank_synthetic
2018-02-05,iron_ore,110.51,per_ton,WorldBank_synthetic
2018-02-06,coal,114.52,per_ton,WorldBank_synthetic
2018-02-06,iron_ore,135.73,per_ton,WorldBank_synthetic
2018-02-07,coal,118.73,per_ton,WorldBank_synthetic
2018-02-07,iron_ore,119.27,per_ton,WorldBank_synthetic
2018-02-08,coal,120.83,per_ton,WorldBank_synthetic
2018-02-08,iron_ore,134.84,per_ton,WorldBank_synthetic
2018-02-09,coal,123.5,per_ton,WorldBank_synthetic
2018-02-09,iron_ore,115.63,per_ton,WorldBank_synthetic
2018-02-10,coal,118.74,per_ton,WorldBank_synthetic
2018-02-10,iron_ore,114.24,per_ton,WorldBank_synthetic
2018-02-11,coal,112.89,per_ton,WorldBank_synthetic
2018-02-11,iron_ore,114.58,per_ton,WorldBank_synthetic
2018-02-12,coal,115.97,per_ton,WorldBank_synthetic
2018-02-12,iron_ore,113.65,per_ton,WorldBank_synthetic
2018-02-13,coal,121.51,per_ton,WorldBank_synthetic
2018-02-13,iron_ore,125.36,per_ton,WorldBank_synthetic
2018-02-14,coal,113.66,per_ton,WorldBank_synthetic
2018-02-14,iron_ore,129.65,per_ton,WorldBank_synthetic
2018-02-15,coal,125.99,per_ton,WorldBank_synthetic
2018-02-15,iron_ore,128.85,per_ton,WorldBank_synthetic
2018-02-16,coal,115.76,per_ton,WorldBank_synthetic
2018-02-16,iron_ore,124.12,per_ton,WorldBank_synthetic
2018-02-17,coal,118.5,per_ton,WorldBank_synthetic
2018-02-17,iron_ore,121.09,per_ton,WorldBank_synthetic
2018-02-18,coal,110.8,per_ton,WorldBank_synthetic
2018-02-18,iron_ore,123.97,per_ton,WorldBank_synthetic
2018-02-19,coal,125.91,per_ton,WorldBank_synthetic
2018-02-19,iron_ore,120.68,per_ton,WorldBank_synthetic
2018-02-20,coal,110.38,per_ton,WorldBank_synthetic
2018-02-20,iron_ore,126.88,per_ton,WorldBank_synthetic
2018-02-21,coal,125.87,per_ton,WorldBank_synthetic
2018-02-21,iron_ore,114.11,per_ton,WorldBank_synthetic
2018-02-22,coal,121.63,per_ton,WorldBank_synthetic
2018-02-22,iron_ore,131.46,per_ton,WorldBank_synthetic
2018-02-23,coal,123.69,per_ton,WorldBank_synthetic
2018-02-23,iron_ore,132.91,per_ton,WorldBank_synthetic
2018-02-24,coal,124.36,per_ton,WorldBank_synthetic
2018-02-24,iron_ore,116.06,per_ton,WorldBank_synthetic
2018-02-25,coal,124.71,per_ton,WorldBank_synthetic
2018-02-25,iron_ore,140.03,per_ton,WorldBank_synthetic
2018-02-26,coal,120.83,per_ton,WorldBank_synthetic
2018-02-26,iron_ore,132.25,per_ton,WorldBank_synthetic
2018-02-27,coal,117.18,per_ton,WorldBank_synthetic
2018-02-27,iron_ore,139.98,per_ton,WorldBank_synthetic
2018-02-28,coal,119.46,per_ton,WorldBank_synthetic
2018-02-28,iron_ore,143.01,per_ton,WorldBank_synthetic
2018-03-01,coal,120.95,per_ton,WorldBank_synthetic
2018-03-01,iron_ore,135.5,per_ton,WorldBank_synthetic
2018-03-02,coal,120.47,per_ton,WorldBank_synthetic
2018-03-02,iron_ore,145.35,per_ton,WorldBank_synthetic
2018-03-03,coal,113.57,per_ton,WorldBank_synthetic
2018-03-03,iron_ore,133.54,per_ton,WorldBank_synthetic
2018-03-04,coal,113.31,per_ton,WorldBank_synthetic
2018-03-04,iron_ore,121.19,per_ton,WorldBank_synthetic
2018-03-05,coal,133.45,per_ton,WorldBank_synthetic
2018-03-05,iron_ore,138.34,per_ton,WorldBank_synthetic
2018-03-06,coal,114.21,per_ton,WorldBank_synthetic
2018-03-06,iron_ore,131.27,per_ton,WorldBank_synthetic
2018-03-07,coal,121.44,per_ton,WorldBank_synthetic
2018-03-07,iron_ore,136.11,per_ton,WorldBank_synthetic
2018-03-08,coal,134.06,per_ton,WorldBank_synthetic
2018-03-08,iron_ore,137.01,per_ton,WorldBank_synthetic
2018-03-09,coal,127.24,per_ton,WorldBank_synthetic
2018-03-09,iron_ore,136.07,per_ton,WorldBank_synthetic
2018-03-10,coal,119.86,per_ton,WorldBank_synthetic
2018-03-10,iron_ore,137.84,per_ton,WorldBank_synthetic
2018-03-11,coal,130.18,per_ton,WorldBank_synthetic
2018-03-11,iron_ore,127.55,per_ton,WorldBank_synthetic
2018-03-12,coal,122.61,per_ton,WorldBank_synthetic
2018-03-12,iron_ore,144.26,per_ton,WorldBank_synthetic
2018-03-13,coal,127.12,per_ton,WorldBank_synthetic
2018-03-13,iron_ore,123.77,per_ton,WorldBank_synthetic
2018-03-14,coal,124.19,per_ton,WorldBank_synthetic
2018-03-14,iron_ore,129.42,per_ton,WorldBank_synthetic
2018-03-15,coal,126.22,per_ton,WorldBank_synthetic
2018-03-15,iron_ore,132.7,per_ton,WorldBank_synthetic
2018-03-16,coal,125.53,per_ton,WorldBank_synthetic
2018-03-16,iron_ore,146.87,per_ton,WorldBank_synthetic
2018-03-17,coal,131.16,per_ton,WorldBank_synthetic
2018-03-17,iron_ore,145.53,per_ton,WorldBank_synthetic
2018-03-18,coal,118.75,per_ton,WorldBank_synthetic
2018-03-18,iron_ore,134.74,per_ton,WorldBank_synthetic
2018-03-19,coal,133.31,per_ton,WorldBank_synthetic
2018-03-19,iron_ore,139.84,per_ton,WorldBank_synthetic
2018-03-20,coal,124.25,per_ton,WorldBank_synthetic
2018-03-20,iron_ore,128.17,per_ton,WorldBank_synthetic
2018-03-21,coal,132.66,per_ton,WorldBank_synthetic
2018-03-21,iron_ore,132.69,per_ton,WorldBank_synthetic
2018-03-22,coal,131.3,per_ton,WorldBank_synthetic
2018-03-22,iron_ore,135.81,per_ton,WorldBank_synthetic
2018-03-23,coal,127.67,per_ton,WorldBank_synthetic
2018-03-23,iron_ore,135.69,per_ton,WorldBank_synthetic
2018-03-24,coal,124.3,per_ton,WorldBank_synthetic
2018-03-24,iron_ore,148.49,per_ton,WorldBank_synthetic
2018-03-25,coal,131.38,per_ton,WorldBank_synthetic
2018-03-25,iron_ore,146.23,per_ton,WorldBank_synthetic
2018-03-26,coal,126.17,per_ton,WorldBank_synthetic
2018-03-26,iron_ore,130.87,per_ton,WorldBank_synthetic
2018-03-27,coal,127.4,per_ton,WorldBank_synthetic
2018-03-27,iron_ore,128.44,per_ton,WorldBank_synthetic
2018-03-28,coal,132.56,per_ton,WorldBank_synthetic
2018-03-28,iron_ore,141.18,per_ton,WorldBank_synthetic
2018-03-29,coal,126.77,per_ton,WorldBank_synthetic
2018-03-29,iron_ore,133.06,per_ton,WorldBank_synthetic
2018-03-30,coal,131.38,per_ton,WorldBank_synthetic
2018-03-30,iron_ore,129.73,per_ton,WorldBank_synthetic
2018-03-31,coal,127.61,per_ton,WorldBank_synthetic
2018-03-31,iron_ore,148.36,per_ton,WorldBank_synthetic
2018-04-01,coal,126.08,per_ton,WorldBank_synthetic
2018-04-01,iron_ore,131.86,per_ton,WorldBank_synthetic
2018-04-02,coal,142.49,per_ton,WorldBank_synthetic
2018-04-02,iron_ore,119.11,per_ton,WorldBank_synthetic
2018-04-03,coal,124.18,per_ton,WorldBank_synthetic
2018-04-03,iron_ore,150.61,per_ton,WorldBank_synthetic
2018-04-04,coal,128.2,per_ton,WorldBank_synthetic
2018-04-04,iron_ore,140.34,per_ton,WorldBank_synthetic
2018-04-05,coal,140.98,per_ton,WorldBank_synthetic
2018-04-05,iron_ore,130.71,per_ton,WorldBank_synthetic
2018-04-06,coal,127.55,per_ton,WorldBank_synthetic
2018-04-06,iron_ore,139.83,per_ton,WorldBank_synthetic
2018-04-07,coal,130.25,per_ton,WorldBank_synthetic
2018-04-07,iron_ore,132.44,per_ton,WorldBank_synthetic
2018-04-08,coal,130.08,per_ton,WorldBank_synthetic
2018-04-08,iron_ore,126.1,per_ton,WorldBank_synthetic
2018-04-09,coal,133.19,per_ton,WorldBank_synthetic
2018-04-09,iron_ore,143.49,per_ton,WorldBank_synthetic
2018-04-10,coal,130.16,per_ton,WorldBank_synthetic
2018-04-10,iron_ore,135.11,per_ton,WorldBank_synthetic
2018-04-11,coal,133.82,per_ton,WorldBank_synthetic
2018-04-11,iron_ore,132.67,per_ton,WorldBank_synthetic
2018-04-12,coal,129.63,per_ton,WorldBank_synthetic
2018-04-12,iron_ore,136.5,per_ton,WorldBank_synthetic
2018-04-13,coal,138.63,per_ton,WorldBank_synthetic
2018-04-13,iron_ore,136.72,per_ton,WorldBank_synthetic
2018-04-14,coal,130.79,per_ton,WorldBank_synthetic
2018-04-14,iron_ore,135.86,per_ton,WorldBank_synthetic
2018-04-15,coal,129.52,per_ton,WorldBank_synthetic
2018-04-15,iron_ore,129.51,per_ton,WorldBank_synthetic
2018-04-16,coal,126.92,per_ton,WorldBank_synthetic
2018-04-16,iron_ore,144.17,per_ton,WorldBank_synthetic
2018-04-17,coal,128.75,per_ton,WorldBank_synthetic
2018-04-17,iron_ore,138.07,per_ton,WorldBank_synthetic
2018-04-18,coal,129.28,per_ton,WorldBank_synthetic
2018-04-18,iron_ore,126.75,per_ton,WorldBank_synthetic
2018-04-19,coal,129.41,per_ton,WorldBank_synthetic
2018-04-19,iron_ore,148.59,per_ton,WorldBank_synthetic
2018-04-20,coal,129.72,per_ton,WorldBank_synthetic
2018-04-20,iron_ore,132.04,per_ton,WorldBank_synthetic
2018-04-21,coal,129.71,per_ton,WorldBank_synthetic
2018-04-21,iron_ore,134.8,per_ton,WorldBank_synthetic
2018-04-22,coal,133.04,per_ton,WorldBank_synthetic
2018-04-22,iron_ore,134.21,per_ton,WorldBank_synthetic
2018-04-23,coal,131.45,per_ton,WorldBank_synthetic
2018-04-23,iron_ore,133.6,per_ton,WorldBank_synthetic
2018-04-24,coal,133.77,per_ton,WorldBank_synthetic
2018-04-24,iron_ore,140.03,per_ton,WorldBank_synthetic
2018-04-25,coal,133.08,per_ton,WorldBank_synthetic
2018-04-25,iron_ore,142.62,per_ton,WorldBank_synthetic
2018-04-26,coal,131.55,per_ton,WorldBank_synthetic
2018-04-26,iron_ore,147.26,per_ton,WorldBank_synthetic
2018-04-27,coal,134.41,per_ton,WorldBank_synthetic
2018-04-27,iron_ore,149.47,per_ton,WorldBank_synthetic
2018-04-28,coal,131.7,per_ton,WorldBank_synthetic
2018-04-28,iron_ore,139.74,per_ton,WorldBank_synthetic
2018-04-29,coal,128.71,per_ton,WorldBank_synthetic
2018-04-29,iron_ore,137.68,per_ton,WorldBank_synthetic
2018-04-30,coal,136.22,per_ton,WorldBank_synthetic
2018-04-30,iron_ore,134.62,per_ton,WorldBank_synthetic
2018-05-01,coal,139.6,per_ton,WorldBank_synthetic
2018-05-01,iron_ore,137.73,per_ton,WorldBank_synthetic
2018-05-02,coal,140.06,per_ton,WorldBank_synthetic
2018-05-02,iron_ore,129.12,per_ton,WorldBank_synthetic
2018-05-03,coal,130.76,per_ton,WorldBank_synthetic
2018-05-03,iron_ore,133.51,per_ton,WorldBank_synthetic
2018-05-04,coal,137.19,per_ton,WorldBank_synthetic
2018-05-04,iron_ore,142.59,per_ton,WorldBank_synthetic
2018-05-05,coal,131.75,per_ton,WorldBank_synthetic
2018-05-05,iron_ore,133.78,per_ton,WorldBank_synthetic
2018-05-06,coal,131.98,per_ton,WorldBank_synthetic
2018-05-06,iron_ore,143.18,per_ton,WorldBank_synthetic
2018-05-07,coal,136.28,per_ton,WorldBank_synthetic
2018-05-07,iron_ore,136.87,per_ton,WorldBank_synthetic
2018-05-08,coal,129.84,per_ton,WorldBank_synthetic
2018-05-08,iron_ore,138.11,per_ton,WorldBank_synthetic
2018-05-09,coal,132.69,per_ton,WorldBank_synthetic
2018-05-09,iron_ore,139.27,per_ton,WorldBank_synthetic
2018-05-10,coal,129.75,per_ton,WorldBank_synthetic
2018-05-10,iron_ore,151.12,per_ton,WorldBank_synthetic
2018-05-11,coal,128.84,per_ton,WorldBank_synthetic
2018-05-11,iron_ore,149.23,per_ton,WorldBank_synthetic
2018-05-12,coal,138.91,per_ton,WorldBank_synthetic
2018-05-12,iron_ore,144.65,per_ton,WorldBank_synthetic
2018-05-13,coal,141.27,per_ton,WorldBank_synthetic
2018-05-13,iron_ore,141.45,per_ton,WorldBank_synthetic
2018-05-14,coal,130.27,per_ton,WorldBank_synthetic
2018-05-14,iron_ore,132.75,per_ton,WorldBank_synthetic
2018-05-15,coal,128.45,per_ton,WorldBank_synthetic
2018-05-15,iron_ore,143.56,per_ton,WorldBank_synthetic
2018-05-16,coal,124.35,per_ton,WorldBank_synthetic
2018-05-16,iron_ore,125.4,per_ton,WorldBank_synthetic
2018-05-17,coal,139.35,per_ton,WorldBank_synthetic
2018-05-17,iron_ore,144.8,per_ton,WorldBank_synthetic
2018-05-18,coal,133.7,per_ton,WorldBank_synthetic
2018-05-18,iron_ore,144.0,per_ton,WorldBank_synthetic
2018-05-19,coal,135.43,per_ton,WorldBank_synthetic
2018-05-19,iron_ore,135.02,per_ton,WorldBank_synthetic
2018-05-20,coal,124.15,per_ton,WorldBank_synthetic
2018-05-20,iron_ore,146.69,per_ton,WorldBank_synthetic
2018-05-21,coal,133.65,per_ton,WorldBank_synthetic
2018-05-21,iron_ore,125.31,per_ton,WorldBank_synthetic
2018-05-22,coal,132.05,per_ton,WorldBank_synthetic
2018-05-22,iron_ore,132.47,per_ton,WorldBank_synthetic
2018-05-23,coal,130.68,per_ton,WorldBank_synthetic
2018-05-23,iron_ore,133.49,per_ton,WorldBank_synthetic
2018-05-24,coal,133.93,per_ton,WorldBank_synthetic
2018-05-24,iron_ore,134.34,per_ton,WorldBank_synthetic
2018-05-25,coal,125.31,per_ton,WorldBank_synthetic
2018-05-25,iron_ore,141.27,per_ton,WorldBank_synthetic
2018-05-26,coal,133.42,per_ton,WorldBank_synthetic
2018-05-26,iron_ore,124.37,per_ton,WorldBank_synthetic
2018-05-27,coal,132.95,per_ton,WorldBank_synthetic
2018-05-27,iron_ore,142.75,per_ton,WorldBank_synthetic
2018-05-28,coal,130.04,per_ton,WorldBank_synthetic
2018-05-28,iron_ore,137.03,per_ton,WorldBank_synthetic
2018-05-29,coal,126.88,per_ton,WorldBank_synthetic
2018-05-29,iron_ore,121.4,per_ton,WorldBank_synthetic
2018-05-30,coal,133.21,per_ton,WorldBank_synthetic
2018-05-30,iron_ore,134.56,per_ton,WorldBank_synthetic
2018-05-31,coal,132.64,per_ton,WorldBank_synthetic
2018-05-31,iron_ore,133.25,per_ton,WorldBank_synthetic
2018-06-01,coal,129.08,per_ton,WorldBank_synthetic
2018-06-01,iron_ore,136.29,per_ton,WorldBank_synthetic
2018-06-02,coal,129.95,per_ton,WorldBank_synthetic
2018-06-02,iron_ore,141.78,per_ton,WorldBank_synthetic
2018-06-03,coal,128.03,per_ton,WorldBank_synthetic
2018-06-03,iron_ore,123.15,per_ton,WorldBank_synthetic
2018-06-04,coal,130.75,per_ton,WorldBank_synthetic
2018-06-04,iron_ore,124.13,per_ton,WorldBank_synthetic
2018-06-05,coal,117.24,per_ton,WorldBank_synthetic
2018-06-05,iron_ore,125.63,per_ton,WorldBank_synthetic
2018-06-06,coal,127.59,per_ton,WorldBank_synthetic
2018-06-06,iron_ore,127.88,per_ton,WorldBank_synthetic
2018-06-07,coal,121.97,per_ton,WorldBank_synthetic
2018-06-07,iron_ore,132.29,per_ton,WorldBank_synthetic
2018-06-08,coal,135.61,per_ton,WorldBank_synthetic
2018-06-08,iron_ore,140.57,per_ton,WorldBank_synthetic
2018-06-09,coal,129.44,per_ton,WorldBank_synthetic
2018-06-09,iron_ore,141.13,per_ton,WorldBank_synthetic
2018-06-10,coal,127.06,per_ton,WorldBank_synthetic
2018-06-10,iron_ore,126.54,per_ton,WorldBank_synthetic
2018-06-11,coal,132.51,per_ton,WorldBank_synthetic
2018-06-11,iron_ore,124.76,per_ton,WorldBank_synthetic
2018-06-12,coal,130.65,per_ton,WorldBank_synthetic
2018-06-12,iron_ore,133.05,per_ton,WorldBank_synthetic
2018-06-13,coal,127.03,per_ton,WorldBank_synthetic
2018-06-13,iron_ore,129.41,per_ton,WorldBank_synthetic
2018-06-14,coal,134.38,per_ton,WorldBank_synthetic
2018-06-14,iron_ore,120.18,per_ton,WorldBank_synthetic
2018-06-15,coal,129.89,per_ton,WorldBank_synthetic
2018-06-15,iron_ore,130.41,per_ton,WorldBank_synthetic
2018-06-16,coal,124.69,per_ton,WorldBank_synthetic
2018-06-16,iron_ore,132.84,per_ton,WorldBank_synthetic
2018-06-17,coal,129.83,per_ton,WorldBank_synthetic
2018-06-17,iron_ore,131.87,per_ton,WorldBank_synthetic
2018-06-18,coal,129.32,per_ton,WorldBank_synthetic
2018-06-18,iron_ore,143.47,per_ton,WorldBank_synthetic
2018-06-19,coal,124.94,per_ton,WorldBank_synthetic
2018-06-19,iron_ore,135.31,per_ton,WorldBank_synthetic
2018-06-20,coal,119.1,per_ton,WorldBank_synthetic
2018-06-20,iron_ore,135.42,per_ton,WorldBank_synthetic
2018-06-21,coal,118.3,per_ton,WorldBank_synthetic
2018-06-21,iron_ore,136.62,per_ton,WorldBank_synthetic
2018-06-22,coal,125.1,per_ton,WorldBank_synthetic
2018-06-22,iron_ore,132.68,per_ton,WorldBank_synthetic
2018-06-23,coal,120.03,per_ton,WorldBank_synthetic
2018-06-23,iron_ore,131.36,per_ton,WorldBank_synthetic
2018-06-24,coal,131.27,per_ton,WorldBank_synthetic
2018-06-24,iron_ore,135.92,per_ton,WorldBank_synthetic
2018-06-25,coal,126.9,per_ton,WorldBank_synthetic
2018-06-25,iron_ore,130.71,per_ton,WorldBank_synthetic
2018-06-26,coal,132.55,per_ton,WorldBank_synthetic
2018-06-26,iron_ore,136.44,per_ton,WorldBank_synthetic
2018-06-27,coal,123.53,per_ton,WorldBank_synthetic
2018-06-27,iron_ore,125.7,per_ton,WorldBank_synthetic
2018-06-28,coal,123.09,per_ton,WorldBank_synthetic
2018-06-28,iron_ore,129.84,per_ton,WorldBank_synthetic
2018-06-29,coal,120.52,per_ton,WorldBank_synthetic
2018-06-29,iron_ore,112.64,per_ton,WorldBank_synthetic
2018-06-30,coal,125.06,per_ton,WorldBank_synthetic
2018-06-30,iron_ore,131.71,per_ton,WorldBank_synthetic
2018-07-01,coal,126.91,per_ton,WorldBank_synthetic
2018-07-01,iron_ore,138.15,per_ton,WorldBank_synthetic
2018-07-02,coal,119.35,per_ton,WorldBank_synthetic
2018-07-02,iron_ore,125.15,per_ton,WorldBank_synthetic
2018-07-03,coal,118.42,per_ton,WorldBank_synthetic
2018-07-03,iron_ore,130.99,per_ton,WorldBank_synthetic
2018-07-04,coal,124.94,per_ton,WorldBank_synthetic
2018-07-04,iron_ore,124.96,per_ton,WorldBank_synthetic
2018-07-05,coal,125.5,per_ton,WorldBank_synthetic
2018-07-05,iron_ore,122.92,per_ton,WorldBank_synthetic
2018-07-06,coal,120.01,per_ton,WorldBank_synthetic
2018-07-06,iron_ore,140.99,per_ton,WorldBank_synthetic
2018-07-07,coal,128.99,per_ton,WorldBank_synthetic
2018-07-07,iron_ore,126.64,per_ton,WorldBank_synthetic
2018-07-08,coal,117.06,per_ton,WorldBank_synthetic
2018-07-08,iron_ore,126.17,per_ton,WorldBank_synthetic
2018-07-09,coal,127.46,per_ton,WorldBank_synthetic
2018-07-09,iron_ore,129.01,per_ton,WorldBank_synthetic
2018-07-10,coal,129.46,per_ton,WorldBank_synthetic
2018-07-10,iron_ore,137.23,per_ton,WorldBank_synthetic
2018-07-11,coal,123.82,per_ton,WorldBank_synthetic
2018-07-11,iron_ore,123.44,per_ton,WorldBank_synthetic
2018-07-12,coal,121.59,per_ton,WorldBank_synthetic
2018-07-12,iron_ore,123.64,per_ton,WorldBank_synthetic
2018-07-13,coal,128.41,per_ton,WorldBank_synthetic
2018-07-13,iron_ore,123.31,per_ton,WorldBank_synthetic
2018-07-14,coal,115.31,per_ton,WorldBank_synthetic
2018-07-14,iron_ore,130.19,per_ton,WorldBank_synthetic
2018-07-15,coal,123.04,per_ton,WorldBank_synthetic
2018-07-15,iron_ore,122.49,per_ton,WorldBank_synthetic
2018-07-16,coal,113.54,per_ton,WorldBank_synthetic
2018-07-16,iron_ore,135.35,per_ton,WorldBank_synthetic
2018-07-17,coal,126.66,per_ton,WorldBank_synthetic
2018-07-17,iron_ore,116.65,per_ton,WorldBank_synthetic
2018-07-18,coal,123.77,per_ton,WorldBank_synthetic
2018-07-18,iron_ore,116.83,per_ton,WorldBank_synthetic
2018-07-19,coal,116.03,per_ton,WorldBank_synthetic
2018-07-19,iron_ore,108.46,per_ton,WorldBank_synthetic
2018-07-20,coal,126.55,per_ton,WorldBank_synthetic
2018-07-20,iron_ore,132.05,per_ton,WorldBank_synthetic
2018-07-21,coal,120.93,per_ton,WorldBank_synthetic
2018-07-21,iron_ore,124.28,per_ton,WorldBank_synthetic
2018-07-22,coal,131.08,per_ton,WorldBank_synthetic
2018-07-22,iron_ore,118.47,per_ton,WorldBank_synthetic
2018-07-23,coal,116.21,per_ton,WorldBank_synthetic
2018-07-23,iron_ore,125.28,per_ton,WorldBank_synthetic
2018-07-24,coal,124.71,per_ton,WorldBank_synthetic
2018-07-24,iron_ore,121.64,per_ton,WorldBank_synthetic
2018-07-25,coal,114.66,per_ton,WorldBank_synthetic
2018-07-25,iron_ore,117.63,per_ton,WorldBank_synthetic
2018-07-26,coal,125.05,per_ton,WorldBank_synthetic
2018-07-26,iron_ore,129.23,per_ton,WorldBank_synthetic
2018-07-27,coal,113.1,per_ton,WorldBank_synthetic
2018-07-27,iron_ore,113.48,per_ton,WorldBank_synthetic
2018-07-28,coal,116.36,per_ton,WorldBank_synthetic
2018-07-28,iron_ore,122.81,per_ton,WorldBank_synthetic
2018-07-29,coal,132.15,per_ton,WorldBank_synthetic
2018-07-29,iron_ore,120.47,per_ton,WorldBank_synthetic
2018-07-30,coal,121.26,per_ton,WorldBank_synthetic
2018-07-30,iron_ore,116.13,per_ton,WorldBank_synthetic
2018-07-31,coal,133.71,per_ton,WorldBank_synthetic
2018-07-31,iron_ore,117.44,per_ton,WorldBank_synthetic
2018-08-01,coal,118.06,per_ton,WorldBank_synthetic
2018-08-01,iron_ore,123.25,per_ton,WorldBank_synthetic
2018-08-02,coal,113.83,per_ton,WorldBank_synthetic
2018-08-02,iron_ore,128.22,per_ton,WorldBank_synthetic
2018-08-03,coal,120.25,per_ton,WorldBank_synthetic
2018-08-03,iron_ore,114.75,per_ton,WorldBank_synthetic
2018-08-04,coal,117.15,per_ton,WorldBank_synthetic
2018-08-04,iron_ore,106.09,per_ton,WorldBank_synthetic
2018-08-05,coal,117.2,per_ton,WorldBank_synthetic
2018-08-05,iron_ore,102.79,per_ton,WorldBank_synthetic
2018-08-06,coal,117.56,per_ton,WorldBank_synthetic
2018-08-06,iron_ore,116.77,per_ton,WorldBank_synthetic
2018-08-07,coal,116.72,per_ton,WorldBank_synthetic
2018-08-07,iron_ore,115.81,per_ton,WorldBank_synthetic
2018-08-08,coal,115.3,per_ton,WorldBank_synthetic
2018-08-08,iron_ore,130.09,per_ton,WorldBank_synthetic
2018-08-09,coal,126.55,per_ton,WorldBank_synthetic
2018-08-09,iron_ore,118.61,per_ton,WorldBank_synthetic
2018-08-10,coal,124.92,per_ton,WorldBank_synthetic
2018-08-10,iron_ore,117.26,per_ton,WorldBank_synthetic
2018-08-11,coal,117.54,per_ton,WorldBank_synthetic
2018-08-11,iron_ore,112.83,per_ton,WorldBank_synthetic
2018-08-12,coal,122.4,per_ton,WorldBank_synthetic
2018-08-12,iron_ore,124.15,per_ton,WorldBank_synthetic
2018-08-13,coal,112.31,per_ton,WorldBank_synthetic
2018-08-13,iron_ore,120.23,per_ton,WorldBank_synthetic
2018-08-14,coal,116.04,per_ton,WorldBank_synthetic
2018-08-14,iron_ore,111.48,per_ton,WorldBank_synthetic
2018-08-15,coal,118.35,per_ton,WorldBank_synthetic
2018-08-15,iron_ore,103.1,per_ton,WorldBank_synthetic
2018-08-16,coal,116.17,per_ton,WorldBank_synthetic
2018-08-16,iron_ore,133.31,per_ton,WorldBank_synthetic
2018-08-17,coal,120.39,per_ton,WorldBank_synthetic
2018-08-17,iron_ore,108.86,per_ton,WorldBank_synthetic
2018-08-18,coal,120.84,per_ton,WorldBank_synthetic
2018-08-18,iron_ore,118.4,per_ton,WorldBank_synthetic
2018-08-19,coal,116.34,per_ton,WorldBank_synthetic
2018-08-19,iron_ore,112.75,per_ton,WorldBank_synthetic
2018-08-20,coal,117.82,per_ton,WorldBank_synthetic
2018-08-20,iron_ore,112.45,per_ton,WorldBank_synthetic
2018-08-21,coal,116.82,per_ton,WorldBank_synthetic
2018-08-21,iron_ore,122.86,per_ton,WorldBank_synthetic
2018-08-22,coal,121.64,per_ton,WorldBank_synthetic
2018-08-22,iron_ore,106.32,per_ton,WorldBank_synthetic
2018-08-23,coal,115.1,per_ton,WorldBank_synthetic
2018-08-23,iron_ore,129.3,per_ton,WorldBank_synthetic
2018-08-24,coal,126.3,per_ton,WorldBank_synthetic
2018-08-24,iron_ore,119.15,per_ton,WorldBank_synthetic
2018-08-25,coal,125.25,per_ton,WorldBank_synthetic
2018-08-25,iron_ore,125.61,per_ton,WorldBank_synthetic
2018-08-26,coal,116.43,per_ton,WorldBank_synthetic
2018-08-26,iron_ore,99.73,per_ton,WorldBank_synthetic
2018-08-27,coal,116.67,per_ton,WorldBank_synthetic
2018-08-27,iron_ore,105.2,per_ton,WorldBank_synthetic
2018-08-28,coal,117.55,per_ton,WorldBank_synthetic
2018-08-28,iron_ore,129.18,per_ton,WorldBank_synthetic
2018-08-29,coal,118.0,per_ton,WorldBank_synthetic
2018-08-29,iron_ore,108.69,per_ton,WorldBank_synthetic
2018-08-30,coal,110.81,per_ton,WorldBank_synthetic
2018-08-30,iron_ore,99.02,per_ton,WorldBank_synthetic
2018-08-31,coal,107.03,per_ton,WorldBank_synthetic
2018-08-31,iron_ore,127.5,per_ton,WorldBank_synthetic
2018-09-01,coal,120.74,per_ton,WorldBank_synthetic
2018-09-01,iron_ore,113.19,per_ton,WorldBank_synthetic
2018-09-02,coal,115.6,per_ton,WorldBank_synthetic
2018-09-02,iron_ore,113.59,per_ton,WorldBank_synthetic
2018-09-03,coal,116.21,per_ton,WorldBank_synthetic
2018-09-03,iron_ore,124.9,per_ton,WorldBank_synthetic
2018-09-04,coal,118.13,per_ton,WorldBank_synthetic
2018-09-04,iron_ore,97.67,per_ton,WorldBank_synthetic
2018-09-05,coal,121.4,per_ton,WorldBank_synthetic
2018-09-05,iron_ore,97.85,per_ton,WorldBank_synthetic
2018-09-06,coal,113.98,per_ton,WorldBank_synthetic
2018-09-06,iron_ore,101.96,per_ton,WorldBank_synthetic
2018-09-07,coal,116.14,per_ton,WorldBank_synthetic
2018-09-07,iron_ore,102.76,per_ton,WorldBank_synthetic
2018-09-08,coal,108.97,per_ton,WorldBank_synthetic
2018-09-08,iron_ore,104.21,per_ton,WorldBank_synthetic
2018-09-09,coal,119.85,per_ton,WorldBank_synthetic
2018-09-09,iron_ore,110.87,per_ton,WorldBank_synthetic
2018-09-10,coal,119.05,per_ton,WorldBank_synthetic
2018-09-10,iron_ore,123.01,per_ton,WorldBank_synthetic
2018-09-11,coal,116.84,per_ton,WorldBank_synthetic
2018-09-11,iron_ore,116.45,per_ton,WorldBank_synthetic
2018-09-12,coal,110.73,per_ton,WorldBank_synthetic
2018-09-12,iron_ore,110.99,per_ton,WorldBank_synthetic
2018-09-13,coal,109.78,per_ton,WorldBank_synthetic
2018-09-13,iron_ore,115.87,per_ton,WorldBank_synthetic
2018-09-14,coal,119.99,per_ton,WorldBank_synthetic
2018-09-14,iron_ore,118.94,per_ton,WorldBank_synthetic
2018-09-15,coal,115.27,per_ton,WorldBank_synthetic
2018-09-15,iron_ore,118.15,per_ton,WorldBank_synthetic
2018-09-16,coal,114.63,per_ton,WorldBank_synthetic
2018-09-16,iron_ore,106.27,per_ton,WorldBank_synthetic
2018-09-17,coal,117.82,per_ton,WorldBank_synthetic
2018-09-17,iron_ore,116.35,per_ton,WorldBank_synthetic
2018-09-18,coal,126.28,per_ton,WorldBank_synthetic
2018-09-18,iron_ore,116.16,per_ton,WorldBank_synthetic
2018-09-19,coal,109.72,per_ton,WorldBank_synthetic
2018-09-19,iron_ore,102.28,per_ton,WorldBank_synthetic
2018-09-20,coal,108.68,per_ton,WorldBank_synthetic
2018-09-20,iron_ore,110.51,per_ton,WorldBank_synthetic
2018-09-21,coal,109.66,per_ton,WorldBank_synthetic
2018-09-21,iron_ore,120.57,per_ton,WorldBank_synthetic
2018-09-22,coal,113.67,per_ton,WorldBank_synthetic
2018-09-22,iron_ore,114.6,per_ton,WorldBank_synthetic
2018-09-23,coal,115.85,per_ton,WorldBank_synthetic
2018-09-23,iron_ore,112.0,per_ton,WorldBank_synthetic
2018-09-24,coal,109.89,per_ton,WorldBank_synthetic
2018-09-24,iron_ore,108.77,per_ton,WorldBank_synthetic
2018-09-25,coal,112.91,per_ton,WorldBank_synthetic
2018-09-25,iron_ore,108.02,per_ton,WorldBank_synthetic
2018-09-26,coal,115.66,per_ton,WorldBank_synthetic
2018-09-26,iron_ore,114.07,per_ton,WorldBank_synthetic
2018-09-27,coal,112.69,per_ton,WorldBank_synthetic
2018-09-27,iron_ore,115.01,per_ton,WorldBank_synthetic
2018-09-28,coal,116.66,per_ton,WorldBank_synthetic
2018-09-28,iron_ore,121.32,per_ton,WorldBank_synthetic
2018-09-29,coal,98.44,per_ton,WorldBank_synthetic
2018-09-29,iron_ore,102.87,per_ton,WorldBank_synthetic
2018-09-30,coal,121.29,per_ton,WorldBank_synthetic
2018-09-30,iron_ore,87.64,per_ton,WorldBank_synthetic
2018-10-01,coal,122.42,per_ton,WorldBank_synthetic
2018-10-01,iron_ore,108.27,per_ton,WorldBank_synthetic
2018-10-02,coal,104.79,per_ton,WorldBank_synthetic
2018-10-02,iron_ore,113.22,per_ton,WorldBank_synthetic
2018-10-03,coal,109.75,per_ton,WorldBank_synthetic
2018-10-03,iron_ore,99.91,per_ton,WorldBank_synthetic
2018-10-04,coal,122.34,per_ton,WorldBank_synthetic
2018-10-04,iron_ore,103.93,per_ton,WorldBank_synthetic
2018-10-05,coal,110.24,per_ton,WorldBank_synthetic
2018-10-05,iron_ore,122.89,per_ton,WorldBank_synthetic
2018-10-06,coal,119.7,per_ton,WorldBank_synthetic
2018-10-06,iron_ore,103.96,per_ton,WorldBank_synthetic
2018-10-07,coal,111.13,per_ton,WorldBank_synthetic
2018-10-07,iron_ore,104.82,per_ton,WorldBank_synthetic
2018-10-08,coal,122.98,per_ton,WorldBank_synthetic
2018-10-08,iron_ore,98.4,per_ton,WorldBank_synthetic
2018-10-09,coal,108.76,per_ton,WorldBank_synthetic
2018-10-09,iron_ore,116.27,per_ton,WorldBank_synthetic
2018-10-10,coal,113.75,per_ton,WorldBank_synthetic
2018-10-10,iron_ore,106.69,per_ton,WorldBank_synthetic
2018-10-11,coal,117.82,per_ton,WorldBank_synthetic
2018-10-11,iron_ore,102.59,per_ton,WorldBank_synthetic
2018-10-12,coal,103.11,per_ton,WorldBank_synthetic
2018-10-12,iron_ore,103.83,per_ton,WorldBank_synthetic
2018-10-13,coal,121.48,per_ton,WorldBank_synthetic
2018-10-13,iron_ore,122.73,per_ton,WorldBank_synthetic
2018-10-14,coal,114.73,per_ton,WorldBank_synthetic
2018-10-14,iron_ore,104.94,per_ton,WorldBank_synthetic
2018-10-15,coal,122.19,per_ton,WorldBank_synthetic
2018-10-15,iron_ore,109.76,per_ton,WorldBank_synthetic
2018-10-16,coal,116.89,per_ton,WorldBank_synthetic
2018-10-16,iron_ore,88.99,per_ton,WorldBank_synthetic
2018-10-17,coal,113.39,per_ton,WorldBank_synthetic
2018-10-17,iron_ore,106.37,per_ton,WorldBank_synthetic
2018-10-18,coal,107.96,per_ton,WorldBank_synthetic
2018-10-18,iron_ore,101.55,per_ton,WorldBank_synthetic
2018-10-19,coal,124.13,per_ton,WorldBank_synthetic
2018-10-19,iron_ore,102.25,per_ton,WorldBank_synthetic
2018-10-20,coal,108.48,per_ton,WorldBank_synthetic
2018-10-20,iron_ore,89.04,per_ton,WorldBank_synthetic
2018-10-21,coal,115.66,per_ton,WorldBank_synthetic
2018-10-21,iron_ore,99.35,per_ton,WorldBank_synthetic
2018-10-22,coal,111.45,per_ton,WorldBank_synthetic
2018-10-22,iron_ore,105.63,per_ton,WorldBank_synthetic
2018-10-23,coal,117.29,per_ton,WorldBank_synthetic
2018-10-23,iron_ore,105.05,per_ton,WorldBank_synthetic
2018-10-24,coal,117.69,per_ton,WorldBank_synthetic
2018-10-24,iron_ore,93.66,per_ton,WorldBank_synthetic
2018-10-25,coal,112.82,per_ton,WorldBank_synthetic
2018-10-25,iron_ore,100.72,per_ton,WorldBank_synthetic
2018-10-26,coal,115.84,per_ton,WorldBank_synthetic
2018-10-26,iron_ore,111.09,per_ton,WorldBank_synthetic
2018-10-27,coal,112.55,per_ton,WorldBank_synthetic
2018-10-27,iron_ore,96.8,per_ton,WorldBank_synthetic
2018-10-28,coal,123.72,per_ton,WorldBank_synthetic
2018-10-28,iron_ore,104.13,per_ton,WorldBank_synthetic
2018-10-29,coal,109.38,per_ton,WorldBank_synthetic
2018-10-29,iron_ore,100.22,per_ton,WorldBank_synthetic
2018-10-30,coal,110.29,per_ton,WorldBank_synthetic
2018-10-30,iron_ore,93.46,per_ton,WorldBank_synthetic
2018-10-31,coal,109.9,per_ton,WorldBank_synthetic
2018-10-31,iron_ore,96.04,per_ton,WorldBank_synthetic
2018-11-01,coal,126.97,per_ton,WorldBank_synthetic
2018-11-01,iron_ore,110.35,per_ton,WorldBank_synthetic
2018-11-02,coal,123.68,per_ton,WorldBank_synthetic
2018-11-02,iron_ore,110.82,per_ton,WorldBank_synthetic
2018-11-03,coal,116.2,per_ton,WorldBank_synthetic
2018-11-03,iron_ore,105.2,per_ton,WorldBank_synthetic
2018-11-04,coal,117.5,per_ton,WorldBank_synthetic
2018-11-04,iron_ore,93.29,per_ton,WorldBank_synthetic
2018-11-05,coal,111.29,per_ton,WorldBank_synthetic
2018-11-05,iron_ore,108.89,per_ton,WorldBank_synthetic
2018-11-06,coal,111.12,per_ton,WorldBank_synthetic
2018-11-06,iron_ore,103.16,per_ton,WorldBank_synthetic
2018-11-07,coal,120.59,per_ton,WorldBank_synthetic
2018-11-07,iron_ore,107.43,per_ton,WorldBank_synthetic
2018-11-08,coal,119.3,per_ton,WorldBank_synthetic
2018-11-08,iron_ore,91.67,per_ton,WorldBank_synthetic
2018-11-09,coal,120.28,per_ton,WorldBank_synthetic
2018-11-09,iron_ore,100.03,per_ton,WorldBank_synthetic
2018-11-10,coal,112.81,per_ton,WorldBank_synthetic
2018-11-10,iron_ore,85.09,per_ton,WorldBank_synthetic
2018-11-11,coal,120.08,per_ton,WorldBank_synthetic
2018-11-11,iron_ore,88.45,per_ton,WorldBank_synthetic
2018-11-12,coal,109.42,per_ton,WorldBank_synthetic
2018-11-12,iron_ore,114.72,per_ton,WorldBank_synthetic
2018-11-13,coal,112.08,per_ton,WorldBank_synthetic
2018-11-13,iron_ore,97.25,per_ton,WorldBank_synthetic
2018-11-14,coal,118.59,per_ton,WorldBank_synthetic
2018-11-14,iron_ore,101.04,per_ton,WorldBank_synthetic
2018-11-15,coal,113.27,per_ton,WorldBank_synthetic
2018-11-15,iron_ore,94.69,per_ton,WorldBank_synthetic
2018-11-16,coal,122.53,per_ton,WorldBank_synthetic
2018-11-16,iron_ore,98.0,per_ton,WorldBank_synthetic
2018-11-17,coal,118.53,per_ton,WorldBank_synthetic
2018-11-17,iron_ore,82.8,per_ton,WorldBank_synthetic
2018-11-18,coal,115.92,per_ton,WorldBank_synthetic
2018-11-18,iron_ore,106.84,per_ton,WorldBank_synthetic
2018-11-19,coal,115.29,per_ton,WorldBank_synthetic
2018-11-19,iron_ore,92.24,per_ton,WorldBank_synthetic
2018-11-20,coal,120.96,per_ton,WorldBank_synthetic
2018-11-20,iron_ore,104.52,per_ton,WorldBank_synthetic
2018-11-21,coal,120.9,per_ton,WorldBank_synthetic
2018-11-21,iron_ore,95.08,per_ton,WorldBank_synthetic
2018-11-22,coal,123.13,per_ton,WorldBank_synthetic
2018-11-22,iron_ore,112.53,per_ton,WorldBank_synthetic
2018-11-23,coal,125.38,per_ton,WorldBank_synthetic
2018-11-23,iron_ore,86.87,per_ton,WorldBank_synthetic
2018-11-24,coal,134.34,per_ton,WorldBank_synthetic
2018-11-24,iron_ore,88.65,per_ton,WorldBank_synthetic
2018-11-25,coal,113.72,per_ton,WorldBank_synthetic
2018-11-25,iron_ore,101.58,per_ton,WorldBank_synthetic
2018-11-26,coal,119.53,per_ton,WorldBank_synthetic
2018-11-26,iron_ore,101.92,per_ton,WorldBank_synthetic
2018-11-27,coal,126.72,per_ton,WorldBank_synthetic
2018-11-27,iron_ore,106.36,per_ton,WorldBank_synthetic
2018-11-28,coal,115.86,per_ton,WorldBank_synthetic
2018-11-28,iron_ore,99.38,per_ton,WorldBank_synthetic
2018-11-29,coal,125.54,per_ton,WorldBank_synthetic
2018-11-29,iron_ore,107.11,per_ton,WorldBank_synthetic
2018-11-30,coal,126.28,per_ton,WorldBank_synthetic
2018-11-30,iron_ore,105.12,per_ton,WorldBank_synthetic
2018-12-01,coal,124.36,per_ton,WorldBank_synthetic
2018-12-01,iron_ore,94.36,per_ton,WorldBank_synthetic
2018-12-02,coal,114.39,per_ton,WorldBank_synthetic
2018-12-02,iron_ore,101.74,per_ton,WorldBank_synthetic
2018-12-03,coal,118.88,per_ton,WorldBank_synthetic
2018-12-03,iron_ore,108.21,per_ton,WorldBank_synthetic
2018-12-04,coal,116.96,per_ton,WorldBank_synthetic
2018-12-04,iron_ore,95.09,per_ton,WorldBank_synthetic
2018-12-05,coal,119.35,per_ton,WorldBank_synthetic
2018-12-05,iron_ore,105.77,per_ton,WorldBank_synthetic
2018-12-06,coal,125.42,per_ton,WorldBank_synthetic
2018-12-06,iron_ore,98.11,per_ton,WorldBank_synthetic
2018-12-07,coal,123.3,per_ton,WorldBank_synthetic
2018-12-07,iron_ore,110.74,per_ton,WorldBank_synthetic
2018-12-08,coal,113.2,per_ton,WorldBank_synthetic
2018-12-08,iron_ore,103.7,per_ton,WorldBank_synthetic
2018-12-09,coal,127.58,per_ton,WorldBank_synthetic
2018-12-09,iron_ore,107.33,per_ton,WorldBank_synthetic
2018-12-10,coal,126.37,per_ton,WorldBank_synthetic
2018-12-10,iron_ore,91.32,per_ton,WorldBank_synthetic
2018-12-11,coal,119.84,per_ton,WorldBank_synthetic
2018-12-11,iron_ore,102.7,per_ton,WorldBank_synthetic
2018-12-12,coal,119.76,per_ton,WorldBank_synthetic
2018-12-12,iron_ore,95.72,per_ton,WorldBank_synthetic
2018-12-13,coal,115.36,per_ton,WorldBank_synthetic
2018-12-13,iron_ore,87.66,per_ton,WorldBank_synthetic
2018-12-14,coal,124.79,per_ton,WorldBank_synthetic
2018-12-14,iron_ore,93.69,per_ton,WorldBank_synthetic
2018-12-15,coal,119.45,per_ton,WorldBank_synthetic
2018-12-15,iron_ore,95.49,per_ton,WorldBank_synthetic
2018-12-16,coal,124.92,per_ton,WorldBank_synthetic
2018-12-16,iron_ore,94.81,per_ton,WorldBank_synthetic
2018-12-17,coal,124.46,per_ton,WorldBank_synthetic
2018-12-17,iron_ore,97.5,per_ton,WorldBank_synthetic
2018-12-18,coal,122.51,per_ton,WorldBank_synthetic
2018-12-18,iron_ore,96.6,per_ton,WorldBank_synthetic
2018-12-19,coal,119.51,per_ton,WorldBank_synthetic
2018-12-19,iron_ore,92.58,per_ton,WorldBank_synthetic
2018-12-20,coal,114.94,per_ton,WorldBank_synthetic
2018-12-20,iron_ore,87.16,per_ton,WorldBank_synthetic
2018-12-21,coal,118.37,per_ton,WorldBank_synthetic
2018-12-21,iron_ore,93.2,per_ton,WorldBank_synthetic
2018-12-22,coal,130.14,per_ton,WorldBank_synthetic
2018-12-22,iron_ore,96.22,per_ton,WorldBank_synthetic
2018-12-23,coal,125.41,per_ton,WorldBank_synthetic
2018-12-23,iron_ore,88.65,per_ton,WorldBank_synthetic
2018-12-24,coal,126.27,per_ton,WorldBank_synthetic
2018-12-24,iron_ore,109.66,per_ton,WorldBank_synthetic
2018-12-25,coal,124.58,per_ton,WorldBank_synthetic
2018-12-25,iron_ore,89.4,per_ton,WorldBank_synthetic
2018-12-26,coal,119.36,per_ton,WorldBank_synthetic
2018-12-26,iron_ore,98.0,per_ton,WorldBank_synthetic
2018-12-27,coal,120.66,per_ton,WorldBank_synthetic
2018-12-27,iron_ore,101.5,per_ton,WorldBank_synthetic
2018-12-28,coal,120.48,per_ton,WorldBank_synthetic
2018-12-28,iron_ore,82.44,per_ton,WorldBank_synthetic
2018-12-29,coal,128.12,per_ton,WorldBank_synthetic
2018-12-29,iron_ore,85.24,per_ton,WorldBank_synthetic
2018-12-30,coal,128.92,per_ton,WorldBank_synthetic
2018-12-30,iron_ore,103.79,per_ton,WorldBank_synthetic
2018-12-31,coal,123.1,per_ton,WorldBank_synthetic
2018-12-31,iron_ore,97.06,per_ton,WorldBank_synthetic
2019-01-01,coal,133.2,per_ton,WorldBank_synthetic
2019-01-01,iron_ore,91.57,per_ton,WorldBank_synthetic
2019-01-02,coal,134.4,per_ton,WorldBank_synthetic
2019-01-02,iron_ore,92.56,per_ton,WorldBank_synthetic
2019-01-03,coal,121.89,per_ton,WorldBank_synthetic
2019-01-03,iron_ore,95.87,per_ton,WorldBank_synthetic
2019-01-04,coal,127.88,per_ton,WorldBank_synthetic
2019-01-04,iron_ore,104.06,per_ton,WorldBank_synthetic
2019-01-05,coal,131.35,per_ton,WorldBank_synthetic
2019-01-05,iron_ore,97.84,per_ton,WorldBank_synthetic
2019-01-06,coal,130.37,per_ton,WorldBank_synthetic
2019-01-06,iron_ore,96.23,per_ton,WorldBank_synthetic
2019-01-07,coal,131.21,per_ton,WorldBank_synthetic
2019-01-07,iron_ore,90.53,per_ton,WorldBank_synthetic
2019-01-08,coal,122.01,per_ton,WorldBank_synthetic
2019-01-08,iron_ore,96.24,per_ton,WorldBank_synthetic
2019-01-09,coal,141.03,per_ton,WorldBank_synthetic
2019-01-09,iron_ore,100.93,per_ton,WorldBank_synthetic
2019-01-10,coal,124.24,per_ton,WorldBank_synthetic
2019-01-10,iron_ore,105.52,per_ton,WorldBank_synthetic
2019-01-11,coal,118.58,per_ton,WorldBank_synthetic
2019-01-11,iron_ore,92.24,per_ton,WorldBank_synthetic
2019-01-12,coal,130.05,per_ton,WorldBank_synthetic
2019-01-12,iron_ore,88.77,per_ton,WorldBank_synthetic
2019-01-13,coal,125.25,per_ton,WorldBank_synthetic
2019-01-13,iron_ore,92.69,per_ton,WorldBank_synthetic
2019-01-14,coal,125.66,per_ton,WorldBank_synthetic
2019-01-14,iron_ore,87.67,per_ton,WorldBank_synthetic
2019-01-15,coal,123.1,per_ton,WorldBank_synthetic
2019-01-15,iron_ore,81.35,per_ton,WorldBank_synthetic
2019-01-16,coal,123.84,per_ton,WorldBank_synthetic
2019-01-16,iron_ore,92.91,per_ton,WorldBank_synthetic
2019-01-17,coal,133.86,per_ton,WorldBank_synthetic
2019-01-17,iron_ore,88.3,per_ton,WorldBank_synthetic
2019-01-18,coal,122.91,per_ton,WorldBank_synthetic
2019-01-18,iron_ore,106.34,per_ton,WorldBank_synthetic
2019-01-19,coal,123.4,per_ton,WorldBank_synthetic
2019-01-19,iron_ore,94.14,per_ton,WorldBank_synthetic
2019-01-20,coal,124.58,per_ton,WorldBank_synthetic
2019-01-20,iron_ore,87.52,per_ton,WorldBank_synthetic
2019-01-21,coal,131.33,per_ton,WorldBank_synthetic
2019-01-21,iron_ore,96.85,per_ton,WorldBank_synthetic
2019-01-22,coal,135.89,per_ton,WorldBank_synthetic
2019-01-22,iron_ore,98.4,per_ton,WorldBank_synthetic
2019-01-23,coal,130.44,per_ton,WorldBank_synthetic
2019-01-23,iron_ore,97.93,per_ton,WorldBank_synthetic
2019-01-24,coal,124.65,per_ton,WorldBank_synthetic
2019-01-24,iron_ore,102.5,per_ton,WorldBank_synthetic
2019-01-25,coal,132.6,per_ton,WorldBank_synthetic
2019-01-25,iron_ore,96.61,per_ton,WorldBank_synthetic
2019-01-26,coal,133.05,per_ton,WorldBank_synthetic
2019-01-26,iron_ore,80.74,per_ton,WorldBank_synthetic
2019-01-27,coal,124.52,per_ton,WorldBank_synthetic
2019-01-27,iron_ore,93.51,per_ton,WorldBank_synthetic
2019-01-28,coal,131.03,per_ton,WorldBank_synthetic
2019-01-28,iron_ore,96.93,per_ton,WorldBank_synthetic
2019-01-29,coal,130.96,per_ton,WorldBank_synthetic
2019-01-29,iron_ore,90.73,per_ton,WorldBank_synthetic
2019-01-30,coal,136.83,per_ton,WorldBank_synthetic
2019-01-30,iron_ore,94.88,per_ton,WorldBank_synthetic
2019-01-31,coal,134.39,per_ton,WorldBank_synthetic
2019-01-31,iron_ore,101.52,per_ton,WorldBank_synthetic
2019-02-01,coal,137.09,per_ton,WorldBank_synthetic
2019-02-01,iron_ore,94.37,per_ton,WorldBank_synthetic
2019-02-02,coal,134.5,per_ton,WorldBank_synthetic
2019-02-02,iron_ore,93.83,per_ton,WorldBank_synthetic
2019-02-03,coal,136.34,per_ton,WorldBank_synthetic
2019-02-03,iron_ore,109.82,per_ton,WorldBank_synthetic
2019-02-04,coal,125.86,per_ton,WorldBank_synthetic
2019-02-04,iron_ore,85.42,per_ton,WorldBank_synthetic
2019-02-05,coal,139.1,per_ton,WorldBank_synthetic
2019-02-05,iron_ore,92.8,per_ton,WorldBank_synthetic
2019-02-06,coal,129.12,per_ton,WorldBank_synthetic
2019-02-06,iron_ore,85.62,per_ton,WorldBank_synthetic
2019-02-07,coal,136.05,per_ton,WorldBank_synthetic
2019-02-07,iron_ore,95.52,per_ton,WorldBank_synthetic
2019-02-08,coal,141.49,per_ton,WorldBank_synthetic
2019-02-08,iron_ore,90.17,per_ton,WorldBank_synthetic
2019-02-09,coal,136.04,per_ton,WorldBank_synthetic
2019-02-09,iron_ore,103.99,per_ton,WorldBank_synthetic
2019-02-10,coal,124.45,per_ton,WorldBank_synthetic
2019-02-10,iron_ore,82.2,per_ton,WorldBank_synthetic
2019-02-11,coal,133.05,per_ton,WorldBank_synthetic
2019-02-11,iron_ore,85.9,per_ton,WorldBank_synthetic
2019-02-12,coal,129.66,per_ton,WorldBank_synthetic
2019-02-12,iron_ore,85.05,per_ton,WorldBank_synthetic
2019-02-13,coal,131.1,per_ton,WorldBank_synthetic
2019-02-13,iron_ore,82.96,per_ton,WorldBank_synthetic
2019-02-14,coal,125.5,per_ton,WorldBank_synthetic
2019-02-14,iron_ore,93.13,per_ton,WorldBank_synthetic
2019-02-15,coal,132.59,per_ton,WorldBank_synthetic
2019-02-15,iron_ore,97.73,per_ton,WorldBank_synthetic
2019-02-16,coal,134.63,per_ton,WorldBank_synthetic
2019-02-16,iron_ore,93.14,per_ton,WorldBank_synthetic
2019-02-17,coal,135.84,per_ton,WorldBank_synthetic
2019-02-17,iron_ore,82.27,per_ton,WorldBank_synthetic
2019-02-18,coal,129.63,per_ton,WorldBank_synthetic
2019-02-18,iron_ore,91.64,per_ton,WorldBank_synthetic
2019-02-19,coal,136.85,per_ton,WorldBank_synthetic
2019-02-19,iron_ore,94.45,per_ton,WorldBank_synthetic
2019-02-20,coal,131.16,per_ton,WorldBank_synthetic
2019-02-20,iron_ore,87.63,per_ton,WorldBank_synthetic
2019-02-21,coal,133.5,per_ton,WorldBank_synthetic
2019-02-21,iron_ore,79.71,per_ton,WorldBank_synthetic
2019-02-22,coal,136.53,per_ton,WorldBank_synthetic
2019-02-22,iron_ore,94.98,per_ton,WorldBank_synthetic
2019-02-23,coal,136.96,per_ton,WorldBank_synthetic
2019-02-23,iron_ore,96.58,per_ton,WorldBank_synthetic
2019-02-24,coal,137.33,per_ton,WorldBank_synthetic
2019-02-24,iron_ore,73.4,per_ton,WorldBank_synthetic
2019-02-25,coal,133.49,per_ton,WorldBank_synthetic
2019-02-25,iron_ore,76.86,per_ton,WorldBank_synthetic
2019-02-26,coal,127.62,per_ton,WorldBank_synthetic
2019-02-26,iron_ore,87.07,per_ton,WorldBank_synthetic
2019-02-27,coal,138.31,per_ton,WorldBank_synthetic
2019-02-27,iron_ore,90.61,per_ton,WorldBank_synthetic
2019-02-28,coal,133.56,per_ton,WorldBank_synthetic
2019-02-28,iron_ore,102.07,per_ton,WorldBank_synthetic
2019-03-01,coal,133.61,per_ton,WorldBank_synthetic
2019-03-01,iron_ore,80.01,per_ton,WorldBank_synthetic
2019-03-02,coal,125.44,per_ton,WorldBank_synthetic
2019-03-02,iron_ore,80.45,per_ton,WorldBank_synthetic
2019-03-03,coal,132.96,per_ton,WorldBank_synthetic
2019-03-03,iron_ore,74.93,per_ton,WorldBank_synthetic
2019-03-04,coal,134.58,per_ton,WorldBank_synthetic
2019-03-04,iron_ore,89.54,per_ton,WorldBank_synthetic
2019-03-05,coal,128.78,per_ton,WorldBank_synthetic
2019-03-05,iron_ore,87.72,per_ton,WorldBank_synthetic
2019-03-06,coal,134.94,per_ton,WorldBank_synthetic
2019-03-06,iron_ore,81.65,per_ton,WorldBank_synthetic
2019-03-07,coal,136.0,per_ton,WorldBank_synthetic
2019-03-07,iron_ore,80.78,per_ton,WorldBank_synthetic
2019-03-08,coal,135.24,per_ton,WorldBank_synthetic
2019-03-08,iron_ore,97.99,per_ton,WorldBank_synthetic
2019-03-09,coal,133.88,per_ton,WorldBank_synthetic
2019-03-09,iron_ore,75.95,per_ton,WorldBank_synthetic
2019-03-10,coal,132.68,per_ton,WorldBank_synthetic
2019-03-10,iron_ore,86.59,per_ton,WorldBank_synthetic
2019-03-11,coal,127.89,per_ton,WorldBank_synthetic
2019-03-11,iron_ore,75.67,per_ton,WorldBank_synthetic
2019-03-12,coal,130.24,per_ton,WorldBank_synthetic
2019-03-12,iron_ore,92.49,per_ton,WorldBank_synthetic
2019-03-13,coal,136.18,per_ton,WorldBank_synthetic
2019-03-13,iron_ore,94.94,per_ton,WorldBank_synthetic
2019-03-14,coal,131.81,per_ton,WorldBank_synthetic
2019-03-14,iron_ore,100.86,per_ton,WorldBank_synthetic
2019-03-15,coal,127.75,per_ton,WorldBank_synthetic
2019-03-15,iron_ore,88.46,per_ton,WorldBank_synthetic
2019-03-16,coal,130.7,per_ton,WorldBank_synthetic
2019-03-16,iron_ore,96.66,per_ton,WorldBank_synthetic
2019-03-17,coal,132.0,per_ton,WorldBank_synthetic
2019-03-17,iron_ore,76.26,per_ton,WorldBank_synthetic
2019-03-18,coal,132.97,per_ton,WorldBank_synthetic
2019-03-18,iron_ore,75.33,per_ton,WorldBank_synthetic
2019-03-19,coal,127.32,per_ton,WorldBank_synthetic
2019-03-19,iron_ore,91.51,per_ton,WorldBank_synthetic
2019-03-20,coal,131.5,per_ton,WorldBank_synthetic
2019-03-20,iron_ore,90.72,per_ton,WorldBank_synthetic
2019-03-21,coal,127.14,per_ton,WorldBank_synthetic
2019-03-21,iron_ore,94.04,per_ton,WorldBank_synthetic
2019-03-22,coal,130.54,per_ton,WorldBank_synthetic
2019-03-22,iron_ore,67.78,per_ton,WorldBank_synthetic
2019-03-23,coal,126.83,per_ton,WorldBank_synthetic
2019-03-23,iron_ore,72.04,per_ton,WorldBank_synthetic
2019-03-24,coal,123.89,per_ton,WorldBank_synthetic
2019-03-24,iron_ore,87.08,per_ton,WorldBank_synthetic
2019-03-25,coal,132.92,per_ton,WorldBank_synthetic
2019-03-25,iron_ore,87.5,per_ton,WorldBank_synthetic
2019-03-26,coal,127.29,per_ton,WorldBank_synthetic
2019-03-26,iron_ore,86.79,per_ton,WorldBank_synthetic
2019-03-27,coal,123.52,per_ton,WorldBank_synthetic
2019-03-27,iron_ore,78.45,per_ton,WorldBank_synthetic
2019-03-28,coal,129.94,per_ton,WorldBank_synthetic
2019-03-28,iron_ore,77.51,per_ton,WorldBank_synthetic
2019-03-29,coal,131.11,per_ton,WorldBank_synthetic
2019-03-29,iron_ore,81.66,per_ton,WorldBank_synthetic
2019-03-30,coal,132.83,per_ton,WorldBank_synthetic
2019-03-30,iron_ore,84.03,per_ton,WorldBank_synthetic
2019-03-31,coal,135.11,per_ton,WorldBank_synthetic
2019-03-31,iron_ore,77.52,per_ton,WorldBank_synthetic
2019-04-01,coal,133.44,per_ton,WorldBank_synthetic
2019-04-01,iron_ore,83.35,per_ton,WorldBank_synthetic
2019-04-02,coal,131.25,per_ton,WorldBank_synthetic
2019-04-02,iron_ore,81.95,per_ton,WorldBank_synthetic
2019-04-03,coal,119.1,per_ton,WorldBank_synthetic
2019-04-03,iron_ore,95.98,per_ton,WorldBank_synthetic
2019-04-04,coal,125.14,per_ton,WorldBank_synthetic
2019-04-04,iron_ore,74.02,per_ton,WorldBank_synthetic
2019-04-05,coal,127.95,per_ton,WorldBank_synthetic
2019-04-05,iron_ore,69.66,per_ton,WorldBank_synthetic
2019-04-06,coal,138.12,per_ton,WorldBank_synthetic
2019-04-06,iron_ore,74.93,per_ton,WorldBank_synthetic
2019-04-07,coal,125.79,per_ton,WorldBank_synthetic
2019-04-07,iron_ore,73.0,per_ton,WorldBank_synthetic
2019-04-08,coal,131.22,per_ton,WorldBank_synthetic
2019-04-08,iron_ore,90.55,per_ton,WorldBank_synthetic
2019-04-09,coal,130.21,per_ton,WorldBank_synthetic
2019-04-09,iron_ore,72.93,per_ton,WorldBank_synthetic
2019-04-10,coal,135.27,per_ton,WorldBank_synthetic
2019-04-10,iron_ore,81.13,per_ton,WorldBank_synthetic
2019-04-11,coal,124.85,per_ton,WorldBank_synthetic
2019-04-11,iron_ore,78.03,per_ton,WorldBank_synthetic
2019-04-12,coal,128.92,per_ton,WorldBank_synthetic
2019-04-12,iron_ore,80.24,per_ton,WorldBank_synthetic
2019-04-13,coal,128.07,per_ton,WorldBank_synthetic
2019-04-13,iron_ore,78.27,per_ton,WorldBank_synthetic
2019-04-14,coal,137.17,per_ton,WorldBank_synthetic
2019-04-14,iron_ore,100.48,per_ton,WorldBank_synthetic
2019-04-15,coal,128.51,per_ton,WorldBank_synthetic
2019-04-15,iron_ore,70.2,per_ton,WorldBank_synthetic
2019-04-16,coal,122.17,per_ton,WorldBank_synthetic
2019-04-16,iron_ore,83.77,per_ton,WorldBank_synthetic
2019-04-17,coal,119.08,per_ton,WorldBank_synthetic
2019-04-17,iron_ore,75.54,per_ton,WorldBank_synthetic
2019-04-18,coal,128.95,per_ton,WorldBank_synthetic
2019-04-18,iron_ore,78.18,per_ton,WorldBank_synthetic
2019-04-19,coal,124.72,per_ton,WorldBank_synthetic
2019-04-19,iron_ore,91.15,per_ton,WorldBank_synthetic
2019-04-20,coal,130.49,per_ton,WorldBank_synthetic
2019-04-20,iron_ore,72.4,per_ton,WorldBank_synthetic
2019-04-21,coal,130.18,per_ton,WorldBank_synthetic
2019-04-21,iron_ore,74.42,per_ton,WorldBank_synthetic
2019-04-22,coal,123.44,per_ton,WorldBank_synthetic
2019-04-22,iron_ore,72.35,per_ton,WorldBank_synthetic
2019-04-23,coal,131.68,per_ton,WorldBank_synthetic
2019-04-23,iron_ore,70.85,per_ton,WorldBank_synthetic
2019-04-24,coal,125.16,per_ton,WorldBank_synthetic
2019-04-24,iron_ore,83.2,per_ton,WorldBank_synthetic
2019-04-25,coal,126.77,per_ton,WorldBank_synthetic
2019-04-25,iron_ore,76.68,per_ton,WorldBank_synthetic
2019-04-26,coal,121.66,per_ton,WorldBank_synthetic
2019-04-26,iron_ore,93.12,per_ton,WorldBank_synthetic
2019-04-27,coal,128.81,per_ton,WorldBank_synthetic
2019-04-27,iron_ore,55.23,per_ton,WorldBank_synthetic
2019-04-28,coal,130.97,per_ton,WorldBank_synthetic
2019-04-28,iron_ore,63.6,per_ton,WorldBank_synthetic
2019-04-29,coal,117.31,per_ton,WorldBank_synthetic
2019-04-29,iron_ore,68.02,per_ton,WorldBank_synthetic
2019-04-30,coal,130.18,per_ton,WorldBank_synthetic
2019-04-30,iron_ore,71.13,per_ton,WorldBank_synthetic
2019-05-01,coal,124.66,per_ton,WorldBank_synthetic
2019-05-01,iron_ore,59.65,per_ton,WorldBank_synthetic
2019-05-02,coal,128.69,per_ton,WorldBank_synthetic
2019-05-02,iron_ore,70.58,per_ton,WorldBank_synthetic
2019-05-03,coal,116.58,per_ton,WorldBank_synthetic
2019-05-03,iron_ore,75.02,per_ton,WorldBank_synthetic
2019-05-04,coal,125.17,per_ton,WorldBank_synthetic
2019-05-04,iron_ore,72.8,per_ton,WorldBank_synthetic
2019-05-05,coal,128.88,per_ton,WorldBank_synthetic
2019-05-05,iron_ore,76.49,per_ton,WorldBank_synthetic
2019-05-06,coal,129.63,per_ton,WorldBank_synthetic
2019-05-06,iron_ore,71.08,per_ton,WorldBank_synthetic
2019-05-07,coal,122.35,per_ton,WorldBank_synthetic
2019-05-07,iron_ore,78.13,per_ton,WorldBank_synthetic
2019-05-08,coal,127.28,per_ton,WorldBank_synthetic
2019-05-08,iron_ore,68.25,per_ton,WorldBank_synthetic
2019-05-09,coal,130.6,per_ton,WorldBank_synthetic
2019-05-09,iron_ore,71.53,per_ton,WorldBank_synthetic
2019-05-10,coal,120.87,per_ton,WorldBank_synthetic
2019-05-10,iron_ore,73.84,per_ton,WorldBank_synthetic
2019-05-11,coal,116.25,per_ton,WorldBank_synthetic
2019-05-11,iron_ore,56.83,per_ton,WorldBank_synthetic
2019-05-12,coal,130.47,per_ton,WorldBank_synthetic
2019-05-12,iron_ore,78.2,per_ton,WorldBank_synthetic
2019-05-13,coal,115.24,per_ton,WorldBank_synthetic
2019-05-13,iron_ore,70.48,per_ton,WorldBank_synthetic
2019-05-14,coal,122.64,per_ton,WorldBank_synthetic
2019-05-14,iron_ore,65.17,per_ton,WorldBank_synthetic
2019-05-15,coal,126.35,per_ton,WorldBank_synthetic
2019-05-15,iron_ore,64.8,per_ton,WorldBank_synthetic
2019-05-16,coal,123.8,per_ton,WorldBank_synthetic
2019-05-16,iron_ore,63.4,per_ton,WorldBank_synthetic
2019-05-17,coal,121.03,per_ton,WorldBank_synthetic
2019-05-17,iron_ore,80.53,per_ton,WorldBank_synthetic
2019-05-18,coal,120.52,per_ton,WorldBank_synthetic
2019-05-18,iron_ore,63.92,per_ton,WorldBank_synthetic
2019-05-19,coal,118.9,per_ton,WorldBank_synthetic
2019-05-19,iron_ore,73.31,per_ton,WorldBank_synthetic
2019-05-20,coal,115.29,per_ton,WorldBank_synthetic
2019-05-20,iron_ore,64.04,per_ton,WorldBank_synthetic
2019-05-21,coal,125.88,per_ton,WorldBank_synthetic
2019-05-21,iron_ore,78.06,per_ton,WorldBank_synthetic
2019-05-22,coal,113.39,per_ton,WorldBank_synthetic
2019-05-22,iron_ore,56.02,per_ton,WorldBank_synthetic
2019-05-23,coal,109.92,per_ton,WorldBank_synthetic
2019-05-23,iron_ore,57.33,per_ton,WorldBank_synthetic
2019-05-24,coal,114.55,per_ton,WorldBank_synthetic
2019-05-24,iron_ore,65.33,per_ton,WorldBank_synthetic
2019-05-25,coal,108.68,per_ton,WorldBank_synthetic
2019-05-25,iron_ore,66.86,per_ton,WorldBank_synthetic
2019-05-26,coal,100.71,per_ton,WorldBank_synthetic
2019-05-26,iron_ore,66.42,per_ton,WorldBank_synthetic
2019-05-27,coal,122.88,per_ton,WorldBank_synthetic
2019-05-27,iron_ore,55.26,per_ton,WorldBank_synthetic
2019-05-28,coal,100.06,per_ton,WorldBank_synthetic
2019-05-28,iron_ore,66.0,per_ton,WorldBank_synthetic
2019-05-29,coal,117.58,per_ton,WorldBank_synthetic
2019-05-29,iron_ore,61.08,per_ton,WorldBank_synthetic
2019-05-30,coal,114.84,per_ton,WorldBank_synthetic
2019-05-30,iron_ore,74.36,per_ton,WorldBank_synthetic
2019-05-31,coal,121.75,per_ton,WorldBank_synthetic
2019-05-31,iron_ore,68.5,per_ton,WorldBank_synthetic
2019-06-01,coal,106.73,per_ton,WorldBank_synthetic
2019-06-01,iron_ore,64.75,per_ton,WorldBank_synthetic
2019-06-02,coal,107.52,per_ton,WorldBank_synthetic
2019-06-02,iron_ore,62.96,per_ton,WorldBank_synthetic
2019-06-03,coal,110.91,per_ton,WorldBank_synthetic
2019-06-03,iron_ore,58.19,per_ton,WorldBank_synthetic
2019-06-04,coal,119.38,per_ton,WorldBank_synthetic
2019-06-04,iron_ore,60.62,per_ton,WorldBank_synthetic
2019-06-05,coal,103.92,per_ton,WorldBank_synthetic
2019-06-05,iron_ore,65.16,per_ton,WorldBank_synthetic
2019-06-06,coal,114.35,per_ton,WorldBank_synthetic
2019-06-06,iron_ore,62.22,per_ton,WorldBank_synthetic
2019-06-07,coal,106.64,per_ton,WorldBank_synthetic
2019-06-07,iron_ore,58.03,per_ton,WorldBank_synthetic
2019-06-08,coal,107.16,per_ton,WorldBank_synthetic
2019-06-08,iron_ore,57.14,per_ton,WorldBank_synthetic
2019-06-09,coal,106.19,per_ton,WorldBank_synthetic
2019-06-09,iron_ore,59.09,per_ton,WorldBank_synthetic
2019-06-10,coal,102.51,per_ton,WorldBank_synthetic
2019-06-10,iron_ore,62.52,per_ton,WorldBank_synthetic
2019-06-11,coal,104.96,per_ton,WorldBank_synthetic
2019-06-11,iron_ore,67.25,per_ton,WorldBank_synthetic
2019-06-12,coal,110.37,per_ton,WorldBank_synthetic
2019-06-12,iron_ore,71.96,per_ton,WorldBank_synthetic
2019-06-13,coal,101.22,per_ton,WorldBank_synthetic
2019-06-13,iron_ore,70.89,per_ton,WorldBank_synthetic
2019-06-14,coal,107.05,per_ton,WorldBank_synthetic
2019-06-14,iron_ore,64.24,per_ton,WorldBank_synthetic
2019-06-15,coal,111.66,per_ton,WorldBank_synthetic
2019-06-15,iron_ore,66.66,per_ton,WorldBank_synthetic
2019-06-16,coal,107.1,per_ton,WorldBank_synthetic
2019-06-16,iron_ore,62.3,per_ton,WorldBank_synthetic
2019-06-17,coal,105.91,per_ton,WorldBank_synthetic
2019-06-17,iron_ore,64.17,per_ton,WorldBank_synthetic
2019-06-18,coal,101.49,per_ton,WorldBank_synthetic
2019-06-18,iron_ore,61.28,per_ton,WorldBank_synthetic
2019-06-19,coal,113.22,per_ton,WorldBank_synthetic
2019-06-19,iron_ore,73.78,per_ton,WorldBank_synthetic
2019-06-20,coal,110.44,per_ton,WorldBank_synthetic
2019-06-20,iron_ore,69.12,per_ton,WorldBank_synthetic
2019-06-21,coal,107.29,per_ton,WorldBank_synthetic
2019-06-21,iron_ore,65.55,per_ton,WorldBank_synthetic
2019-06-22,coal,113.97,per_ton,WorldBank_synthetic
2019-06-22,iron_ore,56.38,per_ton,WorldBank_synthetic
2019-06-23,coal,95.88,per_ton,WorldBank_synthetic
2019-06-23,iron_ore,55.14,per_ton,WorldBank_synthetic
2019-06-24,coal,104.32,per_ton,WorldBank_synthetic
2019-06-24,iron_ore,49.61,per_ton,WorldBank_synthetic
2019-06-25,coal,96.98,per_ton,WorldBank_synthetic
2019-06-25,iron_ore,51.96,per_ton,WorldBank_synthetic
2019-06-26,coal,96.39,per_ton,WorldBank_synthetic
2019-06-26,iron_ore,62.9,per_ton,WorldBank_synthetic
2019-06-27,coal,110.63,per_ton,WorldBank_synthetic
2019-06-27,iron_ore,60.7,per_ton,WorldBank_synthetic
2019-06-28,coal,94.7,per_ton,WorldBank_synthetic
2019-06-28,iron_ore,56.66,per_ton,WorldBank_synthetic
2019-06-29,coal,96.96,per_ton,WorldBank_synthetic
2019-06-29,iron_ore,56.94,per_ton,WorldBank_synthetic
2019-06-30,coal,96.7,per_ton,WorldBank_synthetic
2019-06-30,iron_ore,62.27,per_ton,WorldBank_synthetic
2019-07-01,coal,103.9,per_ton,WorldBank_synthetic
2019-07-01,iron_ore,51.55,per_ton,WorldBank_synthetic
2019-07-02,coal,102.48,per_ton,WorldBank_synthetic
2019-07-02,iron_ore,54.33,per_ton,WorldBank_synthetic
2019-07-03,coal,108.16,per_ton,WorldBank_synthetic
2019-07-03,iron_ore,40,per_ton,WorldBank_synthetic
2019-07-04,coal,101.16,per_ton,WorldBank_synthetic
2019-07-04,iron_ore,63.19,per_ton,WorldBank_synthetic
2019-07-05,coal,96.83,per_ton,WorldBank_synthetic
2019-07-05,iron_ore,48.97,per_ton,WorldBank_synthetic
2019-07-06,coal,99.12,per_ton,WorldBank_synthetic
2019-07-06,iron_ore,45.32,per_ton,WorldBank_synthetic
2019-07-07,coal,95.12,per_ton,WorldBank_synthetic
2019-07-07,iron_ore,44.2,per_ton,WorldBank_synthetic
2019-07-08,coal,96.49,per_ton,WorldBank_synthetic
2019-07-08,iron_ore,40,per_ton,WorldBank_synthetic
2019-07-09,coal,93.94,per_ton,WorldBank_synthetic
2019-07-09,iron_ore,56.3,per_ton,WorldBank_synthetic
2019-07-10,coal,94.63,per_ton,WorldBank_synthetic
2019-07-10,iron_ore,48.26,per_ton,WorldBank_synthetic
2019-07-11,coal,100.59,per_ton,WorldBank_synthetic
2019-07-11,iron_ore,63.91,per_ton,WorldBank_synthetic
2019-07-12,coal,91.98,per_ton,WorldBank_synthetic
2019-07-12,iron_ore,60.65,per_ton,WorldBank_synthetic
2019-07-13,coal,86.49,per_ton,WorldBank_synthetic
2019-07-13,iron_ore,43.98,per_ton,WorldBank_synthetic
2019-07-14,coal,97.5,per_ton,WorldBank_synthetic
2019-07-14,iron_ore,52.54,per_ton,WorldBank_synthetic
2019-07-15,coal,94.99,per_ton,WorldBank_synthetic
2019-07-15,iron_ore,57.13,per_ton,WorldBank_synthetic
2019-07-16,coal,92.96,per_ton,WorldBank_synthetic
2019-07-16,iron_ore,56.05,per_ton,WorldBank_synthetic
2019-07-17,coal,91.11,per_ton,WorldBank_synthetic
2019-07-17,iron_ore,44.67,per_ton,WorldBank_synthetic
2019-07-18,coal,83.76,per_ton,WorldBank_synthetic
2019-07-18,iron_ore,54.84,per_ton,WorldBank_synthetic
2019-07-19,coal,88.37,per_ton,WorldBank_synthetic
2019-07-19,iron_ore,57.24,per_ton,WorldBank_synthetic
2019-07-20,coal,97.34,per_ton,WorldBank_synthetic
2019-07-20,iron_ore,47.15,per_ton,WorldBank_synthetic
2019-07-21,coal,92.32,per_ton,WorldBank_synthetic
2019-07-21,iron_ore,50.26,per_ton,WorldBank_synthetic
2019-07-22,coal,90.44,per_ton,WorldBank_synthetic
2019-07-22,iron_ore,40,per_ton,WorldBank_synthetic
2019-07-23,coal,98.28,per_ton,WorldBank_synthetic
2019-07-23,iron_ore,43.64,per_ton,WorldBank_synthetic
2019-07-24,coal,93.29,per_ton,WorldBank_synthetic
2019-07-24,iron_ore,50.28,per_ton,WorldBank_synthetic
2019-07-25,coal,91.68,per_ton,WorldBank_synthetic
2019-07-25,iron_ore,49.46,per_ton,WorldBank_synthetic
2019-07-26,coal,94.39,per_ton,WorldBank_synthetic
2019-07-26,iron_ore,40.51,per_ton,WorldBank_synthetic
2019-07-27,coal,94.38,per_ton,WorldBank_synthetic
2019-07-27,iron_ore,48.57,per_ton,WorldBank_synthetic
2019-07-28,coal,89.21,per_ton,WorldBank_synthetic
2019-07-28,iron_ore,43.69,per_ton,WorldBank_synthetic
2019-07-29,coal,88.39,per_ton,WorldBank_synthetic
2019-07-29,iron_ore,51.42,per_ton,WorldBank_synthetic
2019-07-30,coal,82.36,per_ton,WorldBank_synthetic
2019-07-30,iron_ore,40,per_ton,WorldBank_synthetic
2019-07-31,coal,86.45,per_ton,WorldBank_synthetic
2019-07-31,iron_ore,51.96,per_ton,WorldBank_synthetic
2019-08-01,coal,85.93,per_ton,WorldBank_synthetic
2019-08-01,iron_ore,57.1,per_ton,WorldBank_synthetic
2019-08-02,coal,93.52,per_ton,WorldBank_synthetic
2019-08-02,iron_ore,57.14,per_ton,WorldBank_synthetic
2019-08-03,coal,93.91,per_ton,WorldBank_synthetic
2019-08-03,iron_ore,47.81,per_ton,WorldBank_synthetic
2019-08-04,coal,89.09,per_ton,WorldBank_synthetic
2019-08-04,iron_ore,40.04,per_ton,WorldBank_synthetic
2019-08-05,coal,72.45,per_ton,WorldBank_synthetic
2019-08-05,iron_ore,48.54,per_ton,WorldBank_synthetic
2019-08-06,coal,81.63,per_ton,WorldBank_synthetic
2019-08-06,iron_ore,43.49,per_ton,WorldBank_synthetic
2019-08-07,coal,72.69,per_ton,WorldBank_synthetic
2019-08-07,iron_ore,52.08,per_ton,WorldBank_synthetic
2019-08-08,coal,83.73,per_ton,WorldBank_synthetic
2019-08-08,iron_ore,40,per_ton,WorldBank_synthetic
2019-08-09,coal,78.59,per_ton,WorldBank_synthetic
2019-08-09,iron_ore,40,per_ton,WorldBank_synthetic
2019-08-10,coal,79.76,per_ton,WorldBank_synthetic
2019-08-10,iron_ore,40,per_ton,WorldBank_synthetic
2019-08-11,coal,76.56,per_ton,WorldBank_synthetic
2019-08-11,iron_ore,42.48,per_ton,WorldBank_synthetic
2019-08-12,coal,81.57,per_ton,WorldBank_synthetic
2019-08-12,iron_ore,50.86,per_ton,WorldBank_synthetic
2019-08-13,coal,74.14,per_ton,WorldBank_synthetic
2019-08-13,iron_ore,40.24,per_ton,WorldBank_synthetic
2019-08-14,coal,78.09,per_ton,WorldBank_synthetic
2019-08-14,iron_ore,46.37,per_ton,WorldBank_synthetic
2019-08-15,coal,81.93,per_ton,WorldBank_synthetic
2019-08-15,iron_ore,50.27,per_ton,WorldBank_synthetic
2019-08-16,coal,91.03,per_ton,WorldBank_synthetic
2019-08-16,iron_ore,43.32,per_ton,WorldBank_synthetic
2019-08-17,coal,84.14,per_ton,WorldBank_synthetic
2019-08-17,iron_ore,40,per_ton,WorldBank_synthetic
2019-08-18,coal,80.51,per_ton,WorldBank_synthetic
2019-08-18,iron_ore,43.2,per_ton,WorldBank_synthetic
2019-08-19,coal,91.5,per_ton,WorldBank_synthetic
2019-08-19,iron_ore,40,per_ton,WorldBank_synthetic
2019-08-20,coal,79.8,per_ton,WorldBank_synthetic
2019-08-20,iron_ore,42.86,per_ton,WorldBank_synthetic
2019-08-21,coal,76.36,per_ton,WorldBank_synthetic
2019-08-21,iron_ore,45.39,per_ton,WorldBank_synthetic
2019-08-22,coal,79.88,per_ton,WorldBank_synthetic
2019-08-22,iron_ore,43.39,per_ton,WorldBank_synthetic
2019-08-23,coal,75.87,per_ton,WorldBank_synthetic
2019-08-23,iron_ore,48.17,per_ton,WorldBank_synthetic
2019-08-24,coal,74.5,per_ton,WorldBank_synthetic
2019-08-24,iron_ore,40,per_ton,WorldBank_synthetic
2019-08-25,coal,83.07,per_ton,WorldBank_synthetic
2019-08-25,iron_ore,53.23,per_ton,WorldBank_synthetic
2019-08-26,coal,74.77,per_ton,WorldBank_synthetic
2019-08-26,iron_ore,46.91,per_ton,WorldBank_synthetic
2019-08-27,coal,77.78,per_ton,WorldBank_synthetic
2019-08-27,iron_ore,50.16,per_ton,WorldBank_synthetic
2019-08-28,coal,78.46,per_ton,WorldBank_synthetic
2019-08-28,iron_ore,55.27,per_ton,WorldBank_synthetic
2019-08-29,coal,85.26,per_ton,WorldBank_synthetic
2019-08-29,iron_ore,40,per_ton,WorldBank_synthetic
2019-08-30,coal,75.67,per_ton,WorldBank_synthetic
2019-08-30,iron_ore,40,per_ton,WorldBank_synthetic
2019-08-31,coal,76.6,per_ton,WorldBank_synthetic
2019-08-31,iron_ore,40,per_ton,WorldBank_synthetic
2019-09-01,coal,68.35,per_ton,WorldBank_synthetic
2019-09-01,iron_ore,49.45,per_ton,WorldBank_synthetic
2019-09-02,coal,78.14,per_ton,WorldBank_synthetic
2019-09-02,iron_ore,47.23,per_ton,WorldBank_synthetic
2019-09-03,coal,71.63,per_ton,WorldBank_synthetic
2019-09-03,iron_ore,40,per_ton,WorldBank_synthetic
2019-09-04,coal,74.9,per_ton,WorldBank_synthetic
2019-09-04,iron_ore,52.1,per_ton,WorldBank_synthetic
2019-09-05,coal,75.98,per_ton,WorldBank_synthetic
2019-09-05,iron_ore,42.43,per_ton,WorldBank_synthetic
2019-09-06,coal,81.22,per_ton,WorldBank_synthetic
2019-09-06,iron_ore,43.93,per_ton,WorldBank_synthetic
2019-09-07,coal,75.97,per_ton,WorldBank_synthetic
2019-09-07,iron_ore,44.25,per_ton,WorldBank_synthetic
2019-09-08,coal,73.85,per_ton,WorldBank_synthetic
2019-09-08,iron_ore,53.35,per_ton,WorldBank_synthetic
2019-09-09,coal,74.03,per_ton,WorldBank_synthetic
2019-09-09,iron_ore,40,per_ton,WorldBank_synthetic
2019-09-10,coal,77.71,per_ton,WorldBank_synthetic
2019-09-10,iron_ore,48.23,per_ton,WorldBank_synthetic
2019-09-11,coal,71.69,per_ton,WorldBank_synthetic
2019-09-11,iron_ore,46.4,per_ton,WorldBank_synthetic
2019-09-12,coal,79.19,per_ton,WorldBank_synthetic
2019-09-12,iron_ore,40,per_ton,WorldBank_synthetic
2019-09-13,coal,64.95,per_ton,WorldBank_synthetic
2019-09-13,iron_ore,43.73,per_ton,WorldBank_synthetic
2019-09-14,coal,68.69,per_ton,WorldBank_synthetic
2019-09-14,iron_ore,53.99,per_ton,WorldBank_synthetic
2019-09-15,coal,74.73,per_ton,WorldBank_synthetic
2019-09-15,iron_ore,40,per_ton,WorldBank_synthetic
2019-09-16,coal,73.2,per_ton,WorldBank_synthetic
2019-09-16,iron_ore,40,per_ton,WorldBank_synthetic
2019-09-17,coal,69.46,per_ton,WorldBank_synthetic
2019-09-17,iron_ore,41.4,per_ton,WorldBank_synthetic
2019-09-18,coal,77.47,per_ton,WorldBank_synthetic
2019-09-18,iron_ore,40,per_ton,WorldBank_synthetic
2019-09-19,coal,73.45,per_ton,WorldBank_synthetic
2019-09-19,iron_ore,40,per_ton,WorldBank_synthetic
2019-09-20,coal,72.47,per_ton,WorldBank_synthetic
2019-09-20,iron_ore,40,per_ton,WorldBank_synthetic
2019-09-21,coal,72.56,per_ton,WorldBank_synthetic
2019-09-21,iron_ore,40,per_ton,WorldBank_synthetic
2019-09-22,coal,71.54,per_ton,WorldBank_synthetic
2019-09-22,iron_ore,40,per_ton,WorldBank_synthetic
2019-09-23,coal,63.13,per_ton,WorldBank_synthetic
2019-09-23,iron_ore,43.75,per_ton,WorldBank_synthetic
2019-09-24,coal,57.21,per_ton,WorldBank_synthetic
2019-09-24,iron_ore,40,per_ton,WorldBank_synthetic
2019-09-25,coal,63.64,per_ton,WorldBank_synthetic
2019-09-25,iron_ore,42.49,per_ton,WorldBank_synthetic
2019-09-26,coal,69.24,per_ton,WorldBank_synthetic
2019-09-26,iron_ore,47.0,per_ton,WorldBank_synthetic
2019-09-27,coal,69.73,per_ton,WorldBank_synthetic
2019-09-27,iron_ore,40,per_ton,WorldBank_synthetic
2019-09-28,coal,76.18,per_ton,WorldBank_synthetic
2019-09-28,iron_ore,40,per_ton,WorldBank_synthetic
2019-09-29,coal,70.27,per_ton,WorldBank_synthetic
2019-09-29,iron_ore,51.97,per_ton,WorldBank_synthetic
2019-09-30,coal,73.57,per_ton,WorldBank_synthetic
2019-09-30,iron_ore,56.47,per_ton,WorldBank_synthetic
2019-10-01,coal,72.41,per_ton,WorldBank_synthetic
2019-10-01,iron_ore,40,per_ton,WorldBank_synthetic
2019-10-02,coal,75.34,per_ton,WorldBank_synthetic
2019-10-02,iron_ore,48.08,per_ton,WorldBank_synthetic
2019-10-03,coal,68.46,per_ton,WorldBank_synthetic
2019-10-03,iron_ore,45.08,per_ton,WorldBank_synthetic
2019-10-04,coal,69.28,per_ton,WorldBank_synthetic
2019-10-04,iron_ore,44.81,per_ton,WorldBank_synthetic
2019-10-05,coal,69.72,per_ton,WorldBank_synthetic
2019-10-05,iron_ore,40,per_ton,WorldBank_synthetic
2019-10-06,coal,77.88,per_ton,WorldBank_synthetic
2019-10-06,iron_ore,44.61,per_ton,WorldBank_synthetic
2019-10-07,coal,62.66,per_ton,WorldBank_synthetic
2019-10-07,iron_ore,42.71,per_ton,WorldBank_synthetic
2019-10-08,coal,67.7,per_ton,WorldBank_synthetic
2019-10-08,iron_ore,43.63,per_ton,WorldBank_synthetic
2019-10-09,coal,70.28,per_ton,WorldBank_synthetic
2019-10-09,iron_ore,44.14,per_ton,WorldBank_synthetic
2019-10-10,coal,60.49,per_ton,WorldBank_synthetic
2019-10-10,iron_ore,40,per_ton,WorldBank_synthetic
2019-10-11,coal,75.88,per_ton,WorldBank_synthetic
2019-10-11,iron_ore,41.18,per_ton,WorldBank_synthetic
2019-10-12,coal,75.47,per_ton,WorldBank_synthetic
2019-10-12,iron_ore,45.72,per_ton,WorldBank_synthetic
2019-10-13,coal,66.02,per_ton,WorldBank_synthetic
2019-10-13,iron_ore,40,per_ton,WorldBank_synthetic
2019-10-14,coal,71.16,per_ton,WorldBank_synthetic
2019-10-14,iron_ore,45.85,per_ton,WorldBank_synthetic
2019-10-15,coal,77.27,per_ton,WorldBank_synthetic
2019-10-15,iron_ore,40.2,per_ton,WorldBank_synthetic
2019-10-16,coal,68.82,per_ton,WorldBank_synthetic
2019-10-16,iron_ore,40,per_ton,WorldBank_synthetic
2019-10-17,coal,65.34,per_ton,WorldBank_synthetic
2019-10-17,iron_ore,44.04,per_ton,WorldBank_synthetic
2019-10-18,coal,66.55,per_ton,WorldBank_synthetic
2019-10-18,iron_ore,40,per_ton,WorldBank_synthetic
2019-10-19,coal,75.33,per_ton,WorldBank_synthetic
2019-10-19,iron_ore,55.15,per_ton,WorldBank_synthetic
2019-10-20,coal,62.84,per_ton,WorldBank_synthetic
2019-10-20,iron_ore,43.26,per_ton,WorldBank_synthetic
2019-10-21,coal,65.99,per_ton,WorldBank_synthetic
2019-10-21,iron_ore,54.49,per_ton,WorldBank_synthetic
2019-10-22,coal,69.27,per_ton,WorldBank_synthetic
2019-10-22,iron_ore,47.54,per_ton,WorldBank_synthetic
2019-10-23,coal,63.36,per_ton,WorldBank_synthetic
2019-10-23,iron_ore,53.53,per_ton,WorldBank_synthetic
2019-10-24,coal,66.5,per_ton,WorldBank_synthetic
2019-10-24,iron_ore,57.97,per_ton,WorldBank_synthetic
2019-10-25,coal,73.43,per_ton,WorldBank_synthetic
2019-10-25,iron_ore,40,per_ton,WorldBank_synthetic
2019-10-26,coal,70.57,per_ton,WorldBank_synthetic
2019-10-26,iron_ore,45.34,per_ton,WorldBank_synthetic
2019-10-27,coal,66.81,per_ton,WorldBank_synthetic
2019-10-27,iron_ore,49.56,per_ton,WorldBank_synthetic
2019-10-28,coal,67.76,per_ton,WorldBank_synthetic
2019-10-28,iron_ore,43.96,per_ton,WorldBank_synthetic
2019-10-29,coal,64.72,per_ton,WorldBank_synthetic
2019-10-29,iron_ore,40,per_ton,WorldBank_synthetic
2019-10-30,coal,68.25,per_ton,WorldBank_synthetic
2019-10-30,iron_ore,45.53,per_ton,WorldBank_synthetic
2019-10-31,coal,73.24,per_ton,WorldBank_synthetic
2019-10-31,iron_ore,40,per_ton,WorldBank_synthetic
2019-11-01,coal,68.42,per_ton,WorldBank_synthetic
2019-11-01,iron_ore,57.23,per_ton,WorldBank_synthetic
2019-11-02,coal,64.47,per_ton,WorldBank_synthetic
2019-11-02,iron_ore,40,per_ton,WorldBank_synthetic
2019-11-03,coal,63.23,per_ton,WorldBank_synthetic
2019-11-03,iron_ore,51.21,per_ton,WorldBank_synthetic
2019-11-04,coal,61.55,per_ton,WorldBank_synthetic
2019-11-04,iron_ore,45.24,per_ton,WorldBank_synthetic
2019-11-05,coal,64.55,per_ton,WorldBank_synthetic
2019-11-05,iron_ore,40.69,per_ton,WorldBank_synthetic
2019-11-06,coal,66.38,per_ton,WorldBank_synthetic
2019-11-06,iron_ore,42.51,per_ton,WorldBank_synthetic
2019-11-07,coal,66.1,per_ton,WorldBank_synthetic
2019-11-07,iron_ore,45.29,per_ton,WorldBank_synthetic
2019-11-08,coal,69.31,per_ton,WorldBank_synthetic
2019-11-08,iron_ore,42.31,per_ton,WorldBank_synthetic
2019-11-09,coal,70.35,per_ton,WorldBank_synthetic
2019-11-09,iron_ore,42.33,per_ton,WorldBank_synthetic
2019-11-10,coal,65.77,per_ton,WorldBank_synthetic
2019-11-10,iron_ore,46.73,per_ton,WorldBank_synthetic
2019-11-11,coal,59.5,per_ton,WorldBank_synthetic
2019-11-11,iron_ore,40.06,per_ton,WorldBank_synthetic
2019-11-12,coal,64.78,per_ton,WorldBank_synthetic
2019-11-12,iron_ore,40,per_ton,WorldBank_synthetic
2019-11-13,coal,67.01,per_ton,WorldBank_synthetic
2019-11-13,iron_ore,41.24,per_ton,WorldBank_synthetic
2019-11-14,coal,63.67,per_ton,WorldBank_synthetic
2019-11-14,iron_ore,55.48,per_ton,WorldBank_synthetic
2019-11-15,coal,78.69,per_ton,WorldBank_synthetic
2019-11-15,iron_ore,55.55,per_ton,WorldBank_synthetic
2019-11-16,coal,69.83,per_ton,WorldBank_synthetic
2019-11-16,iron_ore,56.84,per_ton,WorldBank_synthetic
2019-11-17,coal,69.98,per_ton,WorldBank_synthetic
2019-11-17,iron_ore,46.02,per_ton,WorldBank_synthetic
2019-11-18,coal,69.03,per_ton,WorldBank_synthetic
2019-11-18,iron_ore,45.68,per_ton,WorldBank_synthetic
2019-11-19,coal,57.52,per_ton,WorldBank_synthetic
2019-11-19,iron_ore,41.9,per_ton,WorldBank_synthetic
2019-11-20,coal,64.48,per_ton,WorldBank_synthetic
2019-11-20,iron_ore,52.77,per_ton,WorldBank_synthetic
2019-11-21,coal,66.29,per_ton,WorldBank_synthetic
2019-11-21,iron_ore,40,per_ton,WorldBank_synthetic
2019-11-22,coal,68.64,per_ton,WorldBank_synthetic
2019-11-22,iron_ore,51.74,per_ton,WorldBank_synthetic
2019-11-23,coal,72.72,per_ton,WorldBank_synthetic
2019-11-23,iron_ore,52.64,per_ton,WorldBank_synthetic
2019-11-24,coal,80.91,per_ton,WorldBank_synthetic
2019-11-24,iron_ore,43.07,per_ton,WorldBank_synthetic
2019-11-25,coal,75.64,per_ton,WorldBank_synthetic
2019-11-25,iron_ore,57.66,per_ton,WorldBank_synthetic
2019-11-26,coal,65.97,per_ton,WorldBank_synthetic
2019-11-26,iron_ore,49.55,per_ton,WorldBank_synthetic
2019-11-27,coal,65.52,per_ton,WorldBank_synthetic
2019-11-27,iron_ore,49.88,per_ton,WorldBank_synthetic
2019-11-28,coal,67.13,per_ton,WorldBank_synthetic
2019-11-28,iron_ore,47.6,per_ton,WorldBank_synthetic
2019-11-29,coal,69.43,per_ton,WorldBank_synthetic
2019-11-29,iron_ore,43.17,per_ton,WorldBank_synthetic
2019-11-30,coal,75.19,per_ton,WorldBank_synthetic
2019-11-30,iron_ore,58.79,per_ton,WorldBank_synthetic
2019-12-01,coal,66.2,per_ton,WorldBank_synthetic
2019-12-01,iron_ore,58.97,per_ton,WorldBank_synthetic
2019-12-02,coal,64.53,per_ton,WorldBank_synthetic
2019-12-02,iron_ore,40,per_ton,WorldBank_synthetic
2019-12-03,coal,71.48,per_ton,WorldBank_synthetic
2019-12-03,iron_ore,57.05,per_ton,WorldBank_synthetic
2019-12-04,coal,66.33,per_ton,WorldBank_synthetic
2019-12-04,iron_ore,57.2,per_ton,WorldBank_synthetic
2019-12-05,coal,79.96,per_ton,WorldBank_synthetic
2019-12-05,iron_ore,77.41,per_ton,WorldBank_synthetic
2019-12-06,coal,65.91,per_ton,WorldBank_synthetic
2019-12-06,iron_ore,56.24,per_ton,WorldBank_synthetic
2019-12-07,coal,64.27,per_ton,WorldBank_synthetic
2019-12-07,iron_ore,76.6,per_ton,WorldBank_synthetic
2019-12-08,coal,68.36,per_ton,WorldBank_synthetic
2019-12-08,iron_ore,61.15,per_ton,WorldBank_synthetic
2019-12-09,coal,71.15,per_ton,WorldBank_synthetic
2019-12-09,iron_ore,46.14,per_ton,WorldBank_synthetic
2019-12-10,coal,69.78,per_ton,WorldBank_synthetic
2019-12-10,iron_ore,44.1,per_ton,WorldBank_synthetic
2019-12-11,coal,67.75,per_ton,WorldBank_synthetic
2019-12-11,iron_ore,53.12,per_ton,WorldBank_synthetic
2019-12-12,coal,72.21,per_ton,WorldBank_synthetic
2019-12-12,iron_ore,40,per_ton,WorldBank_synthetic
2019-12-13,coal,70.9,per_ton,WorldBank_synthetic
2019-12-13,iron_ore,76.36,per_ton,WorldBank_synthetic
2019-12-14,coal,66.62,per_ton,WorldBank_synthetic
2019-12-14,iron_ore,58.88,per_ton,WorldBank_synthetic
2019-12-15,coal,69.41,per_ton,WorldBank_synthetic
2019-12-15,iron_ore,40,per_ton,WorldBank_synthetic
2019-12-16,coal,66.7,per_ton,WorldBank_synthetic
2019-12-16,iron_ore,51.49,per_ton,WorldBank_synthetic
2019-12-17,coal,76.06,per_ton,WorldBank_synthetic
2019-12-17,iron_ore,57.02,per_ton,WorldBank_synthetic
2019-12-18,coal,70.88,per_ton,WorldBank_synthetic
2019-12-18,iron_ore,63.04,per_ton,WorldBank_synthetic
2019-12-19,coal,72.78,per_ton,WorldBank_synthetic
2019-12-19,iron_ore,56.68,per_ton,WorldBank_synthetic
2019-12-20,coal,75.63,per_ton,WorldBank_synthetic
2019-12-20,iron_ore,47.34,per_ton,WorldBank_synthetic
2019-12-21,coal,71.42,per_ton,WorldBank_synthetic
2019-12-21,iron_ore,68.73,per_ton,WorldBank_synthetic
2019-12-22,coal,61.91,per_ton,WorldBank_synthetic
2019-12-22,iron_ore,52.74,per_ton,WorldBank_synthetic
2019-12-23,coal,73.55,per_ton,WorldBank_synthetic
2019-12-23,iron_ore,61.25,per_ton,WorldBank_synthetic
2019-12-24,coal,71.25,per_ton,WorldBank_synthetic
2019-12-24,iron_ore,63.22,per_ton,WorldBank_synthetic
2019-12-25,coal,68.66,per_ton,WorldBank_synthetic
2019-12-25,iron_ore,67.98,per_ton,WorldBank_synthetic
2019-12-26,coal,74.23,per_ton,WorldBank_synthetic
2019-12-26,iron_ore,75.02,per_ton,WorldBank_synthetic
2019-12-27,coal,77.66,per_ton,WorldBank_synthetic
2019-12-27,iron_ore,65.28,per_ton,WorldBank_synthetic
2019-12-28,coal,80.68,per_ton,WorldBank_synthetic
2019-12-28,iron_ore,54.81,per_ton,WorldBank_synthetic
2019-12-29,coal,72.3,per_ton,WorldBank_synthetic
2019-12-29,iron_ore,47.6,per_ton,WorldBank_synthetic
2019-12-30,coal,78.29,per_ton,WorldBank_synthetic
2019-12-30,iron_ore,75.2,per_ton,WorldBank_synthetic
2019-12-31,coal,71.68,per_ton,WorldBank_synthetic
2019-12-31,iron_ore,52.6,per_ton,WorldBank_synthetic
2020-01-01,coal,79.9,per_ton,WorldBank_synthetic
2020-01-01,iron_ore,56.81,per_ton,WorldBank_synthetic
2020-01-02,coal,71.93,per_ton,WorldBank_synthetic
2020-01-02,iron_ore,75.4,per_ton,WorldBank_synthetic
2020-01-03,coal,72.83,per_ton,WorldBank_synthetic
2020-01-03,iron_ore,61.97,per_ton,WorldBank_synthetic
2020-01-04,coal,82.86,per_ton,WorldBank_synthetic
2020-01-04,iron_ore,68.56,per_ton,WorldBank_synthetic
2020-01-05,coal,69.65,per_ton,WorldBank_synthetic
2020-01-05,iron_ore,76.25,per_ton,WorldBank_synthetic
2020-01-06,coal,66.44,per_ton,WorldBank_synthetic
2020-01-06,iron_ore,72.65,per_ton,WorldBank_synthetic
2020-01-07,coal,77.77,per_ton,WorldBank_synthetic
2020-01-07,iron_ore,60.78,per_ton,WorldBank_synthetic
2020-01-08,coal,71.6,per_ton,WorldBank_synthetic
2020-01-08,iron_ore,56.45,per_ton,WorldBank_synthetic
2020-01-09,coal,84.32,per_ton,WorldBank_synthetic
2020-01-09,iron_ore,66.72,per_ton,WorldBank_synthetic
2020-01-10,coal,72.7,per_ton,WorldBank_synthetic
2020-01-10,iron_ore,70.7,per_ton,WorldBank_synthetic
2020-01-11,coal,82.05,per_ton,WorldBank_synthetic
2020-01-11,iron_ore,69.04,per_ton,WorldBank_synthetic
2020-01-12,coal,79.69,per_ton,WorldBank_synthetic
2020-01-12,iron_ore,74.5,per_ton,WorldBank_synthetic
2020-01-13,coal,76.67,per_ton,WorldBank_synthetic
2020-01-13,iron_ore,69.79,per_ton,WorldBank_synthetic
2020-01-14,coal,75.98,per_ton,WorldBank_synthetic
2020-01-14,iron_ore,59.7,per_ton,WorldBank_synthetic
2020-01-15,coal,70.39,per_ton,WorldBank_synthetic
2020-01-15,iron_ore,71.63,per_ton,WorldBank_synthetic
2020-01-16,coal,73.36,per_ton,WorldBank_synthetic
2020-01-16,iron_ore,68.24,per_ton,WorldBank_synthetic
2020-01-17,coal,75.84,per_ton,WorldBank_synthetic
2020-01-17,iron_ore,76.55,per_ton,WorldBank_synthetic
2020-01-18,coal,78.66,per_ton,WorldBank_synthetic
2020-01-18,iron_ore,71.63,per_ton,WorldBank_synthetic
2020-01-19,coal,76.0,per_ton,WorldBank_synthetic
2020-01-19,iron_ore,68.46,per_ton,WorldBank_synthetic
2020-01-20,coal,75.9,per_ton,WorldBank_synthetic
2020-01-20,iron_ore,71.94,per_ton,WorldBank_synthetic
2020-01-21,coal,69.16,per_ton,WorldBank_synthetic
2020-01-21,iron_ore,70.17,per_ton,WorldBank_synthetic
2020-01-22,coal,79.79,per_ton,WorldBank_synthetic
2020-01-22,iron_ore,73.86,per_ton,WorldBank_synthetic
2020-01-23,coal,72.73,per_ton,WorldBank_synthetic
2020-01-23,iron_ore,67.73,per_ton,WorldBank_synthetic
2020-01-24,coal,76.39,per_ton,WorldBank_synthetic
2020-01-24,iron_ore,67.17,per_ton,WorldBank_synthetic
2020-01-25,coal,72.38,per_ton,WorldBank_synthetic
2020-01-25,iron_ore,63.18,per_ton,WorldBank_synthetic
2020-01-26,coal,78.68,per_ton,WorldBank_synthetic
2020-01-26,iron_ore,75.34,per_ton,WorldBank_synthetic
2020-01-27,coal,79.54,per_ton,WorldBank_synthetic
2020-01-27,iron_ore,65.67,per_ton,WorldBank_synthetic
2020-01-28,coal,80.89,per_ton,WorldBank_synthetic
2020-01-28,iron_ore,71.44,per_ton,WorldBank_synthetic
2020-01-29,coal,76.66,per_ton,WorldBank_synthetic
2020-01-29,iron_ore,66.01,per_ton,WorldBank_synthetic
2020-01-30,coal,76.75,per_ton,WorldBank_synthetic
2020-01-30,iron_ore,79.53,per_ton,WorldBank_synthetic
2020-01-31,coal,78.54,per_ton,WorldBank_synthetic
2020-01-31,iron_ore,73.19,per_ton,WorldBank_synthetic
2020-02-01,coal,74.62,per_ton,WorldBank_synthetic
2020-02-01,iron_ore,96.88,per_ton,WorldBank_synthetic
2020-02-02,coal,68.46,per_ton,WorldBank_synthetic
2020-02-02,iron_ore,58.72,per_ton,WorldBank_synthetic
2020-02-03,coal,77.32,per_ton,WorldBank_synthetic
2020-02-03,iron_ore,76.92,per_ton,WorldBank_synthetic
2020-02-04,coal,88.97,per_ton,WorldBank_synthetic
2020-02-04,iron_ore,79.81,per_ton,WorldBank_synthetic
2020-02-05,coal,81.77,per_ton,WorldBank_synthetic
2020-02-05,iron_ore,83.44,per_ton,WorldBank_synthetic
2020-02-06,coal,80.89,per_ton,WorldBank_synthetic
2020-02-06,iron_ore,60.82,per_ton,WorldBank_synthetic
2020-02-07,coal,81.84,per_ton,WorldBank_synthetic
2020-02-07,iron_ore,78.58,per_ton,WorldBank_synthetic
2020-02-08,coal,91.57,per_ton,WorldBank_synthetic
2020-02-08,iron_ore,71.45,per_ton,WorldBank_synthetic
2020-02-09,coal,87.16,per_ton,WorldBank_synthetic
2020-02-09,iron_ore,66.72,per_ton,WorldBank_synthetic
2020-02-10,coal,88.68,per_ton,WorldBank_synthetic
2020-02-10,iron_ore,79.03,per_ton,WorldBank_synthetic
2020-02-11,coal,85.35,per_ton,WorldBank_synthetic
2020-02-11,iron_ore,83.98,per_ton,WorldBank_synthetic
2020-02-12,coal,84.7,per_ton,WorldBank_synthetic
2020-02-12,iron_ore,79.5,per_ton,WorldBank_synthetic
2020-02-13,coal,78.17,per_ton,WorldBank_synthetic
2020-02-13,iron_ore,77.82,per_ton,WorldBank_synthetic
2020-02-14,coal,77.76,per_ton,WorldBank_synthetic
2020-02-14,iron_ore,78.56,per_ton,WorldBank_synthetic
2020-02-15,coal,73.68,per_ton,WorldBank_synthetic
2020-02-15,iron_ore,81.21,per_ton,WorldBank_synthetic
2020-02-16,coal,86.75,per_ton,WorldBank_synthetic
2020-02-16,iron_ore,89.82,per_ton,WorldBank_synthetic
2020-02-17,coal,88.56,per_ton,WorldBank_synthetic
2020-02-17,iron_ore,81.79,per_ton,WorldBank_synthetic
2020-02-18,coal,81.35,per_ton,WorldBank_synthetic
2020-02-18,iron_ore,78.89,per_ton,WorldBank_synthetic
2020-02-19,coal,84.21,per_ton,WorldBank_synthetic
2020-02-19,iron_ore,87.04,per_ton,WorldBank_synthetic
2020-02-20,coal,84.07,per_ton,WorldBank_synthetic
2020-02-20,iron_ore,70.9,per_ton,WorldBank_synthetic
2020-02-21,coal,89.39,per_ton,WorldBank_synthetic
2020-02-21,iron_ore,85.84,per_ton,WorldBank_synthetic
2020-02-22,coal,87.58,per_ton,WorldBank_synthetic
2020-02-22,iron_ore,82.8,per_ton,WorldBank_synthetic
2020-02-23,coal,81.44,per_ton,WorldBank_synthetic
2020-02-23,iron_ore,98.24,per_ton,WorldBank_synthetic
2020-02-24,coal,77.51,per_ton,WorldBank_synthetic
2020-02-24,iron_ore,69.59,per_ton,WorldBank_synthetic
2020-02-25,coal,92.95,per_ton,WorldBank_synthetic
2020-02-25,iron_ore,85.38,per_ton,WorldBank_synthetic
2020-02-26,coal,80.94,per_ton,WorldBank_synthetic
2020-02-26,iron_ore,79.13,per_ton,WorldBank_synthetic
2020-02-27,coal,73.16,per_ton,WorldBank_synthetic
2020-02-27,iron_ore,99.1,per_ton,WorldBank_synthetic
2020-02-28,coal,86.82,per_ton,WorldBank_synthetic
2020-02-28,iron_ore,88.59,per_ton,WorldBank_synthetic
2020-02-29,coal,87.52,per_ton,WorldBank_synthetic
2020-02-29,iron_ore,77.54,per_ton,WorldBank_synthetic
2020-03-01,coal,55.78,per_ton,WorldBank_synthetic
2020-03-01,iron_ore,73.89,per_ton,WorldBank_synthetic
2020-03-02,coal,42.56,per_ton,WorldBank_synthetic
2020-03-02,iron_ore,70.32,per_ton,WorldBank_synthetic
2020-03-03,coal,57.42,per_ton,WorldBank_synthetic
2020-03-03,iron_ore,66.7,per_ton,WorldBank_synthetic
2020-03-04,coal,49.35,per_ton,WorldBank_synthetic
2020-03-04,iron_ore,64.9,per_ton,WorldBank_synthetic
2020-03-05,coal,51.57,per_ton,WorldBank_synthetic
2020-03-05,iron_ore,69.47,per_ton,WorldBank_synthetic
2020-03-06,coal,51.28,per_ton,WorldBank_synthetic
2020-03-06,iron_ore,73.02,per_ton,WorldBank_synthetic
2020-03-07,coal,51.43,per_ton,WorldBank_synthetic
2020-03-07,iron_ore,63.08,per_ton,WorldBank_synthetic
2020-03-08,coal,59.95,per_ton,WorldBank_synthetic
2020-03-08,iron_ore,66.28,per_ton,WorldBank_synthetic
2020-03-09,coal,56.84,per_ton,WorldBank_synthetic
2020-03-09,iron_ore,57.52,per_ton,WorldBank_synthetic
2020-03-10,coal,61.86,per_ton,WorldBank_synthetic
2020-03-10,iron_ore,56.61,per_ton,WorldBank_synthetic
2020-03-11,coal,54.81,per_ton,WorldBank_synthetic
2020-03-11,iron_ore,66.75,per_ton,WorldBank_synthetic
2020-03-12,coal,50.57,per_ton,WorldBank_synthetic
2020-03-12,iron_ore,66.68,per_ton,WorldBank_synthetic
2020-03-13,coal,60.62,per_ton,WorldBank_synthetic
2020-03-13,iron_ore,83.11,per_ton,WorldBank_synthetic
2020-03-14,coal,53.32,per_ton,WorldBank_synthetic
2020-03-14,iron_ore,66.65,per_ton,WorldBank_synthetic
2020-03-15,coal,45.17,per_ton,WorldBank_synthetic
2020-03-15,iron_ore,83.55,per_ton,WorldBank_synthetic
2020-03-16,coal,49.29,per_ton,WorldBank_synthetic
2020-03-16,iron_ore,62.86,per_ton,WorldBank_synthetic
2020-03-17,coal,55.19,per_ton,WorldBank_synthetic
2020-03-17,iron_ore,76.32,per_ton,WorldBank_synthetic
2020-03-18,coal,62.33,per_ton,WorldBank_synthetic
2020-03-18,iron_ore,88.16,per_ton,WorldBank_synthetic
2020-03-19,coal,58.52,per_ton,WorldBank_synthetic
2020-03-19,iron_ore,67.23,per_ton,WorldBank_synthetic
2020-03-20,coal,51.51,per_ton,WorldBank_synthetic
2020-03-20,iron_ore,69.94,per_ton,WorldBank_synthetic
2020-03-21,coal,58.85,per_ton,WorldBank_synthetic
2020-03-21,iron_ore,79.31,per_ton,WorldBank_synthetic
2020-03-22,coal,57.95,per_ton,WorldBank_synthetic
2020-03-22,iron_ore,56.81,per_ton,WorldBank_synthetic
2020-03-23,coal,52.06,per_ton,WorldBank_synthetic
2020-03-23,iron_ore,83.92,per_ton,WorldBank_synthetic
2020-03-24,coal,52.25,per_ton,WorldBank_synthetic
2020-03-24,iron_ore,71.92,per_ton,WorldBank_synthetic
2020-03-25,coal,68.57,per_ton,WorldBank_synthetic
2020-03-25,iron_ore,72.26,per_ton,WorldBank_synthetic
2020-03-26,coal,62.08,per_ton,WorldBank_synthetic
2020-03-26,iron_ore,87.85,per_ton,WorldBank_synthetic
2020-03-27,coal,58.76,per_ton,WorldBank_synthetic
2020-03-27,iron_ore,69.94,per_ton,WorldBank_synthetic
2020-03-28,coal,43.59,per_ton,WorldBank_synthetic
2020-03-28,iron_ore,66.84,per_ton,WorldBank_synthetic
2020-03-29,coal,58.21,per_ton,WorldBank_synthetic
2020-03-29,iron_ore,78.72,per_ton,WorldBank_synthetic
2020-03-30,coal,60.86,per_ton,WorldBank_synthetic
2020-03-30,iron_ore,65.42,per_ton,WorldBank_synthetic
2020-03-31,coal,56.0,per_ton,WorldBank_synthetic
2020-03-31,iron_ore,58.14,per_ton,WorldBank_synthetic
2020-04-01,coal,50.58,per_ton,WorldBank_synthetic
2020-04-01,iron_ore,79.05,per_ton,WorldBank_synthetic
2020-04-02,coal,44.08,per_ton,WorldBank_synthetic
2020-04-02,iron_ore,81.62,per_ton,WorldBank_synthetic
2020-04-03,coal,64.14,per_ton,WorldBank_synthetic
2020-04-03,iron_ore,63.86,per_ton,WorldBank_synthetic
2020-04-04,coal,53.68,per_ton,WorldBank_synthetic
2020-04-04,iron_ore,89.36,per_ton,WorldBank_synthetic
2020-04-05,coal,57.46,per_ton,WorldBank_synthetic
2020-04-05,iron_ore,79.05,per_ton,WorldBank_synthetic
2020-04-06,coal,55.48,per_ton,WorldBank_synthetic
2020-04-06,iron_ore,65.16,per_ton,WorldBank_synthetic
2020-04-07,coal,54.23,per_ton,WorldBank_synthetic
2020-04-07,iron_ore,86.68,per_ton,WorldBank_synthetic
2020-04-08,coal,55.32,per_ton,WorldBank_synthetic
2020-04-08,iron_ore,82.41,per_ton,WorldBank_synthetic
2020-04-09,coal,53.05,per_ton,WorldBank_synthetic
2020-04-09,iron_ore,69.92,per_ton,WorldBank_synthetic
2020-04-10,coal,52.67,per_ton,WorldBank_synthetic
2020-04-10,iron_ore,68.71,per_ton,WorldBank_synthetic
2020-04-11,coal,47.98,per_ton,WorldBank_synthetic
2020-04-11,iron_ore,77.22,per_ton,WorldBank_synthetic
2020-04-12,coal,53.61,per_ton,WorldBank_synthetic
2020-04-12,iron_ore,70.1,per_ton,WorldBank_synthetic
2020-04-13,coal,58.19,per_ton,WorldBank_synthetic
2020-04-13,iron_ore,70.41,per_ton,WorldBank_synthetic
2020-04-14,coal,56.79,per_ton,WorldBank_synthetic
2020-04-14,iron_ore,82.09,per_ton,WorldBank_synthetic
2020-04-15,coal,62.94,per_ton,WorldBank_synthetic
2020-04-15,iron_ore,81.07,per_ton,WorldBank_synthetic
2020-04-16,coal,58.51,per_ton,WorldBank_synthetic
2020-04-16,iron_ore,79.16,per_ton,WorldBank_synthetic
2020-04-17,coal,47.47,per_ton,WorldBank_synthetic
2020-04-17,iron_ore,85.64,per_ton,WorldBank_synthetic
2020-04-18,coal,62.84,per_ton,WorldBank_synthetic
2020-04-18,iron_ore,78.02,per_ton,WorldBank_synthetic
2020-04-19,coal,64.85,per_ton,WorldBank_synthetic
2020-04-19,iron_ore,86.63,per_ton,WorldBank_synthetic
2020-04-20,coal,64.32,per_ton,WorldBank_synthetic
2020-04-20,iron_ore,78.01,per_ton,WorldBank_synthetic
2020-04-21,coal,49.82,per_ton,WorldBank_synthetic
2020-04-21,iron_ore,80.12,per_ton,WorldBank_synthetic
2020-04-22,coal,50.54,per_ton,WorldBank_synthetic
2020-04-22,iron_ore,81.48,per_ton,WorldBank_synthetic
2020-04-23,coal,52.89,per_ton,WorldBank_synthetic
2020-04-23,iron_ore,81.42,per_ton,WorldBank_synthetic
2020-04-24,coal,53.57,per_ton,WorldBank_synthetic
2020-04-24,iron_ore,72.51,per_ton,WorldBank_synthetic
2020-04-25,coal,51.29,per_ton,WorldBank_synthetic
2020-04-25,iron_ore,90.67,per_ton,WorldBank_synthetic
2020-04-26,coal,53.53,per_ton,WorldBank_synthetic
2020-04-26,iron_ore,69.99,per_ton,WorldBank_synthetic
2020-04-27,coal,43.68,per_ton,WorldBank_synthetic
2020-04-27,iron_ore,78.34,per_ton,WorldBank_synthetic
2020-04-28,coal,55.07,per_ton,WorldBank_synthetic
2020-04-28,iron_ore,71.67,per_ton,WorldBank_synthetic
2020-04-29,coal,44.64,per_ton,WorldBank_synthetic
2020-04-29,iron_ore,85.8,per_ton,WorldBank_synthetic
2020-04-30,coal,69.45,per_ton,WorldBank_synthetic
2020-04-30,iron_ore,88.48,per_ton,WorldBank_synthetic
2020-05-01,coal,48.4,per_ton,WorldBank_synthetic
2020-05-01,iron_ore,80.75,per_ton,WorldBank_synthetic
2020-05-02,coal,52.69,per_ton,WorldBank_synthetic
2020-05-02,iron_ore,71.7,per_ton,WorldBank_synthetic
2020-05-03,coal,46.15,per_ton,WorldBank_synthetic
2020-05-03,iron_ore,80.92,per_ton,WorldBank_synthetic
2020-05-04,coal,57.02,per_ton,WorldBank_synthetic
2020-05-04,iron_ore,84.26,per_ton,WorldBank_synthetic
2020-05-05,coal,49.54,per_ton,WorldBank_synthetic
2020-05-05,iron_ore,86.49,per_ton,WorldBank_synthetic
2020-05-06,coal,55.45,per_ton,WorldBank_synthetic
2020-05-06,iron_ore,74.73,per_ton,WorldBank_synthetic
2020-05-07,coal,46.64,per_ton,WorldBank_synthetic
2020-05-07,iron_ore,87.93,per_ton,WorldBank_synthetic
2020-05-08,coal,58.29,per_ton,WorldBank_synthetic
2020-05-08,iron_ore,86.18,per_ton,WorldBank_synthetic
2020-05-09,coal,58.38,per_ton,WorldBank_synthetic
2020-05-09,iron_ore,94.84,per_ton,WorldBank_synthetic
2020-05-10,coal,44.72,per_ton,WorldBank_synthetic
2020-05-10,iron_ore,87.1,per_ton,WorldBank_synthetic
2020-05-11,coal,58.82,per_ton,WorldBank_synthetic
2020-05-11,iron_ore,92.5,per_ton,WorldBank_synthetic
2020-05-12,coal,59.24,per_ton,WorldBank_synthetic
2020-05-12,iron_ore,78.89,per_ton,WorldBank_synthetic
2020-05-13,coal,55.38,per_ton,WorldBank_synthetic
2020-05-13,iron_ore,89.96,per_ton,WorldBank_synthetic
2020-05-14,coal,48.85,per_ton,WorldBank_synthetic
2020-05-14,iron_ore,85.43,per_ton,WorldBank_synthetic
2020-05-15,coal,45.05,per_ton,WorldBank_synthetic
2020-05-15,iron_ore,77.27,per_ton,WorldBank_synthetic
2020-05-16,coal,53.21,per_ton,WorldBank_synthetic
2020-05-16,iron_ore,92.62,per_ton,WorldBank_synthetic
2020-05-17,coal,51.42,per_ton,WorldBank_synthetic
2020-05-17,iron_ore,96.63,per_ton,WorldBank_synthetic
2020-05-18,coal,58.73,per_ton,WorldBank_synthetic
2020-05-18,iron_ore,76.64,per_ton,WorldBank_synthetic
2020-05-19,coal,50.63,per_ton,WorldBank_synthetic
2020-05-19,iron_ore,80.62,per_ton,WorldBank_synthetic
2020-05-20,coal,55.11,per_ton,WorldBank_synthetic
2020-05-20,iron_ore,90.53,per_ton,WorldBank_synthetic
2020-05-21,coal,46.88,per_ton,WorldBank_synthetic
2020-05-21,iron_ore,92.32,per_ton,WorldBank_synthetic
2020-05-22,coal,44.09,per_ton,WorldBank_synthetic
2020-05-22,iron_ore,94.48,per_ton,WorldBank_synthetic
2020-05-23,coal,40,per_ton,WorldBank_synthetic
2020-05-23,iron_ore,83.76,per_ton,WorldBank_synthetic
2020-05-24,coal,46.85,per_ton,WorldBank_synthetic
2020-05-24,iron_ore,90.73,per_ton,WorldBank_synthetic
2020-05-25,coal,51.5,per_ton,WorldBank_synthetic
2020-05-25,iron_ore,67.92,per_ton,WorldBank_synthetic
2020-05-26,coal,43.35,per_ton,WorldBank_synthetic
2020-05-26,iron_ore,80.89,per_ton,WorldBank_synthetic
2020-05-27,coal,55.83,per_ton,WorldBank_synthetic
2020-05-27,iron_ore,98.76,per_ton,WorldBank_synthetic
2020-05-28,coal,53.17,per_ton,WorldBank_synthetic
2020-05-28,iron_ore,97.21,per_ton,WorldBank_synthetic
2020-05-29,coal,45.83,per_ton,WorldBank_synthetic
2020-05-29,iron_ore,89.28,per_ton,WorldBank_synthetic
2020-05-30,coal,50.06,per_ton,WorldBank_synthetic
2020-05-30,iron_ore,77.43,per_ton,WorldBank_synthetic
2020-05-31,coal,47.51,per_ton,WorldBank_synthetic
2020-05-31,iron_ore,83.33,per_ton,WorldBank_synthetic
2020-06-01,coal,51.38,per_ton,WorldBank_synthetic
2020-06-01,iron_ore,90.26,per_ton,WorldBank_synthetic
2020-06-02,coal,46.19,per_ton,WorldBank_synthetic
2020-06-02,iron_ore,102.16,per_ton,WorldBank_synthetic
2020-06-03,coal,40,per_ton,WorldBank_synthetic
2020-06-03,iron_ore,110.57,per_ton,WorldBank_synthetic
2020-06-04,coal,48.08,per_ton,WorldBank_synthetic
2020-06-04,iron_ore,106.4,per_ton,WorldBank_synthetic
2020-06-05,coal,51.15,per_ton,WorldBank_synthetic
2020-06-05,iron_ore,102.78,per_ton,WorldBank_synthetic
2020-06-06,coal,43.43,per_ton,WorldBank_synthetic
2020-06-06,iron_ore,102.03,per_ton,WorldBank_synthetic
2020-06-07,coal,46.36,per_ton,WorldBank_synthetic
2020-06-07,iron_ore,108.69,per_ton,WorldBank_synthetic
2020-06-08,coal,44.87,per_ton,WorldBank_synthetic
2020-06-08,iron_ore,103.52,per_ton,WorldBank_synthetic
2020-06-09,coal,41.08,per_ton,WorldBank_synthetic
2020-06-09,iron_ore,103.89,per_ton,WorldBank_synthetic
2020-06-10,coal,40,per_ton,WorldBank_synthetic
2020-06-10,iron_ore,101.96,per_ton,WorldBank_synthetic
2020-06-11,coal,50.08,per_ton,WorldBank_synthetic
2020-06-11,iron_ore,108.71,per_ton,WorldBank_synthetic
2020-06-12,coal,46.42,per_ton,WorldBank_synthetic
2020-06-12,iron_ore,105.64,per_ton,WorldBank_synthetic
2020-06-13,coal,51.53,per_ton,WorldBank_synthetic
2020-06-13,iron_ore,98.1,per_ton,WorldBank_synthetic
2020-06-14,coal,49.06,per_ton,WorldBank_synthetic
2020-06-14,iron_ore,101.89,per_ton,WorldBank_synthetic
2020-06-15,coal,48.06,per_ton,WorldBank_synthetic
2020-06-15,iron_ore,106.49,per_ton,WorldBank_synthetic
2020-06-16,coal,43.78,per_ton,WorldBank_synthetic
2020-06-16,iron_ore,110.3,per_ton,WorldBank_synthetic
2020-06-17,coal,43.09,per_ton,WorldBank_synthetic
2020-06-17,iron_ore,98.18,per_ton,WorldBank_synthetic
2020-06-18,coal,43.72,per_ton,WorldBank_synthetic
2020-06-18,iron_ore,97.93,per_ton,WorldBank_synthetic
2020-06-19,coal,46.69,per_ton,WorldBank_synthetic
2020-06-19,iron_ore,103.19,per_ton,WorldBank_synthetic
2020-06-20,coal,40,per_ton,WorldBank_synthetic
2020-06-20,iron_ore,111.05,per_ton,WorldBank_synthetic
2020-06-21,coal,47.61,per_ton,WorldBank_synthetic
2020-06-21,iron_ore,106.74,per_ton,WorldBank_synthetic
2020-06-22,coal,43.97,per_ton,WorldBank_synthetic
2020-06-22,iron_ore,115.61,per_ton,WorldBank_synthetic
2020-06-23,coal,43.89,per_ton,WorldBank_synthetic
2020-06-23,iron_ore,110.44,per_ton,WorldBank_synthetic
2020-06-24,coal,40,per_ton,WorldBank_synthetic
2020-06-24,iron_ore,112.92,per_ton,WorldBank_synthetic
2020-06-25,coal,44.18,per_ton,WorldBank_synthetic
2020-06-25,iron_ore,112.68,per_ton,WorldBank_synthetic
2020-06-26,coal,43.35,per_ton,WorldBank_synthetic
2020-06-26,iron_ore,102.58,per_ton,WorldBank_synthetic
2020-06-27,coal,40,per_ton,WorldBank_synthetic
2020-06-27,iron_ore,107.03,per_ton,WorldBank_synthetic
2020-06-28,coal,42.07,per_ton,WorldBank_synthetic
2020-06-28,iron_ore,98.38,per_ton,WorldBank_synthetic
2020-06-29,coal,50.45,per_ton,WorldBank_synthetic
2020-06-29,iron_ore,117.03,per_ton,WorldBank_synthetic
2020-06-30,coal,40,per_ton,WorldBank_synthetic
2020-06-30,iron_ore,91.79,per_ton,WorldBank_synthetic
2020-07-01,coal,40,per_ton,WorldBank_synthetic
2020-07-01,iron_ore,110.22,per_ton,WorldBank_synthetic
2020-07-02,coal,57.07,per_ton,WorldBank_synthetic
2020-07-02,iron_ore,99.58,per_ton,WorldBank_synthetic
2020-07-03,coal,41.92,per_ton,WorldBank_synthetic
2020-07-03,iron_ore,119.77,per_ton,WorldBank_synthetic
2020-07-04,coal,40.86,per_ton,WorldBank_synthetic
2020-07-04,iron_ore,118.1,per_ton,WorldBank_synthetic
2020-07-05,coal,47.84,per_ton,WorldBank_synthetic
2020-07-05,iron_ore,109.01,per_ton,WorldBank_synthetic
2020-07-06,coal,47.41,per_ton,WorldBank_synthetic
2020-07-06,iron_ore,116.8,per_ton,WorldBank_synthetic
2020-07-07,coal,40,per_ton,WorldBank_synthetic
2020-07-07,iron_ore,107.98,per_ton,WorldBank_synthetic
2020-07-08,coal,40,per_ton,WorldBank_synthetic
2020-07-08,iron_ore,109.68,per_ton,WorldBank_synthetic
2020-07-09,coal,40,per_ton,WorldBank_synthetic
2020-07-09,iron_ore,101.53,per_ton,WorldBank_synthetic
2020-07-10,coal,42.62,per_ton,WorldBank_synthetic
2020-07-10,iron_ore,109.51,per_ton,WorldBank_synthetic
2020-07-11,coal,49.11,per_ton,WorldBank_synthetic
2020-07-11,iron_ore,111.32,per_ton,WorldBank_synthetic
2020-07-12,coal,49.18,per_ton,WorldBank_synthetic
2020-07-12,iron_ore,120.18,per_ton,WorldBank_synthetic
2020-07-13,coal,47.55,per_ton,WorldBank_synthetic
2020-07-13,iron_ore,81.48,per_ton,WorldBank_synthetic
2020-07-14,coal,40,per_ton,WorldBank_synthetic
2020-07-14,iron_ore,113.53,per_ton,WorldBank_synthetic
2020-07-15,coal,40,per_ton,WorldBank_synthetic
2020-07-15,iron_ore,105.66,per_ton,WorldBank_synthetic
2020-07-16,coal,44.74,per_ton,WorldBank_synthetic
2020-07-16,iron_ore,110.32,per_ton,WorldBank_synthetic
2020-07-17,coal,40,per_ton,WorldBank_synthetic
2020-07-17,iron_ore,123.86,per_ton,WorldBank_synthetic
2020-07-18,coal,40,per_ton,WorldBank_synthetic
2020-07-18,iron_ore,118.96,per_ton,WorldBank_synthetic
2020-07-19,coal,40.71,per_ton,WorldBank_synthetic
2020-07-19,iron_ore,110.92,per_ton,WorldBank_synthetic
2020-07-20,coal,40,per_ton,WorldBank_synthetic
2020-07-20,iron_ore,103.46,per_ton,WorldBank_synthetic
2020-07-21,coal,40,per_ton,WorldBank_synthetic
2020-07-21,iron_ore,99.32,per_ton,WorldBank_synthetic
2020-07-22,coal,43.59,per_ton,WorldBank_synthetic
2020-07-22,iron_ore,111.21,per_ton,WorldBank_synthetic
2020-07-23,coal,40,per_ton,WorldBank_synthetic
2020-07-23,iron_ore,116.72,per_ton,WorldBank_synthetic
2020-07-24,coal,40,per_ton,WorldBank_synthetic
2020-07-24,iron_ore,94.69,per_ton,WorldBank_synthetic
2020-07-25,coal,42.24,per_ton,WorldBank_synthetic
2020-07-25,iron_ore,99.47,per_ton,WorldBank_synthetic
2020-07-26,coal,40,per_ton,WorldBank_synthetic
2020-07-26,iron_ore,111.85,per_ton,WorldBank_synthetic
2020-07-27,coal,44.71,per_ton,WorldBank_synthetic
2020-07-27,iron_ore,104.38,per_ton,WorldBank_synthetic
2020-07-28,coal,40,per_ton,WorldBank_synthetic
2020-07-28,iron_ore,122.72,per_ton,WorldBank_synthetic
2020-07-29,coal,40,per_ton,WorldBank_synthetic
2020-07-29,iron_ore,117.51,per_ton,WorldBank_synthetic
2020-07-30,coal,41.66,per_ton,WorldBank_synthetic
2020-07-30,iron_ore,104.98,per_ton,WorldBank_synthetic
2020-07-31,coal,40,per_ton,WorldBank_synthetic
2020-07-31,iron_ore,103.97,per_ton,WorldBank_synthetic
2020-08-01,coal,40,per_ton,WorldBank_synthetic
2020-08-01,iron_ore,109.69,per_ton,WorldBank_synthetic
2020-08-02,coal,65.64,per_ton,WorldBank_synthetic
2020-08-02,iron_ore,97.79,per_ton,WorldBank_synthetic
2020-08-03,coal,72.63,per_ton,WorldBank_synthetic
2020-08-03,iron_ore,106.2,per_ton,WorldBank_synthetic
2020-08-04,coal,72.95,per_ton,WorldBank_synthetic
2020-08-04,iron_ore,109.87,per_ton,WorldBank_synthetic
2020-08-05,coal,82.93,per_ton,WorldBank_synthetic
2020-08-05,iron_ore,115.63,per_ton,WorldBank_synthetic
2020-08-06,coal,62.04,per_ton,WorldBank_synthetic
2020-08-06,iron_ore,100.25,per_ton,WorldBank_synthetic
2020-08-07,coal,64.2,per_ton,WorldBank_synthetic
2020-08-07,iron_ore,107.86,per_ton,WorldBank_synthetic
2020-08-08,coal,60.33,per_ton,WorldBank_synthetic
2020-08-08,iron_ore,102.34,per_ton,WorldBank_synthetic
2020-08-09,coal,68.58,per_ton,WorldBank_synthetic
2020-08-09,iron_ore,98.91,per_ton,WorldBank_synthetic
2020-08-10,coal,67.92,per_ton,WorldBank_synthetic
2020-08-10,iron_ore,113.35,per_ton,WorldBank_synthetic
2020-08-11,coal,63.32,per_ton,WorldBank_synthetic
2020-08-11,iron_ore,116.38,per_ton,WorldBank_synthetic
2020-08-12,coal,68.7,per_ton,WorldBank_synthetic
2020-08-12,iron_ore,120.36,per_ton,WorldBank_synthetic
2020-08-13,coal,71.52,per_ton,WorldBank_synthetic
2020-08-13,iron_ore,109.98,per_ton,WorldBank_synthetic
2020-08-14,coal,67.34,per_ton,WorldBank_synthetic
2020-08-14,iron_ore,115.44,per_ton,WorldBank_synthetic
2020-08-15,coal,69.96,per_ton,WorldBank_synthetic
2020-08-15,iron_ore,98.27,per_ton,WorldBank_synthetic
2020-08-16,coal,72.64,per_ton,WorldBank_synthetic
2020-08-16,iron_ore,107.4,per_ton,WorldBank_synthetic
2020-08-17,coal,73.62,per_ton,WorldBank_synthetic
2020-08-17,iron_ore,113.39,per_ton,WorldBank_synthetic
2020-08-18,coal,64.65,per_ton,WorldBank_synthetic
2020-08-18,iron_ore,112.02,per_ton,WorldBank_synthetic
2020-08-19,coal,75.05,per_ton,WorldBank_synthetic
2020-08-19,iron_ore,106.1,per_ton,WorldBank_synthetic
2020-08-20,coal,59.26,per_ton,WorldBank_synthetic
2020-08-20,iron_ore,110.12,per_ton,WorldBank_synthetic
2020-08-21,coal,74.06,per_ton,WorldBank_synthetic
2020-08-21,iron_ore,124.95,per_ton,WorldBank_synthetic
2020-08-22,coal,72.89,per_ton,WorldBank_synthetic
2020-08-22,iron_ore,95.35,per_ton,WorldBank_synthetic
2020-08-23,coal,66.51,per_ton,WorldBank_synthetic
2020-08-23,iron_ore,108.57,per_ton,WorldBank_synthetic
2020-08-24,coal,66.79,per_ton,WorldBank_synthetic
2020-08-24,iron_ore,103.71,per_ton,WorldBank_synthetic
2020-08-25,coal,66.27,per_ton,WorldBank_synthetic
2020-08-25,iron_ore,103.07,per_ton,WorldBank_synthetic
2020-08-26,coal,79.23,per_ton,WorldBank_synthetic
2020-08-26,iron_ore,113.1,per_ton,WorldBank_synthetic
2020-08-27,coal,65.02,per_ton,WorldBank_synthetic
2020-08-27,iron_ore,102.78,per_ton,WorldBank_synthetic
2020-08-28,coal,72.39,per_ton,WorldBank_synthetic
2020-08-28,iron_ore,117.45,per_ton,WorldBank_synthetic
2020-08-29,coal,73.41,per_ton,WorldBank_synthetic
2020-08-29,iron_ore,115.63,per_ton,WorldBank_synthetic
2020-08-30,coal,65.25,per_ton,WorldBank_synthetic
2020-08-30,iron_ore,107.12,per_ton,WorldBank_synthetic
2020-08-31,coal,63.78,per_ton,WorldBank_synthetic
2020-08-31,iron_ore,109.78,per_ton,WorldBank_synthetic
2020-09-01,coal,71.03,per_ton,WorldBank_synthetic
2020-09-01,iron_ore,108.69,per_ton,WorldBank_synthetic
2020-09-02,coal,69.04,per_ton,WorldBank_synthetic
2020-09-02,iron_ore,119.22,per_ton,WorldBank_synthetic
2020-09-03,coal,65.36,per_ton,WorldBank_synthetic
2020-09-03,iron_ore,121.11,per_ton,WorldBank_synthetic
2020-09-04,coal,69.76,per_ton,WorldBank_synthetic
2020-09-04,iron_ore,116.43,per_ton,WorldBank_synthetic
2020-09-05,coal,67.55,per_ton,WorldBank_synthetic
2020-09-05,iron_ore,114.84,per_ton,WorldBank_synthetic
2020-09-06,coal,63.41,per_ton,WorldBank_synthetic
2020-09-06,iron_ore,106.84,per_ton,WorldBank_synthetic
2020-09-07,coal,69.0,per_ton,WorldBank_synthetic
2020-09-07,iron_ore,120.79,per_ton,WorldBank_synthetic
2020-09-08,coal,66.63,per_ton,WorldBank_synthetic
2020-09-08,iron_ore,117.74,per_ton,WorldBank_synthetic
2020-09-09,coal,66.67,per_ton,WorldBank_synthetic
2020-09-09,iron_ore,107.56,per_ton,WorldBank_synthetic
2020-09-10,coal,67.94,per_ton,WorldBank_synthetic
2020-09-10,iron_ore,116.99,per_ton,WorldBank_synthetic
2020-09-11,coal,64.49,per_ton,WorldBank_synthetic
2020-09-11,iron_ore,109.26,per_ton,WorldBank_synthetic
2020-09-12,coal,65.52,per_ton,WorldBank_synthetic
2020-09-12,iron_ore,115.57,per_ton,WorldBank_synthetic
2020-09-13,coal,60.68,per_ton,WorldBank_synthetic
2020-09-13,iron_ore,116.4,per_ton,WorldBank_synthetic
2020-09-14,coal,69.43,per_ton,WorldBank_synthetic
2020-09-14,iron_ore,115.94,per_ton,WorldBank_synthetic
2020-09-15,coal,65.39,per_ton,WorldBank_synthetic
2020-09-15,iron_ore,116.64,per_ton,WorldBank_synthetic
2020-09-16,coal,62.76,per_ton,WorldBank_synthetic
2020-09-16,iron_ore,108.41,per_ton,WorldBank_synthetic
2020-09-17,coal,72.35,per_ton,WorldBank_synthetic
2020-09-17,iron_ore,103.98,per_ton,WorldBank_synthetic
2020-09-18,coal,65.22,per_ton,WorldBank_synthetic
2020-09-18,iron_ore,110.09,per_ton,WorldBank_synthetic
2020-09-19,coal,71.79,per_ton,WorldBank_synthetic
2020-09-19,iron_ore,103.3,per_ton,WorldBank_synthetic
2020-09-20,coal,65.69,per_ton,WorldBank_synthetic
2020-09-20,iron_ore,106.24,per_ton,WorldBank_synthetic
2020-09-21,coal,77.02,per_ton,WorldBank_synthetic
2020-09-21,iron_ore,112.82,per_ton,WorldBank_synthetic
2020-09-22,coal,66.25,per_ton,WorldBank_synthetic
2020-09-22,iron_ore,116.05,per_ton,WorldBank_synthetic
2020-09-23,coal,73.28,per_ton,WorldBank_synthetic
2020-09-23,iron_ore,98.67,per_ton,WorldBank_synthetic
2020-09-24,coal,63.67,per_ton,WorldBank_synthetic
2020-09-24,iron_ore,117.11,per_ton,WorldBank_synthetic
2020-09-25,coal,66.05,per_ton,WorldBank_synthetic
2020-09-25,iron_ore,103.94,per_ton,WorldBank_synthetic
2020-09-26,coal,65.78,per_ton,WorldBank_synthetic
2020-09-26,iron_ore,116.84,per_ton,WorldBank_synthetic
2020-09-27,coal,71.09,per_ton,WorldBank_synthetic
2020-09-27,iron_ore,131.39,per_ton,WorldBank_synthetic
2020-09-28,coal,61.4,per_ton,WorldBank_synthetic
2020-09-28,iron_ore,103.97,per_ton,WorldBank_synthetic
2020-09-29,coal,63.7,per_ton,WorldBank_synthetic
2020-09-29,iron_ore,123.72,per_ton,WorldBank_synthetic
2020-09-30,coal,65.41,per_ton,WorldBank_synthetic
2020-09-30,iron_ore,103.91,per_ton,WorldBank_synthetic
2020-10-01,coal,74.1,per_ton,WorldBank_synthetic
2020-10-01,iron_ore,110.26,per_ton,WorldBank_synthetic
2020-10-02,coal,75.77,per_ton,WorldBank_synthetic
2020-10-02,iron_ore,118.02,per_ton,WorldBank_synthetic
2020-10-03,coal,67.05,per_ton,WorldBank_synthetic
2020-10-03,iron_ore,123.58,per_ton,WorldBank_synthetic
2020-10-04,coal,74.61,per_ton,WorldBank_synthetic
2020-10-04,iron_ore,128.56,per_ton,WorldBank_synthetic
2020-10-05,coal,68.63,per_ton,WorldBank_synthetic
2020-10-05,iron_ore,114.13,per_ton,WorldBank_synthetic
2020-10-06,coal,78.24,per_ton,WorldBank_synthetic
2020-10-06,iron_ore,125.69,per_ton,WorldBank_synthetic
2020-10-07,coal,72.34,per_ton,WorldBank_synthetic
2020-10-07,iron_ore,110.13,per_ton,WorldBank_synthetic
2020-10-08,coal,66.01,per_ton,WorldBank_synthetic
2020-10-08,iron_ore,105.61,per_ton,WorldBank_synthetic
2020-10-09,coal,66.48,per_ton,WorldBank_synthetic
2020-10-09,iron_ore,115.53,per_ton,WorldBank_synthetic
2020-10-10,coal,65.67,per_ton,WorldBank_synthetic
2020-10-10,iron_ore,123.09,per_ton,WorldBank_synthetic
2020-10-11,coal,58.94,per_ton,WorldBank_synthetic
2020-10-11,iron_ore,111.04,per_ton,WorldBank_synthetic
2020-10-12,coal,68.64,per_ton,WorldBank_synthetic
2020-10-12,iron_ore,122.46,per_ton,WorldBank_synthetic
2020-10-13,coal,74.86,per_ton,WorldBank_synthetic
2020-10-13,iron_ore,107.88,per_ton,WorldBank_synthetic
2020-10-14,coal,73.61,per_ton,WorldBank_synthetic
2020-10-14,iron_ore,109.5,per_ton,WorldBank_synthetic
2020-10-15,coal,74.14,per_ton,WorldBank_synthetic
2020-10-15,iron_ore,108.24,per_ton,WorldBank_synthetic
2020-10-16,coal,73.55,per_ton,WorldBank_synthetic
2020-10-16,iron_ore,129.88,per_ton,WorldBank_synthetic
2020-10-17,coal,83.34,per_ton,WorldBank_synthetic
2020-10-17,iron_ore,126.97,per_ton,WorldBank_synthetic
2020-10-18,coal,68.22,per_ton,WorldBank_synthetic
2020-10-18,iron_ore,114.26,per_ton,WorldBank_synthetic
2020-10-19,coal,68.95,per_ton,WorldBank_synthetic
2020-10-19,iron_ore,113.67,per_ton,WorldBank_synthetic
2020-10-20,coal,65.12,per_ton,WorldBank_synthetic
2020-10-20,iron_ore,113.65,per_ton,WorldBank_synthetic
2020-10-21,coal,79.69,per_ton,WorldBank_synthetic
2020-10-21,iron_ore,136.71,per_ton,WorldBank_synthetic
2020-10-22,coal,76.53,per_ton,WorldBank_synthetic
2020-10-22,iron_ore,120.61,per_ton,WorldBank_synthetic
2020-10-23,coal,77.98,per_ton,WorldBank_synthetic
2020-10-23,iron_ore,106.48,per_ton,WorldBank_synthetic
2020-10-24,coal,70.65,per_ton,WorldBank_synthetic
2020-10-24,iron_ore,125.72,per_ton,WorldBank_synthetic
2020-10-25,coal,73.98,per_ton,WorldBank_synthetic
2020-10-25,iron_ore,116.48,per_ton,WorldBank_synthetic
2020-10-26,coal,79.68,per_ton,WorldBank_synthetic
2020-10-26,iron_ore,104.32,per_ton,WorldBank_synthetic
2020-10-27,coal,81.52,per_ton,WorldBank_synthetic
2020-10-27,iron_ore,113.22,per_ton,WorldBank_synthetic
2020-10-28,coal,78.78,per_ton,WorldBank_synthetic
2020-10-28,iron_ore,119.87,per_ton,WorldBank_synthetic
2020-10-29,coal,79.89,per_ton,WorldBank_synthetic
2020-10-29,iron_ore,127.96,per_ton,WorldBank_synthetic
2020-10-30,coal,71.48,per_ton,WorldBank_synthetic
2020-10-30,iron_ore,126.87,per_ton,WorldBank_synthetic
2020-10-31,coal,79.36,per_ton,WorldBank_synthetic
2020-10-31,iron_ore,131.72,per_ton,WorldBank_synthetic
2020-11-01,coal,74.49,per_ton,WorldBank_synthetic
2020-11-01,iron_ore,129.97,per_ton,WorldBank_synthetic
2020-11-02,coal,81.07,per_ton,WorldBank_synthetic
2020-11-02,iron_ore,117.09,per_ton,WorldBank_synthetic
2020-11-03,coal,82.74,per_ton,WorldBank_synthetic
2020-11-03,iron_ore,117.8,per_ton,WorldBank_synthetic
2020-11-04,coal,82.61,per_ton,WorldBank_synthetic
2020-11-04,iron_ore,120.13,per_ton,WorldBank_synthetic
2020-11-05,coal,78.89,per_ton,WorldBank_synthetic
2020-11-05,iron_ore,121.63,per_ton,WorldBank_synthetic
2020-11-06,coal,83.74,per_ton,WorldBank_synthetic
2020-11-06,iron_ore,120.55,per_ton,WorldBank_synthetic
2020-11-07,coal,81.89,per_ton,WorldBank_synthetic
2020-11-07,iron_ore,126.2,per_ton,WorldBank_synthetic
2020-11-08,coal,75.02,per_ton,WorldBank_synthetic
2020-11-08,iron_ore,128.95,per_ton,WorldBank_synthetic
2020-11-09,coal,87.0,per_ton,WorldBank_synthetic
2020-11-09,iron_ore,125.8,per_ton,WorldBank_synthetic
2020-11-10,coal,82.0,per_ton,WorldBank_synthetic
2020-11-10,iron_ore,115.06,per_ton,WorldBank_synthetic
2020-11-11,coal,86.75,per_ton,WorldBank_synthetic
2020-11-11,iron_ore,109.76,per_ton,WorldBank_synthetic
2020-11-12,coal,81.37,per_ton,WorldBank_synthetic
2020-11-12,iron_ore,134.59,per_ton,WorldBank_synthetic
2020-11-13,coal,77.54,per_ton,WorldBank_synthetic
2020-11-13,iron_ore,126.66,per_ton,WorldBank_synthetic
2020-11-14,coal,77.7,per_ton,WorldBank_synthetic
2020-11-14,iron_ore,127.77,per_ton,WorldBank_synthetic
2020-11-15,coal,74.61,per_ton,WorldBank_synthetic
2020-11-15,iron_ore,119.37,per_ton,WorldBank_synthetic
2020-11-16,coal,78.84,per_ton,WorldBank_synthetic
2020-11-16,iron_ore,123.63,per_ton,WorldBank_synthetic
2020-11-17,coal,73.88,per_ton,WorldBank_synthetic
2020-11-17,iron_ore,135.04,per_ton,WorldBank_synthetic
2020-11-18,coal,84.3,per_ton,WorldBank_synthetic
2020-11-18,iron_ore,119.23,per_ton,WorldBank_synthetic
2020-11-19,coal,90.56,per_ton,WorldBank_synthetic
2020-11-19,iron_ore,123.11,per_ton,WorldBank_synthetic
2020-11-20,coal,84.76,per_ton,WorldBank_synthetic
2020-11-20,iron_ore,125.77,per_ton,WorldBank_synthetic
2020-11-21,coal,91.8,per_ton,WorldBank_synthetic
2020-11-21,iron_ore,124.88,per_ton,WorldBank_synthetic
2020-11-22,coal,78.88,per_ton,WorldBank_synthetic
2020-11-22,iron_ore,124.49,per_ton,WorldBank_synthetic
2020-11-23,coal,86.69,per_ton,WorldBank_synthetic
2020-11-23,iron_ore,123.73,per_ton,WorldBank_synthetic
2020-11-24,coal,81.72,per_ton,WorldBank_synthetic
2020-11-24,iron_ore,117.63,per_ton,WorldBank_synthetic
2020-11-25,coal,76.86,per_ton,WorldBank_synthetic
2020-11-25,iron_ore,128.11,per_ton,WorldBank_synthetic
2020-11-26,coal,81.56,per_ton,WorldBank_synthetic
2020-11-26,iron_ore,119.27,per_ton,WorldBank_synthetic
2020-11-27,coal,88.66,per_ton,WorldBank_synthetic
2020-11-27,iron_ore,133.21,per_ton,WorldBank_synthetic
2020-11-28,coal,81.32,per_ton,WorldBank_synthetic
2020-11-28,iron_ore,121.92,per_ton,WorldBank_synthetic
2020-11-29,coal,84.92,per_ton,WorldBank_synthetic
2020-11-29,iron_ore,128.94,per_ton,WorldBank_synthetic
2020-11-30,coal,82.09,per_ton,WorldBank_synthetic
2020-11-30,iron_ore,118.63,per_ton,WorldBank_synthetic
2020-12-01,coal,89.78,per_ton,WorldBank_synthetic
2020-12-01,iron_ore,200.38,per_ton,WorldBank_synthetic
2020-12-02,coal,82.93,per_ton,WorldBank_synthetic
2020-12-02,iron_ore,205.27,per_ton,WorldBank_synthetic
2020-12-03,coal,83.9,per_ton,WorldBank_synthetic
2020-12-03,iron_ore,203.33,per_ton,WorldBank_synthetic
2020-12-04,coal,95.3,per_ton,WorldBank_synthetic
2020-12-04,iron_ore,204.26,per_ton,WorldBank_synthetic
2020-12-05,coal,88.6,per_ton,WorldBank_synthetic
2020-12-05,iron_ore,202.06,per_ton,WorldBank_synthetic
2020-12-06,coal,82.08,per_ton,WorldBank_synthetic
2020-12-06,iron_ore,207.4,per_ton,WorldBank_synthetic
2020-12-07,coal,95.18,per_ton,WorldBank_synthetic
2020-12-07,iron_ore,216.24,per_ton,WorldBank_synthetic
2020-12-08,coal,104.77,per_ton,WorldBank_synthetic
2020-12-08,iron_ore,203.92,per_ton,WorldBank_synthetic
2020-12-09,coal,91.93,per_ton,WorldBank_synthetic
2020-12-09,iron_ore,197.64,per_ton,WorldBank_synthetic
2020-12-10,coal,100.59,per_ton,WorldBank_synthetic
2020-12-10,iron_ore,214.52,per_ton,WorldBank_synthetic
2020-12-11,coal,96.55,per_ton,WorldBank_synthetic
2020-12-11,iron_ore,211.51,per_ton,WorldBank_synthetic
2020-12-12,coal,91.5,per_ton,WorldBank_synthetic
2020-12-12,iron_ore,186.59,per_ton,WorldBank_synthetic
2020-12-13,coal,98.83,per_ton,WorldBank_synthetic
2020-12-13,iron_ore,212.38,per_ton,WorldBank_synthetic
2020-12-14,coal,94.29,per_ton,WorldBank_synthetic
2020-12-14,iron_ore,200.57,per_ton,WorldBank_synthetic
2020-12-15,coal,97.76,per_ton,WorldBank_synthetic
2020-12-15,iron_ore,209.72,per_ton,WorldBank_synthetic
2020-12-16,coal,94.84,per_ton,WorldBank_synthetic
2020-12-16,iron_ore,198.62,per_ton,WorldBank_synthetic
2020-12-17,coal,88.65,per_ton,WorldBank_synthetic
2020-12-17,iron_ore,206.91,per_ton,WorldBank_synthetic
2020-12-18,coal,94.16,per_ton,WorldBank_synthetic
2020-12-18,iron_ore,199.44,per_ton,WorldBank_synthetic
2020-12-19,coal,103.79,per_ton,WorldBank_synthetic
2020-12-19,iron_ore,204.4,per_ton,WorldBank_synthetic
2020-12-20,coal,95.21,per_ton,WorldBank_synthetic
2020-12-20,iron_ore,210.13,per_ton,WorldBank_synthetic
2020-12-21,coal,103.33,per_ton,WorldBank_synthetic
2020-12-21,iron_ore,201.98,per_ton,WorldBank_synthetic
2020-12-22,coal,95.46,per_ton,WorldBank_synthetic
2020-12-22,iron_ore,198.12,per_ton,WorldBank_synthetic
2020-12-23,coal,102.06,per_ton,WorldBank_synthetic
2020-12-23,iron_ore,211.87,per_ton,WorldBank_synthetic
2020-12-24,coal,98.04,per_ton,WorldBank_synthetic
2020-12-24,iron_ore,210.87,per_ton,WorldBank_synthetic
2020-12-25,coal,106.76,per_ton,WorldBank_synthetic
2020-12-25,iron_ore,207.84,per_ton,WorldBank_synthetic
2020-12-26,coal,95.19,per_ton,WorldBank_synthetic
2020-12-26,iron_ore,204.22,per_ton,WorldBank_synthetic
2020-12-27,coal,103.69,per_ton,WorldBank_synthetic
2020-12-27,iron_ore,213.69,per_ton,WorldBank_synthetic
2020-12-28,coal,101.37,per_ton,WorldBank_synthetic
2020-12-28,iron_ore,203.92,per_ton,WorldBank_synthetic
2020-12-29,coal,102.13,per_ton,WorldBank_synthetic
2020-12-29,iron_ore,214.04,per_ton,WorldBank_synthetic
2020-12-30,coal,100.36,per_ton,WorldBank_synthetic
2020-12-30,iron_ore,208.31,per_ton,WorldBank_synthetic
2020-12-31,coal,102.63,per_ton,WorldBank_synthetic
2020-12-31,iron_ore,212.68,per_ton,WorldBank_synthetic
2021-01-01,coal,98.03,per_ton,WorldBank_synthetic
2021-01-01,iron_ore,206.93,per_ton,WorldBank_synthetic
2021-01-02,coal,92.28,per_ton,WorldBank_synthetic
2021-01-02,iron_ore,214.33,per_ton,WorldBank_synthetic
2021-01-03,coal,100.74,per_ton,WorldBank_synthetic
2021-01-03,iron_ore,222.06,per_ton,WorldBank_synthetic
2021-01-04,coal,92.8,per_ton,WorldBank_synthetic
2021-01-04,iron_ore,211.14,per_ton,WorldBank_synthetic
2021-01-05,coal,105.11,per_ton,WorldBank_synthetic
2021-01-05,iron_ore,204.3,per_ton,WorldBank_synthetic
2021-01-06,coal,104.99,per_ton,WorldBank_synthetic
2021-01-06,iron_ore,212.27,per_ton,WorldBank_synthetic
2021-01-07,coal,105.66,per_ton,WorldBank_synthetic
2021-01-07,iron_ore,208.24,per_ton,WorldBank_synthetic
2021-01-08,coal,87.55,per_ton,WorldBank_synthetic
2021-01-08,iron_ore,210.86,per_ton,WorldBank_synthetic
2021-01-09,coal,104.33,per_ton,WorldBank_synthetic
2021-01-09,iron_ore,204.47,per_ton,WorldBank_synthetic
2021-01-10,coal,97.66,per_ton,WorldBank_synthetic
2021-01-10,iron_ore,214.61,per_ton,WorldBank_synthetic
2021-01-11,coal,106.7,per_ton,WorldBank_synthetic
2021-01-11,iron_ore,223.16,per_ton,WorldBank_synthetic
2021-01-12,coal,101.11,per_ton,WorldBank_synthetic
2021-01-12,iron_ore,220.1,per_ton,WorldBank_synthetic
2021-01-13,coal,105.65,per_ton,WorldBank_synthetic
2021-01-13,iron_ore,206.74,per_ton,WorldBank_synthetic
2021-01-14,coal,108.48,per_ton,WorldBank_synthetic
2021-01-14,iron_ore,217.82,per_ton,WorldBank_synthetic
2021-01-15,coal,103.78,per_ton,WorldBank_synthetic
2021-01-15,iron_ore,223.46,per_ton,WorldBank_synthetic
2021-01-16,coal,106.92,per_ton,WorldBank_synthetic
2021-01-16,iron_ore,201.12,per_ton,WorldBank_synthetic
2021-01-17,coal,101.56,per_ton,WorldBank_synthetic
2021-01-17,iron_ore,219.64,per_ton,WorldBank_synthetic
2021-01-18,coal,104.9,per_ton,WorldBank_synthetic
2021-01-18,iron_ore,211.86,per_ton,WorldBank_synthetic
2021-01-19,coal,108.61,per_ton,WorldBank_synthetic
2021-01-19,iron_ore,210.32,per_ton,WorldBank_synthetic
2021-01-20,coal,113.39,per_ton,WorldBank_synthetic
2021-01-20,iron_ore,207.44,per_ton,WorldBank_synthetic
2021-01-21,coal,103.36,per_ton,WorldBank_synthetic
2021-01-21,iron_ore,192.96,per_ton,WorldBank_synthetic
2021-01-22,coal,108.73,per_ton,WorldBank_synthetic
2021-01-22,iron_ore,209.33,per_ton,WorldBank_synthetic
2021-01-23,coal,115.92,per_ton,WorldBank_synthetic
2021-01-23,iron_ore,205.88,per_ton,WorldBank_synthetic
2021-01-24,coal,115.26,per_ton,WorldBank_synthetic
2021-01-24,iron_ore,209.26,per_ton,WorldBank_synthetic
2021-01-25,coal,119.15,per_ton,WorldBank_synthetic
2021-01-25,iron_ore,203.85,per_ton,WorldBank_synthetic
2021-01-26,coal,108.94,per_ton,WorldBank_synthetic
2021-01-26,iron_ore,217.12,per_ton,WorldBank_synthetic
2021-01-27,coal,117.29,per_ton,WorldBank_synthetic
2021-01-27,iron_ore,218.5,per_ton,WorldBank_synthetic
2021-01-28,coal,105.08,per_ton,WorldBank_synthetic
2021-01-28,iron_ore,220.51,per_ton,WorldBank_synthetic
2021-01-29,coal,112.1,per_ton,WorldBank_synthetic
2021-01-29,iron_ore,198.83,per_ton,WorldBank_synthetic
2021-01-30,coal,109.75,per_ton,WorldBank_synthetic
2021-01-30,iron_ore,209.11,per_ton,WorldBank_synthetic
2021-01-31,coal,108.94,per_ton,WorldBank_synthetic
2021-01-31,iron_ore,222.39,per_ton,WorldBank_synthetic
2021-02-01,coal,116.01,per_ton,WorldBank_synthetic
2021-02-01,iron_ore,221.09,per_ton,WorldBank_synthetic
2021-02-02,coal,109.32,per_ton,WorldBank_synthetic
2021-02-02,iron_ore,198.66,per_ton,WorldBank_synthetic
2021-02-03,coal,116.36,per_ton,WorldBank_synthetic
2021-02-03,iron_ore,212.32,per_ton,WorldBank_synthetic
2021-02-04,coal,118.8,per_ton,WorldBank_synthetic
2021-02-04,iron_ore,217.36,per_ton,WorldBank_synthetic
2021-02-05,coal,115.64,per_ton,WorldBank_synthetic
2021-02-05,iron_ore,218.51,per_ton,WorldBank_synthetic
2021-02-06,coal,115.63,per_ton,WorldBank_synthetic
2021-02-06,iron_ore,213.77,per_ton,WorldBank_synthetic
2021-02-07,coal,125.51,per_ton,WorldBank_synthetic
2021-02-07,iron_ore,222.46,per_ton,WorldBank_synthetic
2021-02-08,coal,110.73,per_ton,WorldBank_synthetic
2021-02-08,iron_ore,199.51,per_ton,WorldBank_synthetic
2021-02-09,coal,123.14,per_ton,WorldBank_synthetic
2021-02-09,iron_ore,208.68,per_ton,WorldBank_synthetic
2021-02-10,coal,116.06,per_ton,WorldBank_synthetic
2021-02-10,iron_ore,208.28,per_ton,WorldBank_synthetic
2021-02-11,coal,118.72,per_ton,WorldBank_synthetic
2021-02-11,iron_ore,208.88,per_ton,WorldBank_synthetic
2021-02-12,coal,111.49,per_ton,WorldBank_synthetic
2021-02-12,iron_ore,197.91,per_ton,WorldBank_synthetic
2021-02-13,coal,105.84,per_ton,WorldBank_synthetic
2021-02-13,iron_ore,203.75,per_ton,WorldBank_synthetic
2021-02-14,coal,124.28,per_ton,WorldBank_synthetic
2021-02-14,iron_ore,204.68,per_ton,WorldBank_synthetic
2021-02-15,coal,118.38,per_ton,WorldBank_synthetic
2021-02-15,iron_ore,221.14,per_ton,WorldBank_synthetic
2021-02-16,coal,125.42,per_ton,WorldBank_synthetic
2021-02-16,iron_ore,207.7,per_ton,WorldBank_synthetic
2021-02-17,coal,122.75,per_ton,WorldBank_synthetic
2021-02-17,iron_ore,209.14,per_ton,WorldBank_synthetic
2021-02-18,coal,109.84,per_ton,WorldBank_synthetic
2021-02-18,iron_ore,219.78,per_ton,WorldBank_synthetic
2021-02-19,coal,120.41,per_ton,WorldBank_synthetic
2021-02-19,iron_ore,205.08,per_ton,WorldBank_synthetic
2021-02-20,coal,121.23,per_ton,WorldBank_synthetic
2021-02-20,iron_ore,214.73,per_ton,WorldBank_synthetic
2021-02-21,coal,121.36,per_ton,WorldBank_synthetic
2021-02-21,iron_ore,204.29,per_ton,WorldBank_synthetic
2021-02-22,coal,119.97,per_ton,WorldBank_synthetic
2021-02-22,iron_ore,214.44,per_ton,WorldBank_synthetic
2021-02-23,coal,124.94,per_ton,WorldBank_synthetic
2021-02-23,iron_ore,210.23,per_ton,WorldBank_synthetic
2021-02-24,coal,116.07,per_ton,WorldBank_synthetic
2021-02-24,iron_ore,215.3,per_ton,WorldBank_synthetic
2021-02-25,coal,127.98,per_ton,WorldBank_synthetic
2021-02-25,iron_ore,207.1,per_ton,WorldBank_synthetic
2021-02-26,coal,124.63,per_ton,WorldBank_synthetic
2021-02-26,iron_ore,220.19,per_ton,WorldBank_synthetic
2021-02-27,coal,127.7,per_ton,WorldBank_synthetic
2021-02-27,iron_ore,222.51,per_ton,WorldBank_synthetic
2021-02-28,coal,124.13,per_ton,WorldBank_synthetic
2021-02-28,iron_ore,222.95,per_ton,WorldBank_synthetic
2021-03-01,coal,129.77,per_ton,WorldBank_synthetic
2021-03-01,iron_ore,205.0,per_ton,WorldBank_synthetic
2021-03-02,coal,124.85,per_ton,WorldBank_synthetic
2021-03-02,iron_ore,213.44,per_ton,WorldBank_synthetic
2021-03-03,coal,120.16,per_ton,WorldBank_synthetic
2021-03-03,iron_ore,208.85,per_ton,WorldBank_synthetic
2021-03-04,coal,113.83,per_ton,WorldBank_synthetic
2021-03-04,iron_ore,217.09,per_ton,WorldBank_synthetic
2021-03-05,coal,128.4,per_ton,WorldBank_synthetic
2021-03-05,iron_ore,220.53,per_ton,WorldBank_synthetic
2021-03-06,coal,131.17,per_ton,WorldBank_synthetic
2021-03-06,iron_ore,206.4,per_ton,WorldBank_synthetic
2021-03-07,coal,123.9,per_ton,WorldBank_synthetic
2021-03-07,iron_ore,223.5,per_ton,WorldBank_synthetic
2021-03-08,coal,130.36,per_ton,WorldBank_synthetic
2021-03-08,iron_ore,205.15,per_ton,WorldBank_synthetic
2021-03-09,coal,113.42,per_ton,WorldBank_synthetic
2021-03-09,iron_ore,209.12,per_ton,WorldBank_synthetic
2021-03-10,coal,120.14,per_ton,WorldBank_synthetic
2021-03-10,iron_ore,211.35,per_ton,WorldBank_synthetic
2021-03-11,coal,130.59,per_ton,WorldBank_synthetic
2021-03-11,iron_ore,199.17,per_ton,WorldBank_synthetic
2021-03-12,coal,127.36,per_ton,WorldBank_synthetic
2021-03-12,iron_ore,200.91,per_ton,WorldBank_synthetic
2021-03-13,coal,138.64,per_ton,WorldBank_synthetic
2021-03-13,iron_ore,210.93,per_ton,WorldBank_synthetic
2021-03-14,coal,128.84,per_ton,WorldBank_synthetic
2021-03-14,iron_ore,202.05,per_ton,WorldBank_synthetic
2021-03-15,coal,116.04,per_ton,WorldBank_synthetic
2021-03-15,iron_ore,202.6,per_ton,WorldBank_synthetic
2021-03-16,coal,122.15,per_ton,WorldBank_synthetic
2021-03-16,iron_ore,219.53,per_ton,WorldBank_synthetic
2021-03-17,coal,121.42,per_ton,WorldBank_synthetic
2021-03-17,iron_ore,216.63,per_ton,WorldBank_synthetic
2021-03-18,coal,129.49,per_ton,WorldBank_synthetic
2021-03-18,iron_ore,208.98,per_ton,WorldBank_synthetic
2021-03-19,coal,115.16,per_ton,WorldBank_synthetic
2021-03-19,iron_ore,205.34,per_ton,WorldBank_synthetic
2021-03-20,coal,132.66,per_ton,WorldBank_synthetic
2021-03-20,iron_ore,213.89,per_ton,WorldBank_synthetic
2021-03-21,coal,128.76,per_ton,WorldBank_synthetic
2021-03-21,iron_ore,197.95,per_ton,WorldBank_synthetic
2021-03-22,coal,128.84,per_ton,WorldBank_synthetic
2021-03-22,iron_ore,211.32,per_ton,WorldBank_synthetic
2021-03-23,coal,125.98,per_ton,WorldBank_synthetic
2021-03-23,iron_ore,212.59,per_ton,WorldBank_synthetic
2021-03-24,coal,125.05,per_ton,WorldBank_synthetic
2021-03-24,iron_ore,192.9,per_ton,WorldBank_synthetic
2021-03-25,coal,125.57,per_ton,WorldBank_synthetic
2021-03-25,iron_ore,203.28,per_ton,WorldBank_synthetic
2021-03-26,coal,135.07,per_ton,WorldBank_synthetic
2021-03-26,iron_ore,214.38,per_ton,WorldBank_synthetic
2021-03-27,coal,128.9,per_ton,WorldBank_synthetic
2021-03-27,iron_ore,204.08,per_ton,WorldBank_synthetic
2021-03-28,coal,132.11,per_ton,WorldBank_synthetic
2021-03-28,iron_ore,220.22,per_ton,WorldBank_synthetic
2021-03-29,coal,124.65,per_ton,WorldBank_synthetic
2021-03-29,iron_ore,202.97,per_ton,WorldBank_synthetic
2021-03-30,coal,135.41,per_ton,WorldBank_synthetic
2021-03-30,iron_ore,211.75,per_ton,WorldBank_synthetic
2021-03-31,coal,127.62,per_ton,WorldBank_synthetic
2021-03-31,iron_ore,216.95,per_ton,WorldBank_synthetic
2021-04-01,coal,132.72,per_ton,WorldBank_synthetic
2021-04-01,iron_ore,199.97,per_ton,WorldBank_synthetic
2021-04-02,coal,131.48,per_ton,WorldBank_synthetic
2021-04-02,iron_ore,207.25,per_ton,WorldBank_synthetic
2021-04-03,coal,138.52,per_ton,WorldBank_synthetic
2021-04-03,iron_ore,211.96,per_ton,WorldBank_synthetic
2021-04-04,coal,132.81,per_ton,WorldBank_synthetic
2021-04-04,iron_ore,207.96,per_ton,WorldBank_synthetic
2021-04-05,coal,133.13,per_ton,WorldBank_synthetic
2021-04-05,iron_ore,195.57,per_ton,WorldBank_synthetic
2021-04-06,coal,123.38,per_ton,WorldBank_synthetic
2021-04-06,iron_ore,209.57,per_ton,WorldBank_synthetic
2021-04-07,coal,132.77,per_ton,WorldBank_synthetic
2021-04-07,iron_ore,203.01,per_ton,WorldBank_synthetic
2021-04-08,coal,120.9,per_ton,WorldBank_synthetic
2021-04-08,iron_ore,197.31,per_ton,WorldBank_synthetic
2021-04-09,coal,133.7,per_ton,WorldBank_synthetic
2021-04-09,iron_ore,206.8,per_ton,WorldBank_synthetic
2021-04-10,coal,127.91,per_ton,WorldBank_synthetic
2021-04-10,iron_ore,198.11,per_ton,WorldBank_synthetic
2021-04-11,coal,132.55,per_ton,WorldBank_synthetic
2021-04-11,iron_ore,204.1,per_ton,WorldBank_synthetic
2021-04-12,coal,130.52,per_ton,WorldBank_synthetic
2021-04-12,iron_ore,201.03,per_ton,WorldBank_synthetic
2021-04-13,coal,132.16,per_ton,WorldBank_synthetic
2021-04-13,iron_ore,207.08,per_ton,WorldBank_synthetic
2021-04-14,coal,128.37,per_ton,WorldBank_synthetic
2021-04-14,iron_ore,217.86,per_ton,WorldBank_synthetic
2021-04-15,coal,128.64,per_ton,WorldBank_synthetic
2021-04-15,iron_ore,205.64,per_ton,WorldBank_synthetic
2021-04-16,coal,123.9,per_ton,WorldBank_synthetic
2021-04-16,iron_ore,196.06,per_ton,WorldBank_synthetic
2021-04-17,coal,136.34,per_ton,WorldBank_synthetic
2021-04-17,iron_ore,209.6,per_ton,WorldBank_synthetic
2021-04-18,coal,132.88,per_ton,WorldBank_synthetic
2021-04-18,iron_ore,198.14,per_ton,WorldBank_synthetic
2021-04-19,coal,133.64,per_ton,WorldBank_synthetic
2021-04-19,iron_ore,195.3,per_ton,WorldBank_synthetic
2021-04-20,coal,137.28,per_ton,WorldBank_synthetic
2021-04-20,iron_ore,181.94,per_ton,WorldBank_synthetic
2021-04-21,coal,130.06,per_ton,WorldBank_synthetic
2021-04-21,iron_ore,196.31,per_ton,WorldBank_synthetic
2021-04-22,coal,138.51,per_ton,WorldBank_synthetic
2021-04-22,iron_ore,200.82,per_ton,WorldBank_synthetic
2021-04-23,coal,138.27,per_ton,WorldBank_synthetic
2021-04-23,iron_ore,213.68,per_ton,WorldBank_synthetic
2021-04-24,coal,134.39,per_ton,WorldBank_synthetic
2021-04-24,iron_ore,188.72,per_ton,WorldBank_synthetic
2021-04-25,coal,128.39,per_ton,WorldBank_synthetic
2021-04-25,iron_ore,197.54,per_ton,WorldBank_synthetic
2021-04-26,coal,134.19,per_ton,WorldBank_synthetic
2021-04-26,iron_ore,204.27,per_ton,WorldBank_synthetic
2021-04-27,coal,125.56,per_ton,WorldBank_synthetic
2021-04-27,iron_ore,207.21,per_ton,WorldBank_synthetic
2021-04-28,coal,127.16,per_ton,WorldBank_synthetic
2021-04-28,iron_ore,197.79,per_ton,WorldBank_synthetic
2021-04-29,coal,133.54,per_ton,WorldBank_synthetic
2021-04-29,iron_ore,199.28,per_ton,WorldBank_synthetic
2021-04-30,coal,140.11,per_ton,WorldBank_synthetic
2021-04-30,iron_ore,209.12,per_ton,WorldBank_synthetic
2021-05-01,coal,125.68,per_ton,WorldBank_synthetic
2021-05-01,iron_ore,190.68,per_ton,WorldBank_synthetic
2021-05-02,coal,138.02,per_ton,WorldBank_synthetic
2021-05-02,iron_ore,200.27,per_ton,WorldBank_synthetic
2021-05-03,coal,135.42,per_ton,WorldBank_synthetic
2021-05-03,iron_ore,199.24,per_ton,WorldBank_synthetic
2021-05-04,coal,138.42,per_ton,WorldBank_synthetic
2021-05-04,iron_ore,204.89,per_ton,WorldBank_synthetic
2021-05-05,coal,136.19,per_ton,WorldBank_synthetic
2021-05-05,iron_ore,192.97,per_ton,WorldBank_synthetic
2021-05-06,coal,135.28,per_ton,WorldBank_synthetic
2021-05-06,iron_ore,185.17,per_ton,WorldBank_synthetic
2021-05-07,coal,131.02,per_ton,WorldBank_synthetic
2021-05-07,iron_ore,192.63,per_ton,WorldBank_synthetic
2021-05-08,coal,128.32,per_ton,WorldBank_synthetic
2021-05-08,iron_ore,189.87,per_ton,WorldBank_synthetic
2021-05-09,coal,122.14,per_ton,WorldBank_synthetic
2021-05-09,iron_ore,206.93,per_ton,WorldBank_synthetic
2021-05-10,coal,131.08,per_ton,WorldBank_synthetic
2021-05-10,iron_ore,195.26,per_ton,WorldBank_synthetic
2021-05-11,coal,134.62,per_ton,WorldBank_synthetic
2021-05-11,iron_ore,204.85,per_ton,WorldBank_synthetic
2021-05-12,coal,138.75,per_ton,WorldBank_synthetic
2021-05-12,iron_ore,192.52,per_ton,WorldBank_synthetic
2021-05-13,coal,132.97,per_ton,WorldBank_synthetic
2021-05-13,iron_ore,188.37,per_ton,WorldBank_synthetic
2021-05-14,coal,135.64,per_ton,WorldBank_synthetic
2021-05-14,iron_ore,195.42,per_ton,WorldBank_synthetic
2021-05-15,coal,136.47,per_ton,WorldBank_synthetic
2021-05-15,iron_ore,201.51,per_ton,WorldBank_synthetic
2021-05-16,coal,135.78,per_ton,WorldBank_synthetic
2021-05-16,iron_ore,198.81,per_ton,WorldBank_synthetic
2021-05-17,coal,132.25,per_ton,WorldBank_synthetic
2021-05-17,iron_ore,184.21,per_ton,WorldBank_synthetic
2021-05-18,coal,133.39,per_ton,WorldBank_synthetic
2021-05-18,iron_ore,207.25,per_ton,WorldBank_synthetic
2021-05-19,coal,129.51,per_ton,WorldBank_synthetic
2021-05-19,iron_ore,187.99,per_ton,WorldBank_synthetic
2021-05-20,coal,134.7,per_ton,WorldBank_synthetic
2021-05-20,iron_ore,206.42,per_ton,WorldBank_synthetic
2021-05-21,coal,126.33,per_ton,WorldBank_synthetic
2021-05-21,iron_ore,173.32,per_ton,WorldBank_synthetic
2021-05-22,coal,128.38,per_ton,WorldBank_synthetic
2021-05-22,iron_ore,193.06,per_ton,WorldBank_synthetic
2021-05-23,coal,130.66,per_ton,WorldBank_synthetic
2021-05-23,iron_ore,189.79,per_ton,WorldBank_synthetic
2021-05-24,coal,128.78,per_ton,WorldBank_synthetic
2021-05-24,iron_ore,186.31,per_ton,WorldBank_synthetic
2021-05-25,coal,127.07,per_ton,WorldBank_synthetic
2021-05-25,iron_ore,193.98,per_ton,WorldBank_synthetic
2021-05-26,coal,133.97,per_ton,WorldBank_synthetic
2021-05-26,iron_ore,178.02,per_ton,WorldBank_synthetic
2021-05-27,coal,138.93,per_ton,WorldBank_synthetic
2021-05-27,iron_ore,193.84,per_ton,WorldBank_synthetic
2021-05-28,coal,133.69,per_ton,WorldBank_synthetic
2021-05-28,iron_ore,187.64,per_ton,WorldBank_synthetic
2021-05-29,coal,132.09,per_ton,WorldBank_synthetic
2021-05-29,iron_ore,180.52,per_ton,WorldBank_synthetic
2021-05-30,coal,138.63,per_ton,WorldBank_synthetic
2021-05-30,iron_ore,200.42,per_ton,WorldBank_synthetic
2021-05-31,coal,129.4,per_ton,WorldBank_synthetic
2021-05-31,iron_ore,178.15,per_ton,WorldBank_synthetic
2021-06-01,coal,248.96,per_ton,WorldBank_synthetic
2021-06-01,iron_ore,193.02,per_ton,WorldBank_synthetic
2021-06-02,coal,248.41,per_ton,WorldBank_synthetic
2021-06-02,iron_ore,181.51,per_ton,WorldBank_synthetic
2021-06-03,coal,251.06,per_ton,WorldBank_synthetic
2021-06-03,iron_ore,180.48,per_ton,WorldBank_synthetic
2021-06-04,coal,256.82,per_ton,WorldBank_synthetic
2021-06-04,iron_ore,194.62,per_ton,WorldBank_synthetic
2021-06-05,coal,253.34,per_ton,WorldBank_synthetic
2021-06-05,iron_ore,180.97,per_ton,WorldBank_synthetic
2021-06-06,coal,250.93,per_ton,WorldBank_synthetic
2021-06-06,iron_ore,195.09,per_ton,WorldBank_synthetic
2021-06-07,coal,239.3,per_ton,WorldBank_synthetic
2021-06-07,iron_ore,187.45,per_ton,WorldBank_synthetic
2021-06-08,coal,256.66,per_ton,WorldBank_synthetic
2021-06-08,iron_ore,199.87,per_ton,WorldBank_synthetic
2021-06-09,coal,244.75,per_ton,WorldBank_synthetic
2021-06-09,iron_ore,187.17,per_ton,WorldBank_synthetic
2021-06-10,coal,254.58,per_ton,WorldBank_synthetic
2021-06-10,iron_ore,194.18,per_ton,WorldBank_synthetic
2021-06-11,coal,240.03,per_ton,WorldBank_synthetic
2021-06-11,iron_ore,168.03,per_ton,WorldBank_synthetic
2021-06-12,coal,249.86,per_ton,WorldBank_synthetic
2021-06-12,iron_ore,187.66,per_ton,WorldBank_synthetic
2021-06-13,coal,248.32,per_ton,WorldBank_synthetic
2021-06-13,iron_ore,180.63,per_ton,WorldBank_synthetic
2021-06-14,coal,255.19,per_ton,WorldBank_synthetic
2021-06-14,iron_ore,194.64,per_ton,WorldBank_synthetic
2021-06-15,coal,245.69,per_ton,WorldBank_synthetic
2021-06-15,iron_ore,183.65,per_ton,WorldBank_synthetic
2021-06-16,coal,242.72,per_ton,WorldBank_synthetic
2021-06-16,iron_ore,195.84,per_ton,WorldBank_synthetic
2021-06-17,coal,241.33,per_ton,WorldBank_synthetic
2021-06-17,iron_ore,172.96,per_ton,WorldBank_synthetic
2021-06-18,coal,243.75,per_ton,WorldBank_synthetic
2021-06-18,iron_ore,172.69,per_ton,WorldBank_synthetic
2021-06-19,coal,254.43,per_ton,WorldBank_synthetic
2021-06-19,iron_ore,199.22,per_ton,WorldBank_synthetic
2021-06-20,coal,249.19,per_ton,WorldBank_synthetic
2021-06-20,iron_ore,177.52,per_ton,WorldBank_synthetic
2021-06-21,coal,251.34,per_ton,WorldBank_synthetic
2021-06-21,iron_ore,172.51,per_ton,WorldBank_synthetic
2021-06-22,coal,254.26,per_ton,WorldBank_synthetic
2021-06-22,iron_ore,179.04,per_ton,WorldBank_synthetic
2021-06-23,coal,249.51,per_ton,WorldBank_synthetic
2021-06-23,iron_ore,173.36,per_ton,WorldBank_synthetic
2021-06-24,coal,246.22,per_ton,WorldBank_synthetic
2021-06-24,iron_ore,165.49,per_ton,WorldBank_synthetic
2021-06-25,coal,247.17,per_ton,WorldBank_synthetic
2021-06-25,iron_ore,185.13,per_ton,WorldBank_synthetic
2021-06-26,coal,237.65,per_ton,WorldBank_synthetic
2021-06-26,iron_ore,169.48,per_ton,WorldBank_synthetic
2021-06-27,coal,244.36,per_ton,WorldBank_synthetic
2021-06-27,iron_ore,174.64,per_ton,WorldBank_synthetic
2021-06-28,coal,246.13,per_ton,WorldBank_synthetic
2021-06-28,iron_ore,176.31,per_ton,WorldBank_synthetic
2021-06-29,coal,247.83,per_ton,WorldBank_synthetic
2021-06-29,iron_ore,175.95,per_ton,WorldBank_synthetic
2021-06-30,coal,237.83,per_ton,WorldBank_synthetic
2021-06-30,iron_ore,178.3,per_ton,WorldBank_synthetic
2021-07-01,coal,252.08,per_ton,WorldBank_synthetic
2021-07-01,iron_ore,177.41,per_ton,WorldBank_synthetic
2021-07-02,coal,237.03,per_ton,WorldBank_synthetic
2021-07-02,iron_ore,96.75,per_ton,WorldBank_synthetic
2021-07-03,coal,248.1,per_ton,WorldBank_synthetic
2021-07-03,iron_ore,86.54,per_ton,WorldBank_synthetic
2021-07-04,coal,245.93,per_ton,WorldBank_synthetic
2021-07-04,iron_ore,104.22,per_ton,WorldBank_synthetic
2021-07-05,coal,253.46,per_ton,WorldBank_synthetic
2021-07-05,iron_ore,94.57,per_ton,WorldBank_synthetic
2021-07-06,coal,247.74,per_ton,WorldBank_synthetic
2021-07-06,iron_ore,91.79,per_ton,WorldBank_synthetic
2021-07-07,coal,242.97,per_ton,WorldBank_synthetic
2021-07-07,iron_ore,103.75,per_ton,WorldBank_synthetic
2021-07-08,coal,249.66,per_ton,WorldBank_synthetic
2021-07-08,iron_ore,97.16,per_ton,WorldBank_synthetic
2021-07-09,coal,242.04,per_ton,WorldBank_synthetic
2021-07-09,iron_ore,103.51,per_ton,WorldBank_synthetic
2021-07-10,coal,249.7,per_ton,WorldBank_synthetic
2021-07-10,iron_ore,81.0,per_ton,WorldBank_synthetic
2021-07-11,coal,249.76,per_ton,WorldBank_synthetic
2021-07-11,iron_ore,92.23,per_ton,WorldBank_synthetic
2021-07-12,coal,245.53,per_ton,WorldBank_synthetic
2021-07-12,iron_ore,74.31,per_ton,WorldBank_synthetic
2021-07-13,coal,236.65,per_ton,WorldBank_synthetic
2021-07-13,iron_ore,97.91,per_ton,WorldBank_synthetic
2021-07-14,coal,239.95,per_ton,WorldBank_synthetic
2021-07-14,iron_ore,96.05,per_ton,WorldBank_synthetic
2021-07-15,coal,236.97,per_ton,WorldBank_synthetic
2021-07-15,iron_ore,77.31,per_ton,WorldBank_synthetic
2021-07-16,coal,252.99,per_ton,WorldBank_synthetic
2021-07-16,iron_ore,95.94,per_ton,WorldBank_synthetic
2021-07-17,coal,242.61,per_ton,WorldBank_synthetic
2021-07-17,iron_ore,90.02,per_ton,WorldBank_synthetic
2021-07-18,coal,239.54,per_ton,WorldBank_synthetic
2021-07-18,iron_ore,90.63,per_ton,WorldBank_synthetic
2021-07-19,coal,248.8,per_ton,WorldBank_synthetic
2021-07-19,iron_ore,84.02,per_ton,WorldBank_synthetic
2021-07-20,coal,245.16,per_ton,WorldBank_synthetic
2021-07-20,iron_ore,73.37,per_ton,WorldBank_synthetic
2021-07-21,coal,251.56,per_ton,WorldBank_synthetic
2021-07-21,iron_ore,94.5,per_ton,WorldBank_synthetic
2021-07-22,coal,242.23,per_ton,WorldBank_synthetic
2021-07-22,iron_ore,83.35,per_ton,WorldBank_synthetic
2021-07-23,coal,249.26,per_ton,WorldBank_synthetic
2021-07-23,iron_ore,81.56,per_ton,WorldBank_synthetic
2021-07-24,coal,243.88,per_ton,WorldBank_synthetic
2021-07-24,iron_ore,82.65,per_ton,WorldBank_synthetic
2021-07-25,coal,237.24,per_ton,WorldBank_synthetic
2021-07-25,iron_ore,93.04,per_ton,WorldBank_synthetic
2021-07-26,coal,239.62,per_ton,WorldBank_synthetic
2021-07-26,iron_ore,88.01,per_ton,WorldBank_synthetic
2021-07-27,coal,239.78,per_ton,WorldBank_synthetic
2021-07-27,iron_ore,82.78,per_ton,WorldBank_synthetic
2021-07-28,coal,240.49,per_ton,WorldBank_synthetic
2021-07-28,iron_ore,78.19,per_ton,WorldBank_synthetic
2021-07-29,coal,244.84,per_ton,WorldBank_synthetic
2021-07-29,iron_ore,82.31,per_ton,WorldBank_synthetic
2021-07-30,coal,245.32,per_ton,WorldBank_synthetic
2021-07-30,iron_ore,88.55,per_ton,WorldBank_synthetic
2021-07-31,coal,246.95,per_ton,WorldBank_synthetic
2021-07-31,iron_ore,78.22,per_ton,WorldBank_synthetic
2021-08-01,coal,244.0,per_ton,WorldBank_synthetic
2021-08-01,iron_ore,80.33,per_ton,WorldBank_synthetic
2021-08-02,coal,240.4,per_ton,WorldBank_synthetic
2021-08-02,iron_ore,75.59,per_ton,WorldBank_synthetic
2021-08-03,coal,237.98,per_ton,WorldBank_synthetic
2021-08-03,iron_ore,85.92,per_ton,WorldBank_synthetic
2021-08-04,coal,238.48,per_ton,WorldBank_synthetic
2021-08-04,iron_ore,74.62,per_ton,WorldBank_synthetic
2021-08-05,coal,244.27,per_ton,WorldBank_synthetic
2021-08-05,iron_ore,82.9,per_ton,WorldBank_synthetic
2021-08-06,coal,233.78,per_ton,WorldBank_synthetic
2021-08-06,iron_ore,80.47,per_ton,WorldBank_synthetic
2021-08-07,coal,245.36,per_ton,WorldBank_synthetic
2021-08-07,iron_ore,87.98,per_ton,WorldBank_synthetic
2021-08-08,coal,236.87,per_ton,WorldBank_synthetic
2021-08-08,iron_ore,69.92,per_ton,WorldBank_synthetic
2021-08-09,coal,237.58,per_ton,WorldBank_synthetic
2021-08-09,iron_ore,89.15,per_ton,WorldBank_synthetic
2021-08-10,coal,242.97,per_ton,WorldBank_synthetic
2021-08-10,iron_ore,59.64,per_ton,WorldBank_synthetic
2021-08-11,coal,243.4,per_ton,WorldBank_synthetic
2021-08-11,iron_ore,59.84,per_ton,WorldBank_synthetic
2021-08-12,coal,248.62,per_ton,WorldBank_synthetic
2021-08-12,iron_ore,83.94,per_ton,WorldBank_synthetic
2021-08-13,coal,236.84,per_ton,WorldBank_synthetic
2021-08-13,iron_ore,77.63,per_ton,WorldBank_synthetic
2021-08-14,coal,241.97,per_ton,WorldBank_synthetic
2021-08-14,iron_ore,72.43,per_ton,WorldBank_synthetic
2021-08-15,coal,240.85,per_ton,WorldBank_synthetic
2021-08-15,iron_ore,74.94,per_ton,WorldBank_synthetic
2021-08-16,coal,237.13,per_ton,WorldBank_synthetic
2021-08-16,iron_ore,87.79,per_ton,WorldBank_synthetic
2021-08-17,coal,228.06,per_ton,WorldBank_synthetic
2021-08-17,iron_ore,75.57,per_ton,WorldBank_synthetic
2021-08-18,coal,231.15,per_ton,WorldBank_synthetic
2021-08-18,iron_ore,73.35,per_ton,WorldBank_synthetic
2021-08-19,coal,234.44,per_ton,WorldBank_synthetic
2021-08-19,iron_ore,94.79,per_ton,WorldBank_synthetic
2021-08-20,coal,235.28,per_ton,WorldBank_synthetic
2021-08-20,iron_ore,72.94,per_ton,WorldBank_synthetic
2021-08-21,coal,234.63,per_ton,WorldBank_synthetic
2021-08-21,iron_ore,80.77,per_ton,WorldBank_synthetic
2021-08-22,coal,235.05,per_ton,WorldBank_synthetic
2021-08-22,iron_ore,68.04,per_ton,WorldBank_synthetic
2021-08-23,coal,246.83,per_ton,WorldBank_synthetic
2021-08-23,iron_ore,79.15,per_ton,WorldBank_synthetic
2021-08-24,coal,238.7,per_ton,WorldBank_synthetic
2021-08-24,iron_ore,91.83,per_ton,WorldBank_synthetic
2021-08-25,coal,234.07,per_ton,WorldBank_synthetic
2021-08-25,iron_ore,65.66,per_ton,WorldBank_synthetic
2021-08-26,coal,233.16,per_ton,WorldBank_synthetic
2021-08-26,iron_ore,81.42,per_ton,WorldBank_synthetic
2021-08-27,coal,233.92,per_ton,WorldBank_synthetic
2021-08-27,iron_ore,80.95,per_ton,WorldBank_synthetic
2021-08-28,coal,233.75,per_ton,WorldBank_synthetic
2021-08-28,iron_ore,56.55,per_ton,WorldBank_synthetic
2021-08-29,coal,232.78,per_ton,WorldBank_synthetic
2021-08-29,iron_ore,73.0,per_ton,WorldBank_synthetic
2021-08-30,coal,242.65,per_ton,WorldBank_synthetic
2021-08-30,iron_ore,80.76,per_ton,WorldBank_synthetic
2021-08-31,coal,238.42,per_ton,WorldBank_synthetic
2021-08-31,iron_ore,75.47,per_ton,WorldBank_synthetic
2021-09-01,coal,223.27,per_ton,WorldBank_synthetic
2021-09-01,iron_ore,71.75,per_ton,WorldBank_synthetic
2021-09-02,coal,236.59,per_ton,WorldBank_synthetic
2021-09-02,iron_ore,66.83,per_ton,WorldBank_synthetic
2021-09-03,coal,232.97,per_ton,WorldBank_synthetic
2021-09-03,iron_ore,76.0,per_ton,WorldBank_synthetic
2021-09-04,coal,241.91,per_ton,WorldBank_synthetic
2021-09-04,iron_ore,84.33,per_ton,WorldBank_synthetic
2021-09-05,coal,235.15,per_ton,WorldBank_synthetic
2021-09-05,iron_ore,61.91,per_ton,WorldBank_synthetic
2021-09-06,coal,245.47,per_ton,WorldBank_synthetic
2021-09-06,iron_ore,65.38,per_ton,WorldBank_synthetic
2021-09-07,coal,233.36,per_ton,WorldBank_synthetic
2021-09-07,iron_ore,56.52,per_ton,WorldBank_synthetic
2021-09-08,coal,237.98,per_ton,WorldBank_synthetic
2021-09-08,iron_ore,72.14,per_ton,WorldBank_synthetic
2021-09-09,coal,240.02,per_ton,WorldBank_synthetic
2021-09-09,iron_ore,68.75,per_ton,WorldBank_synthetic
2021-09-10,coal,238.46,per_ton,WorldBank_synthetic
2021-09-10,iron_ore,71.08,per_ton,WorldBank_synthetic
2021-09-11,coal,238.24,per_ton,WorldBank_synthetic
2021-09-11,iron_ore,75.76,per_ton,WorldBank_synthetic
2021-09-12,coal,239.86,per_ton,WorldBank_synthetic
2021-09-12,iron_ore,67.53,per_ton,WorldBank_synthetic
2021-09-13,coal,232.85,per_ton,WorldBank_synthetic
2021-09-13,iron_ore,72.13,per_ton,WorldBank_synthetic
2021-09-14,coal,232.6,per_ton,WorldBank_synthetic
2021-09-14,iron_ore,64.22,per_ton,WorldBank_synthetic
2021-09-15,coal,231.84,per_ton,WorldBank_synthetic
2021-09-15,iron_ore,82.16,per_ton,WorldBank_synthetic
2021-09-16,coal,230.52,per_ton,WorldBank_synthetic
2021-09-16,iron_ore,70.11,per_ton,WorldBank_synthetic
2021-09-17,coal,238.71,per_ton,WorldBank_synthetic
2021-09-17,iron_ore,71.52,per_ton,WorldBank_synthetic
2021-09-18,coal,235.08,per_ton,WorldBank_synthetic
2021-09-18,iron_ore,64.89,per_ton,WorldBank_synthetic
2021-09-19,coal,234.25,per_ton,WorldBank_synthetic
2021-09-19,iron_ore,42.18,per_ton,WorldBank_synthetic
2021-09-20,coal,231.38,per_ton,WorldBank_synthetic
2021-09-20,iron_ore,74.55,per_ton,WorldBank_synthetic
2021-09-21,coal,231.08,per_ton,WorldBank_synthetic
2021-09-21,iron_ore,64.44,per_ton,WorldBank_synthetic
2021-09-22,coal,248.32,per_ton,WorldBank_synthetic
2021-09-22,iron_ore,55.34,per_ton,WorldBank_synthetic
2021-09-23,coal,232.58,per_ton,WorldBank_synthetic
2021-09-23,iron_ore,60.8,per_ton,WorldBank_synthetic
2021-09-24,coal,225.09,per_ton,WorldBank_synthetic
2021-09-24,iron_ore,55.6,per_ton,WorldBank_synthetic
2021-09-25,coal,227.91,per_ton,WorldBank_synthetic
2021-09-25,iron_ore,66.63,per_ton,WorldBank_synthetic
2021-09-26,coal,233.8,per_ton,WorldBank_synthetic
2021-09-26,iron_ore,44.95,per_ton,WorldBank_synthetic
2021-09-27,coal,239.07,per_ton,WorldBank_synthetic
2021-09-27,iron_ore,69.53,per_ton,WorldBank_synthetic
2021-09-28,coal,233.2,per_ton,WorldBank_synthetic
2021-09-28,iron_ore,69.08,per_ton,WorldBank_synthetic
2021-09-29,coal,237.94,per_ton,WorldBank_synthetic
2021-09-29,iron_ore,53.94,per_ton,WorldBank_synthetic
2021-09-30,coal,236.41,per_ton,WorldBank_synthetic
2021-09-30,iron_ore,62.48,per_ton,WorldBank_synthetic
2021-10-01,coal,230.82,per_ton,WorldBank_synthetic
2021-10-01,iron_ore,52.55,per_ton,WorldBank_synthetic
2021-10-02,coal,237.04,per_ton,WorldBank_synthetic
2021-10-02,iron_ore,78.98,per_ton,WorldBank_synthetic
2021-10-03,coal,234.82,per_ton,WorldBank_synthetic
2021-10-03,iron_ore,61.97,per_ton,WorldBank_synthetic
2021-10-04,coal,229.75,per_ton,WorldBank_synthetic
2021-10-04,iron_ore,57.98,per_ton,WorldBank_synthetic
2021-10-05,coal,234.02,per_ton,WorldBank_synthetic
2021-10-05,iron_ore,56.82,per_ton,WorldBank_synthetic
2021-10-06,coal,231.77,per_ton,WorldBank_synthetic
2021-10-06,iron_ore,59.22,per_ton,WorldBank_synthetic
2021-10-07,coal,232.25,per_ton,WorldBank_synthetic
2021-10-07,iron_ore,69.32,per_ton,WorldBank_synthetic
2021-10-08,coal,245.34,per_ton,WorldBank_synthetic
2021-10-08,iron_ore,53.08,per_ton,WorldBank_synthetic
2021-10-09,coal,233.3,per_ton,WorldBank_synthetic
2021-10-09,iron_ore,62.43,per_ton,WorldBank_synthetic
2021-10-10,coal,238.06,per_ton,WorldBank_synthetic
2021-10-10,iron_ore,52.65,per_ton,WorldBank_synthetic
2021-10-11,coal,232.33,per_ton,WorldBank_synthetic
2021-10-11,iron_ore,63.24,per_ton,WorldBank_synthetic
2021-10-12,coal,227.03,per_ton,WorldBank_synthetic
2021-10-12,iron_ore,76.07,per_ton,WorldBank_synthetic
2021-10-13,coal,236.77,per_ton,WorldBank_synthetic
2021-10-13,iron_ore,55.72,per_ton,WorldBank_synthetic
2021-10-14,coal,234.55,per_ton,WorldBank_synthetic
2021-10-14,iron_ore,49.38,per_ton,WorldBank_synthetic
2021-10-15,coal,244.36,per_ton,WorldBank_synthetic
2021-10-15,iron_ore,57.1,per_ton,WorldBank_synthetic
2021-10-16,coal,233.22,per_ton,WorldBank_synthetic
2021-10-16,iron_ore,71.65,per_ton,WorldBank_synthetic
2021-10-17,coal,240.61,per_ton,WorldBank_synthetic
2021-10-17,iron_ore,55.86,per_ton,WorldBank_synthetic
2021-10-18,coal,237.69,per_ton,WorldBank_synthetic
2021-10-18,iron_ore,54.58,per_ton,WorldBank_synthetic
2021-10-19,coal,233.76,per_ton,WorldBank_synthetic
2021-10-19,iron_ore,55.3,per_ton,WorldBank_synthetic
2021-10-20,coal,237.12,per_ton,WorldBank_synthetic
2021-10-20,iron_ore,65.66,per_ton,WorldBank_synthetic
2021-10-21,coal,245.59,per_ton,WorldBank_synthetic
2021-10-21,iron_ore,40,per_ton,WorldBank_synthetic
2021-10-22,coal,247.38,per_ton,WorldBank_synthetic
2021-10-22,iron_ore,64.77,per_ton,WorldBank_synthetic
2021-10-23,coal,235.93,per_ton,WorldBank_synthetic
2021-10-23,iron_ore,52.97,per_ton,WorldBank_synthetic
2021-10-24,coal,226.58,per_ton,WorldBank_synthetic
2021-10-24,iron_ore,65.82,per_ton,WorldBank_synthetic
2021-10-25,coal,230.53,per_ton,WorldBank_synthetic
2021-10-25,iron_ore,61.33,per_ton,WorldBank_synthetic
2021-10-26,coal,234.01,per_ton,WorldBank_synthetic
2021-10-26,iron_ore,42.96,per_ton,WorldBank_synthetic
2021-10-27,coal,238.26,per_ton,WorldBank_synthetic
2021-10-27,iron_ore,59.72,per_ton,WorldBank_synthetic
2021-10-28,coal,231.58,per_ton,WorldBank_synthetic
2021-10-28,iron_ore,62.57,per_ton,WorldBank_synthetic
2021-10-29,coal,245.37,per_ton,WorldBank_synthetic
2021-10-29,iron_ore,59.48,per_ton,WorldBank_synthetic
2021-10-30,coal,238.6,per_ton,WorldBank_synthetic
2021-10-30,iron_ore,49.56,per_ton,WorldBank_synthetic
2021-10-31,coal,231.34,per_ton,WorldBank_synthetic
2021-10-31,iron_ore,52.06,per_ton,WorldBank_synthetic
2021-11-01,coal,236.98,per_ton,WorldBank_synthetic
2021-11-01,iron_ore,55.28,per_ton,WorldBank_synthetic
2021-11-02,coal,235.75,per_ton,WorldBank_synthetic
2021-11-02,iron_ore,75.0,per_ton,WorldBank_synthetic
2021-11-03,coal,239.7,per_ton,WorldBank_synthetic
2021-11-03,iron_ore,47.14,per_ton,WorldBank_synthetic
2021-11-04,coal,230.95,per_ton,WorldBank_synthetic
2021-11-04,iron_ore,40.93,per_ton,WorldBank_synthetic
2021-11-05,coal,232.02,per_ton,WorldBank_synthetic
2021-11-05,iron_ore,59.36,per_ton,WorldBank_synthetic
2021-11-06,coal,235.75,per_ton,WorldBank_synthetic
2021-11-06,iron_ore,49.09,per_ton,WorldBank_synthetic
2021-11-07,coal,240.25,per_ton,WorldBank_synthetic
2021-11-07,iron_ore,58.93,per_ton,WorldBank_synthetic
2021-11-08,coal,239.27,per_ton,WorldBank_synthetic
2021-11-08,iron_ore,54.33,per_ton,WorldBank_synthetic
2021-11-09,coal,237.35,per_ton,WorldBank_synthetic
2021-11-09,iron_ore,43.8,per_ton,WorldBank_synthetic
2021-11-10,coal,228.44,per_ton,WorldBank_synthetic
2021-11-10,iron_ore,47.8,per_ton,WorldBank_synthetic
2021-11-11,coal,233.85,per_ton,WorldBank_synthetic
2021-11-11,iron_ore,47.62,per_ton,WorldBank_synthetic
2021-11-12,coal,237.05,per_ton,WorldBank_synthetic
2021-11-12,iron_ore,50.3,per_ton,WorldBank_synthetic
2021-11-13,coal,231.53,per_ton,WorldBank_synthetic
2021-11-13,iron_ore,53.19,per_ton,WorldBank_synthetic
2021-11-14,coal,239.86,per_ton,WorldBank_synthetic
2021-11-14,iron_ore,50.0,per_ton,WorldBank_synthetic
2021-11-15,coal,242.41,per_ton,WorldBank_synthetic
2021-11-15,iron_ore,56.39,per_ton,WorldBank_synthetic
2021-11-16,coal,240.41,per_ton,WorldBank_synthetic
2021-11-16,iron_ore,50.81,per_ton,WorldBank_synthetic
2021-11-17,coal,240.67,per_ton,WorldBank_synthetic
2021-11-17,iron_ore,59.2,per_ton,WorldBank_synthetic
2021-11-18,coal,229.09,per_ton,WorldBank_synthetic
2021-11-18,iron_ore,62.22,per_ton,WorldBank_synthetic
2021-11-19,coal,236.33,per_ton,WorldBank_synthetic
2021-11-19,iron_ore,58.83,per_ton,WorldBank_synthetic
2021-11-20,coal,227.5,per_ton,WorldBank_synthetic
2021-11-20,iron_ore,50.1,per_ton,WorldBank_synthetic
2021-11-21,coal,230.69,per_ton,WorldBank_synthetic
2021-11-21,iron_ore,52.33,per_ton,WorldBank_synthetic
2021-11-22,coal,240.24,per_ton,WorldBank_synthetic
2021-11-22,iron_ore,56.73,per_ton,WorldBank_synthetic
2021-11-23,coal,239.59,per_ton,WorldBank_synthetic
2021-11-23,iron_ore,43.41,per_ton,WorldBank_synthetic
2021-11-24,coal,246.15,per_ton,WorldBank_synthetic
2021-11-24,iron_ore,42.63,per_ton,WorldBank_synthetic
2021-11-25,coal,238.11,per_ton,WorldBank_synthetic
2021-11-25,iron_ore,47.14,per_ton,WorldBank_synthetic
2021-11-26,coal,236.94,per_ton,WorldBank_synthetic
2021-11-26,iron_ore,42.09,per_ton,WorldBank_synthetic
2021-11-27,coal,245.54,per_ton,WorldBank_synthetic
2021-11-27,iron_ore,59.26,per_ton,WorldBank_synthetic
2021-11-28,coal,240.63,per_ton,WorldBank_synthetic
2021-11-28,iron_ore,52.11,per_ton,WorldBank_synthetic
2021-11-29,coal,235.63,per_ton,WorldBank_synthetic
2021-11-29,iron_ore,52.35,per_ton,WorldBank_synthetic
2021-11-30,coal,236.05,per_ton,WorldBank_synthetic
2021-11-30,iron_ore,53.91,per_ton,WorldBank_synthetic
2021-12-01,coal,242.73,per_ton,WorldBank_synthetic
2021-12-01,iron_ore,51.22,per_ton,WorldBank_synthetic
2021-12-02,coal,242.92,per_ton,WorldBank_synthetic
2021-12-02,iron_ore,57.85,per_ton,WorldBank_synthetic
2021-12-03,coal,245.12,per_ton,WorldBank_synthetic
2021-12-03,iron_ore,68.97,per_ton,WorldBank_synthetic
2021-12-04,coal,234.12,per_ton,WorldBank_synthetic
2021-12-04,iron_ore,43.29,per_ton,WorldBank_synthetic
2021-12-05,coal,235.35,per_ton,WorldBank_synthetic
2021-12-05,iron_ore,51.57,per_ton,WorldBank_synthetic
2021-12-06,coal,233.63,per_ton,WorldBank_synthetic
2021-12-06,iron_ore,48.9,per_ton,WorldBank_synthetic
2021-12-07,coal,245.96,per_ton,WorldBank_synthetic
2021-12-07,iron_ore,58.98,per_ton,WorldBank_synthetic
2021-12-08,coal,250.14,per_ton,WorldBank_synthetic
2021-12-08,iron_ore,59.98,per_ton,WorldBank_synthetic
2021-12-09,coal,247.18,per_ton,WorldBank_synthetic
2021-12-09,iron_ore,48.92,per_ton,WorldBank_synthetic
2021-12-10,coal,240.5,per_ton,WorldBank_synthetic
2021-12-10,iron_ore,60.19,per_ton,WorldBank_synthetic
2021-12-11,coal,246.76,per_ton,WorldBank_synthetic
2021-12-11,iron_ore,40,per_ton,WorldBank_synthetic
2021-12-12,coal,235.7,per_ton,WorldBank_synthetic
2021-12-12,iron_ore,45.36,per_ton,WorldBank_synthetic
2021-12-13,coal,238.52,per_ton,WorldBank_synthetic
2021-12-13,iron_ore,63.74,per_ton,WorldBank_synthetic
2021-12-14,coal,252.02,per_ton,WorldBank_synthetic
2021-12-14,iron_ore,55.85,per_ton,WorldBank_synthetic
2021-12-15,coal,244.87,per_ton,WorldBank_synthetic
2021-12-15,iron_ore,68.77,per_ton,WorldBank_synthetic
2021-12-16,coal,245.59,per_ton,WorldBank_synthetic
2021-12-16,iron_ore,57.73,per_ton,WorldBank_synthetic
2021-12-17,coal,245.38,per_ton,WorldBank_synthetic
2021-12-17,iron_ore,56.28,per_ton,WorldBank_synthetic
2021-12-18,coal,250.44,per_ton,WorldBank_synthetic
2021-12-18,iron_ore,59.12,per_ton,WorldBank_synthetic
2021-12-19,coal,244.3,per_ton,WorldBank_synthetic
2021-12-19,iron_ore,50.19,per_ton,WorldBank_synthetic
2021-12-20,coal,245.35,per_ton,WorldBank_synthetic
2021-12-20,iron_ore,40.07,per_ton,WorldBank_synthetic
2021-12-21,coal,246.53,per_ton,WorldBank_synthetic
2021-12-21,iron_ore,54.41,per_ton,WorldBank_synthetic
2021-12-22,coal,246.01,per_ton,WorldBank_synthetic
2021-12-22,iron_ore,44.19,per_ton,WorldBank_synthetic
2021-12-23,coal,246.93,per_ton,WorldBank_synthetic
2021-12-23,iron_ore,54.94,per_ton,WorldBank_synthetic
2021-12-24,coal,244.72,per_ton,WorldBank_synthetic
2021-12-24,iron_ore,56.48,per_ton,WorldBank_synthetic
2021-12-25,coal,240.79,per_ton,WorldBank_synthetic
2021-12-25,iron_ore,41.91,per_ton,WorldBank_synthetic
2021-12-26,coal,247.38,per_ton,WorldBank_synthetic
2021-12-26,iron_ore,40,per_ton,WorldBank_synthetic
2021-12-27,coal,248.26,per_ton,WorldBank_synthetic
2021-12-27,iron_ore,70.19,per_ton,WorldBank_synthetic
2021-12-28,coal,247.31,per_ton,WorldBank_synthetic
2021-12-28,iron_ore,60.53,per_ton,WorldBank_synthetic
2021-12-29,coal,253.77,per_ton,WorldBank_synthetic
2021-12-29,iron_ore,62.1,per_ton,WorldBank_synthetic
2021-12-30,coal,257.19,per_ton,WorldBank_synthetic
2021-12-30,iron_ore,46.83,per_ton,WorldBank_synthetic
2021-12-31,coal,244.27,per_ton,WorldBank_synthetic
2021-12-31,iron_ore,57.72,per_ton,WorldBank_synthetic
2022-01-01,coal,238.08,per_ton,WorldBank_synthetic
2022-01-01,iron_ore,53.86,per_ton,WorldBank_synthetic
2022-01-02,coal,246.66,per_ton,WorldBank_synthetic
2022-01-02,iron_ore,64.35,per_ton,WorldBank_synthetic
2022-01-03,coal,251.83,per_ton,WorldBank_synthetic
2022-01-03,iron_ore,60.15,per_ton,WorldBank_synthetic
2022-01-04,coal,250.15,per_ton,WorldBank_synthetic
2022-01-04,iron_ore,54.57,per_ton,WorldBank_synthetic
2022-01-05,coal,248.29,per_ton,WorldBank_synthetic
2022-01-05,iron_ore,60.22,per_ton,WorldBank_synthetic
2022-01-06,coal,252.05,per_ton,WorldBank_synthetic
2022-01-06,iron_ore,48.45,per_ton,WorldBank_synthetic
2022-01-07,coal,249.41,per_ton,WorldBank_synthetic
2022-01-07,iron_ore,53.67,per_ton,WorldBank_synthetic
2022-01-08,coal,248.65,per_ton,WorldBank_synthetic
2022-01-08,iron_ore,63.57,per_ton,WorldBank_synthetic
2022-01-09,coal,246.23,per_ton,WorldBank_synthetic
2022-01-09,iron_ore,47.03,per_ton,WorldBank_synthetic
2022-01-10,coal,243.09,per_ton,WorldBank_synthetic
2022-01-10,iron_ore,49.89,per_ton,WorldBank_synthetic
2022-01-11,coal,250.85,per_ton,WorldBank_synthetic
2022-01-11,iron_ore,53.22,per_ton,WorldBank_synthetic
2022-01-12,coal,244.97,per_ton,WorldBank_synthetic
2022-01-12,iron_ore,60.8,per_ton,WorldBank_synthetic
2022-01-13,coal,248.92,per_ton,WorldBank_synthetic
2022-01-13,iron_ore,60.29,per_ton,WorldBank_synthetic
2022-01-14,coal,259.24,per_ton,WorldBank_synthetic
2022-01-14,iron_ore,69.81,per_ton,WorldBank_synthetic
2022-01-15,coal,250.15,per_ton,WorldBank_synthetic
2022-01-15,iron_ore,57.54,per_ton,WorldBank_synthetic
2022-01-16,coal,254.14,per_ton,WorldBank_synthetic
2022-01-16,iron_ore,65.13,per_ton,WorldBank_synthetic
2022-01-17,coal,246.93,per_ton,WorldBank_synthetic
2022-01-17,iron_ore,45.18,per_ton,WorldBank_synthetic
2022-01-18,coal,253.18,per_ton,WorldBank_synthetic
2022-01-18,iron_ore,56.86,per_ton,WorldBank_synthetic
2022-01-19,coal,252.06,per_ton,WorldBank_synthetic
2022-01-19,iron_ore,59.48,per_ton,WorldBank_synthetic
2022-01-20,coal,245.66,per_ton,WorldBank_synthetic
2022-01-20,iron_ore,51.14,per_ton,WorldBank_synthetic
2022-01-21,coal,254.65,per_ton,WorldBank_synthetic
2022-01-21,iron_ore,54.01,per_ton,WorldBank_synthetic
2022-01-22,coal,245.52,per_ton,WorldBank_synthetic
2022-01-22,iron_ore,53.18,per_ton,WorldBank_synthetic
2022-01-23,coal,251.55,per_ton,WorldBank_synthetic
2022-01-23,iron_ore,51.38,per_ton,WorldBank_synthetic
2022-01-24,coal,258.38,per_ton,WorldBank_synthetic
2022-01-24,iron_ore,62.04,per_ton,WorldBank_synthetic
2022-01-25,coal,242.38,per_ton,WorldBank_synthetic
2022-01-25,iron_ore,57.46,per_ton,WorldBank_synthetic
2022-01-26,coal,257.8,per_ton,WorldBank_synthetic
2022-01-26,iron_ore,82.08,per_ton,WorldBank_synthetic
2022-01-27,coal,247.72,per_ton,WorldBank_synthetic
2022-01-27,iron_ore,55.99,per_ton,WorldBank_synthetic
2022-01-28,coal,243.42,per_ton,WorldBank_synthetic
2022-01-28,iron_ore,60.33,per_ton,WorldBank_synthetic
2022-01-29,coal,252.71,per_ton,WorldBank_synthetic
2022-01-29,iron_ore,58.23,per_ton,WorldBank_synthetic
2022-01-30,coal,245.01,per_ton,WorldBank_synthetic
2022-01-30,iron_ore,62.3,per_ton,WorldBank_synthetic
2022-01-31,coal,259.69,per_ton,WorldBank_synthetic
2022-01-31,iron_ore,67.0,per_ton,WorldBank_synthetic
2022-02-01,coal,252.47,per_ton,WorldBank_synthetic
2022-02-01,iron_ore,55.81,per_ton,WorldBank_synthetic
2022-02-02,coal,255.25,per_ton,WorldBank_synthetic
2022-02-02,iron_ore,55.17,per_ton,WorldBank_synthetic
2022-02-03,coal,238.22,per_ton,WorldBank_synthetic
2022-02-03,iron_ore,42.65,per_ton,WorldBank_synthetic
2022-02-04,coal,257.81,per_ton,WorldBank_synthetic
2022-02-04,iron_ore,67.12,per_ton,WorldBank_synthetic
2022-02-05,coal,250.44,per_ton,WorldBank_synthetic
2022-02-05,iron_ore,50.18,per_ton,WorldBank_synthetic
2022-02-06,coal,249.66,per_ton,WorldBank_synthetic
2022-02-06,iron_ore,46.36,per_ton,WorldBank_synthetic
2022-02-07,coal,249.98,per_ton,WorldBank_synthetic
2022-02-07,iron_ore,70.71,per_ton,WorldBank_synthetic
2022-02-08,coal,248.21,per_ton,WorldBank_synthetic
2022-02-08,iron_ore,50.47,per_ton,WorldBank_synthetic
2022-02-09,coal,244.7,per_ton,WorldBank_synthetic
2022-02-09,iron_ore,58.56,per_ton,WorldBank_synthetic
2022-02-10,coal,246.75,per_ton,WorldBank_synthetic
2022-02-10,iron_ore,62.2,per_ton,WorldBank_synthetic
2022-02-11,coal,250.03,per_ton,WorldBank_synthetic
2022-02-11,iron_ore,70.54,per_ton,WorldBank_synthetic
2022-02-12,coal,254.6,per_ton,WorldBank_synthetic
2022-02-12,iron_ore,60.99,per_ton,WorldBank_synthetic
2022-02-13,coal,244.68,per_ton,WorldBank_synthetic
2022-02-13,iron_ore,57.45,per_ton,WorldBank_synthetic
2022-02-14,coal,253.3,per_ton,WorldBank_synthetic
2022-02-14,iron_ore,60.09,per_ton,WorldBank_synthetic
2022-02-15,coal,253.62,per_ton,WorldBank_synthetic
2022-02-15,iron_ore,58.41,per_ton,WorldBank_synthetic
2022-02-16,coal,246.06,per_ton,WorldBank_synthetic
2022-02-16,iron_ore,40,per_ton,WorldBank_synthetic
2022-02-17,coal,246.37,per_ton,WorldBank_synthetic
2022-02-17,iron_ore,65.72,per_ton,WorldBank_synthetic
2022-02-18,coal,256.0,per_ton,WorldBank_synthetic
2022-02-18,iron_ore,66.83,per_ton,WorldBank_synthetic
2022-02-19,coal,253.69,per_ton,WorldBank_synthetic
2022-02-19,iron_ore,59.59,per_ton,WorldBank_synthetic
2022-02-20,coal,252.18,per_ton,WorldBank_synthetic
2022-02-20,iron_ore,44.19,per_ton,WorldBank_synthetic
2022-02-21,coal,253.02,per_ton,WorldBank_synthetic
2022-02-21,iron_ore,52.76,per_ton,WorldBank_synthetic
2022-02-22,coal,249.12,per_ton,WorldBank_synthetic
2022-02-22,iron_ore,50.12,per_ton,WorldBank_synthetic
2022-02-23,coal,251.85,per_ton,WorldBank_synthetic
2022-02-23,iron_ore,65.43,per_ton,WorldBank_synthetic
2022-02-24,coal,256.21,per_ton,WorldBank_synthetic
2022-02-24,iron_ore,50.43,per_ton,WorldBank_synthetic
2022-02-25,coal,253.45,per_ton,WorldBank_synthetic
2022-02-25,iron_ore,57.68,per_ton,WorldBank_synthetic
2022-02-26,coal,242.2,per_ton,WorldBank_synthetic
2022-02-26,iron_ore,65.88,per_ton,WorldBank_synthetic
2022-02-27,coal,249.03,per_ton,WorldBank_synthetic
2022-02-27,iron_ore,63.09,per_ton,WorldBank_synthetic
2022-02-28,coal,248.32,per_ton,WorldBank_synthetic
2022-02-28,iron_ore,64.75,per_ton,WorldBank_synthetic
2022-03-01,coal,258.52,per_ton,WorldBank_synthetic
2022-03-01,iron_ore,60.7,per_ton,WorldBank_synthetic
2022-03-02,coal,254.99,per_ton,WorldBank_synthetic
2022-03-02,iron_ore,53.46,per_ton,WorldBank_synthetic
2022-03-03,coal,250.68,per_ton,WorldBank_synthetic
2022-03-03,iron_ore,49.81,per_ton,WorldBank_synthetic
2022-03-04,coal,257.52,per_ton,WorldBank_synthetic
2022-03-04,iron_ore,68.33,per_ton,WorldBank_synthetic
2022-03-05,coal,249.84,per_ton,WorldBank_synthetic
2022-03-05,iron_ore,59.22,per_ton,WorldBank_synthetic
2022-03-06,coal,248.89,per_ton,WorldBank_synthetic
2022-03-06,iron_ore,48.52,per_ton,WorldBank_synthetic
2022-03-07,coal,249.63,per_ton,WorldBank_synthetic
2022-03-07,iron_ore,49.5,per_ton,WorldBank_synthetic
2022-03-08,coal,242.47,per_ton,WorldBank_synthetic
2022-03-08,iron_ore,61.52,per_ton,WorldBank_synthetic
2022-03-09,coal,247.16,per_ton,WorldBank_synthetic
2022-03-09,iron_ore,58.89,per_ton,WorldBank_synthetic
2022-03-10,coal,238.81,per_ton,WorldBank_synthetic
2022-03-10,iron_ore,60.01,per_ton,WorldBank_synthetic
2022-03-11,coal,248.6,per_ton,WorldBank_synthetic
2022-03-11,iron_ore,54.37,per_ton,WorldBank_synthetic
2022-03-12,coal,256.36,per_ton,WorldBank_synthetic
2022-03-12,iron_ore,58.46,per_ton,WorldBank_synthetic
2022-03-13,coal,253.45,per_ton,WorldBank_synthetic
2022-03-13,iron_ore,59.94,per_ton,WorldBank_synthetic
2022-03-14,coal,254.31,per_ton,WorldBank_synthetic
2022-03-14,iron_ore,53.25,per_ton,WorldBank_synthetic
2022-03-15,coal,251.78,per_ton,WorldBank_synthetic
2022-03-15,iron_ore,57.79,per_ton,WorldBank_synthetic
2022-03-16,coal,255.32,per_ton,WorldBank_synthetic
2022-03-16,iron_ore,55.11,per_ton,WorldBank_synthetic
2022-03-17,coal,255.47,per_ton,WorldBank_synthetic
2022-03-17,iron_ore,64.02,per_ton,WorldBank_synthetic
2022-03-18,coal,248.72,per_ton,WorldBank_synthetic
2022-03-18,iron_ore,65.67,per_ton,WorldBank_synthetic
2022-03-19,coal,249.55,per_ton,WorldBank_synthetic
2022-03-19,iron_ore,54.8,per_ton,WorldBank_synthetic
2022-03-20,coal,247.45,per_ton,WorldBank_synthetic
2022-03-20,iron_ore,51.39,per_ton,WorldBank_synthetic
2022-03-21,coal,252.92,per_ton,WorldBank_synthetic
2022-03-21,iron_ore,58.48,per_ton,WorldBank_synthetic
2022-03-22,coal,249.73,per_ton,WorldBank_synthetic
2022-03-22,iron_ore,66.94,per_ton,WorldBank_synthetic
2022-03-23,coal,255.58,per_ton,WorldBank_synthetic
2022-03-23,iron_ore,61.05,per_ton,WorldBank_synthetic
2022-03-24,coal,241.38,per_ton,WorldBank_synthetic
2022-03-24,iron_ore,64.11,per_ton,WorldBank_synthetic
2022-03-25,coal,241.16,per_ton,WorldBank_synthetic
2022-03-25,iron_ore,53.15,per_ton,WorldBank_synthetic
2022-03-26,coal,250.03,per_ton,WorldBank_synthetic
2022-03-26,iron_ore,72.63,per_ton,WorldBank_synthetic
2022-03-27,coal,238.31,per_ton,WorldBank_synthetic
2022-03-27,iron_ore,48.16,per_ton,WorldBank_synthetic
2022-03-28,coal,247.01,per_ton,WorldBank_synthetic
2022-03-28,iron_ore,65.99,per_ton,WorldBank_synthetic
2022-03-29,coal,242.3,per_ton,WorldBank_synthetic
2022-03-29,iron_ore,54.12,per_ton,WorldBank_synthetic
2022-03-30,coal,256.39,per_ton,WorldBank_synthetic
2022-03-30,iron_ore,67.63,per_ton,WorldBank_synthetic
2022-03-31,coal,247.14,per_ton,WorldBank_synthetic
2022-03-31,iron_ore,68.73,per_ton,WorldBank_synthetic
2022-04-01,coal,250.46,per_ton,WorldBank_synthetic
2022-04-01,iron_ore,53.42,per_ton,WorldBank_synthetic
2022-04-02,coal,246.32,per_ton,WorldBank_synthetic
2022-04-02,iron_ore,55.71,per_ton,WorldBank_synthetic
2022-04-03,coal,244.34,per_ton,WorldBank_synthetic
2022-04-03,iron_ore,64.45,per_ton,WorldBank_synthetic
2022-04-04,coal,254.62,per_ton,WorldBank_synthetic
2022-04-04,iron_ore,49.3,per_ton,WorldBank_synthetic
2022-04-05,coal,252.74,per_ton,WorldBank_synthetic
2022-04-05,iron_ore,52.52,per_ton,WorldBank_synthetic
2022-04-06,coal,248.87,per_ton,WorldBank_synthetic
2022-04-06,iron_ore,63.35,per_ton,WorldBank_synthetic
2022-04-07,coal,254.13,per_ton,WorldBank_synthetic
2022-04-07,iron_ore,60.77,per_ton,WorldBank_synthetic
2022-04-08,coal,250.13,per_ton,WorldBank_synthetic
2022-04-08,iron_ore,74.04,per_ton,WorldBank_synthetic
2022-04-09,coal,256.77,per_ton,WorldBank_synthetic
2022-04-09,iron_ore,69.48,per_ton,WorldBank_synthetic
2022-04-10,coal,252.26,per_ton,WorldBank_synthetic
2022-04-10,iron_ore,65.16,per_ton,WorldBank_synthetic
2022-04-11,coal,256.51,per_ton,WorldBank_synthetic
2022-04-11,iron_ore,67.03,per_ton,WorldBank_synthetic
2022-04-12,coal,244.72,per_ton,WorldBank_synthetic
2022-04-12,iron_ore,62.02,per_ton,WorldBank_synthetic
2022-04-13,coal,249.96,per_ton,WorldBank_synthetic
2022-04-13,iron_ore,50.07,per_ton,WorldBank_synthetic
2022-04-14,coal,244.81,per_ton,WorldBank_synthetic
2022-04-14,iron_ore,74.93,per_ton,WorldBank_synthetic
2022-04-15,coal,241.8,per_ton,WorldBank_synthetic
2022-04-15,iron_ore,65.36,per_ton,WorldBank_synthetic
2022-04-16,coal,248.83,per_ton,WorldBank_synthetic
2022-04-16,iron_ore,69.04,per_ton,WorldBank_synthetic
2022-04-17,coal,243.16,per_ton,WorldBank_synthetic
2022-04-17,iron_ore,55.14,per_ton,WorldBank_synthetic
2022-04-18,coal,247.08,per_ton,WorldBank_synthetic
2022-04-18,iron_ore,56.36,per_ton,WorldBank_synthetic
2022-04-19,coal,254.33,per_ton,WorldBank_synthetic
2022-04-19,iron_ore,62.87,per_ton,WorldBank_synthetic
2022-04-20,coal,250.61,per_ton,WorldBank_synthetic
2022-04-20,iron_ore,53.48,per_ton,WorldBank_synthetic
2022-04-21,coal,249.06,per_ton,WorldBank_synthetic
2022-04-21,iron_ore,81.4,per_ton,WorldBank_synthetic
2022-04-22,coal,245.59,per_ton,WorldBank_synthetic
2022-04-22,iron_ore,52.54,per_ton,WorldBank_synthetic
2022-04-23,coal,251.3,per_ton,WorldBank_synthetic
2022-04-23,iron_ore,57.74,per_ton,WorldBank_synthetic
2022-04-24,coal,238.91,per_ton,WorldBank_synthetic
2022-04-24,iron_ore,52.54,per_ton,WorldBank_synthetic
2022-04-25,coal,239.19,per_ton,WorldBank_synthetic
2022-04-25,iron_ore,65.77,per_ton,WorldBank_synthetic
2022-04-26,coal,240.58,per_ton,WorldBank_synthetic
2022-04-26,iron_ore,54.67,per_ton,WorldBank_synthetic
2022-04-27,coal,242.7,per_ton,WorldBank_synthetic
2022-04-27,iron_ore,65.05,per_ton,WorldBank_synthetic
2022-04-28,coal,248.74,per_ton,WorldBank_synthetic
2022-04-28,iron_ore,71.53,per_ton,WorldBank_synthetic
2022-04-29,coal,242.35,per_ton,WorldBank_synthetic
2022-04-29,iron_ore,69.82,per_ton,WorldBank_synthetic
2022-04-30,coal,239.79,per_ton,WorldBank_synthetic
2022-04-30,iron_ore,75.4,per_ton,WorldBank_synthetic
2022-05-01,coal,246.54,per_ton,WorldBank_synthetic
2022-05-01,iron_ore,63.86,per_ton,WorldBank_synthetic
2022-05-02,coal,235.21,per_ton,WorldBank_synthetic
2022-05-02,iron_ore,69.54,per_ton,WorldBank_synthetic
2022-05-03,coal,240.52,per_ton,WorldBank_synthetic
2022-05-03,iron_ore,56.88,per_ton,WorldBank_synthetic
2022-05-04,coal,238.46,per_ton,WorldBank_synthetic
2022-05-04,iron_ore,56.94,per_ton,WorldBank_synthetic
2022-05-05,coal,244.73,per_ton,WorldBank_synthetic
2022-05-05,iron_ore,65.23,per_ton,WorldBank_synthetic
2022-05-06,coal,242.21,per_ton,WorldBank_synthetic
2022-05-06,iron_ore,76.81,per_ton,WorldBank_synthetic
2022-05-07,coal,235.4,per_ton,WorldBank_synthetic
2022-05-07,iron_ore,64.13,per_ton,WorldBank_synthetic
2022-05-08,coal,234.69,per_ton,WorldBank_synthetic
2022-05-08,iron_ore,66.36,per_ton,WorldBank_synthetic
2022-05-09,coal,243.88,per_ton,WorldBank_synthetic
2022-05-09,iron_ore,62.96,per_ton,WorldBank_synthetic
2022-05-10,coal,243.22,per_ton,WorldBank_synthetic
2022-05-10,iron_ore,66.56,per_ton,WorldBank_synthetic
2022-05-11,coal,242.78,per_ton,WorldBank_synthetic
2022-05-11,iron_ore,50.83,per_ton,WorldBank_synthetic
2022-05-12,coal,244.42,per_ton,WorldBank_synthetic
2022-05-12,iron_ore,75.9,per_ton,WorldBank_synthetic
2022-05-13,coal,245.32,per_ton,WorldBank_synthetic
2022-05-13,iron_ore,59.84,per_ton,WorldBank_synthetic
2022-05-14,coal,249.19,per_ton,WorldBank_synthetic
2022-05-14,iron_ore,63.91,per_ton,WorldBank_synthetic
2022-05-15,coal,244.88,per_ton,WorldBank_synthetic
2022-05-15,iron_ore,67.41,per_ton,WorldBank_synthetic
2022-05-16,coal,245.89,per_ton,WorldBank_synthetic
2022-05-16,iron_ore,49.22,per_ton,WorldBank_synthetic
2022-05-17,coal,234.36,per_ton,WorldBank_synthetic
2022-05-17,iron_ore,66.16,per_ton,WorldBank_synthetic
2022-05-18,coal,236.78,per_ton,WorldBank_synthetic
2022-05-18,iron_ore,59.07,per_ton,WorldBank_synthetic
2022-05-19,coal,245.14,per_ton,WorldBank_synthetic
2022-05-19,iron_ore,57.5,per_ton,WorldBank_synthetic
2022-05-20,coal,238.81,per_ton,WorldBank_synthetic
2022-05-20,iron_ore,65.01,per_ton,WorldBank_synthetic
2022-05-21,coal,235.77,per_ton,WorldBank_synthetic
2022-05-21,iron_ore,43.5,per_ton,WorldBank_synthetic
2022-05-22,coal,227.23,per_ton,WorldBank_synthetic
2022-05-22,iron_ore,59.95,per_ton,WorldBank_synthetic
2022-05-23,coal,247.18,per_ton,WorldBank_synthetic
2022-05-23,iron_ore,56.26,per_ton,WorldBank_synthetic
2022-05-24,coal,235.68,per_ton,WorldBank_synthetic
2022-05-24,iron_ore,78.66,per_ton,WorldBank_synthetic
2022-05-25,coal,235.62,per_ton,WorldBank_synthetic
2022-05-25,iron_ore,66.11,per_ton,WorldBank_synthetic
2022-05-26,coal,236.61,per_ton,WorldBank_synthetic
2022-05-26,iron_ore,55.35,per_ton,WorldBank_synthetic
2022-05-27,coal,230.39,per_ton,WorldBank_synthetic
2022-05-27,iron_ore,58.04,per_ton,WorldBank_synthetic
2022-05-28,coal,234.26,per_ton,WorldBank_synthetic
2022-05-28,iron_ore,56.19,per_ton,WorldBank_synthetic
2022-05-29,coal,231.44,per_ton,WorldBank_synthetic
2022-05-29,iron_ore,64.15,per_ton,WorldBank_synthetic
2022-05-30,coal,239.52,per_ton,WorldBank_synthetic
2022-05-30,iron_ore,80.96,per_ton,WorldBank_synthetic
2022-05-31,coal,229.58,per_ton,WorldBank_synthetic
2022-05-31,iron_ore,64.36,per_ton,WorldBank_synthetic
2022-06-01,coal,227.83,per_ton,WorldBank_synthetic
2022-06-01,iron_ore,57.14,per_ton,WorldBank_synthetic
2022-06-02,coal,103.75,per_ton,WorldBank_synthetic
2022-06-02,iron_ore,75.91,per_ton,WorldBank_synthetic
2022-06-03,coal,109.82,per_ton,WorldBank_synthetic
2022-06-03,iron_ore,69.79,per_ton,WorldBank_synthetic
2022-06-04,coal,106.28,per_ton,WorldBank_synthetic
2022-06-04,iron_ore,43.36,per_ton,WorldBank_synthetic
2022-06-05,coal,119.69,per_ton,WorldBank_synthetic
2022-06-05,iron_ore,49.2,per_ton,WorldBank_synthetic
2022-06-06,coal,105.58,per_ton,WorldBank_synthetic
2022-06-06,iron_ore,71.75,per_ton,WorldBank_synthetic
2022-06-07,coal,110.79,per_ton,WorldBank_synthetic
2022-06-07,iron_ore,60.65,per_ton,WorldBank_synthetic
2022-06-08,coal,116.61,per_ton,WorldBank_synthetic
2022-06-08,iron_ore,59.89,per_ton,WorldBank_synthetic
2022-06-09,coal,113.53,per_ton,WorldBank_synthetic
2022-06-09,iron_ore,52.27,per_ton,WorldBank_synthetic
2022-06-10,coal,116.25,per_ton,WorldBank_synthetic
2022-06-10,iron_ore,57.72,per_ton,WorldBank_synthetic
2022-06-11,coal,109.6,per_ton,WorldBank_synthetic
2022-06-11,iron_ore,56.43,per_ton,WorldBank_synthetic
2022-06-12,coal,104.22,per_ton,WorldBank_synthetic
2022-06-12,iron_ore,59.95,per_ton,WorldBank_synthetic
2022-06-13,coal,112.46,per_ton,WorldBank_synthetic
2022-06-13,iron_ore,60.24,per_ton,WorldBank_synthetic
2022-06-14,coal,108.43,per_ton,WorldBank_synthetic
2022-06-14,iron_ore,58.44,per_ton,WorldBank_synthetic
2022-06-15,coal,113.66,per_ton,WorldBank_synthetic
2022-06-15,iron_ore,50.5,per_ton,WorldBank_synthetic
2022-06-16,coal,98.24,per_ton,WorldBank_synthetic
2022-06-16,iron_ore,73.55,per_ton,WorldBank_synthetic
2022-06-17,coal,95.39,per_ton,WorldBank_synthetic
2022-06-17,iron_ore,76.02,per_ton,WorldBank_synthetic
2022-06-18,coal,105.7,per_ton,WorldBank_synthetic
2022-06-18,iron_ore,65.74,per_ton,WorldBank_synthetic
2022-06-19,coal,106.97,per_ton,WorldBank_synthetic
2022-06-19,iron_ore,57.02,per_ton,WorldBank_synthetic
2022-06-20,coal,107.52,per_ton,WorldBank_synthetic
2022-06-20,iron_ore,78.59,per_ton,WorldBank_synthetic
2022-06-21,coal,110.6,per_ton,WorldBank_synthetic
2022-06-21,iron_ore,56.61,per_ton,WorldBank_synthetic
2022-06-22,coal,110.28,per_ton,WorldBank_synthetic
2022-06-22,iron_ore,52.95,per_ton,WorldBank_synthetic
2022-06-23,coal,102.56,per_ton,WorldBank_synthetic
2022-06-23,iron_ore,63.51,per_ton,WorldBank_synthetic
2022-06-24,coal,109.44,per_ton,WorldBank_synthetic
2022-06-24,iron_ore,51.28,per_ton,WorldBank_synthetic
2022-06-25,coal,108.05,per_ton,WorldBank_synthetic
2022-06-25,iron_ore,59.09,per_ton,WorldBank_synthetic
2022-06-26,coal,94.17,per_ton,WorldBank_synthetic
2022-06-26,iron_ore,70.38,per_ton,WorldBank_synthetic
2022-06-27,coal,99.85,per_ton,WorldBank_synthetic
2022-06-27,iron_ore,46.4,per_ton,WorldBank_synthetic
2022-06-28,coal,105.49,per_ton,WorldBank_synthetic
2022-06-28,iron_ore,48.96,per_ton,WorldBank_synthetic
2022-06-29,coal,99.19,per_ton,WorldBank_synthetic
2022-06-29,iron_ore,53.46,per_ton,WorldBank_synthetic
2022-06-30,coal,96.59,per_ton,WorldBank_synthetic
2022-06-30,iron_ore,71.21,per_ton,WorldBank_synthetic
2022-07-01,coal,103.39,per_ton,WorldBank_synthetic
2022-07-01,iron_ore,50.46,per_ton,WorldBank_synthetic
2022-07-02,coal,98.66,per_ton,WorldBank_synthetic
2022-07-02,iron_ore,63.1,per_ton,WorldBank_synthetic
2022-07-03,coal,106.14,per_ton,WorldBank_synthetic
2022-07-03,iron_ore,66.27,per_ton,WorldBank_synthetic
2022-07-04,coal,92.87,per_ton,WorldBank_synthetic
2022-07-04,iron_ore,52.29,per_ton,WorldBank_synthetic
2022-07-05,coal,101.81,per_ton,WorldBank_synthetic
2022-07-05,iron_ore,68.76,per_ton,WorldBank_synthetic
2022-07-06,coal,95.06,per_ton,WorldBank_synthetic
2022-07-06,iron_ore,57.67,per_ton,WorldBank_synthetic
2022-07-07,coal,100.18,per_ton,WorldBank_synthetic
2022-07-07,iron_ore,65.03,per_ton,WorldBank_synthetic
2022-07-08,coal,84.06,per_ton,WorldBank_synthetic
2022-07-08,iron_ore,60.58,per_ton,WorldBank_synthetic
2022-07-09,coal,100.9,per_ton,WorldBank_synthetic
2022-07-09,iron_ore,50.92,per_ton,WorldBank_synthetic
2022-07-10,coal,100.7,per_ton,WorldBank_synthetic
2022-07-10,iron_ore,52.85,per_ton,WorldBank_synthetic
2022-07-11,coal,97.08,per_ton,WorldBank_synthetic
2022-07-11,iron_ore,56.11,per_ton,WorldBank_synthetic
2022-07-12,coal,87.42,per_ton,WorldBank_synthetic
2022-07-12,iron_ore,64.68,per_ton,WorldBank_synthetic
2022-07-13,coal,94.56,per_ton,WorldBank_synthetic
2022-07-13,iron_ore,75.13,per_ton,WorldBank_synthetic
2022-07-14,coal,98.81,per_ton,WorldBank_synthetic
2022-07-14,iron_ore,50.3,per_ton,WorldBank_synthetic
2022-07-15,coal,95.86,per_ton,WorldBank_synthetic
2022-07-15,iron_ore,70.91,per_ton,WorldBank_synthetic
2022-07-16,coal,98.04,per_ton,WorldBank_synthetic
2022-07-16,iron_ore,77.99,per_ton,WorldBank_synthetic
2022-07-17,coal,103.15,per_ton,WorldBank_synthetic
2022-07-17,iron_ore,57.51,per_ton,WorldBank_synthetic
2022-07-18,coal,94.9,per_ton,WorldBank_synthetic
2022-07-18,iron_ore,82.42,per_ton,WorldBank_synthetic
2022-07-19,coal,98.93,per_ton,WorldBank_synthetic
2022-07-19,iron_ore,57.91,per_ton,WorldBank_synthetic
2022-07-20,coal,84.5,per_ton,WorldBank_synthetic
2022-07-20,iron_ore,50.88,per_ton,WorldBank_synthetic
2022-07-21,coal,94.99,per_ton,WorldBank_synthetic
2022-07-21,iron_ore,62.53,per_ton,WorldBank_synthetic
2022-07-22,coal,90.38,per_ton,WorldBank_synthetic
2022-07-22,iron_ore,58.81,per_ton,WorldBank_synthetic
2022-07-23,coal,86.58,per_ton,WorldBank_synthetic
2022-07-23,iron_ore,68.45,per_ton,WorldBank_synthetic
2022-07-24,coal,90.33,per_ton,WorldBank_synthetic
2022-07-24,iron_ore,67.03,per_ton,WorldBank_synthetic
2022-07-25,coal,81.88,per_ton,WorldBank_synthetic
2022-07-25,iron_ore,77.97,per_ton,WorldBank_synthetic
2022-07-26,coal,95.55,per_ton,WorldBank_synthetic
2022-07-26,iron_ore,72.29,per_ton,WorldBank_synthetic
2022-07-27,coal,78.93,per_ton,WorldBank_synthetic
2022-07-27,iron_ore,70.92,per_ton,WorldBank_synthetic
2022-07-28,coal,81.68,per_ton,WorldBank_synthetic
2022-07-28,iron_ore,67.3,per_ton,WorldBank_synthetic
2022-07-29,coal,94.26,per_ton,WorldBank_synthetic
2022-07-29,iron_ore,72.52,per_ton,WorldBank_synthetic
2022-07-30,coal,91.68,per_ton,WorldBank_synthetic
2022-07-30,iron_ore,78.85,per_ton,WorldBank_synthetic
2022-07-31,coal,88.48,per_ton,WorldBank_synthetic
2022-07-31,iron_ore,57.65,per_ton,WorldBank_synthetic
2022-08-01,coal,84.62,per_ton,WorldBank_synthetic
2022-08-01,iron_ore,64.35,per_ton,WorldBank_synthetic
2022-08-02,coal,91.06,per_ton,WorldBank_synthetic
2022-08-02,iron_ore,55.78,per_ton,WorldBank_synthetic
2022-08-03,coal,90.55,per_ton,WorldBank_synthetic
2022-08-03,iron_ore,64.18,per_ton,WorldBank_synthetic
2022-08-04,coal,83.79,per_ton,WorldBank_synthetic
2022-08-04,iron_ore,56.99,per_ton,WorldBank_synthetic
2022-08-05,coal,83.35,per_ton,WorldBank_synthetic
2022-08-05,iron_ore,67.0,per_ton,WorldBank_synthetic
2022-08-06,coal,84.35,per_ton,WorldBank_synthetic
2022-08-06,iron_ore,70.69,per_ton,WorldBank_synthetic
2022-08-07,coal,76.89,per_ton,WorldBank_synthetic
2022-08-07,iron_ore,53.0,per_ton,WorldBank_synthetic
2022-08-08,coal,79.39,per_ton,WorldBank_synthetic
2022-08-08,iron_ore,73.74,per_ton,WorldBank_synthetic
2022-08-09,coal,83.5,per_ton,WorldBank_synthetic
2022-08-09,iron_ore,65.27,per_ton,WorldBank_synthetic
2022-08-10,coal,86.79,per_ton,WorldBank_synthetic
2022-08-10,iron_ore,70.33,per_ton,WorldBank_synthetic
2022-08-11,coal,80.79,per_ton,WorldBank_synthetic
2022-08-11,iron_ore,53.77,per_ton,WorldBank_synthetic
2022-08-12,coal,81.3,per_ton,WorldBank_synthetic
2022-08-12,iron_ore,53.07,per_ton,WorldBank_synthetic
2022-08-13,coal,82.4,per_ton,WorldBank_synthetic
2022-08-13,iron_ore,59.29,per_ton,WorldBank_synthetic
2022-08-14,coal,83.82,per_ton,WorldBank_synthetic
2022-08-14,iron_ore,67.11,per_ton,WorldBank_synthetic
2022-08-15,coal,80.2,per_ton,WorldBank_synthetic
2022-08-15,iron_ore,70.74,per_ton,WorldBank_synthetic
2022-08-16,coal,95.86,per_ton,WorldBank_synthetic
2022-08-16,iron_ore,51.03,per_ton,WorldBank_synthetic
2022-08-17,coal,93.46,per_ton,WorldBank_synthetic
2022-08-17,iron_ore,58.13,per_ton,WorldBank_synthetic
2022-08-18,coal,74.21,per_ton,WorldBank_synthetic
2022-08-18,iron_ore,58.36,per_ton,WorldBank_synthetic
2022-08-19,coal,84.31,per_ton,WorldBank_synthetic
2022-08-19,iron_ore,67.91,per_ton,WorldBank_synthetic
2022-08-20,coal,77.2,per_ton,WorldBank_synthetic
2022-08-20,iron_ore,61.68,per_ton,WorldBank_synthetic
2022-08-21,coal,76.17,per_ton,WorldBank_synthetic
2022-08-21,iron_ore,71.19,per_ton,WorldBank_synthetic
2022-08-22,coal,85.91,per_ton,WorldBank_synthetic
2022-08-22,iron_ore,64.56,per_ton,WorldBank_synthetic
2022-08-23,coal,75.92,per_ton,WorldBank_synthetic
2022-08-23,iron_ore,63.74,per_ton,WorldBank_synthetic
2022-08-24,coal,67.45,per_ton,WorldBank_synthetic
2022-08-24,iron_ore,66.46,per_ton,WorldBank_synthetic
2022-08-25,coal,80.59,per_ton,WorldBank_synthetic
2022-08-25,iron_ore,64.09,per_ton,WorldBank_synthetic
2022-08-26,coal,75.84,per_ton,WorldBank_synthetic
2022-08-26,iron_ore,76.17,per_ton,WorldBank_synthetic
2022-08-27,coal,79.62,per_ton,WorldBank_synthetic
2022-08-27,iron_ore,70.46,per_ton,WorldBank_synthetic
2022-08-28,coal,80.26,per_ton,WorldBank_synthetic
2022-08-28,iron_ore,68.67,per_ton,WorldBank_synthetic
2022-08-29,coal,84.01,per_ton,WorldBank_synthetic
2022-08-29,iron_ore,56.73,per_ton,WorldBank_synthetic
2022-08-30,coal,76.98,per_ton,WorldBank_synthetic
2022-08-30,iron_ore,49.59,per_ton,WorldBank_synthetic
2022-08-31,coal,74.74,per_ton,WorldBank_synthetic
2022-08-31,iron_ore,84.05,per_ton,WorldBank_synthetic
2022-09-01,coal,70.13,per_ton,WorldBank_synthetic
2022-09-01,iron_ore,59.38,per_ton,WorldBank_synthetic
2022-09-02,coal,75.9,per_ton,WorldBank_synthetic
2022-09-02,iron_ore,75.29,per_ton,WorldBank_synthetic
2022-09-03,coal,79.39,per_ton,WorldBank_synthetic
2022-09-03,iron_ore,64.21,per_ton,WorldBank_synthetic
2022-09-04,coal,84.2,per_ton,WorldBank_synthetic
2022-09-04,iron_ore,68.28,per_ton,WorldBank_synthetic
2022-09-05,coal,81.13,per_ton,WorldBank_synthetic
2022-09-05,iron_ore,81.68,per_ton,WorldBank_synthetic
2022-09-06,coal,70.25,per_ton,WorldBank_synthetic
2022-09-06,iron_ore,57.16,per_ton,WorldBank_synthetic
2022-09-07,coal,77.58,per_ton,WorldBank_synthetic
2022-09-07,iron_ore,70.8,per_ton,WorldBank_synthetic
2022-09-08,coal,74.82,per_ton,WorldBank_synthetic
2022-09-08,iron_ore,71.66,per_ton,WorldBank_synthetic
2022-09-09,coal,73.89,per_ton,WorldBank_synthetic
2022-09-09,iron_ore,82.2,per_ton,WorldBank_synthetic
2022-09-10,coal,59.09,per_ton,WorldBank_synthetic
2022-09-10,iron_ore,80.08,per_ton,WorldBank_synthetic
2022-09-11,coal,75.19,per_ton,WorldBank_synthetic
2022-09-11,iron_ore,69.1,per_ton,WorldBank_synthetic
2022-09-12,coal,68.78,per_ton,WorldBank_synthetic
2022-09-12,iron_ore,80.19,per_ton,WorldBank_synthetic
2022-09-13,coal,67.61,per_ton,WorldBank_synthetic
2022-09-13,iron_ore,71.41,per_ton,WorldBank_synthetic
2022-09-14,coal,78.87,per_ton,WorldBank_synthetic
2022-09-14,iron_ore,57.52,per_ton,WorldBank_synthetic
2022-09-15,coal,74.53,per_ton,WorldBank_synthetic
2022-09-15,iron_ore,73.47,per_ton,WorldBank_synthetic
2022-09-16,coal,74.87,per_ton,WorldBank_synthetic
2022-09-16,iron_ore,67.49,per_ton,WorldBank_synthetic
2022-09-17,coal,75.44,per_ton,WorldBank_synthetic
2022-09-17,iron_ore,79.74,per_ton,WorldBank_synthetic
2022-09-18,coal,70.8,per_ton,WorldBank_synthetic
2022-09-18,iron_ore,88.33,per_ton,WorldBank_synthetic
2022-09-19,coal,66.41,per_ton,WorldBank_synthetic
2022-09-19,iron_ore,66.47,per_ton,WorldBank_synthetic
2022-09-20,coal,77.9,per_ton,WorldBank_synthetic
2022-09-20,iron_ore,70.4,per_ton,WorldBank_synthetic
2022-09-21,coal,67.0,per_ton,WorldBank_synthetic
2022-09-21,iron_ore,68.8,per_ton,WorldBank_synthetic
2022-09-22,coal,79.07,per_ton,WorldBank_synthetic
2022-09-22,iron_ore,78.97,per_ton,WorldBank_synthetic
2022-09-23,coal,66.67,per_ton,WorldBank_synthetic
2022-09-23,iron_ore,57.88,per_ton,WorldBank_synthetic
2022-09-24,coal,78.58,per_ton,WorldBank_synthetic
2022-09-24,iron_ore,75.08,per_ton,WorldBank_synthetic
2022-09-25,coal,68.83,per_ton,WorldBank_synthetic
2022-09-25,iron_ore,66.1,per_ton,WorldBank_synthetic
2022-09-26,coal,60.4,per_ton,WorldBank_synthetic
2022-09-26,iron_ore,63.05,per_ton,WorldBank_synthetic
2022-09-27,coal,72.1,per_ton,WorldBank_synthetic
2022-09-27,iron_ore,69.93,per_ton,WorldBank_synthetic
2022-09-28,coal,78.66,per_ton,WorldBank_synthetic
2022-09-28,iron_ore,81.49,per_ton,WorldBank_synthetic
2022-09-29,coal,67.31,per_ton,WorldBank_synthetic
2022-09-29,iron_ore,66.99,per_ton,WorldBank_synthetic
2022-09-30,coal,76.56,per_ton,WorldBank_synthetic
2022-09-30,iron_ore,71.69,per_ton,WorldBank_synthetic
2022-10-01,coal,83.18,per_ton,WorldBank_synthetic
2022-10-01,iron_ore,75.72,per_ton,WorldBank_synthetic
2022-10-02,coal,62.99,per_ton,WorldBank_synthetic
2022-10-02,iron_ore,58.9,per_ton,WorldBank_synthetic
2022-10-03,coal,66.0,per_ton,WorldBank_synthetic
2022-10-03,iron_ore,87.07,per_ton,WorldBank_synthetic
2022-10-04,coal,68.31,per_ton,WorldBank_synthetic
2022-10-04,iron_ore,55.78,per_ton,WorldBank_synthetic
2022-10-05,coal,66.29,per_ton,WorldBank_synthetic
2022-10-05,iron_ore,73.75,per_ton,WorldBank_synthetic
2022-10-06,coal,76.13,per_ton,WorldBank_synthetic
2022-10-06,iron_ore,79.82,per_ton,WorldBank_synthetic
2022-10-07,coal,68.41,per_ton,WorldBank_synthetic
2022-10-07,iron_ore,79.07,per_ton,WorldBank_synthetic
2022-10-08,coal,80.17,per_ton,WorldBank_synthetic
2022-10-08,iron_ore,85.42,per_ton,WorldBank_synthetic
2022-10-09,coal,65.23,per_ton,WorldBank_synthetic
2022-10-09,iron_ore,82.72,per_ton,WorldBank_synthetic
2022-10-10,coal,74.49,per_ton,WorldBank_synthetic
2022-10-10,iron_ore,96.18,per_ton,WorldBank_synthetic
2022-10-11,coal,70.17,per_ton,WorldBank_synthetic
2022-10-11,iron_ore,75.26,per_ton,WorldBank_synthetic
2022-10-12,coal,70.42,per_ton,WorldBank_synthetic
2022-10-12,iron_ore,74.34,per_ton,WorldBank_synthetic
2022-10-13,coal,69.3,per_ton,WorldBank_synthetic
2022-10-13,iron_ore,72.02,per_ton,WorldBank_synthetic
2022-10-14,coal,68.58,per_ton,WorldBank_synthetic
2022-10-14,iron_ore,67.12,per_ton,WorldBank_synthetic
2022-10-15,coal,72.6,per_ton,WorldBank_synthetic
2022-10-15,iron_ore,85.48,per_ton,WorldBank_synthetic
2022-10-16,coal,60.05,per_ton,WorldBank_synthetic
2022-10-16,iron_ore,85.39,per_ton,WorldBank_synthetic
2022-10-17,coal,65.43,per_ton,WorldBank_synthetic
2022-10-17,iron_ore,91.03,per_ton,WorldBank_synthetic
2022-10-18,coal,73.18,per_ton,WorldBank_synthetic
2022-10-18,iron_ore,88.75,per_ton,WorldBank_synthetic
2022-10-19,coal,71.06,per_ton,WorldBank_synthetic
2022-10-19,iron_ore,72.04,per_ton,WorldBank_synthetic
2022-10-20,coal,57.66,per_ton,WorldBank_synthetic
2022-10-20,iron_ore,81.8,per_ton,WorldBank_synthetic
2022-10-21,coal,61.63,per_ton,WorldBank_synthetic
2022-10-21,iron_ore,82.56,per_ton,WorldBank_synthetic
2022-10-22,coal,60.5,per_ton,WorldBank_synthetic
2022-10-22,iron_ore,87.63,per_ton,WorldBank_synthetic
2022-10-23,coal,70.48,per_ton,WorldBank_synthetic
2022-10-23,iron_ore,71.48,per_ton,WorldBank_synthetic
2022-10-24,coal,63.04,per_ton,WorldBank_synthetic
2022-10-24,iron_ore,85.45,per_ton,WorldBank_synthetic
2022-10-25,coal,72.26,per_ton,WorldBank_synthetic
2022-10-25,iron_ore,84.24,per_ton,WorldBank_synthetic
2022-10-26,coal,64.33,per_ton,WorldBank_synthetic
2022-10-26,iron_ore,84.05,per_ton,WorldBank_synthetic
2022-10-27,coal,66.64,per_ton,WorldBank_synthetic
2022-10-27,iron_ore,78.82,per_ton,WorldBank_synthetic
2022-10-28,coal,60.71,per_ton,WorldBank_synthetic
2022-10-28,iron_ore,83.78,per_ton,WorldBank_synthetic
2022-10-29,coal,63.65,per_ton,WorldBank_synthetic
2022-10-29,iron_ore,82.78,per_ton,WorldBank_synthetic
2022-10-30,coal,57.66,per_ton,WorldBank_synthetic
2022-10-30,iron_ore,90.85,per_ton,WorldBank_synthetic
2022-10-31,coal,64.92,per_ton,WorldBank_synthetic
2022-10-31,iron_ore,85.16,per_ton,WorldBank_synthetic
2022-11-01,coal,75.23,per_ton,WorldBank_synthetic
2022-11-01,iron_ore,97.31,per_ton,WorldBank_synthetic
2022-11-02,coal,71.04,per_ton,WorldBank_synthetic
2022-11-02,iron_ore,77.08,per_ton,WorldBank_synthetic
2022-11-03,coal,67.3,per_ton,WorldBank_synthetic
2022-11-03,iron_ore,88.01,per_ton,WorldBank_synthetic
2022-11-04,coal,69.09,per_ton,WorldBank_synthetic
2022-11-04,iron_ore,87.1,per_ton,WorldBank_synthetic
2022-11-05,coal,71.87,per_ton,WorldBank_synthetic
2022-11-05,iron_ore,91.62,per_ton,WorldBank_synthetic
2022-11-06,coal,73.88,per_ton,WorldBank_synthetic
2022-11-06,iron_ore,93.31,per_ton,WorldBank_synthetic
2022-11-07,coal,64.34,per_ton,WorldBank_synthetic
2022-11-07,iron_ore,84.55,per_ton,WorldBank_synthetic
2022-11-08,coal,67.78,per_ton,WorldBank_synthetic
2022-11-08,iron_ore,90.78,per_ton,WorldBank_synthetic
2022-11-09,coal,65.41,per_ton,WorldBank_synthetic
2022-11-09,iron_ore,87.77,per_ton,WorldBank_synthetic
2022-11-10,coal,66.25,per_ton,WorldBank_synthetic
2022-11-10,iron_ore,83.96,per_ton,WorldBank_synthetic
2022-11-11,coal,70.02,per_ton,WorldBank_synthetic
2022-11-11,iron_ore,95.9,per_ton,WorldBank_synthetic
2022-11-12,coal,76.86,per_ton,WorldBank_synthetic
2022-11-12,iron_ore,97.19,per_ton,WorldBank_synthetic
2022-11-13,coal,66.08,per_ton,WorldBank_synthetic
2022-11-13,iron_ore,99.56,per_ton,WorldBank_synthetic
2022-11-14,coal,60.95,per_ton,WorldBank_synthetic
2022-11-14,iron_ore,93.11,per_ton,WorldBank_synthetic
2022-11-15,coal,65.36,per_ton,WorldBank_synthetic
2022-11-15,iron_ore,85.77,per_ton,WorldBank_synthetic
2022-11-16,coal,78.12,per_ton,WorldBank_synthetic
2022-11-16,iron_ore,87.2,per_ton,WorldBank_synthetic
2022-11-17,coal,69.51,per_ton,WorldBank_synthetic
2022-11-17,iron_ore,95.68,per_ton,WorldBank_synthetic
2022-11-18,coal,68.23,per_ton,WorldBank_synthetic
2022-11-18,iron_ore,80.47,per_ton,WorldBank_synthetic
2022-11-19,coal,70.07,per_ton,WorldBank_synthetic
2022-11-19,iron_ore,89.01,per_ton,WorldBank_synthetic
2022-11-20,coal,67.97,per_ton,WorldBank_synthetic
2022-11-20,iron_ore,91.97,per_ton,WorldBank_synthetic
2022-11-21,coal,70.86,per_ton,WorldBank_synthetic
2022-11-21,iron_ore,95.84,per_ton,WorldBank_synthetic
2022-11-22,coal,61.07,per_ton,WorldBank_synthetic
2022-11-22,iron_ore,94.71,per_ton,WorldBank_synthetic
2022-11-23,coal,77.57,per_ton,WorldBank_synthetic
2022-11-23,iron_ore,78.1,per_ton,WorldBank_synthetic
2022-11-24,coal,64.21,per_ton,WorldBank_synthetic
2022-11-24,iron_ore,88.24,per_ton,WorldBank_synthetic
2022-11-25,coal,59.01,per_ton,WorldBank_synthetic
2022-11-25,iron_ore,79.53,per_ton,WorldBank_synthetic
2022-11-26,coal,64.24,per_ton,WorldBank_synthetic
2022-11-26,iron_ore,103.77,per_ton,WorldBank_synthetic
2022-11-27,coal,67.3,per_ton,WorldBank_synthetic
2022-11-27,iron_ore,87.52,per_ton,WorldBank_synthetic
2022-11-28,coal,68.4,per_ton,WorldBank_synthetic
2022-11-28,iron_ore,99.31,per_ton,WorldBank_synthetic
2022-11-29,coal,71.77,per_ton,WorldBank_synthetic
2022-11-29,iron_ore,96.15,per_ton,WorldBank_synthetic
2022-11-30,coal,82.66,per_ton,WorldBank_synthetic
2022-11-30,iron_ore,98.34,per_ton,WorldBank_synthetic
2022-12-01,coal,71.73,per_ton,WorldBank_synthetic
2022-12-01,iron_ore,92.39,per_ton,WorldBank_synthetic
2022-12-02,coal,65.37,per_ton,WorldBank_synthetic
2022-12-02,iron_ore,87.73,per_ton,WorldBank_synthetic
2022-12-03,coal,63.35,per_ton,WorldBank_synthetic
2022-12-03,iron_ore,101.87,per_ton,WorldBank_synthetic
2022-12-04,coal,70.73,per_ton,WorldBank_synthetic
2022-12-04,iron_ore,92.83,per_ton,WorldBank_synthetic
2022-12-05,coal,68.29,per_ton,WorldBank_synthetic
2022-12-05,iron_ore,106.77,per_ton,WorldBank_synthetic
2022-12-06,coal,69.14,per_ton,WorldBank_synthetic
2022-12-06,iron_ore,98.98,per_ton,WorldBank_synthetic
2022-12-07,coal,71.75,per_ton,WorldBank_synthetic
2022-12-07,iron_ore,103.1,per_ton,WorldBank_synthetic
2022-12-08,coal,66.65,per_ton,WorldBank_synthetic
2022-12-08,iron_ore,79.84,per_ton,WorldBank_synthetic
2022-12-09,coal,60.82,per_ton,WorldBank_synthetic
2022-12-09,iron_ore,102.79,per_ton,WorldBank_synthetic
2022-12-10,coal,67.82,per_ton,WorldBank_synthetic
2022-12-10,iron_ore,97.64,per_ton,WorldBank_synthetic
2022-12-11,coal,62.26,per_ton,WorldBank_synthetic
2022-12-11,iron_ore,94.4,per_ton,WorldBank_synthetic
2022-12-12,coal,71.58,per_ton,WorldBank_synthetic
2022-12-12,iron_ore,101.54,per_ton,WorldBank_synthetic
2022-12-13,coal,65.74,per_ton,WorldBank_synthetic
2022-12-13,iron_ore,92.4,per_ton,WorldBank_synthetic
2022-12-14,coal,80.91,per_ton,WorldBank_synthetic
2022-12-14,iron_ore,100.06,per_ton,WorldBank_synthetic
2022-12-15,coal,70.88,per_ton,WorldBank_synthetic
2022-12-15,iron_ore,91.75,per_ton,WorldBank_synthetic
2022-12-16,coal,67.67,per_ton,WorldBank_synthetic
2022-12-16,iron_ore,100.68,per_ton,WorldBank_synthetic
2022-12-17,coal,65.97,per_ton,WorldBank_synthetic
2022-12-17,iron_ore,104.05,per_ton,WorldBank_synthetic
2022-12-18,coal,66.1,per_ton,WorldBank_synthetic
2022-12-18,iron_ore,97.79,per_ton,WorldBank_synthetic
2022-12-19,coal,68.05,per_ton,WorldBank_synthetic
2022-12-19,iron_ore,90.88,per_ton,WorldBank_synthetic
2022-12-20,coal,64.3,per_ton,WorldBank_synthetic
2022-12-20,iron_ore,105.55,per_ton,WorldBank_synthetic
2022-12-21,coal,67.2,per_ton,WorldBank_synthetic
2022-12-21,iron_ore,103.52,per_ton,WorldBank_synthetic
2022-12-22,coal,71.79,per_ton,WorldBank_synthetic
2022-12-22,iron_ore,108.08,per_ton,WorldBank_synthetic
2022-12-23,coal,76.74,per_ton,WorldBank_synthetic
2022-12-23,iron_ore,100.66,per_ton,WorldBank_synthetic
2022-12-24,coal,67.08,per_ton,WorldBank_synthetic
2022-12-24,iron_ore,107.82,per_ton,WorldBank_synthetic
2022-12-25,coal,77.28,per_ton,WorldBank_synthetic
2022-12-25,iron_ore,103.92,per_ton,WorldBank_synthetic
2022-12-26,coal,72.84,per_ton,WorldBank_synthetic
2022-12-26,iron_ore,105.55,per_ton,WorldBank_synthetic
2022-12-27,coal,72.57,per_ton,WorldBank_synthetic
2022-12-27,iron_ore,112.59,per_ton,WorldBank_synthetic
2022-12-28,coal,71.49,per_ton,WorldBank_synthetic
2022-12-28,iron_ore,112.76,per_ton,WorldBank_synthetic
2022-12-29,coal,75.75,per_ton,WorldBank_synthetic
2022-12-29,iron_ore,125.55,per_ton,WorldBank_synthetic
2022-12-30,coal,70.24,per_ton,WorldBank_synthetic
2022-12-30,iron_ore,117.96,per_ton,WorldBank_synthetic
2022-12-31,coal,78.03,per_ton,WorldBank_synthetic
2022-12-31,iron_ore,99.39,per_ton,WorldBank_synthetic
2023-01-01,coal,77.02,per_ton,WorldBank_synthetic
2023-01-01,iron_ore,114.48,per_ton,WorldBank_synthetic
2023-01-02,coal,71.32,per_ton,WorldBank_synthetic
2023-01-02,iron_ore,90.31,per_ton,WorldBank_synthetic
2023-01-03,coal,78.27,per_ton,WorldBank_synthetic
2023-01-03,iron_ore,100.04,per_ton,WorldBank_synthetic
2023-01-04,coal,73.85,per_ton,WorldBank_synthetic
2023-01-04,iron_ore,96.63,per_ton,WorldBank_synthetic
2023-01-05,coal,77.86,per_ton,WorldBank_synthetic
2023-01-05,iron_ore,96.55,per_ton,WorldBank_synthetic
2023-01-06,coal,72.13,per_ton,WorldBank_synthetic
2023-01-06,iron_ore,107.12,per_ton,WorldBank_synthetic
2023-01-07,coal,75.21,per_ton,WorldBank_synthetic
2023-01-07,iron_ore,100.18,per_ton,WorldBank_synthetic
2023-01-08,coal,77.71,per_ton,WorldBank_synthetic
2023-01-08,iron_ore,116.32,per_ton,WorldBank_synthetic
2023-01-09,coal,73.78,per_ton,WorldBank_synthetic
2023-01-09,iron_ore,110.58,per_ton,WorldBank_synthetic
2023-01-10,coal,62.01,per_ton,WorldBank_synthetic
2023-01-10,iron_ore,126.1,per_ton,WorldBank_synthetic
2023-01-11,coal,74.81,per_ton,WorldBank_synthetic
2023-01-11,iron_ore,118.84,per_ton,WorldBank_synthetic
2023-01-12,coal,77.04,per_ton,WorldBank_synthetic
2023-01-12,iron_ore,114.51,per_ton,WorldBank_synthetic
2023-01-13,coal,79.75,per_ton,WorldBank_synthetic
2023-01-13,iron_ore,109.34,per_ton,WorldBank_synthetic
2023-01-14,coal,81.58,per_ton,WorldBank_synthetic
2023-01-14,iron_ore,127.46,per_ton,WorldBank_synthetic
2023-01-15,coal,77.66,per_ton,WorldBank_synthetic
2023-01-15,iron_ore,113.99,per_ton,WorldBank_synthetic
2023-01-16,coal,81.72,per_ton,WorldBank_synthetic
2023-01-16,iron_ore,118.95,per_ton,WorldBank_synthetic
2023-01-17,coal,75.13,per_ton,WorldBank_synthetic
2023-01-17,iron_ore,113.3,per_ton,WorldBank_synthetic
2023-01-18,coal,77.81,per_ton,WorldBank_synthetic
2023-01-18,iron_ore,122.51,per_ton,WorldBank_synthetic
2023-01-19,coal,74.84,per_ton,WorldBank_synthetic
2023-01-19,iron_ore,123.13,per_ton,WorldBank_synthetic
2023-01-20,coal,87.35,per_ton,WorldBank_synthetic
2023-01-20,iron_ore,121.93,per_ton,WorldBank_synthetic
2023-01-21,coal,77.4,per_ton,WorldBank_synthetic
2023-01-21,iron_ore,122.12,per_ton,WorldBank_synthetic
2023-01-22,coal,75.67,per_ton,WorldBank_synthetic
2023-01-22,iron_ore,109.0,per_ton,WorldBank_synthetic
2023-01-23,coal,74.26,per_ton,WorldBank_synthetic
2023-01-23,iron_ore,107.37,per_ton,WorldBank_synthetic
2023-01-24,coal,83.03,per_ton,WorldBank_synthetic
2023-01-24,iron_ore,114.89,per_ton,WorldBank_synthetic
2023-01-25,coal,69.15,per_ton,WorldBank_synthetic
2023-01-25,iron_ore,123.16,per_ton,WorldBank_synthetic
2023-01-26,coal,80.38,per_ton,WorldBank_synthetic
2023-01-26,iron_ore,121.88,per_ton,WorldBank_synthetic
2023-01-27,coal,72.03,per_ton,WorldBank_synthetic
2023-01-27,iron_ore,110.88,per_ton,WorldBank_synthetic
2023-01-28,coal,87.72,per_ton,WorldBank_synthetic
2023-01-28,iron_ore,115.35,per_ton,WorldBank_synthetic
2023-01-29,coal,81.35,per_ton,WorldBank_synthetic
2023-01-29,iron_ore,121.53,per_ton,WorldBank_synthetic
2023-01-30,coal,72.31,per_ton,WorldBank_synthetic
2023-01-30,iron_ore,109.11,per_ton,WorldBank_synthetic
2023-01-31,coal,81.88,per_ton,WorldBank_synthetic
2023-01-31,iron_ore,118.78,per_ton,WorldBank_synthetic
2023-02-01,coal,78.16,per_ton,WorldBank_synthetic
2023-02-01,iron_ore,129.95,per_ton,WorldBank_synthetic
2023-02-02,coal,71.62,per_ton,WorldBank_synthetic
2023-02-02,iron_ore,121.49,per_ton,WorldBank_synthetic
2023-02-03,coal,85.75,per_ton,WorldBank_synthetic
2023-02-03,iron_ore,129.07,per_ton,WorldBank_synthetic
2023-02-04,coal,78.67,per_ton,WorldBank_synthetic
2023-02-04,iron_ore,126.42,per_ton,WorldBank_synthetic
2023-02-05,coal,83.33,per_ton,WorldBank_synthetic
2023-02-05,iron_ore,116.01,per_ton,WorldBank_synthetic
2023-02-06,coal,72.97,per_ton,WorldBank_synthetic
2023-02-06,iron_ore,130.27,per_ton,WorldBank_synthetic
2023-02-07,coal,80.78,per_ton,WorldBank_synthetic
2023-02-07,iron_ore,138.24,per_ton,WorldBank_synthetic
2023-02-08,coal,77.45,per_ton,WorldBank_synthetic
2023-02-08,iron_ore,131.99,per_ton,WorldBank_synthetic
2023-02-09,coal,84.97,per_ton,WorldBank_synthetic
2023-02-09,iron_ore,128.3,per_ton,WorldBank_synthetic
2023-02-10,coal,81.11,per_ton,WorldBank_synthetic
2023-02-10,iron_ore,117.12,per_ton,WorldBank_synthetic
2023-02-11,coal,79.65,per_ton,WorldBank_synthetic
2023-02-11,iron_ore,121.06,per_ton,WorldBank_synthetic
2023-02-12,coal,81.37,per_ton,WorldBank_synthetic
2023-02-12,iron_ore,116.96,per_ton,WorldBank_synthetic
2023-02-13,coal,82.63,per_ton,WorldBank_synthetic
2023-02-13,iron_ore,139.9,per_ton,WorldBank_synthetic
2023-02-14,coal,77.15,per_ton,WorldBank_synthetic
2023-02-14,iron_ore,130.21,per_ton,WorldBank_synthetic
2023-02-15,coal,72.23,per_ton,WorldBank_synthetic
2023-02-15,iron_ore,130.28,per_ton,WorldBank_synthetic
2023-02-16,coal,83.13,per_ton,WorldBank_synthetic
2023-02-16,iron_ore,119.3,per_ton,WorldBank_synthetic
2023-02-17,coal,84.71,per_ton,WorldBank_synthetic
2023-02-17,iron_ore,127.72,per_ton,WorldBank_synthetic
2023-02-18,coal,91.12,per_ton,WorldBank_synthetic
2023-02-18,iron_ore,128.09,per_ton,WorldBank_synthetic
2023-02-19,coal,84.19,per_ton,WorldBank_synthetic
2023-02-19,iron_ore,126.32,per_ton,WorldBank_synthetic
2023-02-20,coal,76.73,per_ton,WorldBank_synthetic
2023-02-20,iron_ore,148.59,per_ton,WorldBank_synthetic
2023-02-21,coal,83.38,per_ton,WorldBank_synthetic
2023-02-21,iron_ore,130.51,per_ton,WorldBank_synthetic
2023-02-22,coal,83.01,per_ton,WorldBank_synthetic
2023-02-22,iron_ore,116.62,per_ton,WorldBank_synthetic
2023-02-23,coal,75.9,per_ton,WorldBank_synthetic
2023-02-23,iron_ore,115.23,per_ton,WorldBank_synthetic
2023-02-24,coal,89.42,per_ton,WorldBank_synthetic
2023-02-24,iron_ore,132.93,per_ton,WorldBank_synthetic
2023-02-25,coal,81.26,per_ton,WorldBank_synthetic
2023-02-25,iron_ore,117.74,per_ton,WorldBank_synthetic
2023-02-26,coal,78.89,per_ton,WorldBank_synthetic
2023-02-26,iron_ore,128.63,per_ton,WorldBank_synthetic
2023-02-27,coal,76.98,per_ton,WorldBank_synthetic
2023-02-27,iron_ore,136.71,per_ton,WorldBank_synthetic
2023-02-28,coal,79.24,per_ton,WorldBank_synthetic
2023-02-28,iron_ore,127.73,per_ton,WorldBank_synthetic
2023-03-01,coal,82.86,per_ton,WorldBank_synthetic
2023-03-01,iron_ore,112.74,per_ton,WorldBank_synthetic
2023-03-02,coal,87.51,per_ton,WorldBank_synthetic
2023-03-02,iron_ore,130.82,per_ton,WorldBank_synthetic
2023-03-03,coal,72.48,per_ton,WorldBank_synthetic
2023-03-03,iron_ore,127.62,per_ton,WorldBank_synthetic
2023-03-04,coal,81.98,per_ton,WorldBank_synthetic
2023-03-04,iron_ore,122.72,per_ton,WorldBank_synthetic
2023-03-05,coal,85.49,per_ton,WorldBank_synthetic
2023-03-05,iron_ore,140.87,per_ton,WorldBank_synthetic
2023-03-06,coal,85.57,per_ton,WorldBank_synthetic
2023-03-06,iron_ore,120.19,per_ton,WorldBank_synthetic
2023-03-07,coal,80.53,per_ton,WorldBank_synthetic
2023-03-07,iron_ore,115.88,per_ton,WorldBank_synthetic
2023-03-08,coal,85.0,per_ton,WorldBank_synthetic
2023-03-08,iron_ore,123.95,per_ton,WorldBank_synthetic
2023-03-09,coal,85.46,per_ton,WorldBank_synthetic
2023-03-09,iron_ore,138.57,per_ton,WorldBank_synthetic
2023-03-10,coal,88.55,per_ton,WorldBank_synthetic
2023-03-10,iron_ore,134.05,per_ton,WorldBank_synthetic
2023-03-11,coal,82.95,per_ton,WorldBank_synthetic
2023-03-11,iron_ore,119.63,per_ton,WorldBank_synthetic
2023-03-12,coal,95.21,per_ton,WorldBank_synthetic
2023-03-12,iron_ore,150.49,per_ton,WorldBank_synthetic
2023-03-13,coal,83.9,per_ton,WorldBank_synthetic
2023-03-13,iron_ore,136.47,per_ton,WorldBank_synthetic
2023-03-14,coal,78.68,per_ton,WorldBank_synthetic
2023-03-14,iron_ore,130.12,per_ton,WorldBank_synthetic
2023-03-15,coal,84.62,per_ton,WorldBank_synthetic
2023-03-15,iron_ore,128.71,per_ton,WorldBank_synthetic
2023-03-16,coal,93.33,per_ton,WorldBank_synthetic
2023-03-16,iron_ore,136.11,per_ton,WorldBank_synthetic
2023-03-17,coal,81.49,per_ton,WorldBank_synthetic
2023-03-17,iron_ore,130.55,per_ton,WorldBank_synthetic
2023-03-18,coal,85.87,per_ton,WorldBank_synthetic
2023-03-18,iron_ore,121.26,per_ton,WorldBank_synthetic
2023-03-19,coal,87.11,per_ton,WorldBank_synthetic
2023-03-19,iron_ore,133.86,per_ton,WorldBank_synthetic
2023-03-20,coal,89.23,per_ton,WorldBank_synthetic
2023-03-20,iron_ore,137.2,per_ton,WorldBank_synthetic
2023-03-21,coal,81.52,per_ton,WorldBank_synthetic
2023-03-21,iron_ore,129.17,per_ton,WorldBank_synthetic
2023-03-22,coal,91.75,per_ton,WorldBank_synthetic
2023-03-22,iron_ore,138.12,per_ton,WorldBank_synthetic
2023-03-23,coal,87.83,per_ton,WorldBank_synthetic
2023-03-23,iron_ore,139.61,per_ton,WorldBank_synthetic
2023-03-24,coal,84.43,per_ton,WorldBank_synthetic
2023-03-24,iron_ore,126.26,per_ton,WorldBank_synthetic
2023-03-25,coal,93.9,per_ton,WorldBank_synthetic
2023-03-25,iron_ore,133.62,per_ton,WorldBank_synthetic
2023-03-26,coal,91.37,per_ton,WorldBank_synthetic
2023-03-26,iron_ore,134.61,per_ton,WorldBank_synthetic
2023-03-27,coal,90.49,per_ton,WorldBank_synthetic
2023-03-27,iron_ore,128.53,per_ton,WorldBank_synthetic
2023-03-28,coal,78.39,per_ton,WorldBank_synthetic
2023-03-28,iron_ore,133.37,per_ton,WorldBank_synthetic
2023-03-29,coal,82.57,per_ton,WorldBank_synthetic
2023-03-29,iron_ore,141.03,per_ton,WorldBank_synthetic
2023-03-30,coal,86.71,per_ton,WorldBank_synthetic
2023-03-30,iron_ore,123.5,per_ton,WorldBank_synthetic
2023-03-31,coal,81.29,per_ton,WorldBank_synthetic
2023-03-31,iron_ore,124.81,per_ton,WorldBank_synthetic
2023-04-01,coal,81.26,per_ton,WorldBank_synthetic
2023-04-01,iron_ore,135.37,per_ton,WorldBank_synthetic
2023-04-02,coal,81.89,per_ton,WorldBank_synthetic
2023-04-02,iron_ore,145.57,per_ton,WorldBank_synthetic
2023-04-03,coal,87.09,per_ton,WorldBank_synthetic
2023-04-03,iron_ore,129.55,per_ton,WorldBank_synthetic
2023-04-04,coal,91.42,per_ton,WorldBank_synthetic
2023-04-04,iron_ore,143.74,per_ton,WorldBank_synthetic
2023-04-05,coal,85.95,per_ton,WorldBank_synthetic
2023-04-05,iron_ore,133.64,per_ton,WorldBank_synthetic
2023-04-06,coal,94.64,per_ton,WorldBank_synthetic
2023-04-06,iron_ore,143.04,per_ton,WorldBank_synthetic
2023-04-07,coal,79.57,per_ton,WorldBank_synthetic
2023-04-07,iron_ore,138.04,per_ton,WorldBank_synthetic
2023-04-08,coal,80.76,per_ton,WorldBank_synthetic
2023-04-08,iron_ore,144.0,per_ton,WorldBank_synthetic
2023-04-09,coal,79.75,per_ton,WorldBank_synthetic
2023-04-09,iron_ore,131.83,per_ton,WorldBank_synthetic
2023-04-10,coal,81.78,per_ton,WorldBank_synthetic
2023-04-10,iron_ore,140.84,per_ton,WorldBank_synthetic
2023-04-11,coal,79.59,per_ton,WorldBank_synthetic
2023-04-11,iron_ore,137.14,per_ton,WorldBank_synthetic
2023-04-12,coal,74.05,per_ton,WorldBank_synthetic
2023-04-12,iron_ore,143.95,per_ton,WorldBank_synthetic
2023-04-13,coal,71.33,per_ton,WorldBank_synthetic
2023-04-13,iron_ore,138.62,per_ton,WorldBank_synthetic
2023-04-14,coal,85.97,per_ton,WorldBank_synthetic
2023-04-14,iron_ore,133.28,per_ton,WorldBank_synthetic
2023-04-15,coal,90.17,per_ton,WorldBank_synthetic
2023-04-15,iron_ore,146.36,per_ton,WorldBank_synthetic
2023-04-16,coal,89.99,per_ton,WorldBank_synthetic
2023-04-16,iron_ore,146.45,per_ton,WorldBank_synthetic
2023-04-17,coal,86.21,per_ton,WorldBank_synthetic
2023-04-17,iron_ore,134.39,per_ton,WorldBank_synthetic
2023-04-18,coal,85.84,per_ton,WorldBank_synthetic
2023-04-18,iron_ore,146.28,per_ton,WorldBank_synthetic
2023-04-19,coal,84.2,per_ton,WorldBank_synthetic
2023-04-19,iron_ore,118.3,per_ton,WorldBank_synthetic
2023-04-20,coal,76.01,per_ton,WorldBank_synthetic
2023-04-20,iron_ore,151.95,per_ton,WorldBank_synthetic
2023-04-21,coal,80.22,per_ton,WorldBank_synthetic
2023-04-21,iron_ore,132.68,per_ton,WorldBank_synthetic
2023-04-22,coal,88.99,per_ton,WorldBank_synthetic
2023-04-22,iron_ore,144.76,per_ton,WorldBank_synthetic
2023-04-23,coal,86.99,per_ton,WorldBank_synthetic
2023-04-23,iron_ore,138.76,per_ton,WorldBank_synthetic
2023-04-24,coal,73.51,per_ton,WorldBank_synthetic
2023-04-24,iron_ore,155.37,per_ton,WorldBank_synthetic
2023-04-25,coal,82.15,per_ton,WorldBank_synthetic
2023-04-25,iron_ore,146.35,per_ton,WorldBank_synthetic
2023-04-26,coal,84.67,per_ton,WorldBank_synthetic
2023-04-26,iron_ore,133.35,per_ton,WorldBank_synthetic
2023-04-27,coal,82.54,per_ton,WorldBank_synthetic
2023-04-27,iron_ore,136.29,per_ton,WorldBank_synthetic
2023-04-28,coal,92.04,per_ton,WorldBank_synthetic
2023-04-28,iron_ore,127.29,per_ton,WorldBank_synthetic
2023-04-29,coal,85.68,per_ton,WorldBank_synthetic
2023-04-29,iron_ore,152.07,per_ton,WorldBank_synthetic
2023-04-30,coal,81.06,per_ton,WorldBank_synthetic
2023-04-30,iron_ore,137.9,per_ton,WorldBank_synthetic
2023-05-01,coal,77.64,per_ton,WorldBank_synthetic
2023-05-01,iron_ore,150.76,per_ton,WorldBank_synthetic
2023-05-02,coal,77.74,per_ton,WorldBank_synthetic
2023-05-02,iron_ore,142.74,per_ton,WorldBank_synthetic
2023-05-03,coal,73.48,per_ton,WorldBank_synthetic
2023-05-03,iron_ore,130.65,per_ton,WorldBank_synthetic
2023-05-04,coal,84.32,per_ton,WorldBank_synthetic
2023-05-04,iron_ore,128.61,per_ton,WorldBank_synthetic
2023-05-05,coal,81.82,per_ton,WorldBank_synthetic
2023-05-05,iron_ore,126.76,per_ton,WorldBank_synthetic
2023-05-06,coal,83.43,per_ton,WorldBank_synthetic
2023-05-06,iron_ore,127.98,per_ton,WorldBank_synthetic
2023-05-07,coal,77.57,per_ton,WorldBank_synthetic
2023-05-07,iron_ore,139.52,per_ton,WorldBank_synthetic
2023-05-08,coal,73.24,per_ton,WorldBank_synthetic
2023-05-08,iron_ore,142.4,per_ton,WorldBank_synthetic
2023-05-09,coal,78.56,per_ton,WorldBank_synthetic
2023-05-09,iron_ore,150.07,per_ton,WorldBank_synthetic
2023-05-10,coal,79.9,per_ton,WorldBank_synthetic
2023-05-10,iron_ore,130.18,per_ton,WorldBank_synthetic
2023-05-11,coal,82.94,per_ton,WorldBank_synthetic
2023-05-11,iron_ore,145.16,per_ton,WorldBank_synthetic
2023-05-12,coal,70.1,per_ton,WorldBank_synthetic
2023-05-12,iron_ore,131.98,per_ton,WorldBank_synthetic
2023-05-13,coal,88.44,per_ton,WorldBank_synthetic
2023-05-13,iron_ore,128.73,per_ton,WorldBank_synthetic
2023-05-14,coal,75.92,per_ton,WorldBank_synthetic
2023-05-14,iron_ore,124.25,per_ton,WorldBank_synthetic
2023-05-15,coal,80.15,per_ton,WorldBank_synthetic
2023-05-15,iron_ore,126.85,per_ton,WorldBank_synthetic
2023-05-16,coal,83.99,per_ton,WorldBank_synthetic
2023-05-16,iron_ore,124.8,per_ton,WorldBank_synthetic
2023-05-17,coal,79.23,per_ton,WorldBank_synthetic
2023-05-17,iron_ore,135.19,per_ton,WorldBank_synthetic
2023-05-18,coal,78.43,per_ton,WorldBank_synthetic
2023-05-18,iron_ore,134.74,per_ton,WorldBank_synthetic
2023-05-19,coal,76.51,per_ton,WorldBank_synthetic
2023-05-19,iron_ore,129.43,per_ton,WorldBank_synthetic
2023-05-20,coal,87.33,per_ton,WorldBank_synthetic
2023-05-20,iron_ore,139.84,per_ton,WorldBank_synthetic
2023-05-21,coal,83.15,per_ton,WorldBank_synthetic
2023-05-21,iron_ore,144.79,per_ton,WorldBank_synthetic
2023-05-22,coal,82.91,per_ton,WorldBank_synthetic
2023-05-22,iron_ore,133.8,per_ton,WorldBank_synthetic
2023-05-23,coal,83.64,per_ton,WorldBank_synthetic
2023-05-23,iron_ore,134.17,per_ton,WorldBank_synthetic
2023-05-24,coal,89.32,per_ton,WorldBank_synthetic
2023-05-24,iron_ore,137.7,per_ton,WorldBank_synthetic
2023-05-25,coal,80.67,per_ton,WorldBank_synthetic
2023-05-25,iron_ore,148.42,per_ton,WorldBank_synthetic
2023-05-26,coal,84.41,per_ton,WorldBank_synthetic
2023-05-26,iron_ore,130.17,per_ton,WorldBank_synthetic
2023-05-27,coal,82.52,per_ton,WorldBank_synthetic
2023-05-27,iron_ore,125.43,per_ton,WorldBank_synthetic
2023-05-28,coal,78.73,per_ton,WorldBank_synthetic
2023-05-28,iron_ore,136.95,per_ton,WorldBank_synthetic
2023-05-29,coal,80.51,per_ton,WorldBank_synthetic
2023-05-29,iron_ore,134.09,per_ton,WorldBank_synthetic
2023-05-30,coal,74.87,per_ton,WorldBank_synthetic
2023-05-30,iron_ore,138.47,per_ton,WorldBank_synthetic
2023-05-31,coal,82.26,per_ton,WorldBank_synthetic
2023-05-31,iron_ore,129.74,per_ton,WorldBank_synthetic
2023-06-01,coal,79.21,per_ton,WorldBank_synthetic
2023-06-01,iron_ore,138.94,per_ton,WorldBank_synthetic
2023-06-02,coal,81.62,per_ton,WorldBank_synthetic
2023-06-02,iron_ore,137.69,per_ton,WorldBank_synthetic
2023-06-03,coal,81.36,per_ton,WorldBank_synthetic
2023-06-03,iron_ore,139.54,per_ton,WorldBank_synthetic
2023-06-04,coal,82.44,per_ton,WorldBank_synthetic
2023-06-04,iron_ore,138.21,per_ton,WorldBank_synthetic
2023-06-05,coal,76.11,per_ton,WorldBank_synthetic
2023-06-05,iron_ore,137.08,per_ton,WorldBank_synthetic
2023-06-06,coal,75.15,per_ton,WorldBank_synthetic
2023-06-06,iron_ore,129.57,per_ton,WorldBank_synthetic
2023-06-07,coal,80.02,per_ton,WorldBank_synthetic
2023-06-07,iron_ore,134.56,per_ton,WorldBank_synthetic
2023-06-08,coal,74.76,per_ton,WorldBank_synthetic
2023-06-08,iron_ore,138.41,per_ton,WorldBank_synthetic
2023-06-09,coal,74.19,per_ton,WorldBank_synthetic
2023-06-09,iron_ore,137.45,per_ton,WorldBank_synthetic
2023-06-10,coal,71.14,per_ton,WorldBank_synthetic
2023-06-10,iron_ore,144.16,per_ton,WorldBank_synthetic
2023-06-11,coal,80.06,per_ton,WorldBank_synthetic
2023-06-11,iron_ore,137.12,per_ton,WorldBank_synthetic
2023-06-12,coal,77.54,per_ton,WorldBank_synthetic
2023-06-12,iron_ore,122.62,per_ton,WorldBank_synthetic
2023-06-13,coal,68.93,per_ton,WorldBank_synthetic
2023-06-13,iron_ore,133.65,per_ton,WorldBank_synthetic
2023-06-14,coal,75.24,per_ton,WorldBank_synthetic
2023-06-14,iron_ore,135.5,per_ton,WorldBank_synthetic
2023-06-15,coal,82.11,per_ton,WorldBank_synthetic
2023-06-15,iron_ore,136.02,per_ton,WorldBank_synthetic
2023-06-16,coal,71.94,per_ton,WorldBank_synthetic
2023-06-16,iron_ore,137.59,per_ton,WorldBank_synthetic
2023-06-17,coal,73.52,per_ton,WorldBank_synthetic
2023-06-17,iron_ore,135.53,per_ton,WorldBank_synthetic
2023-06-18,coal,79.38,per_ton,WorldBank_synthetic
2023-06-18,iron_ore,127.98,per_ton,WorldBank_synthetic
2023-06-19,coal,83.51,per_ton,WorldBank_synthetic
2023-06-19,iron_ore,129.21,per_ton,WorldBank_synthetic
2023-06-20,coal,76.18,per_ton,WorldBank_synthetic
2023-06-20,iron_ore,141.91,per_ton,WorldBank_synthetic
2023-06-21,coal,76.79,per_ton,WorldBank_synthetic
2023-06-21,iron_ore,124.89,per_ton,WorldBank_synthetic
2023-06-22,coal,73.94,per_ton,WorldBank_synthetic
2023-06-22,iron_ore,133.19,per_ton,WorldBank_synthetic
2023-06-23,coal,73.29,per_ton,WorldBank_synthetic
2023-06-23,iron_ore,127.07,per_ton,WorldBank_synthetic
2023-06-24,coal,80.06,per_ton,WorldBank_synthetic
2023-06-24,iron_ore,129.38,per_ton,WorldBank_synthetic
2023-06-25,coal,83.84,per_ton,WorldBank_synthetic
2023-06-25,iron_ore,129.43,per_ton,WorldBank_synthetic
2023-06-26,coal,69.87,per_ton,WorldBank_synthetic
2023-06-26,iron_ore,128.55,per_ton,WorldBank_synthetic
2023-06-27,coal,79.46,per_ton,WorldBank_synthetic
2023-06-27,iron_ore,125.67,per_ton,WorldBank_synthetic
2023-06-28,coal,80.22,per_ton,WorldBank_synthetic
2023-06-28,iron_ore,130.14,per_ton,WorldBank_synthetic
2023-06-29,coal,76.43,per_ton,WorldBank_synthetic
2023-06-29,iron_ore,124.06,per_ton,WorldBank_synthetic
2023-06-30,coal,74.44,per_ton,WorldBank_synthetic
2023-06-30,iron_ore,129.6,per_ton,WorldBank_synthetic
2023-07-01,coal,79.35,per_ton,WorldBank_synthetic
2023-07-01,iron_ore,125.7,per_ton,WorldBank_synthetic
2023-07-02,coal,66.12,per_ton,WorldBank_synthetic
2023-07-02,iron_ore,120.37,per_ton,WorldBank_synthetic
2023-07-03,coal,70.37,per_ton,WorldBank_synthetic
2023-07-03,iron_ore,134.07,per_ton,WorldBank_synthetic
2023-07-04,coal,69.12,per_ton,WorldBank_synthetic
2023-07-04,iron_ore,120.91,per_ton,WorldBank_synthetic
2023-07-05,coal,71.9,per_ton,WorldBank_synthetic
2023-07-05,iron_ore,128.36,per_ton,WorldBank_synthetic
2023-07-06,coal,72.82,per_ton,WorldBank_synthetic
2023-07-06,iron_ore,118.02,per_ton,WorldBank_synthetic
2023-07-07,coal,71.52,per_ton,WorldBank_synthetic
2023-07-07,iron_ore,135.68,per_ton,WorldBank_synthetic
2023-07-08,coal,74.89,per_ton,WorldBank_synthetic
2023-07-08,iron_ore,130.89,per_ton,WorldBank_synthetic
2023-07-09,coal,68.96,per_ton,WorldBank_synthetic
2023-07-09,iron_ore,125.34,per_ton,WorldBank_synthetic
2023-07-10,coal,66.35,per_ton,WorldBank_synthetic
2023-07-10,iron_ore,131.91,per_ton,WorldBank_synthetic
2023-07-11,coal,76.65,per_ton,WorldBank_synthetic
2023-07-11,iron_ore,125.26,per_ton,WorldBank_synthetic
2023-07-12,coal,70.38,per_ton,WorldBank_synthetic
2023-07-12,iron_ore,120.21,per_ton,WorldBank_synthetic
2023-07-13,coal,71.52,per_ton,WorldBank_synthetic
2023-07-13,iron_ore,139.98,per_ton,WorldBank_synthetic
2023-07-14,coal,68.37,per_ton,WorldBank_synthetic
2023-07-14,iron_ore,128.15,per_ton,WorldBank_synthetic
2023-07-15,coal,76.35,per_ton,WorldBank_synthetic
2023-07-15,iron_ore,125.37,per_ton,WorldBank_synthetic
2023-07-16,coal,65.1,per_ton,WorldBank_synthetic
2023-07-16,iron_ore,128.61,per_ton,WorldBank_synthetic
2023-07-17,coal,79.13,per_ton,WorldBank_synthetic
2023-07-17,iron_ore,126.89,per_ton,WorldBank_synthetic
2023-07-18,coal,71.16,per_ton,WorldBank_synthetic
2023-07-18,iron_ore,125.01,per_ton,WorldBank_synthetic
2023-07-19,coal,60.56,per_ton,WorldBank_synthetic
2023-07-19,iron_ore,127.7,per_ton,WorldBank_synthetic
2023-07-20,coal,68.65,per_ton,WorldBank_synthetic
2023-07-20,iron_ore,117.62,per_ton,WorldBank_synthetic
2023-07-21,coal,77.08,per_ton,WorldBank_synthetic
2023-07-21,iron_ore,117.05,per_ton,WorldBank_synthetic
2023-07-22,coal,71.26,per_ton,WorldBank_synthetic
2023-07-22,iron_ore,114.51,per_ton,WorldBank_synthetic
2023-07-23,coal,72.32,per_ton,WorldBank_synthetic
2023-07-23,iron_ore,112.91,per_ton,WorldBank_synthetic
2023-07-24,coal,71.61,per_ton,WorldBank_synthetic
2023-07-24,iron_ore,124.86,per_ton,WorldBank_synthetic
2023-07-25,coal,74.05,per_ton,WorldBank_synthetic
2023-07-25,iron_ore,113.29,per_ton,WorldBank_synthetic
2023-07-26,coal,68.05,per_ton,WorldBank_synthetic
2023-07-26,iron_ore,116.83,per_ton,WorldBank_synthetic
2023-07-27,coal,73.71,per_ton,WorldBank_synthetic
2023-07-27,iron_ore,109.32,per_ton,WorldBank_synthetic
2023-07-28,coal,68.02,per_ton,WorldBank_synthetic
2023-07-28,iron_ore,126.8,per_ton,WorldBank_synthetic
2023-07-29,coal,70.73,per_ton,WorldBank_synthetic
2023-07-29,iron_ore,110.37,per_ton,WorldBank_synthetic
2023-07-30,coal,75.31,per_ton,WorldBank_synthetic
2023-07-30,iron_ore,122.88,per_ton,WorldBank_synthetic
2023-07-31,coal,74.62,per_ton,WorldBank_synthetic
2023-07-31,iron_ore,118.77,per_ton,WorldBank_synthetic
2023-08-01,coal,69.69,per_ton,WorldBank_synthetic
2023-08-01,iron_ore,123.47,per_ton,WorldBank_synthetic
2023-08-02,coal,67.21,per_ton,WorldBank_synthetic
2023-08-02,iron_ore,139.34,per_ton,WorldBank_synthetic
2023-08-03,coal,67.93,per_ton,WorldBank_synthetic
2023-08-03,iron_ore,124.09,per_ton,WorldBank_synthetic
2023-08-04,coal,65.97,per_ton,WorldBank_synthetic
2023-08-04,iron_ore,116.68,per_ton,WorldBank_synthetic
2023-08-05,coal,68.35,per_ton,WorldBank_synthetic
2023-08-05,iron_ore,115.15,per_ton,WorldBank_synthetic
2023-08-06,coal,64.24,per_ton,WorldBank_synthetic
2023-08-06,iron_ore,120.91,per_ton,WorldBank_synthetic
2023-08-07,coal,66.81,per_ton,WorldBank_synthetic
2023-08-07,iron_ore,137.38,per_ton,WorldBank_synthetic
2023-08-08,coal,67.88,per_ton,WorldBank_synthetic
2023-08-08,iron_ore,114.82,per_ton,WorldBank_synthetic
2023-08-09,coal,71.79,per_ton,WorldBank_synthetic
2023-08-09,iron_ore,133.85,per_ton,WorldBank_synthetic
2023-08-10,coal,60.6,per_ton,WorldBank_synthetic
2023-08-10,iron_ore,129.41,per_ton,WorldBank_synthetic
2023-08-11,coal,63.25,per_ton,WorldBank_synthetic
2023-08-11,iron_ore,115.41,per_ton,WorldBank_synthetic
2023-08-12,coal,61.51,per_ton,WorldBank_synthetic
2023-08-12,iron_ore,115.33,per_ton,WorldBank_synthetic
2023-08-13,coal,61.45,per_ton,WorldBank_synthetic
2023-08-13,iron_ore,113.97,per_ton,WorldBank_synthetic
2023-08-14,coal,66.63,per_ton,WorldBank_synthetic
2023-08-14,iron_ore,117.4,per_ton,WorldBank_synthetic
2023-08-15,coal,69.52,per_ton,WorldBank_synthetic
2023-08-15,iron_ore,120.43,per_ton,WorldBank_synthetic
2023-08-16,coal,67.8,per_ton,WorldBank_synthetic
2023-08-16,iron_ore,128.44,per_ton,WorldBank_synthetic
2023-08-17,coal,68.97,per_ton,WorldBank_synthetic
2023-08-17,iron_ore,127.45,per_ton,WorldBank_synthetic
2023-08-18,coal,68.73,per_ton,WorldBank_synthetic
2023-08-18,iron_ore,112.44,per_ton,WorldBank_synthetic
2023-08-19,coal,61.23,per_ton,WorldBank_synthetic
2023-08-19,iron_ore,94.96,per_ton,WorldBank_synthetic
2023-08-20,coal,65.81,per_ton,WorldBank_synthetic
2023-08-20,iron_ore,107.81,per_ton,WorldBank_synthetic
2023-08-21,coal,67.81,per_ton,WorldBank_synthetic
2023-08-21,iron_ore,127.05,per_ton,WorldBank_synthetic
2023-08-22,coal,56.59,per_ton,WorldBank_synthetic
2023-08-22,iron_ore,121.93,per_ton,WorldBank_synthetic
2023-08-23,coal,60.28,per_ton,WorldBank_synthetic
2023-08-23,iron_ore,101.47,per_ton,WorldBank_synthetic
2023-08-24,coal,79.02,per_ton,WorldBank_synthetic
2023-08-24,iron_ore,122.1,per_ton,WorldBank_synthetic
2023-08-25,coal,52.93,per_ton,WorldBank_synthetic
2023-08-25,iron_ore,126.53,per_ton,WorldBank_synthetic
2023-08-26,coal,66.64,per_ton,WorldBank_synthetic
2023-08-26,iron_ore,127.5,per_ton,WorldBank_synthetic
2023-08-27,coal,63.12,per_ton,WorldBank_synthetic
2023-08-27,iron_ore,116.89,per_ton,WorldBank_synthetic
2023-08-28,coal,68.33,per_ton,WorldBank_synthetic
2023-08-28,iron_ore,98.49,per_ton,WorldBank_synthetic
2023-08-29,coal,68.37,per_ton,WorldBank_synthetic
2023-08-29,iron_ore,121.19,per_ton,WorldBank_synthetic
2023-08-30,coal,62.94,per_ton,WorldBank_synthetic
2023-08-30,iron_ore,118.77,per_ton,WorldBank_synthetic
2023-08-31,coal,71.01,per_ton,WorldBank_synthetic
2023-08-31,iron_ore,114.5,per_ton,WorldBank_synthetic
2023-09-01,coal,73.4,per_ton,WorldBank_synthetic
2023-09-01,iron_ore,119.21,per_ton,WorldBank_synthetic
2023-09-02,coal,75.81,per_ton,WorldBank_synthetic
2023-09-02,iron_ore,115.92,per_ton,WorldBank_synthetic
2023-09-03,coal,72.95,per_ton,WorldBank_synthetic
2023-09-03,iron_ore,112.45,per_ton,WorldBank_synthetic
2023-09-04,coal,71.15,per_ton,WorldBank_synthetic
2023-09-04,iron_ore,116.1,per_ton,WorldBank_synthetic
2023-09-05,coal,70.0,per_ton,WorldBank_synthetic
2023-09-05,iron_ore,119.06,per_ton,WorldBank_synthetic
2023-09-06,coal,66.23,per_ton,WorldBank_synthetic
2023-09-06,iron_ore,110.32,per_ton,WorldBank_synthetic
2023-09-07,coal,58.83,per_ton,WorldBank_synthetic
2023-09-07,iron_ore,114.48,per_ton,WorldBank_synthetic
2023-09-08,coal,62.02,per_ton,WorldBank_synthetic
2023-09-08,iron_ore,106.25,per_ton,WorldBank_synthetic
2023-09-09,coal,66.0,per_ton,WorldBank_synthetic
2023-09-09,iron_ore,117.43,per_ton,WorldBank_synthetic
2023-09-10,coal,70.84,per_ton,WorldBank_synthetic
2023-09-10,iron_ore,115.65,per_ton,WorldBank_synthetic
2023-09-11,coal,67.11,per_ton,WorldBank_synthetic
2023-09-11,iron_ore,113.97,per_ton,WorldBank_synthetic
2023-09-12,coal,63.61,per_ton,WorldBank_synthetic
2023-09-12,iron_ore,123.8,per_ton,WorldBank_synthetic
2023-09-13,coal,76.24,per_ton,WorldBank_synthetic
2023-09-13,iron_ore,106.46,per_ton,WorldBank_synthetic
2023-09-14,coal,61.98,per_ton,WorldBank_synthetic
2023-09-14,iron_ore,101.76,per_ton,WorldBank_synthetic
2023-09-15,coal,63.62,per_ton,WorldBank_synthetic
2023-09-15,iron_ore,103.35,per_ton,WorldBank_synthetic
2023-09-16,coal,69.86,per_ton,WorldBank_synthetic
2023-09-16,iron_ore,112.04,per_ton,WorldBank_synthetic
2023-09-17,coal,72.66,per_ton,WorldBank_synthetic
2023-09-17,iron_ore,111.81,per_ton,WorldBank_synthetic
2023-09-18,coal,69.56,per_ton,WorldBank_synthetic
2023-09-18,iron_ore,107.75,per_ton,WorldBank_synthetic
2023-09-19,coal,76.39,per_ton,WorldBank_synthetic
2023-09-19,iron_ore,122.81,per_ton,WorldBank_synthetic
2023-09-20,coal,64.73,per_ton,WorldBank_synthetic
2023-09-20,iron_ore,112.12,per_ton,WorldBank_synthetic
2023-09-21,coal,67.49,per_ton,WorldBank_synthetic
2023-09-21,iron_ore,107.39,per_ton,WorldBank_synthetic
2023-09-22,coal,66.07,per_ton,WorldBank_synthetic
2023-09-22,iron_ore,100.08,per_ton,WorldBank_synthetic
2023-09-23,coal,67.63,per_ton,WorldBank_synthetic
2023-09-23,iron_ore,116.59,per_ton,WorldBank_synthetic
2023-09-24,coal,75.99,per_ton,WorldBank_synthetic
2023-09-24,iron_ore,116.41,per_ton,WorldBank_synthetic
2023-09-25,coal,69.94,per_ton,WorldBank_synthetic
2023-09-25,iron_ore,119.4,per_ton,WorldBank_synthetic
2023-09-26,coal,68.96,per_ton,WorldBank_synthetic
2023-09-26,iron_ore,107.44,per_ton,WorldBank_synthetic
2023-09-27,coal,62.84,per_ton,WorldBank_synthetic
2023-09-27,iron_ore,117.72,per_ton,WorldBank_synthetic
2023-09-28,coal,74.67,per_ton,WorldBank_synthetic
2023-09-28,iron_ore,100.4,per_ton,WorldBank_synthetic
2023-09-29,coal,63.46,per_ton,WorldBank_synthetic
2023-09-29,iron_ore,123.75,per_ton,WorldBank_synthetic
2023-09-30,coal,71.02,per_ton,WorldBank_synthetic
2023-09-30,iron_ore,99.0,per_ton,WorldBank_synthetic
2023-10-01,coal,68.49,per_ton,WorldBank_synthetic
2023-10-01,iron_ore,112.02,per_ton,WorldBank_synthetic
2023-10-02,coal,75.56,per_ton,WorldBank_synthetic
2023-10-02,iron_ore,113.68,per_ton,WorldBank_synthetic
2023-10-03,coal,78.39,per_ton,WorldBank_synthetic
2023-10-03,iron_ore,112.83,per_ton,WorldBank_synthetic
2023-10-04,coal,72.77,per_ton,WorldBank_synthetic
2023-10-04,iron_ore,116.61,per_ton,WorldBank_synthetic
2023-10-05,coal,68.18,per_ton,WorldBank_synthetic
2023-10-05,iron_ore,101.95,per_ton,WorldBank_synthetic
2023-10-06,coal,63.79,per_ton,WorldBank_synthetic
2023-10-06,iron_ore,112.55,per_ton,WorldBank_synthetic
2023-10-07,coal,67.52,per_ton,WorldBank_synthetic
2023-10-07,iron_ore,108.28,per_ton,WorldBank_synthetic
2023-10-08,coal,71.72,per_ton,WorldBank_synthetic
2023-10-08,iron_ore,103.35,per_ton,WorldBank_synthetic
2023-10-09,coal,69.38,per_ton,WorldBank_synthetic
2023-10-09,iron_ore,113.79,per_ton,WorldBank_synthetic
2023-10-10,coal,79.7,per_ton,WorldBank_synthetic
2023-10-10,iron_ore,102.32,per_ton,WorldBank_synthetic
2023-10-11,coal,67.88,per_ton,WorldBank_synthetic
2023-10-11,iron_ore,120.93,per_ton,WorldBank_synthetic
2023-10-12,coal,72.44,per_ton,WorldBank_synthetic
2023-10-12,iron_ore,100.85,per_ton,WorldBank_synthetic
2023-10-13,coal,70.54,per_ton,WorldBank_synthetic
2023-10-13,iron_ore,111.97,per_ton,WorldBank_synthetic
2023-10-14,coal,71.97,per_ton,WorldBank_synthetic
2023-10-14,iron_ore,105.7,per_ton,WorldBank_synthetic
2023-10-15,coal,66.17,per_ton,WorldBank_synthetic
2023-10-15,iron_ore,98.55,per_ton,WorldBank_synthetic
2023-10-16,coal,78.41,per_ton,WorldBank_synthetic
2023-10-16,iron_ore,107.96,per_ton,WorldBank_synthetic
2023-10-17,coal,78.11,per_ton,WorldBank_synthetic
2023-10-17,iron_ore,90.81,per_ton,WorldBank_synthetic
2023-10-18,coal,70.39,per_ton,WorldBank_synthetic
2023-10-18,iron_ore,106.74,per_ton,WorldBank_synthetic
2023-10-19,coal,76.89,per_ton,WorldBank_synthetic
2023-10-19,iron_ore,120.74,per_ton,WorldBank_synthetic
2023-10-20,coal,74.78,per_ton,WorldBank_synthetic
2023-10-20,iron_ore,96.78,per_ton,WorldBank_synthetic
2023-10-21,coal,70.21,per_ton,WorldBank_synthetic
2023-10-21,iron_ore,93.03,per_ton,WorldBank_synthetic
2023-10-22,coal,80.99,per_ton,WorldBank_synthetic
2023-10-22,iron_ore,102.36,per_ton,WorldBank_synthetic
2023-10-23,coal,71.31,per_ton,WorldBank_synthetic
2023-10-23,iron_ore,112.6,per_ton,WorldBank_synthetic
2023-10-24,coal,81.51,per_ton,WorldBank_synthetic
2023-10-24,iron_ore,100.72,per_ton,WorldBank_synthetic
2023-10-25,coal,72.44,per_ton,WorldBank_synthetic
2023-10-25,iron_ore,105.43,per_ton,WorldBank_synthetic
2023-10-26,coal,66.84,per_ton,WorldBank_synthetic
2023-10-26,iron_ore,106.94,per_ton,WorldBank_synthetic
2023-10-27,coal,78.97,per_ton,WorldBank_synthetic
2023-10-27,iron_ore,104.26,per_ton,WorldBank_synthetic
2023-10-28,coal,79.4,per_ton,WorldBank_synthetic
2023-10-28,iron_ore,102.76,per_ton,WorldBank_synthetic
2023-10-29,coal,76.99,per_ton,WorldBank_synthetic
2023-10-29,iron_ore,113.58,per_ton,WorldBank_synthetic
2023-10-30,coal,76.97,per_ton,WorldBank_synthetic
2023-10-30,iron_ore,115.33,per_ton,WorldBank_synthetic
2023-10-31,coal,80.99,per_ton,WorldBank_synthetic
2023-10-31,iron_ore,100.07,per_ton,WorldBank_synthetic
2023-11-01,coal,76.78,per_ton,WorldBank_synthetic
2023-11-01,iron_ore,96.61,per_ton,WorldBank_synthetic
2023-11-02,coal,83.37,per_ton,WorldBank_synthetic
2023-11-02,iron_ore,124.09,per_ton,WorldBank_synthetic
2023-11-03,coal,76.32,per_ton,WorldBank_synthetic
2023-11-03,iron_ore,104.11,per_ton,WorldBank_synthetic
2023-11-04,coal,80.32,per_ton,WorldBank_synthetic
2023-11-04,iron_ore,102.33,per_ton,WorldBank_synthetic
2023-11-05,coal,77.37,per_ton,WorldBank_synthetic
2023-11-05,iron_ore,106.54,per_ton,WorldBank_synthetic
2023-11-06,coal,71.2,per_ton,WorldBank_synthetic
2023-11-06,iron_ore,94.32,per_ton,WorldBank_synthetic
2023-11-07,coal,80.01,per_ton,WorldBank_synthetic
2023-11-07,iron_ore,101.7,per_ton,WorldBank_synthetic
2023-11-08,coal,80.15,per_ton,WorldBank_synthetic
2023-11-08,iron_ore,105.72,per_ton,WorldBank_synthetic
2023-11-09,coal,85.46,per_ton,WorldBank_synthetic
2023-11-09,iron_ore,92.49,per_ton,WorldBank_synthetic
2023-11-10,coal,76.4,per_ton,WorldBank_synthetic
2023-11-10,iron_ore,109.35,per_ton,WorldBank_synthetic
2023-11-11,coal,80.59,per_ton,WorldBank_synthetic
2023-11-11,iron_ore,102.13,per_ton,WorldBank_synthetic
2023-11-12,coal,86.53,per_ton,WorldBank_synthetic
2023-11-12,iron_ore,85.82,per_ton,WorldBank_synthetic
2023-11-13,coal,88.27,per_ton,WorldBank_synthetic
2023-11-13,iron_ore,101.94,per_ton,WorldBank_synthetic
2023-11-14,coal,74.78,per_ton,WorldBank_synthetic
2023-11-14,iron_ore,109.94,per_ton,WorldBank_synthetic
2023-11-15,coal,90.49,per_ton,WorldBank_synthetic
2023-11-15,iron_ore,112.15,per_ton,WorldBank_synthetic
2023-11-16,coal,80.59,per_ton,WorldBank_synthetic
2023-11-16,iron_ore,105.55,per_ton,WorldBank_synthetic
2023-11-17,coal,84.89,per_ton,WorldBank_synthetic
2023-11-17,iron_ore,88.9,per_ton,WorldBank_synthetic
2023-11-18,coal,95.37,per_ton,WorldBank_synthetic
2023-11-18,iron_ore,91.78,per_ton,WorldBank_synthetic
2023-11-19,coal,93.24,per_ton,WorldBank_synthetic
2023-11-19,iron_ore,99.36,per_ton,WorldBank_synthetic
2023-11-20,coal,84.61,per_ton,WorldBank_synthetic
2023-11-20,iron_ore,97.45,per_ton,WorldBank_synthetic
2023-11-21,coal,90.64,per_ton,WorldBank_synthetic
2023-11-21,iron_ore,113.68,per_ton,WorldBank_synthetic
2023-11-22,coal,84.92,per_ton,WorldBank_synthetic
2023-11-22,iron_ore,94.23,per_ton,WorldBank_synthetic
2023-11-23,coal,80.89,per_ton,WorldBank_synthetic
2023-11-23,iron_ore,104.49,per_ton,WorldBank_synthetic
2023-11-24,coal,73.63,per_ton,WorldBank_synthetic
2023-11-24,iron_ore,86.14,per_ton,WorldBank_synthetic
2023-11-25,coal,85.19,per_ton,WorldBank_synthetic
2023-11-25,iron_ore,101.35,per_ton,WorldBank_synthetic
2023-11-26,coal,83.1,per_ton,WorldBank_synthetic
2023-11-26,iron_ore,95.32,per_ton,WorldBank_synthetic
2023-11-27,coal,77.29,per_ton,WorldBank_synthetic
2023-11-27,iron_ore,95.54,per_ton,WorldBank_synthetic
2023-11-28,coal,85.51,per_ton,WorldBank_synthetic
2023-11-28,iron_ore,100.88,per_ton,WorldBank_synthetic
2023-11-29,coal,89.54,per_ton,WorldBank_synthetic
2023-11-29,iron_ore,82.85,per_ton,WorldBank_synthetic
2023-11-30,coal,94.89,per_ton,WorldBank_synthetic
2023-11-30,iron_ore,81.43,per_ton,WorldBank_synthetic
2023-12-01,coal,90.04,per_ton,WorldBank_synthetic
2023-12-01,iron_ore,94.61,per_ton,WorldBank_synthetic
2023-12-02,coal,92.77,per_ton,WorldBank_synthetic
2023-12-02,iron_ore,102.52,per_ton,WorldBank_synthetic
2023-12-03,coal,87.3,per_ton,WorldBank_synthetic
2023-12-03,iron_ore,95.48,per_ton,WorldBank_synthetic
2023-12-04,coal,80.32,per_ton,WorldBank_synthetic
2023-12-04,iron_ore,97.16,per_ton,WorldBank_synthetic
2023-12-05,coal,85.4,per_ton,WorldBank_synthetic
2023-12-05,iron_ore,90.23,per_ton,WorldBank_synthetic
2023-12-06,coal,83.87,per_ton,WorldBank_synthetic
2023-12-06,iron_ore,97.75,per_ton,WorldBank_synthetic
2023-12-07,coal,87.75,per_ton,WorldBank_synthetic
2023-12-07,iron_ore,104.53,per_ton,WorldBank_synthetic
2023-12-08,coal,87.56,per_ton,WorldBank_synthetic
2023-12-08,iron_ore,85.53,per_ton,WorldBank_synthetic
2023-12-09,coal,86.73,per_ton,WorldBank_synthetic
2023-12-09,iron_ore,97.56,per_ton,WorldBank_synthetic
2023-12-10,coal,81.93,per_ton,WorldBank_synthetic
2023-12-10,iron_ore,107.76,per_ton,WorldBank_synthetic
2023-12-11,coal,90.32,per_ton,WorldBank_synthetic
2023-12-11,iron_ore,96.04,per_ton,WorldBank_synthetic
2023-12-12,coal,92.56,per_ton,WorldBank_synthetic
2023-12-12,iron_ore,102.33,per_ton,WorldBank_synthetic
2023-12-13,coal,95.61,per_ton,WorldBank_synthetic
2023-12-13,iron_ore,90.85,per_ton,WorldBank_synthetic
2023-12-14,coal,89.14,per_ton,WorldBank_synthetic
2023-12-14,iron_ore,112.57,per_ton,WorldBank_synthetic
2023-12-15,coal,82.62,per_ton,WorldBank_synthetic
2023-12-15,iron_ore,88.61,per_ton,WorldBank_synthetic
2023-12-16,coal,89.14,per_ton,WorldBank_synthetic
2023-12-16,iron_ore,103.82,per_ton,WorldBank_synthetic
2023-12-17,coal,95.4,per_ton,WorldBank_synthetic
2023-12-17,iron_ore,99.03,per_ton,WorldBank_synthetic
2023-12-18,coal,90.06,per_ton,WorldBank_synthetic
2023-12-18,iron_ore,98.97,per_ton,WorldBank_synthetic
2023-12-19,coal,90.03,per_ton,WorldBank_synthetic
2023-12-19,iron_ore,91.82,per_ton,WorldBank_synthetic
2023-12-20,coal,91.47,per_ton,WorldBank_synthetic
2023-12-20,iron_ore,90.41,per_ton,WorldBank_synthetic
2023-12-21,coal,90.69,per_ton,WorldBank_synthetic
2023-12-21,iron_ore,97.78,per_ton,WorldBank_synthetic
2023-12-22,coal,97.6,per_ton,WorldBank_synthetic
2023-12-22,iron_ore,89.44,per_ton,WorldBank_synthetic
2023-12-23,coal,94.24,per_ton,WorldBank_synthetic
2023-12-23,iron_ore,99.31,per_ton,WorldBank_synthetic
2023-12-24,coal,97.72,per_ton,WorldBank_synthetic
2023-12-24,iron_ore,107.28,per_ton,WorldBank_synthetic
2023-12-25,coal,96.11,per_ton,WorldBank_synthetic
2023-12-25,iron_ore,98.29,per_ton,WorldBank_synthetic
2023-12-26,coal,101.15,per_ton,WorldBank_synthetic
2023-12-26,iron_ore,87.61,per_ton,WorldBank_synthetic
2023-12-27,coal,92.84,per_ton,WorldBank_synthetic
2023-12-27,iron_ore,84.5,per_ton,WorldBank_synthetic
2023-12-28,coal,100.75,per_ton,WorldBank_synthetic
2023-12-28,iron_ore,93.8,per_ton,WorldBank_synthetic
2023-12-29,coal,100.4,per_ton,WorldBank_synthetic
2023-12-29,iron_ore,96.29,per_ton,WorldBank_synthetic
2023-12-30,coal,100.59,per_ton,WorldBank_synthetic
2023-12-30,iron_ore,100.26,per_ton,WorldBank_synthetic
2023-12-31,coal,97.97,per_ton,WorldBank_synthetic
2023-12-31,iron_ore,101.09,per_ton,WorldBank_synthetic
2024-01-01,coal,103.47,per_ton,WorldBank_synthetic
2024-01-01,iron_ore,83.9,per_ton,WorldBank_synthetic
2024-01-02,coal,99.66,per_ton,WorldBank_synthetic
2024-01-02,iron_ore,107.28,per_ton,WorldBank_synthetic
2024-01-03,coal,119.23,per_ton,WorldBank_synthetic
2024-01-03,iron_ore,94.45,per_ton,WorldBank_synthetic
2024-01-04,coal,101.84,per_ton,WorldBank_synthetic
2024-01-04,iron_ore,81.59,per_ton,WorldBank_synthetic
2024-01-05,coal,102.71,per_ton,WorldBank_synthetic
2024-01-05,iron_ore,94.06,per_ton,WorldBank_synthetic
2024-01-06,coal,99.74,per_ton,WorldBank_synthetic
2024-01-06,iron_ore,108.67,per_ton,WorldBank_synthetic
2024-01-07,coal,104.06,per_ton,WorldBank_synthetic
2024-01-07,iron_ore,86.44,per_ton,WorldBank_synthetic
2024-01-08,coal,97.97,per_ton,WorldBank_synthetic
2024-01-08,iron_ore,100.18,per_ton,WorldBank_synthetic
2024-01-09,coal,100.7,per_ton,WorldBank_synthetic
2024-01-09,iron_ore,86.71,per_ton,WorldBank_synthetic
2024-01-10,coal,95.86,per_ton,WorldBank_synthetic
2024-01-10,iron_ore,93.02,per_ton,WorldBank_synthetic
2024-01-11,coal,107.69,per_ton,WorldBank_synthetic
2024-01-11,iron_ore,100.48,per_ton,WorldBank_synthetic
2024-01-12,coal,106.34,per_ton,WorldBank_synthetic
2024-01-12,iron_ore,107.04,per_ton,WorldBank_synthetic
2024-01-13,coal,99.62,per_ton,WorldBank_synthetic
2024-01-13,iron_ore,95.31,per_ton,WorldBank_synthetic
2024-01-14,coal,107.87,per_ton,WorldBank_synthetic
2024-01-14,iron_ore,80.54,per_ton,WorldBank_synthetic
2024-01-15,coal,105.45,per_ton,WorldBank_synthetic
2024-01-15,iron_ore,84.79,per_ton,WorldBank_synthetic
2024-01-16,coal,107.96,per_ton,WorldBank_synthetic
2024-01-16,iron_ore,86.75,per_ton,WorldBank_synthetic
2024-01-17,coal,110.51,per_ton,WorldBank_synthetic
2024-01-17,iron_ore,106.02,per_ton,WorldBank_synthetic
2024-01-18,coal,106.57,per_ton,WorldBank_synthetic
2024-01-18,iron_ore,88.03,per_ton,WorldBank_synthetic
2024-01-19,coal,102.0,per_ton,WorldBank_synthetic
2024-01-19,iron_ore,96.28,per_ton,WorldBank_synthetic
2024-01-20,coal,103.87,per_ton,WorldBank_synthetic
2024-01-20,iron_ore,100.44,per_ton,WorldBank_synthetic
2024-01-21,coal,117.2,per_ton,WorldBank_synthetic
2024-01-21,iron_ore,106.72,per_ton,WorldBank_synthetic
2024-01-22,coal,118.42,per_ton,WorldBank_synthetic
2024-01-22,iron_ore,93.66,per_ton,WorldBank_synthetic
2024-01-23,coal,112.03,per_ton,WorldBank_synthetic
2024-01-23,iron_ore,86.36,per_ton,WorldBank_synthetic
2024-01-24,coal,103.49,per_ton,WorldBank_synthetic
2024-01-24,iron_ore,98.46,per_ton,WorldBank_synthetic
2024-01-25,coal,103.42,per_ton,WorldBank_synthetic
2024-01-25,iron_ore,100.35,per_ton,WorldBank_synthetic
2024-01-26,coal,106.63,per_ton,WorldBank_synthetic
2024-01-26,iron_ore,90.64,per_ton,WorldBank_synthetic
2024-01-27,coal,120.03,per_ton,WorldBank_synthetic
2024-01-27,iron_ore,94.22,per_ton,WorldBank_synthetic
2024-01-28,coal,114.3,per_ton,WorldBank_synthetic
2024-01-28,iron_ore,89.89,per_ton,WorldBank_synthetic
2024-01-29,coal,116.43,per_ton,WorldBank_synthetic
2024-01-29,iron_ore,89.83,per_ton,WorldBank_synthetic
2024-01-30,coal,107.89,per_ton,WorldBank_synthetic
2024-01-30,iron_ore,83.89,per_ton,WorldBank_synthetic
2024-01-31,coal,105.11,per_ton,WorldBank_synthetic
2024-01-31,iron_ore,81.61,per_ton,WorldBank_synthetic
2024-02-01,coal,116.68,per_ton,WorldBank_synthetic
2024-02-01,iron_ore,90.89,per_ton,WorldBank_synthetic
2024-02-02,coal,108.94,per_ton,WorldBank_synthetic
2024-02-02,iron_ore,97.71,per_ton,WorldBank_synthetic
2024-02-03,coal,115.01,per_ton,WorldBank_synthetic
2024-02-03,iron_ore,94.85,per_ton,WorldBank_synthetic
2024-02-04,coal,109.52,per_ton,WorldBank_synthetic
2024-02-04,iron_ore,87.46,per_ton,WorldBank_synthetic
2024-02-05,coal,116.61,per_ton,WorldBank_synthetic
2024-02-05,iron_ore,88.86,per_ton,WorldBank_synthetic
2024-02-06,coal,120.27,per_ton,WorldBank_synthetic
2024-02-06,iron_ore,97.09,per_ton,WorldBank_synthetic
2024-02-07,coal,123.1,per_ton,WorldBank_synthetic
2024-02-07,iron_ore,93.21,per_ton,WorldBank_synthetic
2024-02-08,coal,112.78,per_ton,WorldBank_synthetic
2024-02-08,iron_ore,91.0,per_ton,WorldBank_synthetic
2024-02-09,coal,127.99,per_ton,WorldBank_synthetic
2024-02-09,iron_ore,99.18,per_ton,WorldBank_synthetic
2024-02-10,coal,115.95,per_ton,WorldBank_synthetic
2024-02-10,iron_ore,96.05,per_ton,WorldBank_synthetic
2024-02-11,coal,116.06,per_ton,WorldBank_synthetic
2024-02-11,iron_ore,87.64,per_ton,WorldBank_synthetic
2024-02-12,coal,123.1,per_ton,WorldBank_synthetic
2024-02-12,iron_ore,93.48,per_ton,WorldBank_synthetic
2024-02-13,coal,122.47,per_ton,WorldBank_synthetic
2024-02-13,iron_ore,103.9,per_ton,WorldBank_synthetic
2024-02-14,coal,115.68,per_ton,WorldBank_synthetic
2024-02-14,iron_ore,92.26,per_ton,WorldBank_synthetic
2024-02-15,coal,123.26,per_ton,WorldBank_synthetic
2024-02-15,iron_ore,95.98,per_ton,WorldBank_synthetic
2024-02-16,coal,116.98,per_ton,WorldBank_synthetic
2024-02-16,iron_ore,89.89,per_ton,WorldBank_synthetic
2024-02-17,coal,128.81,per_ton,WorldBank_synthetic
2024-02-17,iron_ore,84.86,per_ton,WorldBank_synthetic
2024-02-18,coal,121.85,per_ton,WorldBank_synthetic
2024-02-18,iron_ore,93.12,per_ton,WorldBank_synthetic
2024-02-19,coal,112.7,per_ton,WorldBank_synthetic
2024-02-19,iron_ore,94.21,per_ton,WorldBank_synthetic
2024-02-20,coal,113.48,per_ton,WorldBank_synthetic
2024-02-20,iron_ore,90.57,per_ton,WorldBank_synthetic
2024-02-21,coal,126.7,per_ton,WorldBank_synthetic
2024-02-21,iron_ore,84.72,per_ton,WorldBank_synthetic
2024-02-22,coal,113.25,per_ton,WorldBank_synthetic
2024-02-22,iron_ore,88.34,per_ton,WorldBank_synthetic
2024-02-23,coal,121.07,per_ton,WorldBank_synthetic
2024-02-23,iron_ore,89.33,per_ton,WorldBank_synthetic
2024-02-24,coal,122.62,per_ton,WorldBank_synthetic
2024-02-24,iron_ore,90.48,per_ton,WorldBank_synthetic
2024-02-25,coal,114.48,per_ton,WorldBank_synthetic
2024-02-25,iron_ore,96.63,per_ton,WorldBank_synthetic
2024-02-26,coal,111.27,per_ton,WorldBank_synthetic
2024-02-26,iron_ore,85.03,per_ton,WorldBank_synthetic
2024-02-27,coal,126.44,per_ton,WorldBank_synthetic
2024-02-27,iron_ore,81.58,per_ton,WorldBank_synthetic
2024-02-28,coal,115.45,per_ton,WorldBank_synthetic
2024-02-28,iron_ore,81.5,per_ton,WorldBank_synthetic
2024-02-29,coal,120.57,per_ton,WorldBank_synthetic
2024-02-29,iron_ore,103.39,per_ton,WorldBank_synthetic
2024-03-01,coal,115.83,per_ton,WorldBank_synthetic
2024-03-01,iron_ore,90.54,per_ton,WorldBank_synthetic
2024-03-02,coal,122.58,per_ton,WorldBank_synthetic
2024-03-02,iron_ore,80.46,per_ton,WorldBank_synthetic
2024-03-03,coal,116.96,per_ton,WorldBank_synthetic
2024-03-03,iron_ore,77.31,per_ton,WorldBank_synthetic
2024-03-04,coal,125.87,per_ton,WorldBank_synthetic
2024-03-04,iron_ore,92.03,per_ton,WorldBank_synthetic
2024-03-05,coal,131.0,per_ton,WorldBank_synthetic
2024-03-05,iron_ore,78.8,per_ton,WorldBank_synthetic
2024-03-06,coal,114.09,per_ton,WorldBank_synthetic
2024-03-06,iron_ore,90.86,per_ton,WorldBank_synthetic
2024-03-07,coal,127.6,per_ton,WorldBank_synthetic
2024-03-07,iron_ore,95.55,per_ton,WorldBank_synthetic
2024-03-08,coal,115.76,per_ton,WorldBank_synthetic
2024-03-08,iron_ore,97.85,per_ton,WorldBank_synthetic
2024-03-09,coal,126.14,per_ton,WorldBank_synthetic
2024-03-09,iron_ore,101.82,per_ton,WorldBank_synthetic
2024-03-10,coal,124.69,per_ton,WorldBank_synthetic
2024-03-10,iron_ore,96.61,per_ton,WorldBank_synthetic
2024-03-11,coal,123.09,per_ton,WorldBank_synthetic
2024-03-11,iron_ore,102.49,per_ton,WorldBank_synthetic
2024-03-12,coal,123.66,per_ton,WorldBank_synthetic
2024-03-12,iron_ore,72.95,per_ton,WorldBank_synthetic
2024-03-13,coal,127.66,per_ton,WorldBank_synthetic
2024-03-13,iron_ore,94.02,per_ton,WorldBank_synthetic
2024-03-14,coal,133.04,per_ton,WorldBank_synthetic
2024-03-14,iron_ore,84.2,per_ton,WorldBank_synthetic
2024-03-15,coal,128.93,per_ton,WorldBank_synthetic
2024-03-15,iron_ore,84.38,per_ton,WorldBank_synthetic
2024-03-16,coal,133.89,per_ton,WorldBank_synthetic
2024-03-16,iron_ore,92.64,per_ton,WorldBank_synthetic
2024-03-17,coal,124.86,per_ton,WorldBank_synthetic
2024-03-17,iron_ore,91.83,per_ton,WorldBank_synthetic
2024-03-18,coal,127.49,per_ton,WorldBank_synthetic
2024-03-18,iron_ore,93.34,per_ton,WorldBank_synthetic
2024-03-19,coal,125.91,per_ton,WorldBank_synthetic
2024-03-19,iron_ore,84.36,per_ton,WorldBank_synthetic
2024-03-20,coal,125.17,per_ton,WorldBank_synthetic
2024-03-20,iron_ore,70.9,per_ton,WorldBank_synthetic
2024-03-21,coal,122.14,per_ton,WorldBank_synthetic
2024-03-21,iron_ore,92.19,per_ton,WorldBank_synthetic
2024-03-22,coal,131.51,per_ton,WorldBank_synthetic
2024-03-22,iron_ore,76.64,per_ton,WorldBank_synthetic
2024-03-23,coal,131.07,per_ton,WorldBank_synthetic
2024-03-23,iron_ore,83.01,per_ton,WorldBank_synthetic
2024-03-24,coal,132.65,per_ton,WorldBank_synthetic
2024-03-24,iron_ore,78.98,per_ton,WorldBank_synthetic
2024-03-25,coal,128.92,per_ton,WorldBank_synthetic
2024-03-25,iron_ore,73.08,per_ton,WorldBank_synthetic
2024-03-26,coal,134.88,per_ton,WorldBank_synthetic
2024-03-26,iron_ore,86.26,per_ton,WorldBank_synthetic
2024-03-27,coal,129.91,per_ton,WorldBank_synthetic
2024-03-27,iron_ore,101.39,per_ton,WorldBank_synthetic
2024-03-28,coal,135.38,per_ton,WorldBank_synthetic
2024-03-28,iron_ore,93.04,per_ton,WorldBank_synthetic
2024-03-29,coal,131.32,per_ton,WorldBank_synthetic
2024-03-29,iron_ore,77.26,per_ton,WorldBank_synthetic
2024-03-30,coal,132.1,per_ton,WorldBank_synthetic
2024-03-30,iron_ore,81.54,per_ton,WorldBank_synthetic
2024-03-31,coal,128.27,per_ton,WorldBank_synthetic
2024-03-31,iron_ore,90.4,per_ton,WorldBank_synthetic
2024-04-01,coal,128.56,per_ton,WorldBank_synthetic
2024-04-01,iron_ore,82.68,per_ton,WorldBank_synthetic
2024-04-02,coal,130.89,per_ton,WorldBank_synthetic
2024-04-02,iron_ore,68.41,per_ton,WorldBank_synthetic
2024-04-03,coal,133.07,per_ton,WorldBank_synthetic
2024-04-03,iron_ore,86.34,per_ton,WorldBank_synthetic
2024-04-04,coal,130.8,per_ton,WorldBank_synthetic
2024-04-04,iron_ore,81.97,per_ton,WorldBank_synthetic
2024-04-05,coal,129.07,per_ton,WorldBank_synthetic
2024-04-05,iron_ore,74.68,per_ton,WorldBank_synthetic
2024-04-06,coal,127.65,per_ton,WorldBank_synthetic
2024-04-06,iron_ore,65.02,per_ton,WorldBank_synthetic
2024-04-07,coal,133.59,per_ton,WorldBank_synthetic
2024-04-07,iron_ore,68.54,per_ton,WorldBank_synthetic
2024-04-08,coal,128.77,per_ton,WorldBank_synthetic
2024-04-08,iron_ore,62.21,per_ton,WorldBank_synthetic
2024-04-09,coal,127.8,per_ton,WorldBank_synthetic
2024-04-09,iron_ore,82.99,per_ton,WorldBank_synthetic
2024-04-10,coal,131.68,per_ton,WorldBank_synthetic
2024-04-10,iron_ore,78.62,per_ton,WorldBank_synthetic
2024-04-11,coal,132.51,per_ton,WorldBank_synthetic
2024-04-11,iron_ore,64.59,per_ton,WorldBank_synthetic
2024-04-12,coal,135.78,per_ton,WorldBank_synthetic
2024-04-12,iron_ore,74.49,per_ton,WorldBank_synthetic
2024-04-13,coal,131.66,per_ton,WorldBank_synthetic
2024-04-13,iron_ore,81.07,per_ton,WorldBank_synthetic
2024-04-14,coal,118.31,per_ton,WorldBank_synthetic
2024-04-14,iron_ore,88.7,per_ton,WorldBank_synthetic
2024-04-15,coal,129.96,per_ton,WorldBank_synthetic
2024-04-15,iron_ore,81.5,per_ton,WorldBank_synthetic
2024-04-16,coal,130.01,per_ton,WorldBank_synthetic
2024-04-16,iron_ore,71.84,per_ton,WorldBank_synthetic
2024-04-17,coal,138.4,per_ton,WorldBank_synthetic
2024-04-17,iron_ore,66.87,per_ton,WorldBank_synthetic
2024-04-18,coal,133.34,per_ton,WorldBank_synthetic
2024-04-18,iron_ore,71.98,per_ton,WorldBank_synthetic
2024-04-19,coal,134.51,per_ton,WorldBank_synthetic
2024-04-19,iron_ore,83.14,per_ton,WorldBank_synthetic
2024-04-20,coal,135.45,per_ton,WorldBank_synthetic
2024-04-20,iron_ore,80.13,per_ton,WorldBank_synthetic
2024-04-21,coal,129.03,per_ton,WorldBank_synthetic
2024-04-21,iron_ore,73.42,per_ton,WorldBank_synthetic
2024-04-22,coal,133.74,per_ton,WorldBank_synthetic
2024-04-22,iron_ore,84.74,per_ton,WorldBank_synthetic
2024-04-23,coal,134.47,per_ton,WorldBank_synthetic
2024-04-23,iron_ore,73.3,per_ton,WorldBank_synthetic
2024-04-24,coal,133.21,per_ton,WorldBank_synthetic
2024-04-24,iron_ore,81.86,per_ton,WorldBank_synthetic
2024-04-25,coal,134.53,per_ton,WorldBank_synthetic
2024-04-25,iron_ore,81.45,per_ton,WorldBank_synthetic
2024-04-26,coal,130.2,per_ton,WorldBank_synthetic
2024-04-26,iron_ore,81.23,per_ton,WorldBank_synthetic
2024-04-27,coal,130.45,per_ton,WorldBank_synthetic
2024-04-27,iron_ore,74.43,per_ton,WorldBank_synthetic
2024-04-28,coal,135.13,per_ton,WorldBank_synthetic
2024-04-28,iron_ore,62.75,per_ton,WorldBank_synthetic
2024-04-29,coal,130.99,per_ton,WorldBank_synthetic
2024-04-29,iron_ore,75.28,per_ton,WorldBank_synthetic
2024-04-30,coal,133.1,per_ton,WorldBank_synthetic
2024-04-30,iron_ore,79.45,per_ton,WorldBank_synthetic
2024-05-01,coal,120.66,per_ton,WorldBank_synthetic
2024-05-01,iron_ore,59.2,per_ton,WorldBank_synthetic
2024-05-02,coal,137.25,per_ton,WorldBank_synthetic
2024-05-02,iron_ore,78.13,per_ton,WorldBank_synthetic
2024-05-03,coal,142.0,per_ton,WorldBank_synthetic
2024-05-03,iron_ore,70.98,per_ton,WorldBank_synthetic
2024-05-04,coal,138.25,per_ton,WorldBank_synthetic
2024-05-04,iron_ore,89.42,per_ton,WorldBank_synthetic
2024-05-05,coal,120.82,per_ton,WorldBank_synthetic
2024-05-05,iron_ore,58.05,per_ton,WorldBank_synthetic
2024-05-06,coal,129.74,per_ton,WorldBank_synthetic
2024-05-06,iron_ore,59.65,per_ton,WorldBank_synthetic
2024-05-07,coal,139.78,per_ton,WorldBank_synthetic
2024-05-07,iron_ore,68.58,per_ton,WorldBank_synthetic
2024-05-08,coal,128.67,per_ton,WorldBank_synthetic
2024-05-08,iron_ore,80.29,per_ton,WorldBank_synthetic
2024-05-09,coal,135.41,per_ton,WorldBank_synthetic
2024-05-09,iron_ore,65.44,per_ton,WorldBank_synthetic
2024-05-10,coal,135.53,per_ton,WorldBank_synthetic
2024-05-10,iron_ore,62.43,per_ton,WorldBank_synthetic
2024-05-11,coal,128.58,per_ton,WorldBank_synthetic
2024-05-11,iron_ore,78.92,per_ton,WorldBank_synthetic
2024-05-12,coal,127.8,per_ton,WorldBank_synthetic
2024-05-12,iron_ore,65.18,per_ton,WorldBank_synthetic
2024-05-13,coal,129.67,per_ton,WorldBank_synthetic
2024-05-13,iron_ore,64.38,per_ton,WorldBank_synthetic
2024-05-14,coal,119.2,per_ton,WorldBank_synthetic
2024-05-14,iron_ore,56.09,per_ton,WorldBank_synthetic
2024-05-15,coal,132.63,per_ton,WorldBank_synthetic
2024-05-15,iron_ore,79.26,per_ton,WorldBank_synthetic
2024-05-16,coal,135.24,per_ton,WorldBank_synthetic
2024-05-16,iron_ore,63.79,per_ton,WorldBank_synthetic
2024-05-17,coal,131.11,per_ton,WorldBank_synthetic
2024-05-17,iron_ore,54.21,per_ton,WorldBank_synthetic
2024-05-18,coal,130.4,per_ton,WorldBank_synthetic
2024-05-18,iron_ore,65.4,per_ton,WorldBank_synthetic
2024-05-19,coal,128.65,per_ton,WorldBank_synthetic
2024-05-19,iron_ore,71.77,per_ton,WorldBank_synthetic
2024-05-20,coal,133.5,per_ton,WorldBank_synthetic
2024-05-20,iron_ore,71.11,per_ton,WorldBank_synthetic
2024-05-21,coal,142.47,per_ton,WorldBank_synthetic
2024-05-21,iron_ore,70.66,per_ton,WorldBank_synthetic
2024-05-22,coal,121.52,per_ton,WorldBank_synthetic
2024-05-22,iron_ore,54.9,per_ton,WorldBank_synthetic
2024-05-23,coal,130.99,per_ton,WorldBank_synthetic
2024-05-23,iron_ore,58.63,per_ton,WorldBank_synthetic
2024-05-24,coal,129.94,per_ton,WorldBank_synthetic
2024-05-24,iron_ore,76.75,per_ton,WorldBank_synthetic
2024-05-25,coal,131.51,per_ton,WorldBank_synthetic
2024-05-25,iron_ore,55.44,per_ton,WorldBank_synthetic
2024-05-26,coal,138.17,per_ton,WorldBank_synthetic
2024-05-26,iron_ore,63.19,per_ton,WorldBank_synthetic
2024-05-27,coal,130.66,per_ton,WorldBank_synthetic
2024-05-27,iron_ore,66.19,per_ton,WorldBank_synthetic
2024-05-28,coal,133.38,per_ton,WorldBank_synthetic
2024-05-28,iron_ore,58.29,per_ton,WorldBank_synthetic
2024-05-29,coal,131.01,per_ton,WorldBank_synthetic
2024-05-29,iron_ore,73.81,per_ton,WorldBank_synthetic
2024-05-30,coal,136.76,per_ton,WorldBank_synthetic
2024-05-30,iron_ore,57.0,per_ton,WorldBank_synthetic
2024-05-31,coal,130.57,per_ton,WorldBank_synthetic
2024-05-31,iron_ore,75.43,per_ton,WorldBank_synthetic
2024-06-01,coal,129.07,per_ton,WorldBank_synthetic
2024-06-01,iron_ore,52.16,per_ton,WorldBank_synthetic
2024-06-02,coal,127.02,per_ton,WorldBank_synthetic
2024-06-02,iron_ore,67.37,per_ton,WorldBank_synthetic
2024-06-03,coal,129.62,per_ton,WorldBank_synthetic
2024-06-03,iron_ore,62.59,per_ton,WorldBank_synthetic
2024-06-04,coal,131.32,per_ton,WorldBank_synthetic
2024-06-04,iron_ore,59.74,per_ton,WorldBank_synthetic
2024-06-05,coal,132.4,per_ton,WorldBank_synthetic
2024-06-05,iron_ore,72.26,per_ton,WorldBank_synthetic
2024-06-06,coal,131.89,per_ton,WorldBank_synthetic
2024-06-06,iron_ore,65.53,per_ton,WorldBank_synthetic
2024-06-07,coal,135.25,per_ton,WorldBank_synthetic
2024-06-07,iron_ore,66.86,per_ton,WorldBank_synthetic
2024-06-08,coal,135.16,per_ton,WorldBank_synthetic
2024-06-08,iron_ore,44.53,per_ton,WorldBank_synthetic
2024-06-09,coal,129.54,per_ton,WorldBank_synthetic
2024-06-09,iron_ore,63.61,per_ton,WorldBank_synthetic
2024-06-10,coal,128.55,per_ton,WorldBank_synthetic
2024-06-10,iron_ore,53.25,per_ton,WorldBank_synthetic
2024-06-11,coal,128.42,per_ton,WorldBank_synthetic
2024-06-11,iron_ore,53.86,per_ton,WorldBank_synthetic
2024-06-12,coal,130.63,per_ton,WorldBank_synthetic
2024-06-12,iron_ore,64.87,per_ton,WorldBank_synthetic
2024-06-13,coal,127.6,per_ton,WorldBank_synthetic
2024-06-13,iron_ore,67.65,per_ton,WorldBank_synthetic
2024-06-14,coal,126.03,per_ton,WorldBank_synthetic
2024-06-14,iron_ore,54.03,per_ton,WorldBank_synthetic
2024-06-15,coal,128.9,per_ton,WorldBank_synthetic
2024-06-15,iron_ore,55.31,per_ton,WorldBank_synthetic
2024-06-16,coal,133.31,per_ton,WorldBank_synthetic
2024-06-16,iron_ore,56.83,per_ton,WorldBank_synthetic
2024-06-17,coal,130.86,per_ton,WorldBank_synthetic
2024-06-17,iron_ore,65.41,per_ton,WorldBank_synthetic
2024-06-18,coal,119.9,per_ton,WorldBank_synthetic
2024-06-18,iron_ore,57.16,per_ton,WorldBank_synthetic
2024-06-19,coal,128.49,per_ton,WorldBank_synthetic
2024-06-19,iron_ore,42.51,per_ton,WorldBank_synthetic
2024-06-20,coal,128.0,per_ton,WorldBank_synthetic
2024-06-20,iron_ore,55.44,per_ton,WorldBank_synthetic
2024-06-21,coal,120.36,per_ton,WorldBank_synthetic
2024-06-21,iron_ore,67.32,per_ton,WorldBank_synthetic
2024-06-22,coal,128.03,per_ton,WorldBank_synthetic
2024-06-22,iron_ore,40,per_ton,WorldBank_synthetic
2024-06-23,coal,124.86,per_ton,WorldBank_synthetic
2024-06-23,iron_ore,53.48,per_ton,WorldBank_synthetic
2024-06-24,coal,126.51,per_ton,WorldBank_synthetic
2024-06-24,iron_ore,49.67,per_ton,WorldBank_synthetic
2024-06-25,coal,121.56,per_ton,WorldBank_synthetic
2024-06-25,iron_ore,57.46,per_ton,WorldBank_synthetic
2024-06-26,coal,121.92,per_ton,WorldBank_synthetic
2024-06-26,iron_ore,62.89,per_ton,WorldBank_synthetic
2024-06-27,coal,129.02,per_ton,WorldBank_synthetic
2024-06-27,iron_ore,56.77,per_ton,WorldBank_synthetic
2024-06-28,coal,123.56,per_ton,WorldBank_synthetic
2024-06-28,iron_ore,55.47,per_ton,WorldBank_synthetic
2024-06-29,coal,126.54,per_ton,WorldBank_synthetic
2024-06-29,iron_ore,55.48,per_ton,WorldBank_synthetic
2024-06-30,coal,118.03,per_ton,WorldBank_synthetic
2024-06-30,iron_ore,53.94,per_ton,WorldBank_synthetic
2024-07-01,coal,114.51,per_ton,WorldBank_synthetic
2024-07-01,iron_ore,54.69,per_ton,WorldBank_synthetic
2024-07-02,coal,138.07,per_ton,WorldBank_synthetic
2024-07-02,iron_ore,45.64,per_ton,WorldBank_synthetic
2024-07-03,coal,121.5,per_ton,WorldBank_synthetic
2024-07-03,iron_ore,59.77,per_ton,WorldBank_synthetic
2024-07-04,coal,121.16,per_ton,WorldBank_synthetic
2024-07-04,iron_ore,44.59,per_ton,WorldBank_synthetic
2024-07-05,coal,124.02,per_ton,WorldBank_synthetic
2024-07-05,iron_ore,53.79,per_ton,WorldBank_synthetic
2024-07-06,coal,129.37,per_ton,WorldBank_synthetic
2024-07-06,iron_ore,48.56,per_ton,WorldBank_synthetic
2024-07-07,coal,121.84,per_ton,WorldBank_synthetic
2024-07-07,iron_ore,49.9,per_ton,WorldBank_synthetic
2024-07-08,coal,121.14,per_ton,WorldBank_synthetic
2024-07-08,iron_ore,54.12,per_ton,WorldBank_synthetic
2024-07-09,coal,131.33,per_ton,WorldBank_synthetic
2024-07-09,iron_ore,44.8,per_ton,WorldBank_synthetic
2024-07-10,coal,118.54,per_ton,WorldBank_synthetic
2024-07-10,iron_ore,50.62,per_ton,WorldBank_synthetic
2024-07-11,coal,121.23,per_ton,WorldBank_synthetic
2024-07-11,iron_ore,40,per_ton,WorldBank_synthetic
2024-07-12,coal,117.3,per_ton,WorldBank_synthetic
2024-07-12,iron_ore,40,per_ton,WorldBank_synthetic
2024-07-13,coal,123.45,per_ton,WorldBank_synthetic
2024-07-13,iron_ore,44.44,per_ton,WorldBank_synthetic
2024-07-14,coal,132.55,per_ton,WorldBank_synthetic
2024-07-14,iron_ore,53.27,per_ton,WorldBank_synthetic
2024-07-15,coal,118.32,per_ton,WorldBank_synthetic
2024-07-15,iron_ore,41.05,per_ton,WorldBank_synthetic
2024-07-16,coal,120.92,per_ton,WorldBank_synthetic
2024-07-16,iron_ore,40,per_ton,WorldBank_synthetic
2024-07-17,coal,122.69,per_ton,WorldBank_synthetic
2024-07-17,iron_ore,58.14,per_ton,WorldBank_synthetic
2024-07-18,coal,121.3,per_ton,WorldBank_synthetic
2024-07-18,iron_ore,43.53,per_ton,WorldBank_synthetic
2024-07-19,coal,112.86,per_ton,WorldBank_synthetic
2024-07-19,iron_ore,40,per_ton,WorldBank_synthetic
2024-07-20,coal,122.98,per_ton,WorldBank_synthetic
2024-07-20,iron_ore,47.53,per_ton,WorldBank_synthetic
2024-07-21,coal,123.32,per_ton,WorldBank_synthetic
2024-07-21,iron_ore,40,per_ton,WorldBank_synthetic
2024-07-22,coal,126.57,per_ton,WorldBank_synthetic
2024-07-22,iron_ore,44.09,per_ton,WorldBank_synthetic
2024-07-23,coal,112.81,per_ton,WorldBank_synthetic
2024-07-23,iron_ore,40,per_ton,WorldBank_synthetic
2024-07-24,coal,118.64,per_ton,WorldBank_synthetic
2024-07-24,iron_ore,47.03,per_ton,WorldBank_synthetic
2024-07-25,coal,113.36,per_ton,WorldBank_synthetic
2024-07-25,iron_ore,54.4,per_ton,WorldBank_synthetic
2024-07-26,coal,121.44,per_ton,WorldBank_synthetic
2024-07-26,iron_ore,53.95,per_ton,WorldBank_synthetic
2024-07-27,coal,128.52,per_ton,WorldBank_synthetic
2024-07-27,iron_ore,44.57,per_ton,WorldBank_synthetic
2024-07-28,coal,118.0,per_ton,WorldBank_synthetic
2024-07-28,iron_ore,51.33,per_ton,WorldBank_synthetic
2024-07-29,coal,112.32,per_ton,WorldBank_synthetic
2024-07-29,iron_ore,55.12,per_ton,WorldBank_synthetic
2024-07-30,coal,120.54,per_ton,WorldBank_synthetic
2024-07-30,iron_ore,42.86,per_ton,WorldBank_synthetic
2024-07-31,coal,115.0,per_ton,WorldBank_synthetic
2024-07-31,iron_ore,40,per_ton,WorldBank_synthetic
2024-08-01,coal,118.96,per_ton,WorldBank_synthetic
2024-08-01,iron_ore,49.53,per_ton,WorldBank_synthetic
2024-08-02,coal,120.26,per_ton,WorldBank_synthetic
2024-08-02,iron_ore,40,per_ton,WorldBank_synthetic
2024-08-03,coal,116.75,per_ton,WorldBank_synthetic
2024-08-03,iron_ore,49.55,per_ton,WorldBank_synthetic
2024-08-04,coal,129.2,per_ton,WorldBank_synthetic
2024-08-04,iron_ore,44.04,per_ton,WorldBank_synthetic
2024-08-05,coal,121.77,per_ton,WorldBank_synthetic
2024-08-05,iron_ore,45.07,per_ton,WorldBank_synthetic
2024-08-06,coal,117.7,per_ton,WorldBank_synthetic
2024-08-06,iron_ore,40,per_ton,WorldBank_synthetic
2024-08-07,coal,114.97,per_ton,WorldBank_synthetic
2024-08-07,iron_ore,40,per_ton,WorldBank_synthetic
2024-08-08,coal,121.72,per_ton,WorldBank_synthetic
2024-08-08,iron_ore,51.28,per_ton,WorldBank_synthetic
2024-08-09,coal,118.31,per_ton,WorldBank_synthetic
2024-08-09,iron_ore,40,per_ton,WorldBank_synthetic
2024-08-10,coal,124.15,per_ton,WorldBank_synthetic
2024-08-10,iron_ore,61.85,per_ton,WorldBank_synthetic
2024-08-11,coal,110.22,per_ton,WorldBank_synthetic
2024-08-11,iron_ore,48.42,per_ton,WorldBank_synthetic
2024-08-12,coal,119.5,per_ton,WorldBank_synthetic
2024-08-12,iron_ore,46.33,per_ton,WorldBank_synthetic
2024-08-13,coal,122.13,per_ton,WorldBank_synthetic
2024-08-13,iron_ore,55.91,per_ton,WorldBank_synthetic
2024-08-14,coal,117.89,per_ton,WorldBank_synthetic
2024-08-14,iron_ore,60.66,per_ton,WorldBank_synthetic
2024-08-15,coal,112.49,per_ton,WorldBank_synthetic
2024-08-15,iron_ore,49.37,per_ton,WorldBank_synthetic
2024-08-16,coal,111.11,per_ton,WorldBank_synthetic
2024-08-16,iron_ore,40,per_ton,WorldBank_synthetic
2024-08-17,coal,120.21,per_ton,WorldBank_synthetic
2024-08-17,iron_ore,48.73,per_ton,WorldBank_synthetic
2024-08-18,coal,115.09,per_ton,WorldBank_synthetic
2024-08-18,iron_ore,47.3,per_ton,WorldBank_synthetic
2024-08-19,coal,114.22,per_ton,WorldBank_synthetic
2024-08-19,iron_ore,51.57,per_ton,WorldBank_synthetic
2024-08-20,coal,110.32,per_ton,WorldBank_synthetic
2024-08-20,iron_ore,44.2,per_ton,WorldBank_synthetic
2024-08-21,coal,119.03,per_ton,WorldBank_synthetic
2024-08-21,iron_ore,44.09,per_ton,WorldBank_synthetic
2024-08-22,coal,117.48,per_ton,WorldBank_synthetic
2024-08-22,iron_ore,41.31,per_ton,WorldBank_synthetic
2024-08-23,coal,104.48,per_ton,WorldBank_synthetic
2024-08-23,iron_ore,40,per_ton,WorldBank_synthetic
2024-08-24,coal,122.23,per_ton,WorldBank_synthetic
2024-08-24,iron_ore,47.58,per_ton,WorldBank_synthetic
2024-08-25,coal,123.91,per_ton,WorldBank_synthetic
2024-08-25,iron_ore,42.4,per_ton,WorldBank_synthetic
2024-08-26,coal,125.45,per_ton,WorldBank_synthetic
2024-08-26,iron_ore,40.68,per_ton,WorldBank_synthetic
2024-08-27,coal,122.05,per_ton,WorldBank_synthetic
2024-08-27,iron_ore,40,per_ton,WorldBank_synthetic
2024-08-28,coal,114.04,per_ton,WorldBank_synthetic
2024-08-28,iron_ore,48.82,per_ton,WorldBank_synthetic
2024-08-29,coal,109.46,per_ton,WorldBank_synthetic
2024-08-29,iron_ore,53.68,per_ton,WorldBank_synthetic
2024-08-30,coal,125.8,per_ton,WorldBank_synthetic
2024-08-30,iron_ore,41.33,per_ton,WorldBank_synthetic
2024-08-31,coal,123.38,per_ton,WorldBank_synthetic
2024-08-31,iron_ore,40,per_ton,WorldBank_synthetic
2024-09-01,coal,115.15,per_ton,WorldBank_synthetic
2024-09-01,iron_ore,43.1,per_ton,WorldBank_synthetic
2024-09-02,coal,113.53,per_ton,WorldBank_synthetic
2024-09-02,iron_ore,46.75,per_ton,WorldBank_synthetic
2024-09-03,coal,120.68,per_ton,WorldBank_synthetic
2024-09-03,iron_ore,46.25,per_ton,WorldBank_synthetic
2024-09-04,coal,113.56,per_ton,WorldBank_synthetic
2024-09-04,iron_ore,40,per_ton,WorldBank_synthetic
2024-09-05,coal,118.12,per_ton,WorldBank_synthetic
2024-09-05,iron_ore,40,per_ton,WorldBank_synthetic
2024-09-06,coal,107.87,per_ton,WorldBank_synthetic
2024-09-06,iron_ore,40,per_ton,WorldBank_synthetic
2024-09-07,coal,114.45,per_ton,WorldBank_synthetic
2024-09-07,iron_ore,52.96,per_ton,WorldBank_synthetic
2024-09-08,coal,117.71,per_ton,WorldBank_synthetic
2024-09-08,iron_ore,40,per_ton,WorldBank_synthetic
2024-09-09,coal,110.34,per_ton,WorldBank_synthetic
2024-09-09,iron_ore,40,per_ton,WorldBank_synthetic
2024-09-10,coal,110.57,per_ton,WorldBank_synthetic
2024-09-10,iron_ore,41.9,per_ton,WorldBank_synthetic
2024-09-11,coal,121.16,per_ton,WorldBank_synthetic
2024-09-11,iron_ore,62.23,per_ton,WorldBank_synthetic
2024-09-12,coal,124.37,per_ton,WorldBank_synthetic
2024-09-12,iron_ore,40,per_ton,WorldBank_synthetic
2024-09-13,coal,120.18,per_ton,WorldBank_synthetic
2024-09-13,iron_ore,41.3,per_ton,WorldBank_synthetic
2024-09-14,coal,124.13,per_ton,WorldBank_synthetic
2024-09-14,iron_ore,44.6,per_ton,WorldBank_synthetic
2024-09-15,coal,112.9,per_ton,WorldBank_synthetic
2024-09-15,iron_ore,48.18,per_ton,WorldBank_synthetic
2024-09-16,coal,111.37,per_ton,WorldBank_synthetic
2024-09-16,iron_ore,40,per_ton,WorldBank_synthetic
2024-09-17,coal,113.71,per_ton,WorldBank_synthetic
2024-09-17,iron_ore,40,per_ton,WorldBank_synthetic
2024-09-18,coal,104.83,per_ton,WorldBank_synthetic
2024-09-18,iron_ore,48.53,per_ton,WorldBank_synthetic
2024-09-19,coal,128.55,per_ton,WorldBank_synthetic
2024-09-19,iron_ore,40,per_ton,WorldBank_synthetic
2024-09-20,coal,121.93,per_ton,WorldBank_synthetic
2024-09-20,iron_ore,40,per_ton,WorldBank_synthetic
2024-09-21,coal,114.72,per_ton,WorldBank_synthetic
2024-09-21,iron_ore,40,per_ton,WorldBank_synthetic
2024-09-22,coal,116.04,per_ton,WorldBank_synthetic
2024-09-22,iron_ore,44.62,per_ton,WorldBank_synthetic
2024-09-23,coal,108.62,per_ton,WorldBank_synthetic
2024-09-23,iron_ore,40,per_ton,WorldBank_synthetic
2024-09-24,coal,118.74,per_ton,WorldBank_synthetic
2024-09-24,iron_ore,40,per_ton,WorldBank_synthetic
2024-09-25,coal,121.24,per_ton,WorldBank_synthetic
2024-09-25,iron_ore,50.78,per_ton,WorldBank_synthetic
2024-09-26,coal,112.65,per_ton,WorldBank_synthetic
2024-09-26,iron_ore,51.88,per_ton,WorldBank_synthetic
2024-09-27,coal,105.29,per_ton,WorldBank_synthetic
2024-09-27,iron_ore,40,per_ton,WorldBank_synthetic
2024-09-28,coal,117.68,per_ton,WorldBank_synthetic
2024-09-28,iron_ore,48.18,per_ton,WorldBank_synthetic
2024-09-29,coal,120.51,per_ton,WorldBank_synthetic
2024-09-29,iron_ore,48.49,per_ton,WorldBank_synthetic
2024-09-30,coal,115.2,per_ton,WorldBank_synthetic
2024-09-30,iron_ore,46.21,per_ton,WorldBank_synthetic
2024-10-01,coal,115.15,per_ton,WorldBank_synthetic
2024-10-01,iron_ore,40,per_ton,WorldBank_synthetic
2024-10-02,coal,119.53,per_ton,WorldBank_synthetic
2024-10-02,iron_ore,45.37,per_ton,WorldBank_synthetic
2024-10-03,coal,114.39,per_ton,WorldBank_synthetic
2024-10-03,iron_ore,40,per_ton,WorldBank_synthetic
2024-10-04,coal,124.77,per_ton,WorldBank_synthetic
2024-10-04,iron_ore,40,per_ton,WorldBank_synthetic
2024-10-05,coal,115.41,per_ton,WorldBank_synthetic
2024-10-05,iron_ore,40,per_ton,WorldBank_synthetic
2024-10-06,coal,114.79,per_ton,WorldBank_synthetic
2024-10-06,iron_ore,50.19,per_ton,WorldBank_synthetic
2024-10-07,coal,117.14,per_ton,WorldBank_synthetic
2024-10-07,iron_ore,40,per_ton,WorldBank_synthetic
2024-10-08,coal,119.18,per_ton,WorldBank_synthetic
2024-10-08,iron_ore,48.72,per_ton,WorldBank_synthetic
2024-10-09,coal,114.81,per_ton,WorldBank_synthetic
2024-10-09,iron_ore,40,per_ton,WorldBank_synthetic
2024-10-10,coal,111.56,per_ton,WorldBank_synthetic
2024-10-10,iron_ore,40,per_ton,WorldBank_synthetic
2024-10-11,coal,122.97,per_ton,WorldBank_synthetic
2024-10-11,iron_ore,40,per_ton,WorldBank_synthetic
2024-10-12,coal,109.46,per_ton,WorldBank_synthetic
2024-10-12,iron_ore,40,per_ton,WorldBank_synthetic
2024-10-13,coal,109.61,per_ton,WorldBank_synthetic
2024-10-13,iron_ore,50.66,per_ton,WorldBank_synthetic
2024-10-14,coal,114.92,per_ton,WorldBank_synthetic
2024-10-14,iron_ore,40,per_ton,WorldBank_synthetic
2024-10-15,coal,111.37,per_ton,WorldBank_synthetic
2024-10-15,iron_ore,40,per_ton,WorldBank_synthetic
2024-10-16,coal,121.08,per_ton,WorldBank_synthetic
2024-10-16,iron_ore,40,per_ton,WorldBank_synthetic
2024-10-17,coal,115.92,per_ton,WorldBank_synthetic
2024-10-17,iron_ore,46.19,per_ton,WorldBank_synthetic
2024-10-18,coal,117.41,per_ton,WorldBank_synthetic
2024-10-18,iron_ore,44.22,per_ton,WorldBank_synthetic
2024-10-19,coal,114.94,per_ton,WorldBank_synthetic
2024-10-19,iron_ore,40,per_ton,WorldBank_synthetic
2024-10-20,coal,115.62,per_ton,WorldBank_synthetic
2024-10-20,iron_ore,40,per_ton,WorldBank_synthetic
2024-10-21,coal,109.17,per_ton,WorldBank_synthetic
2024-10-21,iron_ore,54.43,per_ton,WorldBank_synthetic
2024-10-22,coal,122.13,per_ton,WorldBank_synthetic
2024-10-22,iron_ore,40.02,per_ton,WorldBank_synthetic
2024-10-23,coal,117.71,per_ton,WorldBank_synthetic
2024-10-23,iron_ore,43.19,per_ton,WorldBank_synthetic
2024-10-24,coal,106.55,per_ton,WorldBank_synthetic
2024-10-24,iron_ore,40,per_ton,WorldBank_synthetic
2024-10-25,coal,120.43,per_ton,WorldBank_synthetic
2024-10-25,iron_ore,42.6,per_ton,WorldBank_synthetic
2024-10-26,coal,111.18,per_ton,WorldBank_synthetic
2024-10-26,iron_ore,52.71,per_ton,WorldBank_synthetic
2024-10-27,coal,118.0,per_ton,WorldBank_synthetic
2024-10-27,iron_ore,40,per_ton,WorldBank_synthetic
2024-10-28,coal,113.5,per_ton,WorldBank_synthetic
2024-10-28,iron_ore,40.64,per_ton,WorldBank_synthetic
2024-10-29,coal,111.52,per_ton,WorldBank_synthetic
2024-10-29,iron_ore,50.28,per_ton,WorldBank_synthetic
2024-10-30,coal,113.83,per_ton,WorldBank_synthetic
2024-10-30,iron_ore,45.49,per_ton,WorldBank_synthetic
2024-10-31,coal,125.56,per_ton,WorldBank_synthetic
2024-10-31,iron_ore,40,per_ton,WorldBank_synthetic
2024-11-01,coal,111.23,per_ton,WorldBank_synthetic
2024-11-01,iron_ore,44.79,per_ton,WorldBank_synthetic
2024-11-02,coal,114.59,per_ton,WorldBank_synthetic
2024-11-02,iron_ore,42.31,per_ton,WorldBank_synthetic
2024-11-03,coal,112.4,per_ton,WorldBank_synthetic
2024-11-03,iron_ore,40,per_ton,WorldBank_synthetic
2024-11-04,coal,115.1,per_ton,WorldBank_synthetic
2024-11-04,iron_ore,40,per_ton,WorldBank_synthetic
2024-11-05,coal,111.67,per_ton,WorldBank_synthetic
2024-11-05,iron_ore,68.34,per_ton,WorldBank_synthetic
2024-11-06,coal,129.41,per_ton,WorldBank_synthetic
2024-11-06,iron_ore,64.85,per_ton,WorldBank_synthetic
2024-11-07,coal,115.88,per_ton,WorldBank_synthetic
2024-11-07,iron_ore,40,per_ton,WorldBank_synthetic
2024-11-08,coal,120.31,per_ton,WorldBank_synthetic
2024-11-08,iron_ore,40,per_ton,WorldBank_synthetic
2024-11-09,coal,116.28,per_ton,WorldBank_synthetic
2024-11-09,iron_ore,40,per_ton,WorldBank_synthetic
2024-11-10,coal,122.26,per_ton,WorldBank_synthetic
2024-11-10,iron_ore,45.9,per_ton,WorldBank_synthetic
2024-11-11,coal,119.53,per_ton,WorldBank_synthetic
2024-11-11,iron_ore,42.13,per_ton,WorldBank_synthetic
2024-11-12,coal,117.06,per_ton,WorldBank_synthetic
2024-11-12,iron_ore,40,per_ton,WorldBank_synthetic
2024-11-13,coal,117.68,per_ton,WorldBank_synthetic
2024-11-13,iron_ore,44.98,per_ton,WorldBank_synthetic
2024-11-14,coal,120.4,per_ton,WorldBank_synthetic
2024-11-14,iron_ore,43.97,per_ton,WorldBank_synthetic
2024-11-15,coal,113.49,per_ton,WorldBank_synthetic
2024-11-15,iron_ore,48.61,per_ton,WorldBank_synthetic
2024-11-16,coal,125.9,per_ton,WorldBank_synthetic
2024-11-16,iron_ore,47.09,per_ton,WorldBank_synthetic
2024-11-17,coal,127.65,per_ton,WorldBank_synthetic
2024-11-17,iron_ore,40,per_ton,WorldBank_synthetic
2024-11-18,coal,114.55,per_ton,WorldBank_synthetic
2024-11-18,iron_ore,46.62,per_ton,WorldBank_synthetic
2024-11-19,coal,112.37,per_ton,WorldBank_synthetic
2024-11-19,iron_ore,40,per_ton,WorldBank_synthetic
2024-11-20,coal,119.42,per_ton,WorldBank_synthetic
2024-11-20,iron_ore,41.35,per_ton,WorldBank_synthetic
2024-11-21,coal,115.31,per_ton,WorldBank_synthetic
2024-11-21,iron_ore,48.45,per_ton,WorldBank_synthetic
2024-11-22,coal,118.39,per_ton,WorldBank_synthetic
2024-11-22,iron_ore,44.89,per_ton,WorldBank_synthetic
2024-11-23,coal,122.73,per_ton,WorldBank_synthetic
2024-11-23,iron_ore,43.86,per_ton,WorldBank_synthetic
2024-11-24,coal,125.48,per_ton,WorldBank_synthetic
2024-11-24,iron_ore,60.23,per_ton,WorldBank_synthetic
2024-11-25,coal,112.04,per_ton,WorldBank_synthetic
2024-11-25,iron_ore,43.73,per_ton,WorldBank_synthetic
2024-11-26,coal,124.72,per_ton,WorldBank_synthetic
2024-11-26,iron_ore,40.83,per_ton,WorldBank_synthetic
2024-11-27,coal,117.39,per_ton,WorldBank_synthetic
2024-11-27,iron_ore,52.58,per_ton,WorldBank_synthetic
2024-11-28,coal,125.44,per_ton,WorldBank_synthetic
2024-11-28,iron_ore,61.0,per_ton,WorldBank_synthetic
2024-11-29,coal,119.88,per_ton,WorldBank_synthetic
2024-11-29,iron_ore,56.24,per_ton,WorldBank_synthetic
2024-11-30,coal,122.41,per_ton,WorldBank_synthetic
2024-11-30,iron_ore,65.25,per_ton,WorldBank_synthetic
2024-12-01,coal,120.86,per_ton,WorldBank_synthetic
2024-12-01,iron_ore,51.45,per_ton,WorldBank_synthetic
2024-12-02,coal,120.11,per_ton,WorldBank_synthetic
2024-12-02,iron_ore,42.49,per_ton,WorldBank_synthetic
2024-12-03,coal,114.76,per_ton,WorldBank_synthetic
2024-12-03,iron_ore,40,per_ton,WorldBank_synthetic
2024-12-04,coal,128.78,per_ton,WorldBank_synthetic
2024-12-04,iron_ore,69.16,per_ton,WorldBank_synthetic
2024-12-05,coal,112.99,per_ton,WorldBank_synthetic
2024-12-05,iron_ore,60.58,per_ton,WorldBank_synthetic
2024-12-06,coal,123.78,per_ton,WorldBank_synthetic
2024-12-06,iron_ore,52.5,per_ton,WorldBank_synthetic
2024-12-07,coal,125.05,per_ton,WorldBank_synthetic
2024-12-07,iron_ore,53.63,per_ton,WorldBank_synthetic
2024-12-08,coal,135.37,per_ton,WorldBank_synthetic
2024-12-08,iron_ore,62.03,per_ton,WorldBank_synthetic
2024-12-09,coal,118.35,per_ton,WorldBank_synthetic
2024-12-09,iron_ore,46.41,per_ton,WorldBank_synthetic
2024-12-10,coal,129.36,per_ton,WorldBank_synthetic
2024-12-10,iron_ore,53.31,per_ton,WorldBank_synthetic
2024-12-11,coal,121.56,per_ton,WorldBank_synthetic
2024-12-11,iron_ore,56.96,per_ton,WorldBank_synthetic
2024-12-12,coal,123.15,per_ton,WorldBank_synthetic
2024-12-12,iron_ore,65.36,per_ton,WorldBank_synthetic
2024-12-13,coal,118.27,per_ton,WorldBank_synthetic
2024-12-13,iron_ore,40,per_ton,WorldBank_synthetic
2024-12-14,coal,120.39,per_ton,WorldBank_synthetic
2024-12-14,iron_ore,50.43,per_ton,WorldBank_synthetic
2024-12-15,coal,120.16,per_ton,WorldBank_synthetic
2024-12-15,iron_ore,43.83,per_ton,WorldBank_synthetic
2024-12-16,coal,118.81,per_ton,WorldBank_synthetic
2024-12-16,iron_ore,45.84,per_ton,WorldBank_synthetic
2024-12-17,coal,128.49,per_ton,WorldBank_synthetic
2024-12-17,iron_ore,49.13,per_ton,WorldBank_synthetic
2024-12-18,coal,122.73,per_ton,WorldBank_synthetic
2024-12-18,iron_ore,69.68,per_ton,WorldBank_synthetic
2024-12-19,coal,122.35,per_ton,WorldBank_synthetic
2024-12-19,iron_ore,61.53,per_ton,WorldBank_synthetic
2024-12-20,coal,129.26,per_ton,WorldBank_synthetic
2024-12-20,iron_ore,63.49,per_ton,WorldBank_synthetic
2024-12-21,coal,121.49,per_ton,WorldBank_synthetic
2024-12-21,iron_ore,50.91,per_ton,WorldBank_synthetic
2024-12-22,coal,131.04,per_ton,WorldBank_synthetic
2024-12-22,iron_ore,61.11,per_ton,WorldBank_synthetic
2024-12-23,coal,121.17,per_ton,WorldBank_synthetic
2024-12-23,iron_ore,57.15,per_ton,WorldBank_synthetic
2024-12-24,coal,124.68,per_ton,WorldBank_synthetic
2024-12-24,iron_ore,46.11,per_ton,WorldBank_synthetic
2024-12-25,coal,127.52,per_ton,WorldBank_synthetic
2024-12-25,iron_ore,69.05,per_ton,WorldBank_synthetic
2024-12-26,coal,122.01,per_ton,WorldBank_synthetic
2024-12-26,iron_ore,54.33,per_ton,WorldBank_synthetic
2024-12-27,coal,123.4,per_ton,WorldBank_synthetic
2024-12-27,iron_ore,59.84,per_ton,WorldBank_synthetic
2024-12-28,coal,135.72,per_ton,WorldBank_synthetic
2024-12-28,iron_ore,68.6,per_ton,WorldBank_synthetic
2024-12-29,coal,126.7,per_ton,WorldBank_synthetic
2024-12-29,iron_ore,57.26,per_ton,WorldBank_synthetic
2024-12-30,coal,126.37,per_ton,WorldBank_synthetic
2024-12-30,iron_ore,61.07,per_ton,WorldBank_synthetic
2024-12-31,coal,120.33,per_ton,WorldBank_synthetic
2024-12-31,iron_ore,59.49,per_ton,WorldBank_synthetic
2025-01-01,coal,128.27,per_ton,WorldBank_synthetic
2025-01-01,iron_ore,54.55,per_ton,WorldBank_synthetic
2025-01-02,coal,119.65,per_ton,WorldBank_synthetic
2025-01-02,iron_ore,62.24,per_ton,WorldBank_synthetic
2025-01-03,coal,124.41,per_ton,WorldBank_synthetic
2025-01-03,iron_ore,50.1,per_ton,WorldBank_synthetic
2025-01-04,coal,132.52,per_ton,WorldBank_synthetic
2025-01-04,iron_ore,73.65,per_ton,WorldBank_synthetic
2025-01-05,coal,137.17,per_ton,WorldBank_synthetic
2025-01-05,iron_ore,60.97,per_ton,WorldBank_synthetic
2025-01-06,coal,129.76,per_ton,WorldBank_synthetic
2025-01-06,iron_ore,74.81,per_ton,WorldBank_synthetic
2025-01-07,coal,129.78,per_ton,WorldBank_synthetic
2025-01-07,iron_ore,74.59,per_ton,WorldBank_synthetic
2025-01-08,coal,128.03,per_ton,WorldBank_synthetic
2025-01-08,iron_ore,61.87,per_ton,WorldBank_synthetic
2025-01-09,coal,129.74,per_ton,WorldBank_synthetic
2025-01-09,iron_ore,70.09,per_ton,WorldBank_synthetic
2025-01-10,coal,130.96,per_ton,WorldBank_synthetic
2025-01-10,iron_ore,75.26,per_ton,WorldBank_synthetic
2025-01-11,coal,128.5,per_ton,WorldBank_synthetic
2025-01-11,iron_ore,65.2,per_ton,WorldBank_synthetic
2025-01-12,coal,133.76,per_ton,WorldBank_synthetic
2025-01-12,iron_ore,66.11,per_ton,WorldBank_synthetic
2025-01-13,coal,123.92,per_ton,WorldBank_synthetic
2025-01-13,iron_ore,75.27,per_ton,WorldBank_synthetic
2025-01-14,coal,117.51,per_ton,WorldBank_synthetic
2025-01-14,iron_ore,77.04,per_ton,WorldBank_synthetic
2025-01-15,coal,132.55,per_ton,WorldBank_synthetic
2025-01-15,iron_ore,68.46,per_ton,WorldBank_synthetic
2025-01-16,coal,134.19,per_ton,WorldBank_synthetic
2025-01-16,iron_ore,65.63,per_ton,WorldBank_synthetic
2025-01-17,coal,130.12,per_ton,WorldBank_synthetic
2025-01-17,iron_ore,57.74,per_ton,WorldBank_synthetic
2025-01-18,coal,122.6,per_ton,WorldBank_synthetic
2025-01-18,iron_ore,73.18,per_ton,WorldBank_synthetic
2025-01-19,coal,126.86,per_ton,WorldBank_synthetic
2025-01-19,iron_ore,60.85,per_ton,WorldBank_synthetic
2025-01-20,coal,133.69,per_ton,WorldBank_synthetic
2025-01-20,iron_ore,69.74,per_ton,WorldBank_synthetic
2025-01-21,coal,125.86,per_ton,WorldBank_synthetic
2025-01-21,iron_ore,69.48,per_ton,WorldBank_synthetic
2025-01-22,coal,136.85,per_ton,WorldBank_synthetic
2025-01-22,iron_ore,79.8,per_ton,WorldBank_synthetic
2025-01-23,coal,129.72,per_ton,WorldBank_synthetic
2025-01-23,iron_ore,76.7,per_ton,WorldBank_synthetic
2025-01-24,coal,126.69,per_ton,WorldBank_synthetic
2025-01-24,iron_ore,86.34,per_ton,WorldBank_synthetic
2025-01-25,coal,136.27,per_ton,WorldBank_synthetic
2025-01-25,iron_ore,69.46,per_ton,WorldBank_synthetic
2025-01-26,coal,130.85,per_ton,WorldBank_synthetic
2025-01-26,iron_ore,80.09,per_ton,WorldBank_synthetic
2025-01-27,coal,134.79,per_ton,WorldBank_synthetic
2025-01-27,iron_ore,81.17,per_ton,WorldBank_synthetic
2025-01-28,coal,133.52,per_ton,WorldBank_synthetic
2025-01-28,iron_ore,76.26,per_ton,WorldBank_synthetic
2025-01-29,coal,122.24,per_ton,WorldBank_synthetic
2025-01-29,iron_ore,85.58,per_ton,WorldBank_synthetic
2025-01-30,coal,128.64,per_ton,WorldBank_synthetic
2025-01-30,iron_ore,76.22,per_ton,WorldBank_synthetic
2025-01-31,coal,130.3,per_ton,WorldBank_synthetic
2025-01-31,iron_ore,83.07,per_ton,WorldBank_synthetic
2025-02-01,coal,128.43,per_ton,WorldBank_synthetic
2025-02-01,iron_ore,65.72,per_ton,WorldBank_synthetic
2025-02-02,coal,137.99,per_ton,WorldBank_synthetic
2025-02-02,iron_ore,80.99,per_ton,WorldBank_synthetic
2025-02-03,coal,138.47,per_ton,WorldBank_synthetic
2025-02-03,iron_ore,75.44,per_ton,WorldBank_synthetic
2025-02-04,coal,132.55,per_ton,WorldBank_synthetic
2025-02-04,iron_ore,83.41,per_ton,WorldBank_synthetic
2025-02-05,coal,125.85,per_ton,WorldBank_synthetic
2025-02-05,iron_ore,64.18,per_ton,WorldBank_synthetic
2025-02-06,coal,126.92,per_ton,WorldBank_synthetic
2025-02-06,iron_ore,71.83,per_ton,WorldBank_synthetic
2025-02-07,coal,140.04,per_ton,WorldBank_synthetic
2025-02-07,iron_ore,97.88,per_ton,WorldBank_synthetic
2025-02-08,coal,130.17,per_ton,WorldBank_synthetic
2025-02-08,iron_ore,78.45,per_ton,WorldBank_synthetic
2025-02-09,coal,129.7,per_ton,WorldBank_synthetic
2025-02-09,iron_ore,76.14,per_ton,WorldBank_synthetic
2025-02-10,coal,133.09,per_ton,WorldBank_synthetic
2025-02-10,iron_ore,81.19,per_ton,WorldBank_synthetic
2025-02-11,coal,129.69,per_ton,WorldBank_synthetic
2025-02-11,iron_ore,77.95,per_ton,WorldBank_synthetic
2025-02-12,coal,128.5,per_ton,WorldBank_synthetic
2025-02-12,iron_ore,73.36,per_ton,WorldBank_synthetic
2025-02-13,coal,129.59,per_ton,WorldBank_synthetic
2025-02-13,iron_ore,85.12,per_ton,WorldBank_synthetic
2025-02-14,coal,134.09,per_ton,WorldBank_synthetic
2025-02-14,iron_ore,75.76,per_ton,WorldBank_synthetic
2025-02-15,coal,136.58,per_ton,WorldBank_synthetic
2025-02-15,iron_ore,80.81,per_ton,WorldBank_synthetic
2025-02-16,coal,136.56,per_ton,WorldBank_synthetic
2025-02-16,iron_ore,79.18,per_ton,WorldBank_synthetic
2025-02-17,coal,140.84,per_ton,WorldBank_synthetic
2025-02-17,iron_ore,92.25,per_ton,WorldBank_synthetic
2025-02-18,coal,135.51,per_ton,WorldBank_synthetic
2025-02-18,iron_ore,92.97,per_ton,WorldBank_synthetic
2025-02-19,coal,128.7,per_ton,WorldBank_synthetic
2025-02-19,iron_ore,95.73,per_ton,WorldBank_synthetic
2025-02-20,coal,125.84,per_ton,WorldBank_synthetic
2025-02-20,iron_ore,82.81,per_ton,WorldBank_synthetic
2025-02-21,coal,128.93,per_ton,WorldBank_synthetic
2025-02-21,iron_ore,67.28,per_ton,WorldBank_synthetic
2025-02-22,coal,125.55,per_ton,WorldBank_synthetic
2025-02-22,iron_ore,79.41,per_ton,WorldBank_synthetic
2025-02-23,coal,134.5,per_ton,WorldBank_synthetic
2025-02-23,iron_ore,80.29,per_ton,WorldBank_synthetic
2025-02-24,coal,136.78,per_ton,WorldBank_synthetic
2025-02-24,iron_ore,80.99,per_ton,WorldBank_synthetic
2025-02-25,coal,127.48,per_ton,WorldBank_synthetic
2025-02-25,iron_ore,94.84,per_ton,WorldBank_synthetic
2025-02-26,coal,138.16,per_ton,WorldBank_synthetic
2025-02-26,iron_ore,82.36,per_ton,WorldBank_synthetic
2025-02-27,coal,124.07,per_ton,WorldBank_synthetic
2025-02-27,iron_ore,75.95,per_ton,WorldBank_synthetic
2025-02-28,coal,129.56,per_ton,WorldBank_synthetic
2025-02-28,iron_ore,85.63,per_ton,WorldBank_synthetic
2025-03-01,coal,138.14,per_ton,WorldBank_synthetic
2025-03-01,iron_ore,85.95,per_ton,WorldBank_synthetic
2025-03-02,coal,133.6,per_ton,WorldBank_synthetic
2025-03-02,iron_ore,89.17,per_ton,WorldBank_synthetic
2025-03-03,coal,126.23,per_ton,WorldBank_synthetic
2025-03-03,iron_ore,95.07,per_ton,WorldBank_synthetic
2025-03-04,coal,139.72,per_ton,WorldBank_synthetic
2025-03-04,iron_ore,90.61,per_ton,WorldBank_synthetic
2025-03-05,coal,139.85,per_ton,WorldBank_synthetic
2025-03-05,iron_ore,84.75,per_ton,WorldBank_synthetic
2025-03-06,coal,132.13,per_ton,WorldBank_synthetic
2025-03-06,iron_ore,98.05,per_ton,WorldBank_synthetic
2025-03-07,coal,131.21,per_ton,WorldBank_synthetic
2025-03-07,iron_ore,82.53,per_ton,WorldBank_synthetic
2025-03-08,coal,140.95,per_ton,WorldBank_synthetic
2025-03-08,iron_ore,86.53,per_ton,WorldBank_synthetic
2025-03-09,coal,127.98,per_ton,WorldBank_synthetic
2025-03-09,iron_ore,88.01,per_ton,WorldBank_synthetic
2025-03-10,coal,121.25,per_ton,WorldBank_synthetic
2025-03-10,iron_ore,96.79,per_ton,WorldBank_synthetic
2025-03-11,coal,138.66,per_ton,WorldBank_synthetic
2025-03-11,iron_ore,78.8,per_ton,WorldBank_synthetic
2025-03-12,coal,128.51,per_ton,WorldBank_synthetic
2025-03-12,iron_ore,103.95,per_ton,WorldBank_synthetic
2025-03-13,coal,136.65,per_ton,WorldBank_synthetic
2025-03-13,iron_ore,86.76,per_ton,WorldBank_synthetic
2025-03-14,coal,130.93,per_ton,WorldBank_synthetic
2025-03-14,iron_ore,92.94,per_ton,WorldBank_synthetic
2025-03-15,coal,138.8,per_ton,WorldBank_synthetic
2025-03-15,iron_ore,96.24,per_ton,WorldBank_synthetic
2025-03-16,coal,134.46,per_ton,WorldBank_synthetic
2025-03-16,iron_ore,88.73,per_ton,WorldBank_synthetic
2025-03-17,coal,139.27,per_ton,WorldBank_synthetic
2025-03-17,iron_ore,95.33,per_ton,WorldBank_synthetic
2025-03-18,coal,125.99,per_ton,WorldBank_synthetic
2025-03-18,iron_ore,87.88,per_ton,WorldBank_synthetic
2025-03-19,coal,140.41,per_ton,WorldBank_synthetic
2025-03-19,iron_ore,76.76,per_ton,WorldBank_synthetic
2025-03-20,coal,126.02,per_ton,WorldBank_synthetic
2025-03-20,iron_ore,95.99,per_ton,WorldBank_synthetic
2025-03-21,coal,130.53,per_ton,WorldBank_synthetic
2025-03-21,iron_ore,82.83,per_ton,WorldBank_synthetic
2025-03-22,coal,113.61,per_ton,WorldBank_synthetic
2025-03-22,iron_ore,89.56,per_ton,WorldBank_synthetic
2025-03-23,coal,136.92,per_ton,WorldBank_synthetic
2025-03-23,iron_ore,84.51,per_ton,WorldBank_synthetic
2025-03-24,coal,125.18,per_ton,WorldBank_synthetic
2025-03-24,iron_ore,99.0,per_ton,WorldBank_synthetic
2025-03-25,coal,137.82,per_ton,WorldBank_synthetic
2025-03-25,iron_ore,86.07,per_ton,WorldBank_synthetic
2025-03-26,coal,128.95,per_ton,WorldBank_synthetic
2025-03-26,iron_ore,81.25,per_ton,WorldBank_synthetic
2025-03-27,coal,130.56,per_ton,WorldBank_synthetic
2025-03-27,iron_ore,87.7,per_ton,WorldBank_synthetic
2025-03-28,coal,129.59,per_ton,WorldBank_synthetic
2025-03-28,iron_ore,74.38,per_ton,WorldBank_synthetic
2025-03-29,coal,134.89,per_ton,WorldBank_synthetic
2025-03-29,iron_ore,79.49,per_ton,WorldBank_synthetic
2025-03-30,coal,123.43,per_ton,WorldBank_synthetic
2025-03-30,iron_ore,92.61,per_ton,WorldBank_synthetic
2025-03-31,coal,119.94,per_ton,WorldBank_synthetic
2025-03-31,iron_ore,81.89,per_ton,WorldBank_synthetic
2025-04-01,coal,125.17,per_ton,WorldBank_synthetic
2025-04-01,iron_ore,80.37,per_ton,WorldBank_synthetic
2025-04-02,coal,126.21,per_ton,WorldBank_synthetic
2025-04-02,iron_ore,94.52,per_ton,WorldBank_synthetic
2025-04-03,coal,138.1,per_ton,WorldBank_synthetic
2025-04-03,iron_ore,102.59,per_ton,WorldBank_synthetic
2025-04-04,coal,117.12,per_ton,WorldBank_synthetic
2025-04-04,iron_ore,94.2,per_ton,WorldBank_synthetic
2025-04-05,coal,124.94,per_ton,WorldBank_synthetic
2025-04-05,iron_ore,99.81,per_ton,WorldBank_synthetic
2025-04-06,coal,127.37,per_ton,WorldBank_synthetic
2025-04-06,iron_ore,99.23,per_ton,WorldBank_synthetic
2025-04-07,coal,132.16,per_ton,WorldBank_synthetic
2025-04-07,iron_ore,93.56,per_ton,WorldBank_synthetic
2025-04-08,coal,120.46,per_ton,WorldBank_synthetic
2025-04-08,iron_ore,93.62,per_ton,WorldBank_synthetic
2025-04-09,coal,131.66,per_ton,WorldBank_synthetic
2025-04-09,iron_ore,101.74,per_ton,WorldBank_synthetic
2025-04-10,coal,127.42,per_ton,WorldBank_synthetic
2025-04-10,iron_ore,102.77,per_ton,WorldBank_synthetic
2025-04-11,coal,127.67,per_ton,WorldBank_synthetic
2025-04-11,iron_ore,87.34,per_ton,WorldBank_synthetic
2025-04-12,coal,128.83,per_ton,WorldBank_synthetic
2025-04-12,iron_ore,104.61,per_ton,WorldBank_synthetic
2025-04-13,coal,134.31,per_ton,WorldBank_synthetic
2025-04-13,iron_ore,93.49,per_ton,WorldBank_synthetic
2025-04-14,coal,128.16,per_ton,WorldBank_synthetic
2025-04-14,iron_ore,96.5,per_ton,WorldBank_synthetic
2025-04-15,coal,120.58,per_ton,WorldBank_synthetic
2025-04-15,iron_ore,101.2,per_ton,WorldBank_synthetic
2025-04-16,coal,122.44,per_ton,WorldBank_synthetic
2025-04-16,iron_ore,99.44,per_ton,WorldBank_synthetic
2025-04-17,coal,123.55,per_ton,WorldBank_synthetic
2025-04-17,iron_ore,94.38,per_ton,WorldBank_synthetic
2025-04-18,coal,126.35,per_ton,WorldBank_synthetic
2025-04-18,iron_ore,99.99,per_ton,WorldBank_synthetic
2025-04-19,coal,128.9,per_ton,WorldBank_synthetic
2025-04-19,iron_ore,96.3,per_ton,WorldBank_synthetic
2025-04-20,coal,124.78,per_ton,WorldBank_synthetic
2025-04-20,iron_ore,102.72,per_ton,WorldBank_synthetic
2025-04-21,coal,123.85,per_ton,WorldBank_synthetic
2025-04-21,iron_ore,100.18,per_ton,WorldBank_synthetic
2025-04-22,coal,122.83,per_ton,WorldBank_synthetic
2025-04-22,iron_ore,99.81,per_ton,WorldBank_synthetic
2025-04-23,coal,129.57,per_ton,WorldBank_synthetic
2025-04-23,iron_ore,106.93,per_ton,WorldBank_synthetic
2025-04-24,coal,129.28,per_ton,WorldBank_synthetic
2025-04-24,iron_ore,110.35,per_ton,WorldBank_synthetic
2025-04-25,coal,125.69,per_ton,WorldBank_synthetic
2025-04-25,iron_ore,108.79,per_ton,WorldBank_synthetic
2025-04-26,coal,123.06,per_ton,WorldBank_synthetic
2025-04-26,iron_ore,109.12,per_ton,WorldBank_synthetic
2025-04-27,coal,128.18,per_ton,WorldBank_synthetic
2025-04-27,iron_ore,114.58,per_ton,WorldBank_synthetic
2025-04-28,coal,128.3,per_ton,WorldBank_synthetic
2025-04-28,iron_ore,106.89,per_ton,WorldBank_synthetic
2025-04-29,coal,125.43,per_ton,WorldBank_synthetic
2025-04-29,iron_ore,97.64,per_ton,WorldBank_synthetic
2025-04-30,coal,120.33,per_ton,WorldBank_synthetic
2025-04-30,iron_ore,108.64,per_ton,WorldBank_synthetic
2025-05-01,coal,116.88,per_ton,WorldBank_synthetic
2025-05-01,iron_ore,114.56,per_ton,WorldBank_synthetic
2025-05-02,coal,124.02,per_ton,WorldBank_synthetic
2025-05-02,iron_ore,107.16,per_ton,WorldBank_synthetic
2025-05-03,coal,127.55,per_ton,WorldBank_synthetic
2025-05-03,iron_ore,104.43,per_ton,WorldBank_synthetic
2025-05-04,coal,121.99,per_ton,WorldBank_synthetic
2025-05-04,iron_ore,85.42,per_ton,WorldBank_synthetic
2025-05-05,coal,123.87,per_ton,WorldBank_synthetic
2025-05-05,iron_ore,107.29,per_ton,WorldBank_synthetic
2025-05-06,coal,114.45,per_ton,WorldBank_synthetic
2025-05-06,iron_ore,104.5,per_ton,WorldBank_synthetic
2025-05-07,coal,120.96,per_ton,WorldBank_synthetic
2025-05-07,iron_ore,111.47,per_ton,WorldBank_synthetic
2025-05-08,coal,112.64,per_ton,WorldBank_synthetic
2025-05-08,iron_ore,98.87,per_ton,WorldBank_synthetic
2025-05-09,coal,119.86,per_ton,WorldBank_synthetic
2025-05-09,iron_ore,96.57,per_ton,WorldBank_synthetic
2025-05-10,coal,121.45,per_ton,WorldBank_synthetic
2025-05-10,iron_ore,87.19,per_ton,WorldBank_synthetic
2025-05-11,coal,108.86,per_ton,WorldBank_synthetic
2025-05-11,iron_ore,103.6,per_ton,WorldBank_synthetic
2025-05-12,coal,122.6,per_ton,WorldBank_synthetic
2025-05-12,iron_ore,97.36,per_ton,WorldBank_synthetic
2025-05-13,coal,121.37,per_ton,WorldBank_synthetic
2025-05-13,iron_ore,106.57,per_ton,WorldBank_synthetic
2025-05-14,coal,122.08,per_ton,WorldBank_synthetic
2025-05-14,iron_ore,104.91,per_ton,WorldBank_synthetic
2025-05-15,coal,110.31,per_ton,WorldBank_synthetic
2025-05-15,iron_ore,104.45,per_ton,WorldBank_synthetic
2025-05-16,coal,119.15,per_ton,WorldBank_synthetic
2025-05-16,iron_ore,116.61,per_ton,WorldBank_synthetic
2025-05-17,coal,110.67,per_ton,WorldBank_synthetic
2025-05-17,iron_ore,123.09,per_ton,WorldBank_synthetic
2025-05-18,coal,117.39,per_ton,WorldBank_synthetic
2025-05-18,iron_ore,96.39,per_ton,WorldBank_synthetic
2025-05-19,coal,116.04,per_ton,WorldBank_synthetic
2025-05-19,iron_ore,113.99,per_ton,WorldBank_synthetic
2025-05-20,coal,117.36,per_ton,WorldBank_synthetic
2025-05-20,iron_ore,99.16,per_ton,WorldBank_synthetic
2025-05-21,coal,120.18,per_ton,WorldBank_synthetic
2025-05-21,iron_ore,113.16,per_ton,WorldBank_synthetic
2025-05-22,coal,116.4,per_ton,WorldBank_synthetic
2025-05-22,iron_ore,119.11,per_ton,WorldBank_synthetic
2025-05-23,coal,126.56,per_ton,WorldBank_synthetic
2025-05-23,iron_ore,86.23,per_ton,WorldBank_synthetic
2025-05-24,coal,115.79,per_ton,WorldBank_synthetic
2025-05-24,iron_ore,120.56,per_ton,WorldBank_synthetic
2025-05-25,coal,117.76,per_ton,WorldBank_synthetic
2025-05-25,iron_ore,117.73,per_ton,WorldBank_synthetic
2025-05-26,coal,117.74,per_ton,WorldBank_synthetic
2025-05-26,iron_ore,94.43,per_ton,WorldBank_synthetic
2025-05-27,coal,111.35,per_ton,WorldBank_synthetic
2025-05-27,iron_ore,106.04,per_ton,WorldBank_synthetic
2025-05-28,coal,120.81,per_ton,WorldBank_synthetic
2025-05-28,iron_ore,105.74,per_ton,WorldBank_synthetic
2025-05-29,coal,111.34,per_ton,WorldBank_synthetic
2025-05-29,iron_ore,102.04,per_ton,WorldBank_synthetic
2025-05-30,coal,114.3,per_ton,WorldBank_synthetic
2025-05-30,iron_ore,108.13,per_ton,WorldBank_synthetic
2025-05-31,coal,124.45,per_ton,WorldBank_synthetic
2025-05-31,iron_ore,105.49,per_ton,WorldBank_synthetic
2025-06-01,coal,106.38,per_ton,WorldBank_synthetic
2025-06-01,iron_ore,111.66,per_ton,WorldBank_synthetic
2025-06-02,coal,113.54,per_ton,WorldBank_synthetic
2025-06-02,iron_ore,108.23,per_ton,WorldBank_synthetic
2025-06-03,coal,108.21,per_ton,WorldBank_synthetic
2025-06-03,iron_ore,110.7,per_ton,WorldBank_synthetic
2025-06-04,coal,108.95,per_ton,WorldBank_synthetic
2025-06-04,iron_ore,102.73,per_ton,WorldBank_synthetic
2025-06-05,coal,108.04,per_ton,WorldBank_synthetic
2025-06-05,iron_ore,114.99,per_ton,WorldBank_synthetic
2025-06-06,coal,103.41,per_ton,WorldBank_synthetic
2025-06-06,iron_ore,106.55,per_ton,WorldBank_synthetic
2025-06-07,coal,108.85,per_ton,WorldBank_synthetic
2025-06-07,iron_ore,113.34,per_ton,WorldBank_synthetic
2025-06-08,coal,108.88,per_ton,WorldBank_synthetic
2025-06-08,iron_ore,114.77,per_ton,WorldBank_synthetic
2025-06-09,coal,105.54,per_ton,WorldBank_synthetic
2025-06-09,iron_ore,111.02,per_ton,WorldBank_synthetic
2025-06-10,coal,110.33,per_ton,WorldBank_synthetic
2025-06-10,iron_ore,108.35,per_ton,WorldBank_synthetic
2025-06-11,coal,116.36,per_ton,WorldBank_synthetic
2025-06-11,iron_ore,112.01,per_ton,WorldBank_synthetic
2025-06-12,coal,109.46,per_ton,WorldBank_synthetic
2025-06-12,iron_ore,116.64,per_ton,WorldBank_synthetic
2025-06-13,coal,109.64,per_ton,WorldBank_synthetic
2025-06-13,iron_ore,105.94,per_ton,WorldBank_synthetic
2025-06-14,coal,112.13,per_ton,WorldBank_synthetic
2025-06-14,iron_ore,125.91,per_ton,WorldBank_synthetic
2025-06-15,coal,104.08,per_ton,WorldBank_synthetic
2025-06-15,iron_ore,113.28,per_ton,WorldBank_synthetic
2025-06-16,coal,107.13,per_ton,WorldBank_synthetic
2025-06-16,iron_ore,108.98,per_ton,WorldBank_synthetic
2025-06-17,coal,96.6,per_ton,WorldBank_synthetic
2025-06-17,iron_ore,103.22,per_ton,WorldBank_synthetic
2025-06-18,coal,101.59,per_ton,WorldBank_synthetic
2025-06-18,iron_ore,119.87,per_ton,WorldBank_synthetic
2025-06-19,coal,99.59,per_ton,WorldBank_synthetic
2025-06-19,iron_ore,119.11,per_ton,WorldBank_synthetic
2025-06-20,coal,100.02,per_ton,WorldBank_synthetic
2025-06-20,iron_ore,107.17,per_ton,WorldBank_synthetic
2025-06-21,coal,102.32,per_ton,WorldBank_synthetic
2025-06-21,iron_ore,104.19,per_ton,WorldBank_synthetic
2025-06-22,coal,96.11,per_ton,WorldBank_synthetic
2025-06-22,iron_ore,119.85,per_ton,WorldBank_synthetic
2025-06-23,coal,109.1,per_ton,WorldBank_synthetic
2025-06-23,iron_ore,118.43,per_ton,WorldBank_synthetic
2025-06-24,coal,107.88,per_ton,WorldBank_synthetic
2025-06-24,iron_ore,116.17,per_ton,WorldBank_synthetic
2025-06-25,coal,108.83,per_ton,WorldBank_synthetic
2025-06-25,iron_ore,102.84,per_ton,WorldBank_synthetic
2025-06-26,coal,105.05,per_ton,WorldBank_synthetic
2025-06-26,iron_ore,120.66,per_ton,WorldBank_synthetic
2025-06-27,coal,103.52,per_ton,WorldBank_synthetic
2025-06-27,iron_ore,107.68,per_ton,WorldBank_synthetic
2025-06-28,coal,96.95,per_ton,WorldBank_synthetic
2025-06-28,iron_ore,107.06,per_ton,WorldBank_synthetic
2025-06-29,coal,98.57,per_ton,WorldBank_synthetic
2025-06-29,iron_ore,85.35,per_ton,WorldBank_synthetic
2025-06-30,coal,102.85,per_ton,WorldBank_synthetic
2025-06-30,iron_ore,121.52,per_ton,WorldBank_synthetic
2025-07-01,coal,103.18,per_ton,WorldBank_synthetic
2025-07-01,iron_ore,110.8,per_ton,WorldBank_synthetic
2025-07-02,coal,95.99,per_ton,WorldBank_synthetic
2025-07-02,iron_ore,107.55,per_ton,WorldBank_synthetic
2025-07-03,coal,106.2,per_ton,WorldBank_synthetic
2025-07-03,iron_ore,98.58,per_ton,WorldBank_synthetic
2025-07-04,coal,110.08,per_ton,WorldBank_synthetic
2025-07-04,iron_ore,97.57,per_ton,WorldBank_synthetic
2025-07-05,coal,102.63,per_ton,WorldBank_synthetic
2025-07-05,iron_ore,104.3,per_ton,WorldBank_synthetic
2025-07-06,coal,95.65,per_ton,WorldBank_synthetic
2025-07-06,iron_ore,92.5,per_ton,WorldBank_synthetic
2025-07-07,coal,102.21,per_ton,WorldBank_synthetic
2025-07-07,iron_ore,113.22,per_ton,WorldBank_synthetic
2025-07-08,coal,102.41,per_ton,WorldBank_synthetic
2025-07-08,iron_ore,105.89,per_ton,WorldBank_synthetic
2025-07-09,coal,103.3,per_ton,WorldBank_synthetic
2025-07-09,iron_ore,111.39,per_ton,WorldBank_synthetic
2025-07-10,coal,95.32,per_ton,WorldBank_synthetic
2025-07-10,iron_ore,106.0,per_ton,WorldBank_synthetic
2025-07-11,coal,101.95,per_ton,WorldBank_synthetic
2025-07-11,iron_ore,112.95,per_ton,WorldBank_synthetic
2025-07-12,coal,97.44,per_ton,WorldBank_synthetic
2025-07-12,iron_ore,98.26,per_ton,WorldBank_synthetic
2025-07-13,coal,94.61,per_ton,WorldBank_synthetic
2025-07-13,iron_ore,102.12,per_ton,WorldBank_synthetic
2025-07-14,coal,90.44,per_ton,WorldBank_synthetic
2025-07-14,iron_ore,95.39,per_ton,WorldBank_synthetic
2025-07-15,coal,97.01,per_ton,WorldBank_synthetic
2025-07-15,iron_ore,109.42,per_ton,WorldBank_synthetic
2025-07-16,coal,93.65,per_ton,WorldBank_synthetic
2025-07-16,iron_ore,102.46,per_ton,WorldBank_synthetic
2025-07-17,coal,94.14,per_ton,WorldBank_synthetic
2025-07-17,iron_ore,102.44,per_ton,WorldBank_synthetic
2025-07-18,coal,92.36,per_ton,WorldBank_synthetic
2025-07-18,iron_ore,115.51,per_ton,WorldBank_synthetic
2025-07-19,coal,94.25,per_ton,WorldBank_synthetic
2025-07-19,iron_ore,115.25,per_ton,WorldBank_synthetic
2025-07-20,coal,88.58,per_ton,WorldBank_synthetic
2025-07-20,iron_ore,95.04,per_ton,WorldBank_synthetic
2025-07-21,coal,92.93,per_ton,WorldBank_synthetic
2025-07-21,iron_ore,102.1,per_ton,WorldBank_synthetic
2025-07-22,coal,89.52,per_ton,WorldBank_synthetic
2025-07-22,iron_ore,101.27,per_ton,WorldBank_synthetic
2025-07-23,coal,89.55,per_ton,WorldBank_synthetic
2025-07-23,iron_ore,116.08,per_ton,WorldBank_synthetic
2025-07-24,coal,88.66,per_ton,WorldBank_synthetic
2025-07-24,iron_ore,101.01,per_ton,WorldBank_synthetic
2025-07-25,coal,90.62,per_ton,WorldBank_synthetic
2025-07-25,iron_ore,113.01,per_ton,WorldBank_synthetic
2025-07-26,coal,89.59,per_ton,WorldBank_synthetic
2025-07-26,iron_ore,113.17,per_ton,WorldBank_synthetic
2025-07-27,coal,95.27,per_ton,WorldBank_synthetic
2025-07-27,iron_ore,124.29,per_ton,WorldBank_synthetic
2025-07-28,coal,92.24,per_ton,WorldBank_synthetic
2025-07-28,iron_ore,108.23,per_ton,WorldBank_synthetic
2025-07-29,coal,90.09,per_ton,WorldBank_synthetic
2025-07-29,iron_ore,99.99,per_ton,WorldBank_synthetic
2025-07-30,coal,87.94,per_ton,WorldBank_synthetic
2025-07-30,iron_ore,126.05,per_ton,WorldBank_synthetic
2025-07-31,coal,87.22,per_ton,WorldBank_synthetic
2025-07-31,iron_ore,111.12,per_ton,WorldBank_synthetic
2025-08-01,coal,83.17,per_ton,WorldBank_synthetic
2025-08-01,iron_ore,120.19,per_ton,WorldBank_synthetic
2025-08-02,coal,85.28,per_ton,WorldBank_synthetic
2025-08-02,iron_ore,113.77,per_ton,WorldBank_synthetic
2025-08-03,coal,84.56,per_ton,WorldBank_synthetic
2025-08-03,iron_ore,101.68,per_ton,WorldBank_synthetic
2025-08-04,coal,85.03,per_ton,WorldBank_synthetic
2025-08-04,iron_ore,103.38,per_ton,WorldBank_synthetic
2025-08-05,coal,82.15,per_ton,WorldBank_synthetic
2025-08-05,iron_ore,106.94,per_ton,WorldBank_synthetic
2025-08-06,coal,93.77,per_ton,WorldBank_synthetic
2025-08-06,iron_ore,116.75,per_ton,WorldBank_synthetic
2025-08-07,coal,86.35,per_ton,WorldBank_synthetic
2025-08-07,iron_ore,106.59,per_ton,WorldBank_synthetic
2025-08-08,coal,87.45,per_ton,WorldBank_synthetic
2025-08-08,iron_ore,110.61,per_ton,WorldBank_synthetic
2025-08-09,coal,90.14,per_ton,WorldBank_synthetic
2025-08-09,iron_ore,109.99,per_ton,WorldBank_synthetic
2025-08-10,coal,92.26,per_ton,WorldBank_synthetic
2025-08-10,iron_ore,109.96,per_ton,WorldBank_synthetic
2025-08-11,coal,83.74,per_ton,WorldBank_synthetic
2025-08-11,iron_ore,108.15,per_ton,WorldBank_synthetic
2025-08-12,coal,82.8,per_ton,WorldBank_synthetic
2025-08-12,iron_ore,104.09,per_ton,WorldBank_synthetic
2025-08-13,coal,76.83,per_ton,WorldBank_synthetic
2025-08-13,iron_ore,98.7,per_ton,WorldBank_synthetic
2025-08-14,coal,78.01,per_ton,WorldBank_synthetic
2025-08-14,iron_ore,104.5,per_ton,WorldBank_synthetic
2025-08-15,coal,83.3,per_ton,WorldBank_synthetic
2025-08-15,iron_ore,106.97,per_ton,WorldBank_synthetic
2025-08-16,coal,80.73,per_ton,WorldBank_synthetic
2025-08-16,iron_ore,122.68,per_ton,WorldBank_synthetic
2025-08-17,coal,84.13,per_ton,WorldBank_synthetic
2025-08-17,iron_ore,99.75,per_ton,WorldBank_synthetic
2025-08-18,coal,82.84,per_ton,WorldBank_synthetic
2025-08-18,iron_ore,117.15,per_ton,WorldBank_synthetic
2025-08-19,coal,79.76,per_ton,WorldBank_synthetic
2025-08-19,iron_ore,104.81,per_ton,WorldBank_synthetic
2025-08-20,coal,81.95,per_ton,WorldBank_synthetic
2025-08-20,iron_ore,110.42,per_ton,WorldBank_synthetic
2025-08-21,coal,81.14,per_ton,WorldBank_synthetic
2025-08-21,iron_ore,117.18,per_ton,WorldBank_synthetic
2025-08-22,coal,81.57,per_ton,WorldBank_synthetic
2025-08-22,iron_ore,108.66,per_ton,WorldBank_synthetic
2025-08-23,coal,71.08,per_ton,WorldBank_synthetic
2025-08-23,iron_ore,113.45,per_ton,WorldBank_synthetic
2025-08-24,coal,78.21,per_ton,WorldBank_synthetic
2025-08-24,iron_ore,111.43,per_ton,WorldBank_synthetic
2025-08-25,coal,80.14,per_ton,WorldBank_synthetic
2025-08-25,iron_ore,117.09,per_ton,WorldBank_synthetic
2025-08-26,coal,72.81,per_ton,WorldBank_synthetic
2025-08-26,iron_ore,119.65,per_ton,WorldBank_synthetic
2025-08-27,coal,79.64,per_ton,WorldBank_synthetic
2025-08-27,iron_ore,114.28,per_ton,WorldBank_synthetic
2025-08-28,coal,77.91,per_ton,WorldBank_synthetic
2025-08-28,iron_ore,130.56,per_ton,WorldBank_synthetic
2025-08-29,coal,79.54,per_ton,WorldBank_synthetic
2025-08-29,iron_ore,112.44,per_ton,WorldBank_synthetic
2025-08-30,coal,69.04,per_ton,WorldBank_synthetic
2025-08-30,iron_ore,111.04,per_ton,WorldBank_synthetic
2025-08-31,coal,79.11,per_ton,WorldBank_synthetic
2025-08-31,iron_ore,103.11,per_ton,WorldBank_synthetic
2025-09-01,coal,75.66,per_ton,WorldBank_synthetic
2025-09-01,iron_ore,114.49,per_ton,WorldBank_synthetic
2025-09-02,coal,80.04,per_ton,WorldBank_synthetic
2025-09-02,iron_ore,101.39,per_ton,WorldBank_synthetic
2025-09-03,coal,74.91,per_ton,WorldBank_synthetic
2025-09-03,iron_ore,111.63,per_ton,WorldBank_synthetic
2025-09-04,coal,75.57,per_ton,WorldBank_synthetic
2025-09-04,iron_ore,116.94,per_ton,WorldBank_synthetic
2025-09-05,coal,79.67,per_ton,WorldBank_synthetic
2025-09-05,iron_ore,122.46,per_ton,WorldBank_synthetic
2025-09-06,coal,87.99,per_ton,WorldBank_synthetic
2025-09-06,iron_ore,115.54,per_ton,WorldBank_synthetic
2025-09-07,coal,77.03,per_ton,WorldBank_synthetic
2025-09-07,iron_ore,112.86,per_ton,WorldBank_synthetic
2025-09-08,coal,74.09,per_ton,WorldBank_synthetic
2025-09-08,iron_ore,106.7,per_ton,WorldBank_synthetic
2025-09-09,coal,73.34,per_ton,WorldBank_synthetic
2025-09-09,iron_ore,108.85,per_ton,WorldBank_synthetic
2025-09-10,coal,67.6,per_ton,WorldBank_synthetic
2025-09-10,iron_ore,115.39,per_ton,WorldBank_synthetic
2025-09-11,coal,70.93,per_ton,WorldBank_synthetic
2025-09-11,iron_ore,115.85,per_ton,WorldBank_synthetic
2025-09-12,coal,72.07,per_ton,WorldBank_synthetic
2025-09-12,iron_ore,118.34,per_ton,WorldBank_synthetic
2025-09-13,coal,80.46,per_ton,WorldBank_synthetic
2025-09-13,iron_ore,118.62,per_ton,WorldBank_synthetic
2025-09-14,coal,71.24,per_ton,WorldBank_synthetic
2025-09-14,iron_ore,111.55,per_ton,WorldBank_synthetic
2025-09-15,coal,73.85,per_ton,WorldBank_synthetic
2025-09-15,iron_ore,111.27,per_ton,WorldBank_synthetic
2025-09-16,coal,70.84,per_ton,WorldBank_synthetic
2025-09-16,iron_ore,123.85,per_ton,WorldBank_synthetic
2025-09-17,coal,73.79,per_ton,WorldBank_synthetic
2025-09-17,iron_ore,111.0,per_ton,WorldBank_synthetic
2025-09-18,coal,73.08,per_ton,WorldBank_synthetic
2025-09-18,iron_ore,113.96,per_ton,WorldBank_synthetic
2025-09-19,coal,69.4,per_ton,WorldBank_synthetic
2025-09-19,iron_ore,116.98,per_ton,WorldBank_synthetic
2025-09-20,coal,69.73,per_ton,WorldBank_synthetic
2025-09-20,iron_ore,110.35,per_ton,WorldBank_synthetic
2025-09-21,coal,75.1,per_ton,WorldBank_synthetic
2025-09-21,iron_ore,109.76,per_ton,WorldBank_synthetic
2025-09-22,coal,78.29,per_ton,WorldBank_synthetic
2025-09-22,iron_ore,105.4,per_ton,WorldBank_synthetic
2025-09-23,coal,73.47,per_ton,WorldBank_synthetic
2025-09-23,iron_ore,118.57,per_ton,WorldBank_synthetic
2025-09-24,coal,72.75,per_ton,WorldBank_synthetic
2025-09-24,iron_ore,117.87,per_ton,WorldBank_synthetic
2025-09-25,coal,75.31,per_ton,WorldBank_synthetic
2025-09-25,iron_ore,113.56,per_ton,WorldBank_synthetic
2025-09-26,coal,68.74,per_ton,WorldBank_synthetic
2025-09-26,iron_ore,113.06,per_ton,WorldBank_synthetic
2025-09-27,coal,80.4,per_ton,WorldBank_synthetic
2025-09-27,iron_ore,107.51,per_ton,WorldBank_synthetic
2025-09-28,coal,75.68,per_ton,WorldBank_synthetic
2025-09-28,iron_ore,109.3,per_ton,WorldBank_synthetic
2025-09-29,coal,72.8,per_ton,WorldBank_synthetic
2025-09-29,iron_ore,124.91,per_ton,WorldBank_synthetic
2025-09-30,coal,63.85,per_ton,WorldBank_synthetic
2025-09-30,iron_ore,109.11,per_ton,WorldBank_synthetic
2025-10-01,coal,74.17,per_ton,WorldBank_synthetic
2025-10-01,iron_ore,125.91,per_ton,WorldBank_synthetic
2025-10-02,coal,66.73,per_ton,WorldBank_synthetic
2025-10-02,iron_ore,130.4,per_ton,WorldBank_synthetic
2025-10-03,coal,68.17,per_ton,WorldBank_synthetic
2025-10-03,iron_ore,119.58,per_ton,WorldBank_synthetic
2025-10-04,coal,75.76,per_ton,WorldBank_synthetic
2025-10-04,iron_ore,110.73,per_ton,WorldBank_synthetic
2025-10-05,coal,77.59,per_ton,WorldBank_synthetic
2025-10-05,iron_ore,110.8,per_ton,WorldBank_synthetic
2025-10-06,coal,68.66,per_ton,WorldBank_synthetic
2025-10-06,iron_ore,113.8,per_ton,WorldBank_synthetic
2025-10-07,coal,80.65,per_ton,WorldBank_synthetic
2025-10-07,iron_ore,117.27,per_ton,WorldBank_synthetic
2025-10-08,coal,73.25,per_ton,WorldBank_synthetic
2025-10-08,iron_ore,126.53,per_ton,WorldBank_synthetic
2025-10-09,coal,66.67,per_ton,WorldBank_synthetic
2025-10-09,iron_ore,124.46,per_ton,WorldBank_synthetic
2025-10-10,coal,67.12,per_ton,WorldBank_synthetic
2025-10-10,iron_ore,103.58,per_ton,WorldBank_synthetic
2025-10-11,coal,66.74,per_ton,WorldBank_synthetic
2025-10-11,iron_ore,117.92,per_ton,WorldBank_synthetic
2025-10-12,coal,57.31,per_ton,WorldBank_synthetic
2025-10-12,iron_ore,108.13,per_ton,WorldBank_synthetic
2025-10-13,coal,68.01,per_ton,WorldBank_synthetic
2025-10-13,iron_ore,121.21,per_ton,WorldBank_synthetic
2025-10-14,coal,71.48,per_ton,WorldBank_synthetic
2025-10-14,iron_ore,117.74,per_ton,WorldBank_synthetic
2025-10-15,coal,64.95,per_ton,WorldBank_synthetic
2025-10-15,iron_ore,122.68,per_ton,WorldBank_synthetic
2025-10-16,coal,61.34,per_ton,WorldBank_synthetic
2025-10-16,iron_ore,123.84,per_ton,WorldBank_synthetic
2025-10-17,coal,60.47,per_ton,WorldBank_synthetic
2025-10-17,iron_ore,125.63,per_ton,WorldBank_synthetic
2025-10-18,coal,63.52,per_ton,WorldBank_synthetic
2025-10-18,iron_ore,130.91,per_ton,WorldBank_synthetic
2025-10-19,coal,65.83,per_ton,WorldBank_synthetic
2025-10-19,iron_ore,113.63,per_ton,WorldBank_synthetic
2025-10-20,coal,62.79,per_ton,WorldBank_synthetic
2025-10-20,iron_ore,123.31,per_ton,WorldBank_synthetic
2025-10-21,coal,61.83,per_ton,WorldBank_synthetic
2025-10-21,iron_ore,116.78,per_ton,WorldBank_synthetic
2025-10-22,coal,69.94,per_ton,WorldBank_synthetic
2025-10-22,iron_ore,111.9,per_ton,WorldBank_synthetic
2025-10-23,coal,63.19,per_ton,WorldBank_synthetic
2025-10-23,iron_ore,115.06,per_ton,WorldBank_synthetic
2025-10-24,coal,60.94,per_ton,WorldBank_synthetic
2025-10-24,iron_ore,113.5,per_ton,WorldBank_synthetic
2025-10-25,coal,67.61,per_ton,WorldBank_synthetic
2025-10-25,iron_ore,106.96,per_ton,WorldBank_synthetic
2025-10-26,coal,67.7,per_ton,WorldBank_synthetic
2025-10-26,iron_ore,120.17,per_ton,WorldBank_synthetic
2025-10-27,coal,68.57,per_ton,WorldBank_synthetic
2025-10-27,iron_ore,119.65,per_ton,WorldBank_synthetic
2025-10-28,coal,55.89,per_ton,WorldBank_synthetic
2025-10-28,iron_ore,112.64,per_ton,WorldBank_synthetic
2025-10-29,coal,69.15,per_ton,WorldBank_synthetic
2025-10-29,iron_ore,118.67,per_ton,WorldBank_synthetic
2025-10-30,coal,61.92,per_ton,WorldBank_synthetic
2025-10-30,iron_ore,132.77,per_ton,WorldBank_synthetic
2025-10-31,coal,73.79,per_ton,WorldBank_synthetic
2025-10-31,iron_ore,109.31,per_ton,WorldBank_synthetic
2025-11-01,coal,66.82,per_ton,WorldBank_synthetic
2025-11-01,iron_ore,124.73,per_ton,WorldBank_synthetic
2025-11-02,coal,75.67,per_ton,WorldBank_synthetic
2025-11-02,iron_ore,103.57,per_ton,WorldBank_synthetic
2025-11-03,coal,70.79,per_ton,WorldBank_synthetic
2025-11-03,iron_ore,117.64,per_ton,WorldBank_synthetic
2025-11-04,coal,68.42,per_ton,WorldBank_synthetic
2025-11-04,iron_ore,118.5,per_ton,WorldBank_synthetic
2025-11-05,coal,75.92,per_ton,WorldBank_synthetic
2025-11-05,iron_ore,136.63,per_ton,WorldBank_synthetic
2025-11-06,coal,66.27,per_ton,WorldBank_synthetic
2025-11-06,iron_ore,113.73,per_ton,WorldBank_synthetic
2025-11-07,coal,80.45,per_ton,WorldBank_synthetic
2025-11-07,iron_ore,124.76,per_ton,WorldBank_synthetic
2025-11-08,coal,62.33,per_ton,WorldBank_synthetic
2025-11-08,iron_ore,130.48,per_ton,WorldBank_synthetic
2025-11-09,coal,66.73,per_ton,WorldBank_synthetic
2025-11-09,iron_ore,118.98,per_ton,WorldBank_synthetic
2025-11-10,coal,73.06,per_ton,WorldBank_synthetic
2025-11-10,iron_ore,108.01,per_ton,WorldBank_synthetic
2025-11-11,coal,72.51,per_ton,WorldBank_synthetic
2025-11-11,iron_ore,123.4,per_ton,WorldBank_synthetic
2025-11-12,coal,69.63,per_ton,WorldBank_synthetic
2025-11-12,iron_ore,123.64,per_ton,WorldBank_synthetic
2025-11-13,coal,59.61,per_ton,WorldBank_synthetic
2025-11-13,iron_ore,116.09,per_ton,WorldBank_synthetic
2025-11-14,coal,69.85,per_ton,WorldBank_synthetic
2025-11-14,iron_ore,126.52,per_ton,WorldBank_synthetic
2025-11-15,coal,67.7,per_ton,WorldBank_synthetic
2025-11-15,iron_ore,109.3,per_ton,WorldBank_synthetic
2025-11-16,coal,66.76,per_ton,WorldBank_synthetic
2025-11-16,iron_ore,116.33,per_ton,WorldBank_synthetic
2025-11-17,coal,64.31,per_ton,WorldBank_synthetic
2025-11-17,iron_ore,126.72,per_ton,WorldBank_synthetic
2025-11-18,coal,69.74,per_ton,WorldBank_synthetic
2025-11-18,iron_ore,110.95,per_ton,WorldBank_synthetic
2025-11-19,coal,67.64,per_ton,WorldBank_synthetic
2025-11-19,iron_ore,127.73,per_ton,WorldBank_synthetic
2025-11-20,coal,69.32,per_ton,WorldBank_synthetic
2025-11-20,iron_ore,121.96,per_ton,WorldBank_synthetic
2025-11-21,coal,68.51,per_ton,WorldBank_synthetic
2025-11-21,iron_ore,114.05,per_ton,WorldBank_synthetic
2025-11-22,coal,77.98,per_ton,WorldBank_synthetic
2025-11-22,iron_ore,124.7,per_ton,WorldBank_synthetic
2025-11-23,coal,64.28,per_ton,WorldBank_synthetic
2025-11-23,iron_ore,109.03,per_ton,WorldBank_synthetic
2025-11-24,coal,59.86,per_ton,WorldBank_synthetic
2025-11-24,iron_ore,118.95,per_ton,WorldBank_synthetic
2025-11-25,coal,73.98,per_ton,WorldBank_synthetic
2025-11-25,iron_ore,119.54,per_ton,WorldBank_synthetic
2025-11-26,coal,67.59,per_ton,WorldBank_synthetic
2025-11-26,iron_ore,116.16,per_ton,WorldBank_synthetic
2025-11-27,coal,76.45,per_ton,WorldBank_synthetic
2025-11-27,iron_ore,142.37,per_ton,WorldBank_synthetic
2025-11-28,coal,55.44,per_ton,WorldBank_synthetic
2025-11-28,iron_ore,121.62,per_ton,WorldBank_synthetic
2025-11-29,coal,71.67,per_ton,WorldBank_synthetic
2025-11-29,iron_ore,128.66,per_ton,WorldBank_synthetic
2025-11-30,coal,66.77,per_ton,WorldBank_synthetic
2025-11-30,iron_ore,121.08,per_ton,WorldBank_synthetic
2025-12-01,coal,72.81,per_ton,WorldBank_synthetic
2025-12-01,iron_ore,137.17,per_ton,WorldBank_synthetic
2025-12-02,coal,60.63,per_ton,WorldBank_synthetic
2025-12-02,iron_ore,119.62,per_ton,WorldBank_synthetic
2025-12-03,coal,71.97,per_ton,WorldBank_synthetic
2025-12-03,iron_ore,117.15,per_ton,WorldBank_synthetic
2025-12-04,coal,67.04,per_ton,WorldBank_synthetic
2025-12-04,iron_ore,136.09,per_ton,WorldBank_synthetic
2025-12-05,coal,71.34,per_ton,WorldBank_synthetic
2025-12-05,iron_ore,121.42,per_ton,WorldBank_synthetic
2025-12-06,coal,72.44,per_ton,WorldBank_synthetic
2025-12-06,iron_ore,114.92,per_ton,WorldBank_synthetic
2025-12-07,coal,71.01,per_ton,WorldBank_synthetic
2025-12-07,iron_ore,129.57,per_ton,WorldBank_synthetic
2025-12-08,coal,76.33,per_ton,WorldBank_synthetic
2025-12-08,iron_ore,131.23,per_ton,WorldBank_synthetic
2025-12-09,coal,71.15,per_ton,WorldBank_synthetic
2025-12-09,iron_ore,124.7,per_ton,WorldBank_synthetic
2025-12-10,coal,69.35,per_ton,WorldBank_synthetic
2025-12-10,iron_ore,136.2,per_ton,WorldBank_synthetic
2025-12-11,coal,76.92,per_ton,WorldBank_synthetic
2025-12-11,iron_ore,130.87,per_ton,WorldBank_synthetic
2025-12-12,coal,71.06,per_ton,WorldBank_synthetic
2025-12-12,iron_ore,119.84,per_ton,WorldBank_synthetic
2025-12-13,coal,64.27,per_ton,WorldBank_synthetic
2025-12-13,iron_ore,123.22,per_ton,WorldBank_synthetic
2025-12-14,coal,75.05,per_ton,WorldBank_synthetic
2025-12-14,iron_ore,128.28,per_ton,WorldBank_synthetic
2025-12-15,coal,77.71,per_ton,WorldBank_synthetic
2025-12-15,iron_ore,125.64,per_ton,WorldBank_synthetic
2025-12-16,coal,63.34,per_ton,WorldBank_synthetic
2025-12-16,iron_ore,121.77,per_ton,WorldBank_synthetic
2025-12-17,coal,75.8,per_ton,WorldBank_synthetic
2025-12-17,iron_ore,129.4,per_ton,WorldBank_synthetic
2025-12-18,coal,72.4,per_ton,WorldBank_synthetic
2025-12-18,iron_ore,127.21,per_ton,WorldBank_synthetic
2025-12-19,coal,69.41,per_ton,WorldBank_synthetic
2025-12-19,iron_ore,132.81,per_ton,WorldBank_synthetic
2025-12-20,coal,69.46,per_ton,WorldBank_synthetic
2025-12-20,iron_ore,130.99,per_ton,WorldBank_synthetic
2025-12-21,coal,72.35,per_ton,WorldBank_synthetic
2025-12-21,iron_ore,115.11,per_ton,WorldBank_synthetic
2025-12-22,coal,80.1,per_ton,WorldBank_synthetic
2025-12-22,iron_ore,126.08,per_ton,WorldBank_synthetic
2025-12-23,coal,76.77,per_ton,WorldBank_synthetic
2025-12-23,iron_ore,132.95,per_ton,WorldBank_synthetic
2025-12-24,coal,72.62,per_ton,WorldBank_synthetic
2025-12-24,iron_ore,124.69,per_ton,WorldBank_synthetic
2025-12-25,coal,73.92,per_ton,WorldBank_synthetic
2025-12-25,iron_ore,124.24,per_ton,WorldBank_synthetic
2025-12-26,coal,68.89,per_ton,WorldBank_synthetic
2025-12-26,iron_ore,124.55,per_ton,WorldBank_synthetic
2025-12-27,coal,64.88,per_ton,WorldBank_synthetic
2025-12-27,iron_ore,120.69,per_ton,WorldBank_synthetic
2025-12-28,coal,72.7,per_ton,WorldBank_synthetic
2025-12-28,iron_ore,133.33,per_ton,WorldBank_synthetic
2025-12-29,coal,63.46,per_ton,WorldBank_synthetic
2025-12-29,iron_ore,132.84,per_ton,WorldBank_synthetic
2025-12-30,coal,80.39,per_ton,WorldBank_synthetic
2025-12-30,iron_ore,136.18,per_ton,WorldBank_synthetic
2025-12-31,coal,80.72,per_ton,WorldBank_synthetic
2025-12-31,iron_ore,119.62,per_ton,WorldBank_synthetic
2026-01-01,coal,69.26,per_ton,WorldBank_synthetic
2026-01-01,iron_ore,118.09,per_ton,WorldBank_synthetic
2026-01-02,coal,81.11,per_ton,WorldBank_synthetic
2026-01-02,iron_ore,146.96,per_ton,WorldBank_synthetic
2026-01-03,coal,66.42,per_ton,WorldBank_synthetic
2026-01-03,iron_ore,128.29,per_ton,WorldBank_synthetic
2026-01-04,coal,67.93,per_ton,WorldBank_synthetic
2026-01-04,iron_ore,114.69,per_ton,WorldBank_synthetic
2026-01-05,coal,70.04,per_ton,WorldBank_synthetic
2026-01-05,iron_ore,141.61,per_ton,WorldBank_synthetic
2026-01-06,coal,72.48,per_ton,WorldBank_synthetic
2026-01-06,iron_ore,136.35,per_ton,WorldBank_synthetic
2026-01-07,coal,78.44,per_ton,WorldBank_synthetic
2026-01-07,iron_ore,123.37,per_ton,WorldBank_synthetic
2026-01-08,coal,82.01,per_ton,WorldBank_synthetic
2026-01-08,iron_ore,121.4,per_ton,WorldBank_synthetic
2026-01-09,coal,72.91,per_ton,WorldBank_synthetic
2026-01-09,iron_ore,133.81,per_ton,WorldBank_synthetic
2026-01-10,coal,74.18,per_ton,WorldBank_synthetic
2026-01-10,iron_ore,128.33,per_ton,WorldBank_synthetic
2026-01-11,coal,79.92,per_ton,WorldBank_synthetic
2026-01-11,iron_ore,139.65,per_ton,WorldBank_synthetic
2026-01-12,coal,67.01,per_ton,WorldBank_synthetic
2026-01-12,iron_ore,130.77,per_ton,WorldBank_synthetic
2026-01-13,coal,82.54,per_ton,WorldBank_synthetic
2026-01-13,iron_ore,143.27,per_ton,WorldBank_synthetic
2026-01-14,coal,63.8,per_ton,WorldBank_synthetic
2026-01-14,iron_ore,124.57,per_ton,WorldBank_synthetic
2026-01-15,coal,77.0,per_ton,WorldBank_synthetic
2026-01-15,iron_ore,127.46,per_ton,WorldBank_synthetic
2026-01-16,coal,80.36,per_ton,WorldBank_synthetic
2026-01-16,iron_ore,134.77,per_ton,WorldBank_synthetic
2026-01-17,coal,79.65,per_ton,WorldBank_synthetic
2026-01-17,iron_ore,129.07,per_ton,WorldBank_synthetic
2026-01-18,coal,76.22,per_ton,WorldBank_synthetic
2026-01-18,iron_ore,138.53,per_ton,WorldBank_synthetic
2026-01-19,coal,79.95,per_ton,WorldBank_synthetic
2026-01-19,iron_ore,133.81,per_ton,WorldBank_synthetic
2026-01-20,coal,78.0,per_ton,WorldBank_synthetic
2026-01-20,iron_ore,125.09,per_ton,WorldBank_synthetic
2026-01-21,coal,73.85,per_ton,WorldBank_synthetic
2026-01-21,iron_ore,132.31,per_ton,WorldBank_synthetic
2026-01-22,coal,83.0,per_ton,WorldBank_synthetic
2026-01-22,iron_ore,123.24,per_ton,WorldBank_synthetic
2026-01-23,coal,79.63,per_ton,WorldBank_synthetic
2026-01-23,iron_ore,134.6,per_ton,WorldBank_synthetic
2026-01-24,coal,76.87,per_ton,WorldBank_synthetic
2026-01-24,iron_ore,130.53,per_ton,WorldBank_synthetic
2026-01-25,coal,81.54,per_ton,WorldBank_synthetic
2026-01-25,iron_ore,125.27,per_ton,WorldBank_synthetic
2026-01-26,coal,85.46,per_ton,WorldBank_synthetic
2026-01-26,iron_ore,117.63,per_ton,WorldBank_synthetic
2026-01-27,coal,81.97,per_ton,WorldBank_synthetic
2026-01-27,iron_ore,137.19,per_ton,WorldBank_synthetic
2026-01-28,coal,85.76,per_ton,WorldBank_synthetic
2026-01-28,iron_ore,115.38,per_ton,WorldBank_synthetic
2026-01-29,coal,73.71,per_ton,WorldBank_synthetic
2026-01-29,iron_ore,140.38,per_ton,WorldBank_synthetic
2026-01-30,coal,75.28,per_ton,WorldBank_synthetic
2026-01-30,iron_ore,131.56,per_ton,WorldBank_synthetic
2026-01-31,coal,84.72,per_ton,WorldBank_synthetic
2026-01-31,iron_ore,123.29,per_ton,WorldBank_synthetic
2026-02-01,coal,74.29,per_ton,WorldBank_synthetic
2026-02-01,iron_ore,123.97,per_ton,WorldBank_synthetic
2026-02-02,coal,79.46,per_ton,WorldBank_synthetic
2026-02-02,iron_ore,125.92,per_ton,WorldBank_synthetic
2026-02-03,coal,80.11,per_ton,WorldBank_synthetic
2026-02-03,iron_ore,131.02,per_ton,WorldBank_synthetic
2026-02-04,coal,82.5,per_ton,WorldBank_synthetic
2026-02-04,iron_ore,126.68,per_ton,WorldBank_synthetic
2026-02-05,coal,82.91,per_ton,WorldBank_synthetic
2026-02-05,iron_ore,138.76,per_ton,WorldBank_synthetic
2026-02-06,coal,84.76,per_ton,WorldBank_synthetic
2026-02-06,iron_ore,135.52,per_ton,WorldBank_synthetic
2026-02-07,coal,78.31,per_ton,WorldBank_synthetic
2026-02-07,iron_ore,132.86,per_ton,WorldBank_synthetic
2026-02-08,coal,73.61,per_ton,WorldBank_synthetic
2026-02-08,iron_ore,134.48,per_ton,WorldBank_synthetic
2026-02-09,coal,85.3,per_ton,WorldBank_synthetic
2026-02-09,iron_ore,126.8,per_ton,WorldBank_synthetic
2026-02-10,coal,87.88,per_ton,WorldBank_synthetic
2026-02-10,iron_ore,138.72,per_ton,WorldBank_synthetic
2026-02-11,coal,90.89,per_ton,WorldBank_synthetic
2026-02-11,iron_ore,123.09,per_ton,WorldBank_synthetic
2026-02-12,coal,81.59,per_ton,WorldBank_synthetic
2026-02-12,iron_ore,126.76,per_ton,WorldBank_synthetic
2026-02-13,coal,79.28,per_ton,WorldBank_synthetic
2026-02-13,iron_ore,138.21,per_ton,WorldBank_synthetic
2026-02-14,coal,87.27,per_ton,WorldBank_synthetic
2026-02-14,iron_ore,131.84,per_ton,WorldBank_synthetic
2026-02-15,coal,79.96,per_ton,WorldBank_synthetic
2026-02-15,iron_ore,123.34,per_ton,WorldBank_synthetic
2026-02-16,coal,81.53,per_ton,WorldBank_synthetic
2026-02-16,iron_ore,134.22,per_ton,WorldBank_synthetic
2026-02-17,coal,85.05,per_ton,WorldBank_synthetic
2026-02-17,iron_ore,139.48,per_ton,WorldBank_synthetic
2026-02-18,coal,79.25,per_ton,WorldBank_synthetic
2026-02-18,iron_ore,126.56,per_ton,WorldBank_synthetic
2026-02-19,coal,88.82,per_ton,WorldBank_synthetic
2026-02-19,iron_ore,134.07,per_ton,WorldBank_synthetic
2026-02-20,coal,73.73,per_ton,WorldBank_synthetic
2026-02-20,iron_ore,144.76,per_ton,WorldBank_synthetic
2026-02-21,coal,79.01,per_ton,WorldBank_synthetic
2026-02-21,iron_ore,138.37,per_ton,WorldBank_synthetic
2026-02-22,coal,80.9,per_ton,WorldBank_synthetic
2026-02-22,iron_ore,132.29,per_ton,WorldBank_synthetic
2026-02-23,coal,91.01,per_ton,WorldBank_synthetic
2026-02-23,iron_ore,117.24,per_ton,WorldBank_synthetic
2026-02-24,coal,81.18,per_ton,WorldBank_synthetic
2026-02-24,iron_ore,125.96,per_ton,WorldBank_synthetic
2026-02-25,coal,81.52,per_ton,WorldBank_synthetic
2026-02-25,iron_ore,129.19,per_ton,WorldBank_synthetic
2026-02-26,coal,87.63,per_ton,WorldBank_synthetic
2026-02-26,iron_ore,135.09,per_ton,WorldBank_synthetic
2026-02-27,coal,80.76,per_ton,WorldBank_synthetic
2026-02-27,iron_ore,143.65,per_ton,WorldBank_synthetic
2026-02-28,coal,87.44,per_ton,WorldBank_synthetic
2026-02-28,iron_ore,124.48,per_ton,WorldBank_synthetic
2026-03-01,coal,81.46,per_ton,WorldBank_synthetic
2026-03-01,iron_ore,126.04,per_ton,WorldBank_synthetic
2026-03-02,coal,84.5,per_ton,WorldBank_synthetic
2026-03-02,iron_ore,128.32,per_ton,WorldBank_synthetic
2026-03-03,coal,87.26,per_ton,WorldBank_synthetic
2026-03-03,iron_ore,127.08,per_ton,WorldBank_synthetic
2026-03-04,coal,83.69,per_ton,WorldBank_synthetic
2026-03-04,iron_ore,126.45,per_ton,WorldBank_synthetic
2026-03-05,coal,80.68,per_ton,WorldBank_synthetic
2026-03-05,iron_ore,137.93,per_ton,WorldBank_synthetic
2026-03-06,coal,76.26,per_ton,WorldBank_synthetic
2026-03-06,iron_ore,132.95,per_ton,WorldBank_synthetic
2026-03-07,coal,88.01,per_ton,WorldBank_synthetic
2026-03-07,iron_ore,141.44,per_ton,WorldBank_synthetic
2026-03-08,coal,79.28,per_ton,WorldBank_synthetic
2026-03-08,iron_ore,140.61,per_ton,WorldBank_synthetic
2026-03-09,coal,83.52,per_ton,WorldBank_synthetic
2026-03-09,iron_ore,131.51,per_ton,WorldBank_synthetic
2026-03-10,coal,85.53,per_ton,WorldBank_synthetic
2026-03-10,iron_ore,120.13,per_ton,WorldBank_synthetic
2026-03-11,coal,90.76,per_ton,WorldBank_synthetic
2026-03-11,iron_ore,136.15,per_ton,WorldBank_synthetic
2026-03-12,coal,80.99,per_ton,WorldBank_synthetic
2026-03-12,iron_ore,125.73,per_ton,WorldBank_synthetic
2026-03-13,coal,96.13,per_ton,WorldBank_synthetic
2026-03-13,iron_ore,128.73,per_ton,WorldBank_synthetic
2026-03-14,coal,84.05,per_ton,WorldBank_synthetic
2026-03-14,iron_ore,117.17,per_ton,WorldBank_synthetic
2026-03-15,coal,83.31,per_ton,WorldBank_synthetic
2026-03-15,iron_ore,134.27,per_ton,WorldBank_synthetic
2026-03-16,coal,81.8,per_ton,WorldBank_synthetic
2026-03-16,iron_ore,131.13,per_ton,WorldBank_synthetic
2026-03-17,coal,86.2,per_ton,WorldBank_synthetic
2026-03-17,iron_ore,126.88,per_ton,WorldBank_synthetic
2026-03-18,coal,89.65,per_ton,WorldBank_synthetic
2026-03-18,iron_ore,128.16,per_ton,WorldBank_synthetic
2026-03-19,coal,84.26,per_ton,WorldBank_synthetic
2026-03-19,iron_ore,129.46,per_ton,WorldBank_synthetic
2026-03-20,coal,75.73,per_ton,WorldBank_synthetic
2026-03-20,iron_ore,134.03,per_ton,WorldBank_synthetic
2026-03-21,coal,88.62,per_ton,WorldBank_synthetic
2026-03-21,iron_ore,135.46,per_ton,WorldBank_synthetic
2026-03-22,coal,87.03,per_ton,WorldBank_synthetic
2026-03-22,iron_ore,128.41,per_ton,WorldBank_synthetic
2026-03-23,coal,87.57,per_ton,WorldBank_synthetic
2026-03-23,iron_ore,150.75,per_ton,WorldBank_synthetic
2026-03-24,coal,79.36,per_ton,WorldBank_synthetic
2026-03-24,iron_ore,133.61,per_ton,WorldBank_synthetic
2026-03-25,coal,87.35,per_ton,WorldBank_synthetic
2026-03-25,iron_ore,135.34,per_ton,WorldBank_synthetic
2026-03-26,coal,77.8,per_ton,WorldBank_synthetic
2026-03-26,iron_ore,144.54,per_ton,WorldBank_synthetic
2026-03-27,coal,91.4,per_ton,WorldBank_synthetic
2026-03-27,iron_ore,126.4,per_ton,WorldBank_synthetic
2026-03-28,coal,94.1,per_ton,WorldBank_synthetic
2026-03-28,iron_ore,129.4,per_ton,WorldBank_synthetic
2026-03-29,coal,95.58,per_ton,WorldBank_synthetic
2026-03-29,iron_ore,129.62,per_ton,WorldBank_synthetic
2026-03-30,coal,74.93,per_ton,WorldBank_synthetic
2026-03-30,iron_ore,127.49,per_ton,WorldBank_synthetic
2026-03-31,coal,82.73,per_ton,WorldBank_synthetic
2026-03-31,iron_ore,116.51,per_ton,WorldBank_synthetic
2026-04-01,coal,80.06,per_ton,WorldBank_synthetic
2026-04-01,iron_ore,129.55,per_ton,WorldBank_synthetic
2026-04-02,coal,81.26,per_ton,WorldBank_synthetic
2026-04-02,iron_ore,135.12,per_ton,WorldBank_synthetic
2026-04-03,coal,76.58,per_ton,WorldBank_synthetic
2026-04-03,iron_ore,124.92,per_ton,WorldBank_synthetic
2026-04-04,coal,87.34,per_ton,WorldBank_synthetic
2026-04-04,iron_ore,129.94,per_ton,WorldBank_synthetic
2026-04-05,coal,82.17,per_ton,WorldBank_synthetic
2026-04-05,iron_ore,128.64,per_ton,WorldBank_synthetic
2026-04-06,coal,79.79,per_ton,WorldBank_synthetic
2026-04-06,iron_ore,120.63,per_ton,WorldBank_synthetic
2026-04-07,coal,77.85,per_ton,WorldBank_synthetic
2026-04-07,iron_ore,136.49,per_ton,WorldBank_synthetic
2026-04-08,coal,82.91,per_ton,WorldBank_synthetic
2026-04-08,iron_ore,117.85,per_ton,WorldBank_synthetic
2026-04-09,coal,83.46,per_ton,WorldBank_synthetic
2026-04-09,iron_ore,136.46,per_ton,WorldBank_synthetic
2026-04-10,coal,93.67,per_ton,WorldBank_synthetic
2026-04-10,iron_ore,118.18,per_ton,WorldBank_synthetic
2026-04-11,coal,93.9,per_ton,WorldBank_synthetic
2026-04-11,iron_ore,124.67,per_ton,WorldBank_synthetic
2026-04-12,coal,90.57,per_ton,WorldBank_synthetic
2026-04-12,iron_ore,131.88,per_ton,WorldBank_synthetic
2026-04-13,coal,80.94,per_ton,WorldBank_synthetic
2026-04-13,iron_ore,119.1,per_ton,WorldBank_synthetic
2026-04-14,coal,76.39,per_ton,WorldBank_synthetic
2026-04-14,iron_ore,124.65,per_ton,WorldBank_synthetic
2026-04-15,coal,86.75,per_ton,WorldBank_synthetic
2026-04-15,iron_ore,122.47,per_ton,WorldBank_synthetic
2026-04-16,coal,78.45,per_ton,WorldBank_synthetic
2026-04-16,iron_ore,127.46,per_ton,WorldBank_synthetic
2026-04-17,coal,88.64,per_ton,WorldBank_synthetic
2026-04-17,iron_ore,124.91,per_ton,WorldBank_synthetic
2026-04-18,coal,81.42,per_ton,WorldBank_synthetic
2026-04-18,iron_ore,126.01,per_ton,WorldBank_synthetic
2026-04-19,coal,79.78,per_ton,WorldBank_synthetic
2026-04-19,iron_ore,125.23,per_ton,WorldBank_synthetic
2026-04-20,coal,86.31,per_ton,WorldBank_synthetic
2026-04-20,iron_ore,131.23,per_ton,WorldBank_synthetic
2026-04-21,coal,93.65,per_ton,WorldBank_synthetic
2026-04-21,iron_ore,137.23,per_ton,WorldBank_synthetic
2026-04-22,coal,88.71,per_ton,WorldBank_synthetic
2026-04-22,iron_ore,117.93,per_ton,WorldBank_synthetic
2026-04-23,coal,87.56,per_ton,WorldBank_synthetic
2026-04-23,iron_ore,110.61,per_ton,WorldBank_synthetic
2026-04-24,coal,84.11,per_ton,WorldBank_synthetic
2026-04-24,iron_ore,120.61,per_ton,WorldBank_synthetic
2026-04-25,coal,81.55,per_ton,WorldBank_synthetic
2026-04-25,iron_ore,125.34,per_ton,WorldBank_synthetic
2026-04-26,coal,81.83,per_ton,WorldBank_synthetic
2026-04-26,iron_ore,137.1,per_ton,WorldBank_synthetic
2026-04-27,coal,83.03,per_ton,WorldBank_synthetic
2026-04-27,iron_ore,135.91,per_ton,WorldBank_synthetic
2026-04-28,coal,85.27,per_ton,WorldBank_synthetic
2026-04-28,iron_ore,112.44,per_ton,WorldBank_synthetic
2026-04-29,coal,84.3,per_ton,WorldBank_synthetic
2026-04-29,iron_ore,137.23,per_ton,WorldBank_synthetic
2026-04-30,coal,82.88,per_ton,WorldBank_synthetic
2026-04-30,iron_ore,120.49,per_ton,WorldBank_synthetic
2026-05-01,coal,86.3,per_ton,WorldBank_synthetic
2026-05-01,iron_ore,125.81,per_ton,WorldBank_synthetic
2026-05-02,coal,87.21,per_ton,WorldBank_synthetic
2026-05-02,iron_ore,105.6,per_ton,WorldBank_synthetic
2026-05-03,coal,79.69,per_ton,WorldBank_synthetic
2026-05-03,iron_ore,114.56,per_ton,WorldBank_synthetic
2026-05-04,coal,98.44,per_ton,WorldBank_synthetic
2026-05-04,iron_ore,112.09,per_ton,WorldBank_synthetic
2026-05-05,coal,83.82,per_ton,WorldBank_synthetic
2026-05-05,iron_ore,139.67,per_ton,WorldBank_synthetic
2026-05-06,coal,85.56,per_ton,WorldBank_synthetic
2026-05-06,iron_ore,128.57,per_ton,WorldBank_synthetic
2026-05-07,coal,87.17,per_ton,WorldBank_synthetic
2026-05-07,iron_ore,104.8,per_ton,WorldBank_synthetic
2026-05-08,coal,80.48,per_ton,WorldBank_synthetic
2026-05-08,iron_ore,115.15,per_ton,WorldBank_synthetic
2026-05-09,coal,73.66,per_ton,WorldBank_synthetic
2026-05-09,iron_ore,100.15,per_ton,WorldBank_synthetic
2026-05-10,coal,87.56,per_ton,WorldBank_synthetic
2026-05-10,iron_ore,131.81,per_ton,WorldBank_synthetic
2026-05-11,coal,77.11,per_ton,WorldBank_synthetic
2026-05-11,iron_ore,115.15,per_ton,WorldBank_synthetic
2026-05-12,coal,89.6,per_ton,WorldBank_synthetic
2026-05-12,iron_ore,124.15,per_ton,WorldBank_synthetic
2026-05-13,coal,75.13,per_ton,WorldBank_synthetic
2026-05-13,iron_ore,115.06,per_ton,WorldBank_synthetic
2026-05-14,coal,84.12,per_ton,WorldBank_synthetic
2026-05-14,iron_ore,99.97,per_ton,WorldBank_synthetic
2026-05-15,coal,79.22,per_ton,WorldBank_synthetic
2026-05-15,iron_ore,110.18,per_ton,WorldBank_synthetic
2026-05-16,coal,70.27,per_ton,WorldBank_synthetic
2026-05-16,iron_ore,107.91,per_ton,WorldBank_synthetic
2026-05-17,coal,82.29,per_ton,WorldBank_synthetic
2026-05-17,iron_ore,117.29,per_ton,WorldBank_synthetic
2026-05-18,coal,75.02,per_ton,WorldBank_synthetic
2026-05-18,iron_ore,117.85,per_ton,WorldBank_synthetic
2026-05-19,coal,80.39,per_ton,WorldBank_synthetic
2026-05-19,iron_ore,112.1,per_ton,WorldBank_synthetic
2026-05-20,coal,78.27,per_ton,WorldBank_synthetic
2026-05-20,iron_ore,95.4,per_ton,WorldBank_synthetic
2026-05-21,coal,85.41,per_ton,WorldBank_synthetic
2026-05-21,iron_ore,116.12,per_ton,WorldBank_synthetic
2026-05-22,coal,80.82,per_ton,WorldBank_synthetic
2026-05-22,iron_ore,107.78,per_ton,WorldBank_synthetic
2026-05-23,coal,74.03,per_ton,WorldBank_synthetic
2026-05-23,iron_ore,114.86,per_ton,WorldBank_synthetic
2026-05-24,coal,78.32,per_ton,WorldBank_synthetic
2026-05-24,iron_ore,115.84,per_ton,WorldBank_synthetic
2026-05-25,coal,83.86,per_ton,WorldBank_synthetic
2026-05-25,iron_ore,106.82,per_ton,WorldBank_synthetic
2026-05-26,coal,76.68,per_ton,WorldBank_synthetic
2026-05-26,iron_ore,109.12,per_ton,WorldBank_synthetic
2026-05-27,coal,81.83,per_ton,WorldBank_synthetic
2026-05-27,iron_ore,96.25,per_ton,WorldBank_synthetic
2026-05-28,coal,80.96,per_ton,WorldBank_synthetic
2026-05-28,iron_ore,98.01,per_ton,WorldBank_synthetic
2026-05-29,coal,78.04,per_ton,WorldBank_synthetic
2026-05-29,iron_ore,127.72,per_ton,WorldBank_synthetic
2026-05-30,coal,74.74,per_ton,WorldBank_synthetic
2026-05-30,iron_ore,100.65,per_ton,WorldBank_synthetic
2026-05-31,coal,77.49,per_ton,WorldBank_synthetic
2026-05-31,iron_ore,106.65,per_ton,WorldBank_synthetic
2026-06-01,coal,72.87,per_ton,WorldBank_synthetic
2026-06-01,iron_ore,110.76,per_ton,WorldBank_synthetic
2026-06-02,coal,82.4,per_ton,WorldBank_synthetic
2026-06-02,iron_ore,111.68,per_ton,WorldBank_synthetic
2026-06-03,coal,80.79,per_ton,WorldBank_synthetic
2026-06-03,iron_ore,105.04,per_ton,WorldBank_synthetic
2026-06-04,coal,74.15,per_ton,WorldBank_synthetic
2026-06-04,iron_ore,107.07,per_ton,WorldBank_synthetic
2026-06-05,coal,81.34,per_ton,WorldBank_synthetic
2026-06-05,iron_ore,99.61,per_ton,WorldBank_synthetic
2026-06-06,coal,77.5,per_ton,WorldBank_synthetic
2026-06-06,iron_ore,106.05,per_ton,WorldBank_synthetic
2026-06-07,coal,89.7,per_ton,WorldBank_synthetic
2026-06-07,iron_ore,114.56,per_ton,WorldBank_synthetic
2026-06-08,coal,84.97,per_ton,WorldBank_synthetic
2026-06-08,iron_ore,110.74,per_ton,WorldBank_synthetic
2026-06-09,coal,74.96,per_ton,WorldBank_synthetic
2026-06-09,iron_ore,109.59,per_ton,WorldBank_synthetic
2026-06-10,coal,85.49,per_ton,WorldBank_synthetic
2026-06-10,iron_ore,96.34,per_ton,WorldBank_synthetic
2026-06-11,coal,78.0,per_ton,WorldBank_synthetic
2026-06-11,iron_ore,104.87,per_ton,WorldBank_synthetic
2026-06-12,coal,80.32,per_ton,WorldBank_synthetic
2026-06-12,iron_ore,112.74,per_ton,WorldBank_synthetic
2026-06-13,coal,76.35,per_ton,WorldBank_synthetic
2026-06-13,iron_ore,101.73,per_ton,WorldBank_synthetic
2026-06-14,coal,92.91,per_ton,WorldBank_synthetic
2026-06-14,iron_ore,98.71,per_ton,WorldBank_synthetic
2026-06-15,coal,70.13,per_ton,WorldBank_synthetic
2026-06-15,iron_ore,103.23,per_ton,WorldBank_synthetic
2026-06-16,coal,74.01,per_ton,WorldBank_synthetic
2026-06-16,iron_ore,100.33,per_ton,WorldBank_synthetic
2026-06-17,coal,76.05,per_ton,WorldBank_synthetic
2026-06-17,iron_ore,82.99,per_ton,WorldBank_synthetic
2026-06-18,coal,76.9,per_ton,WorldBank_synthetic
2026-06-18,iron_ore,102.65,per_ton,WorldBank_synthetic
2026-06-19,coal,82.21,per_ton,WorldBank_synthetic
2026-06-19,iron_ore,101.76,per_ton,WorldBank_synthetic
2026-06-20,coal,81.89,per_ton,WorldBank_synthetic
2026-06-20,iron_ore,113.07,per_ton,WorldBank_synthetic
2026-06-21,coal,78.56,per_ton,WorldBank_synthetic
2026-06-21,iron_ore,103.19,per_ton,WorldBank_synthetic
2026-06-22,coal,74.11,per_ton,WorldBank_synthetic
2026-06-22,iron_ore,104.04,per_ton,WorldBank_synthetic
2026-06-23,coal,73.93,per_ton,WorldBank_synthetic
2026-06-23,iron_ore,79.83,per_ton,WorldBank_synthetic
2026-06-24,coal,74.78,per_ton,WorldBank_synthetic
2026-06-24,iron_ore,107.29,per_ton,WorldBank_synthetic
2026-06-25,coal,79.66,per_ton,WorldBank_synthetic
2026-06-25,iron_ore,95.59,per_ton,WorldBank_synthetic
2026-06-26,coal,71.1,per_ton,WorldBank_synthetic
2026-06-26,iron_ore,95.17,per_ton,WorldBank_synthetic
2026-06-27,coal,74.71,per_ton,WorldBank_synthetic
2026-06-27,iron_ore,87.49,per_ton,WorldBank_synthetic
2026-06-28,coal,69.67,per_ton,WorldBank_synthetic
2026-06-28,iron_ore,95.76,per_ton,WorldBank_synthetic
2026-06-29,coal,75.62,per_ton,WorldBank_synthetic
2026-06-29,iron_ore,100.58,per_ton,WorldBank_synthetic
2026-06-30,coal,70.34,per_ton,WorldBank_synthetic
2026-06-30,iron_ore,80.09,per_ton,WorldBank_synthetic
2026-07-01,coal,73.22,per_ton,WorldBank_synthetic
2026-07-01,iron_ore,102.91,per_ton,WorldBank_synthetic
2026-07-02,coal,66.64,per_ton,WorldBank_synthetic
2026-07-02,iron_ore,87.78,per_ton,WorldBank_synthetic
2026-07-03,coal,70.5,per_ton,WorldBank_synthetic
2026-07-03,iron_ore,107.35,per_ton,WorldBank_synthetic
2026-07-04,coal,79.22,per_ton,WorldBank_synthetic
2026-07-04,iron_ore,91.08,per_ton,WorldBank_synthetic
2026-07-05,coal,77.4,per_ton,WorldBank_synthetic
2026-07-05,iron_ore,87.65,per_ton,WorldBank_synthetic
2026-07-06,coal,73.18,per_ton,WorldBank_synthetic
2026-07-06,iron_ore,78.12,per_ton,WorldBank_synthetic
2026-07-07,coal,68.28,per_ton,WorldBank_synthetic
2026-07-07,iron_ore,84.76,per_ton,WorldBank_synthetic
2026-07-08,coal,67.17,per_ton,WorldBank_synthetic
2026-07-08,iron_ore,96.4,per_ton,WorldBank_synthetic
2026-07-09,coal,67.88,per_ton,WorldBank_synthetic
2026-07-09,iron_ore,99.56,per_ton,WorldBank_synthetic
2026-07-10,coal,75.47,per_ton,WorldBank_synthetic
2026-07-10,iron_ore,92.96,per_ton,WorldBank_synthetic
2026-07-11,coal,78.38,per_ton,WorldBank_synthetic
2026-07-11,iron_ore,92.63,per_ton,WorldBank_synthetic
2026-07-12,coal,68.81,per_ton,WorldBank_synthetic
2026-07-12,iron_ore,86.71,per_ton,WorldBank_synthetic
2026-07-13,coal,75.55,per_ton,WorldBank_synthetic
2026-07-13,iron_ore,79.52,per_ton,WorldBank_synthetic
2026-07-14,coal,76.6,per_ton,WorldBank_synthetic
2026-07-14,iron_ore,87.66,per_ton,WorldBank_synthetic
2026-07-15,coal,74.99,per_ton,WorldBank_synthetic
2026-07-15,iron_ore,89.78,per_ton,WorldBank_synthetic
2026-07-16,coal,67.85,per_ton,WorldBank_synthetic
2026-07-16,iron_ore,101.1,per_ton,WorldBank_synthetic
2026-07-17,coal,70.38,per_ton,WorldBank_synthetic
2026-07-17,iron_ore,90.37,per_ton,WorldBank_synthetic
2026-07-18,coal,68.79,per_ton,WorldBank_synthetic
2026-07-18,iron_ore,81.08,per_ton,WorldBank_synthetic
2026-07-19,coal,71.78,per_ton,WorldBank_synthetic
2026-07-19,iron_ore,83.05,per_ton,WorldBank_synthetic
2026-07-20,coal,70.85,per_ton,WorldBank_synthetic
2026-07-20,iron_ore,87.71,per_ton,WorldBank_synthetic
2026-07-21,coal,68.36,per_ton,WorldBank_synthetic
2026-07-21,iron_ore,94.07,per_ton,WorldBank_synthetic
2026-07-22,coal,73.88,per_ton,WorldBank_synthetic
2026-07-22,iron_ore,69.32,per_ton,WorldBank_synthetic
2026-07-23,coal,66.17,per_ton,WorldBank_synthetic
2026-07-23,iron_ore,82.34,per_ton,WorldBank_synthetic
2026-07-24,coal,65.7,per_ton,WorldBank_synthetic
2026-07-24,iron_ore,79.04,per_ton,WorldBank_synthetic
2026-07-25,coal,73.69,per_ton,WorldBank_synthetic
2026-07-25,iron_ore,88.34,per_ton,WorldBank_synthetic
2026-07-26,coal,62.27,per_ton,WorldBank_synthetic
2026-07-26,iron_ore,73.61,per_ton,WorldBank_synthetic
2026-07-27,coal,71.47,per_ton,WorldBank_synthetic
2026-07-27,iron_ore,81.15,per_ton,WorldBank_synthetic
2026-07-28,coal,74.18,per_ton,WorldBank_synthetic
2026-07-28,iron_ore,77.93,per_ton,WorldBank_synthetic
2026-07-29,coal,70.14,per_ton,WorldBank_synthetic
2026-07-29,iron_ore,75.74,per_ton,WorldBank_synthetic
2026-07-30,coal,68.44,per_ton,WorldBank_synthetic
2026-07-30,iron_ore,87.09,per_ton,WorldBank_synthetic
2026-07-31,coal,71.64,per_ton,WorldBank_synthetic
2026-07-31,iron_ore,72.98,per_ton,WorldBank_synthetic
2026-08-01,coal,74.84,per_ton,WorldBank_synthetic
2026-08-01,iron_ore,80.94,per_ton,WorldBank_synthetic
2026-08-02,coal,71.69,per_ton,WorldBank_synthetic
2026-08-02,iron_ore,84.47,per_ton,WorldBank_synthetic
2026-08-03,coal,67.12,per_ton,WorldBank_synthetic
2026-08-03,iron_ore,87.57,per_ton,WorldBank_synthetic
2026-08-04,coal,65.67,per_ton,WorldBank_synthetic
2026-08-04,iron_ore,77.16,per_ton,WorldBank_synthetic
2026-08-05,coal,63.1,per_ton,WorldBank_synthetic
2026-08-05,iron_ore,67.4,per_ton,WorldBank_synthetic
2026-08-06,coal,80.08,per_ton,WorldBank_synthetic
2026-08-06,iron_ore,78.02,per_ton,WorldBank_synthetic
2026-08-07,coal,66.95,per_ton,WorldBank_synthetic
2026-08-07,iron_ore,93.94,per_ton,WorldBank_synthetic
2026-08-08,coal,60.2,per_ton,WorldBank_synthetic
2026-08-08,iron_ore,88.29,per_ton,WorldBank_synthetic
2026-08-09,coal,70.05,per_ton,WorldBank_synthetic
2026-08-09,iron_ore,77.01,per_ton,WorldBank_synthetic
2026-08-10,coal,67.58,per_ton,WorldBank_synthetic
2026-08-10,iron_ore,75.32,per_ton,WorldBank_synthetic
2026-08-11,coal,76.1,per_ton,WorldBank_synthetic
2026-08-11,iron_ore,85.42,per_ton,WorldBank_synthetic
2026-08-12,coal,67.91,per_ton,WorldBank_synthetic
2026-08-12,iron_ore,70.58,per_ton,WorldBank_synthetic
2026-08-13,coal,68.63,per_ton,WorldBank_synthetic
2026-08-13,iron_ore,68.42,per_ton,WorldBank_synthetic
2026-08-14,coal,64.37,per_ton,WorldBank_synthetic
2026-08-14,iron_ore,73.7,per_ton,WorldBank_synthetic
2026-08-15,coal,64.57,per_ton,WorldBank_synthetic
2026-08-15,iron_ore,70.52,per_ton,WorldBank_synthetic
2026-08-16,coal,66.49,per_ton,WorldBank_synthetic
2026-08-16,iron_ore,67.0,per_ton,WorldBank_synthetic
2026-08-17,coal,75.84,per_ton,WorldBank_synthetic
2026-08-17,iron_ore,57.91,per_ton,WorldBank_synthetic
2026-08-18,coal,71.69,per_ton,WorldBank_synthetic
2026-08-18,iron_ore,79.89,per_ton,WorldBank_synthetic
2026-08-19,coal,67.25,per_ton,WorldBank_synthetic
2026-08-19,iron_ore,72.83,per_ton,WorldBank_synthetic
2026-08-20,coal,68.79,per_ton,WorldBank_synthetic
2026-08-20,iron_ore,74.11,per_ton,WorldBank_synthetic
2026-08-21,coal,71.54,per_ton,WorldBank_synthetic
2026-08-21,iron_ore,77.72,per_ton,WorldBank_synthetic
2026-08-22,coal,65.97,per_ton,WorldBank_synthetic
2026-08-22,iron_ore,65.1,per_ton,WorldBank_synthetic
2026-08-23,coal,69.55,per_ton,WorldBank_synthetic
2026-08-23,iron_ore,77.2,per_ton,WorldBank_synthetic
2026-08-24,coal,71.87,per_ton,WorldBank_synthetic
2026-08-24,iron_ore,67.84,per_ton,WorldBank_synthetic
2026-08-25,coal,80.3,per_ton,WorldBank_synthetic
2026-08-25,iron_ore,58.04,per_ton,WorldBank_synthetic
2026-08-26,coal,77.12,per_ton,WorldBank_synthetic
2026-08-26,iron_ore,65.05,per_ton,WorldBank_synthetic
2026-08-27,coal,67.35,per_ton,WorldBank_synthetic
2026-08-27,iron_ore,85.16,per_ton,WorldBank_synthetic
2026-08-28,coal,77.17,per_ton,WorldBank_synthetic
2026-08-28,iron_ore,83.24,per_ton,WorldBank_synthetic
2026-08-29,coal,71.84,per_ton,WorldBank_synthetic
2026-08-29,iron_ore,73.69,per_ton,WorldBank_synthetic
2026-08-30,coal,60.91,per_ton,WorldBank_synthetic
2026-08-30,iron_ore,60.56,per_ton,WorldBank_synthetic
2026-08-31,coal,67.48,per_ton,WorldBank_synthetic
2026-08-31,iron_ore,74.58,per_ton,WorldBank_synthetic
2026-09-01,coal,71.46,per_ton,WorldBank_synthetic
2026-09-01,iron_ore,76.15,per_ton,WorldBank_synthetic
