date,route,vessel_type,rate_usd_per_ton,bdi_index,source
2018-01-05,Indonesia-Paradip,Supramax,20.83,1761.3,market_synthetic
2018-01-05,Indonesia-Paradip,Panamax,16.59,1761.3,market_synthetic
2018-01-05,Indonesia-Vizag,Supramax,20.25,1761.3,market_synthetic
2018-01-05,Indonesia-Vizag,Panamax,14.28,1761.3,market_synthetic
2018-01-05,Indonesia-Gangavaram,Capesize,17.79,1761.3,market_synthetic
2018-01-05,SouthAfrica-Krishnapatnam,Capesize,18.3,1761.3,market_synthetic
2018-01-05,SouthAfrica-Vizag,Panamax,20.83,1761.3,market_synthetic
2018-01-05,Australia-Paradip,Capesize,20.11,1761.3,market_synthetic
2018-01-05,Australia-Gangavaram,Capesize,18.44,1761.3,market_synthetic
2018-01-05,Indonesia-Haldia,Handymax,20.27,1761.3,market_synthetic
2018-01-05,Indonesia-Ennore,Supramax,19.56,1761.3,market_synthetic
2018-01-05,Indonesia-Chennai,Handymax,19.6,1761.3,market_synthetic
2018-01-12,Indonesia-Paradip,Supramax,19.92,1892.7,market_synthetic
2018-01-12,Indonesia-Paradip,Panamax,17.25,1892.7,market_synthetic
2018-01-12,Indonesia-Vizag,Supramax,21.08,1892.7,market_synthetic
2018-01-12,Indonesia-Vizag,Panamax,17.21,1892.7,market_synthetic
2018-01-12,Indonesia-Gangavaram,Capesize,17.78,1892.7,market_synthetic
2018-01-12,SouthAfrica-Krishnapatnam,Capesize,19.69,1892.7,market_synthetic
2018-01-12,SouthAfrica-Vizag,Panamax,20.46,1892.7,market_synthetic
2018-01-12,Australia-Paradip,Capesize,20.29,1892.7,market_synthetic
2018-01-12,Australia-Gangavaram,Capesize,19.67,1892.7,market_synthetic
2018-01-12,Indonesia-Haldia,Handymax,19.99,1892.7,market_synthetic
2018-01-12,Indonesia-Ennore,Supramax,21.57,1892.7,market_synthetic
2018-01-12,Indonesia-Chennai,Handymax,22.4,1892.7,market_synthetic
2018-01-19,Indonesia-Paradip,Supramax,21.03,1902.1,market_synthetic
2018-01-19,Indonesia-Paradip,Panamax,16.3,1902.1,market_synthetic
2018-01-19,Indonesia-Vizag,Supramax,21.81,1902.1,market_synthetic
2018-01-19,Indonesia-Vizag,Panamax,16.89,1902.1,market_synthetic
2018-01-19,Indonesia-Gangavaram,Capesize,18.37,1902.1,market_synthetic
2018-01-19,SouthAfrica-Krishnapatnam,Capesize,19.18,1902.1,market_synthetic
2018-01-19,SouthAfrica-Vizag,Panamax,22.68,1902.1,market_synthetic
2018-01-19,Australia-Paradip,Capesize,21.49,1902.1,market_synthetic
2018-01-19,Australia-Gangavaram,Capesize,19.83,1902.1,market_synthetic
2018-01-19,Indonesia-Haldia,Handymax,20.82,1902.1,market_synthetic
2018-01-19,Indonesia-Ennore,Supramax,22.6,1902.1,market_synthetic
2018-01-19,Indonesia-Chennai,Handymax,21.3,1902.1,market_synthetic
2018-01-26,Indonesia-Paradip,Supramax,20.84,1951.8,market_synthetic
2018-01-26,Indonesia-Paradip,Panamax,17.54,1951.8,market_synthetic
2018-01-26,Indonesia-Vizag,Supramax,22.21,1951.8,market_synthetic
2018-01-26,Indonesia-Vizag,Panamax,18.0,1951.8,market_synthetic
2018-01-26,Indonesia-Gangavaram,Capesize,19.11,1951.8,market_synthetic
2018-01-26,SouthAfrica-Krishnapatnam,Capesize,19.84,1951.8,market_synthetic
2018-01-26,SouthAfrica-Vizag,Panamax,21.25,1951.8,market_synthetic
2018-01-26,Australia-Paradip,Capesize,23.27,1951.8,market_synthetic
2018-01-26,Australia-Gangavaram,Capesize,21.77,1951.8,market_synthetic
2018-01-26,Indonesia-Haldia,Handymax,21.01,1951.8,market_synthetic
2018-01-26,Indonesia-Ennore,Supramax,22.27,1951.8,market_synthetic
2018-01-26,Indonesia-Chennai,Handymax,22.21,1951.8,market_synthetic
2018-02-02,Indonesia-Paradip,Supramax,21.07,1894.3,market_synthetic
2018-02-02,Indonesia-Paradip,Panamax,17.23,1894.3,market_synthetic
2018-02-02,Indonesia-Vizag,Supramax,21.09,1894.3,market_synthetic
2018-02-02,Indonesia-Vizag,Panamax,18.77,1894.3,market_synthetic
2018-02-02,Indonesia-Gangavaram,Capesize,18.28,1894.3,market_synthetic
2018-02-02,SouthAfrica-Krishnapatnam,Capesize,19.68,1894.3,market_synthetic
2018-02-02,SouthAfrica-Vizag,Panamax,23.6,1894.3,market_synthetic
2018-02-02,Australia-Paradip,Capesize,20.62,1894.3,market_synthetic
2018-02-02,Australia-Gangavaram,Capesize,21.15,1894.3,market_synthetic
2018-02-02,Indonesia-Haldia,Handymax,23.45,1894.3,market_synthetic
2018-02-02,Indonesia-Ennore,Supramax,22.23,1894.3,market_synthetic
2018-02-02,Indonesia-Chennai,Handymax,22.94,1894.3,market_synthetic
2018-02-09,Indonesia-Paradip,Supramax,21.44,2033.7,market_synthetic
2018-02-09,Indonesia-Paradip,Panamax,16.62,2033.7,market_synthetic
2018-02-09,Indonesia-Vizag,Supramax,22.23,2033.7,market_synthetic
2018-02-09,Indonesia-Vizag,Panamax,19.69,2033.7,market_synthetic
2018-02-09,Indonesia-Gangavaram,Capesize,20.17,2033.7,market_synthetic
2018-02-09,SouthAfrica-Krishnapatnam,Capesize,21.37,2033.7,market_synthetic
2018-02-09,SouthAfrica-Vizag,Panamax,23.96,2033.7,market_synthetic
2018-02-09,Australia-Paradip,Capesize,23.21,2033.7,market_synthetic
2018-02-09,Australia-Gangavaram,Capesize,21.68,2033.7,market_synthetic
2018-02-09,Indonesia-Haldia,Handymax,22.36,2033.7,market_synthetic
2018-02-09,Indonesia-Ennore,Supramax,22.85,2033.7,market_synthetic
2018-02-09,Indonesia-Chennai,Handymax,23.73,2033.7,market_synthetic
2018-02-16,Indonesia-Paradip,Supramax,21.86,2171.5,market_synthetic
2018-02-16,Indonesia-Paradip,Panamax,16.92,2171.5,market_synthetic
2018-02-16,Indonesia-Vizag,Supramax,22.54,2171.5,market_synthetic
2018-02-16,Indonesia-Vizag,Panamax,18.77,2171.5,market_synthetic
2018-02-16,Indonesia-Gangavaram,Capesize,19.43,2171.5,market_synthetic
2018-02-16,SouthAfrica-Krishnapatnam,Capesize,22.42,2171.5,market_synthetic
2018-02-16,SouthAfrica-Vizag,Panamax,23.22,2171.5,market_synthetic
2018-02-16,Australia-Paradip,Capesize,23.13,2171.5,market_synthetic
2018-02-16,Australia-Gangavaram,Capesize,21.7,2171.5,market_synthetic
2018-02-16,Indonesia-Haldia,Handymax,23.45,2171.5,market_synthetic
2018-02-16,Indonesia-Ennore,Supramax,22.41,2171.5,market_synthetic
2018-02-16,Indonesia-Chennai,Handymax,22.35,2171.5,market_synthetic
2018-02-23,Indonesia-Paradip,Supramax,23.38,2306.9,market_synthetic
2018-02-23,Indonesia-Paradip,Panamax,18.78,2306.9,market_synthetic
2018-02-23,Indonesia-Vizag,Supramax,24.44,2306.9,market_synthetic
2018-02-23,Indonesia-Vizag,Panamax,19.16,2306.9,market_synthetic
2018-02-23,Indonesia-Gangavaram,Capesize,21.48,2306.9,market_synthetic
2018-02-23,SouthAfrica-Krishnapatnam,Capesize,22.79,2306.9,market_synthetic
2018-02-23,SouthAfrica-Vizag,Panamax,24.99,2306.9,market_synthetic
2018-02-23,Australia-Paradip,Capesize,25.24,2306.9,market_synthetic
2018-02-23,Australia-Gangavaram,Capesize,23.47,2306.9,market_synthetic
2018-02-23,Indonesia-Haldia,Handymax,22.74,2306.9,market_synthetic
2018-02-23,Indonesia-Ennore,Supramax,25.38,2306.9,market_synthetic
2018-02-23,Indonesia-Chennai,Handymax,25.3,2306.9,market_synthetic
2018-03-02,Indonesia-Paradip,Supramax,23.93,2308.2,market_synthetic
2018-03-02,Indonesia-Paradip,Panamax,18.23,2308.2,market_synthetic
2018-03-02,Indonesia-Vizag,Supramax,24.35,2308.2,market_synthetic
2018-03-02,Indonesia-Vizag,Panamax,20.51,2308.2,market_synthetic
2018-03-02,Indonesia-Gangavaram,Capesize,20.9,2308.2,market_synthetic
2018-03-02,SouthAfrica-Krishnapatnam,Capesize,23.32,2308.2,market_synthetic
2018-03-02,SouthAfrica-Vizag,Panamax,23.9,2308.2,market_synthetic
2018-03-02,Australia-Paradip,Capesize,23.54,2308.2,market_synthetic
2018-03-02,Australia-Gangavaram,Capesize,24.56,2308.2,market_synthetic
2018-03-02,Indonesia-Haldia,Handymax,24.19,2308.2,market_synthetic
2018-03-02,Indonesia-Ennore,Supramax,24.19,2308.2,market_synthetic
2018-03-02,Indonesia-Chennai,Handymax,23.79,2308.2,market_synthetic
2018-03-09,Indonesia-Paradip,Supramax,22.91,2291.4,market_synthetic
2018-03-09,Indonesia-Paradip,Panamax,20.35,2291.4,market_synthetic
2018-03-09,Indonesia-Vizag,Supramax,24.06,2291.4,market_synthetic
2018-03-09,Indonesia-Vizag,Panamax,19.91,2291.4,market_synthetic
2018-03-09,Indonesia-Gangavaram,Capesize,21.77,2291.4,market_synthetic
2018-03-09,SouthAfrica-Krishnapatnam,Capesize,23.02,2291.4,market_synthetic
2018-03-09,SouthAfrica-Vizag,Panamax,25.37,2291.4,market_synthetic
2018-03-09,Australia-Paradip,Capesize,24.04,2291.4,market_synthetic
2018-03-09,Australia-Gangavaram,Capesize,24.7,2291.4,market_synthetic
2018-03-09,Indonesia-Haldia,Handymax,23.79,2291.4,market_synthetic
2018-03-09,Indonesia-Ennore,Supramax,24.26,2291.4,market_synthetic
2018-03-09,Indonesia-Chennai,Handymax,25.15,2291.4,market_synthetic
2018-03-16,Indonesia-Paradip,Supramax,23.54,2287.3,market_synthetic
2018-03-16,Indonesia-Paradip,Panamax,19.1,2287.3,market_synthetic
2018-03-16,Indonesia-Vizag,Supramax,23.4,2287.3,market_synthetic
2018-03-16,Indonesia-Vizag,Panamax,17.87,2287.3,market_synthetic
2018-03-16,Indonesia-Gangavaram,Capesize,19.6,2287.3,market_synthetic
2018-03-16,SouthAfrica-Krishnapatnam,Capesize,21.68,2287.3,market_synthetic
2018-03-16,SouthAfrica-Vizag,Panamax,24.27,2287.3,market_synthetic
2018-03-16,Australia-Paradip,Capesize,23.9,2287.3,market_synthetic
2018-03-16,Australia-Gangavaram,Capesize,23.86,2287.3,market_synthetic
2018-03-16,Indonesia-Haldia,Handymax,24.17,2287.3,market_synthetic
2018-03-16,Indonesia-Ennore,Supramax,25.01,2287.3,market_synthetic
2018-03-16,Indonesia-Chennai,Handymax,23.84,2287.3,market_synthetic
2018-03-23,Indonesia-Paradip,Supramax,25.32,2331.8,market_synthetic
2018-03-23,Indonesia-Paradip,Panamax,18.88,2331.8,market_synthetic
2018-03-23,Indonesia-Vizag,Supramax,23.82,2331.8,market_synthetic
2018-03-23,Indonesia-Vizag,Panamax,19.39,2331.8,market_synthetic
2018-03-23,Indonesia-Gangavaram,Capesize,21.85,2331.8,market_synthetic
2018-03-23,SouthAfrica-Krishnapatnam,Capesize,23.42,2331.8,market_synthetic
2018-03-23,SouthAfrica-Vizag,Panamax,24.86,2331.8,market_synthetic
2018-03-23,Australia-Paradip,Capesize,25.86,2331.8,market_synthetic
2018-03-23,Australia-Gangavaram,Capesize,22.89,2331.8,market_synthetic
2018-03-23,Indonesia-Haldia,Handymax,24.35,2331.8,market_synthetic
2018-03-23,Indonesia-Ennore,Supramax,25.42,2331.8,market_synthetic
2018-03-23,Indonesia-Chennai,Handymax,24.93,2331.8,market_synthetic
2018-03-30,Indonesia-Paradip,Supramax,23.28,2384.8,market_synthetic
2018-03-30,Indonesia-Paradip,Panamax,19.22,2384.8,market_synthetic
2018-03-30,Indonesia-Vizag,Supramax,25.28,2384.8,market_synthetic
2018-03-30,Indonesia-Vizag,Panamax,19.72,2384.8,market_synthetic
2018-03-30,Indonesia-Gangavaram,Capesize,21.5,2384.8,market_synthetic
2018-03-30,SouthAfrica-Krishnapatnam,Capesize,21.79,2384.8,market_synthetic
2018-03-30,SouthAfrica-Vizag,Panamax,25.78,2384.8,market_synthetic
2018-03-30,Australia-Paradip,Capesize,23.36,2384.8,market_synthetic
2018-03-30,Australia-Gangavaram,Capesize,25.3,2384.8,market_synthetic
2018-03-30,Indonesia-Haldia,Handymax,23.53,2384.8,market_synthetic
2018-03-30,Indonesia-Ennore,Supramax,25.96,2384.8,market_synthetic
2018-03-30,Indonesia-Chennai,Handymax,25.94,2384.8,market_synthetic
2018-04-06,Indonesia-Paradip,Supramax,24.11,2410.1,market_synthetic
2018-04-06,Indonesia-Paradip,Panamax,19.06,2410.1,market_synthetic
2018-04-06,Indonesia-Vizag,Supramax,26.2,2410.1,market_synthetic
2018-04-06,Indonesia-Vizag,Panamax,19.51,2410.1,market_synthetic
2018-04-06,Indonesia-Gangavaram,Capesize,21.81,2410.1,market_synthetic
2018-04-06,SouthAfrica-Krishnapatnam,Capesize,23.17,2410.1,market_synthetic
2018-04-06,SouthAfrica-Vizag,Panamax,25.03,2410.1,market_synthetic
2018-04-06,Australia-Paradip,Capesize,25.05,2410.1,market_synthetic
2018-04-06,Australia-Gangavaram,Capesize,24.42,2410.1,market_synthetic
2018-04-06,Indonesia-Haldia,Handymax,22.07,2410.1,market_synthetic
2018-04-06,Indonesia-Ennore,Supramax,24.3,2410.1,market_synthetic
2018-04-06,Indonesia-Chennai,Handymax,26.24,2410.1,market_synthetic
2018-04-13,Indonesia-Paradip,Supramax,24.66,2378.3,market_synthetic
2018-04-13,Indonesia-Paradip,Panamax,20.96,2378.3,market_synthetic
2018-04-13,Indonesia-Vizag,Supramax,23.14,2378.3,market_synthetic
2018-04-13,Indonesia-Vizag,Panamax,18.01,2378.3,market_synthetic
2018-04-13,Indonesia-Gangavaram,Capesize,22.71,2378.3,market_synthetic
2018-04-13,SouthAfrica-Krishnapatnam,Capesize,22.51,2378.3,market_synthetic
2018-04-13,SouthAfrica-Vizag,Panamax,26.18,2378.3,market_synthetic
2018-04-13,Australia-Paradip,Capesize,24.33,2378.3,market_synthetic
2018-04-13,Australia-Gangavaram,Capesize,25.3,2378.3,market_synthetic
2018-04-13,Indonesia-Haldia,Handymax,23.84,2378.3,market_synthetic
2018-04-13,Indonesia-Ennore,Supramax,24.86,2378.3,market_synthetic
2018-04-13,Indonesia-Chennai,Handymax,26.29,2378.3,market_synthetic
2018-04-20,Indonesia-Paradip,Supramax,24.79,2446.4,market_synthetic
2018-04-20,Indonesia-Paradip,Panamax,18.72,2446.4,market_synthetic
2018-04-20,Indonesia-Vizag,Supramax,22.46,2446.4,market_synthetic
2018-04-20,Indonesia-Vizag,Panamax,21.01,2446.4,market_synthetic
2018-04-20,Indonesia-Gangavaram,Capesize,22.04,2446.4,market_synthetic
2018-04-20,SouthAfrica-Krishnapatnam,Capesize,23.84,2446.4,market_synthetic
2018-04-20,SouthAfrica-Vizag,Panamax,24.95,2446.4,market_synthetic
2018-04-20,Australia-Paradip,Capesize,25.04,2446.4,market_synthetic
2018-04-20,Australia-Gangavaram,Capesize,23.98,2446.4,market_synthetic
2018-04-20,Indonesia-Haldia,Handymax,23.68,2446.4,market_synthetic
2018-04-20,Indonesia-Ennore,Supramax,23.17,2446.4,market_synthetic
2018-04-20,Indonesia-Chennai,Handymax,25.82,2446.4,market_synthetic
2018-04-27,Indonesia-Paradip,Supramax,24.04,2390.1,market_synthetic
2018-04-27,Indonesia-Paradip,Panamax,18.34,2390.1,market_synthetic
2018-04-27,Indonesia-Vizag,Supramax,25.29,2390.1,market_synthetic
2018-04-27,Indonesia-Vizag,Panamax,19.3,2390.1,market_synthetic
2018-04-27,Indonesia-Gangavaram,Capesize,21.4,2390.1,market_synthetic
2018-04-27,SouthAfrica-Krishnapatnam,Capesize,22.43,2390.1,market_synthetic
2018-04-27,SouthAfrica-Vizag,Panamax,26.59,2390.1,market_synthetic
2018-04-27,Australia-Paradip,Capesize,26.45,2390.1,market_synthetic
2018-04-27,Australia-Gangavaram,Capesize,23.42,2390.1,market_synthetic
2018-04-27,Indonesia-Haldia,Handymax,23.15,2390.1,market_synthetic
2018-04-27,Indonesia-Ennore,Supramax,24.65,2390.1,market_synthetic
2018-04-27,Indonesia-Chennai,Handymax,25.6,2390.1,market_synthetic
2018-05-04,Indonesia-Paradip,Supramax,23.62,2345.4,market_synthetic
2018-05-04,Indonesia-Paradip,Panamax,18.59,2345.4,market_synthetic
2018-05-04,Indonesia-Vizag,Supramax,24.7,2345.4,market_synthetic
2018-05-04,Indonesia-Vizag,Panamax,19.39,2345.4,market_synthetic
2018-05-04,Indonesia-Gangavaram,Capesize,21.2,2345.4,market_synthetic
2018-05-04,SouthAfrica-Krishnapatnam,Capesize,22.77,2345.4,market_synthetic
2018-05-04,SouthAfrica-Vizag,Panamax,24.78,2345.4,market_synthetic
2018-05-04,Australia-Paradip,Capesize,25.21,2345.4,market_synthetic
2018-05-04,Australia-Gangavaram,Capesize,23.9,2345.4,market_synthetic
2018-05-04,Indonesia-Haldia,Handymax,23.7,2345.4,market_synthetic
2018-05-04,Indonesia-Ennore,Supramax,24.57,2345.4,market_synthetic
2018-05-04,Indonesia-Chennai,Handymax,25.47,2345.4,market_synthetic
2018-05-11,Indonesia-Paradip,Supramax,23.27,2388.1,market_synthetic
2018-05-11,Indonesia-Paradip,Panamax,20.26,2388.1,market_synthetic
2018-05-11,Indonesia-Vizag,Supramax,23.41,2388.1,market_synthetic
2018-05-11,Indonesia-Vizag,Panamax,18.03,2388.1,market_synthetic
2018-05-11,Indonesia-Gangavaram,Capesize,21.68,2388.1,market_synthetic
2018-05-11,SouthAfrica-Krishnapatnam,Capesize,23.27,2388.1,market_synthetic
2018-05-11,SouthAfrica-Vizag,Panamax,24.76,2388.1,market_synthetic
2018-05-11,Australia-Paradip,Capesize,27.12,2388.1,market_synthetic
2018-05-11,Australia-Gangavaram,Capesize,24.34,2388.1,market_synthetic
2018-05-11,Indonesia-Haldia,Handymax,24.72,2388.1,market_synthetic
2018-05-11,Indonesia-Ennore,Supramax,25.09,2388.1,market_synthetic
2018-05-11,Indonesia-Chennai,Handymax,24.99,2388.1,market_synthetic
2018-05-18,Indonesia-Paradip,Supramax,22.8,2412.5,market_synthetic
2018-05-18,Indonesia-Paradip,Panamax,18.75,2412.5,market_synthetic
2018-05-18,Indonesia-Vizag,Supramax,24.47,2412.5,market_synthetic
2018-05-18,Indonesia-Vizag,Panamax,18.07,2412.5,market_synthetic
2018-05-18,Indonesia-Gangavaram,Capesize,19.6,2412.5,market_synthetic
2018-05-18,SouthAfrica-Krishnapatnam,Capesize,23.93,2412.5,market_synthetic
2018-05-18,SouthAfrica-Vizag,Panamax,25.54,2412.5,market_synthetic
2018-05-18,Australia-Paradip,Capesize,24.81,2412.5,market_synthetic
2018-05-18,Australia-Gangavaram,Capesize,23.73,2412.5,market_synthetic
2018-05-18,Indonesia-Haldia,Handymax,24.28,2412.5,market_synthetic
2018-05-18,Indonesia-Ennore,Supramax,23.43,2412.5,market_synthetic
2018-05-18,Indonesia-Chennai,Handymax,24.15,2412.5,market_synthetic
2018-05-25,Indonesia-Paradip,Supramax,22.53,2323.4,market_synthetic
2018-05-25,Indonesia-Paradip,Panamax,19.12,2323.4,market_synthetic
2018-05-25,Indonesia-Vizag,Supramax,23.28,2323.4,market_synthetic
2018-05-25,Indonesia-Vizag,Panamax,18.19,2323.4,market_synthetic
2018-05-25,Indonesia-Gangavaram,Capesize,21.49,2323.4,market_synthetic
2018-05-25,SouthAfrica-Krishnapatnam,Capesize,23.09,2323.4,market_synthetic
2018-05-25,SouthAfrica-Vizag,Panamax,24.39,2323.4,market_synthetic
2018-05-25,Australia-Paradip,Capesize,24.14,2323.4,market_synthetic
2018-05-25,Australia-Gangavaram,Capesize,22.29,2323.4,market_synthetic
2018-05-25,Indonesia-Haldia,Handymax,22.72,2323.4,market_synthetic
2018-05-25,Indonesia-Ennore,Supramax,23.25,2323.4,market_synthetic
2018-05-25,Indonesia-Chennai,Handymax,23.95,2323.4,market_synthetic
2018-06-01,Indonesia-Paradip,Supramax,23.41,2323.7,market_synthetic
2018-06-01,Indonesia-Paradip,Panamax,17.37,2323.7,market_synthetic
2018-06-01,Indonesia-Vizag,Supramax,23.85,2323.7,market_synthetic
2018-06-01,Indonesia-Vizag,Panamax,19.13,2323.7,market_synthetic
2018-06-01,Indonesia-Gangavaram,Capesize,19.9,2323.7,market_synthetic
2018-06-01,SouthAfrica-Krishnapatnam,Capesize,23.85,2323.7,market_synthetic
2018-06-01,SouthAfrica-Vizag,Panamax,24.09,2323.7,market_synthetic
2018-06-01,Australia-Paradip,Capesize,22.75,2323.7,market_synthetic
2018-06-01,Australia-Gangavaram,Capesize,22.37,2323.7,market_synthetic
2018-06-01,Indonesia-Haldia,Handymax,23.34,2323.7,market_synthetic
2018-06-01,Indonesia-Ennore,Supramax,23.64,2323.7,market_synthetic
2018-06-01,Indonesia-Chennai,Handymax,24.07,2323.7,market_synthetic
2018-06-08,Indonesia-Paradip,Supramax,20.6,2297.5,market_synthetic
2018-06-08,Indonesia-Paradip,Panamax,16.95,2297.5,market_synthetic
2018-06-08,Indonesia-Vizag,Supramax,21.8,2297.5,market_synthetic
2018-06-08,Indonesia-Vizag,Panamax,18.82,2297.5,market_synthetic
2018-06-08,Indonesia-Gangavaram,Capesize,19.77,2297.5,market_synthetic
2018-06-08,SouthAfrica-Krishnapatnam,Capesize,21.33,2297.5,market_synthetic
2018-06-08,SouthAfrica-Vizag,Panamax,24.02,2297.5,market_synthetic
2018-06-08,Australia-Paradip,Capesize,24.23,2297.5,market_synthetic
2018-06-08,Australia-Gangavaram,Capesize,23.47,2297.5,market_synthetic
2018-06-08,Indonesia-Haldia,Handymax,23.4,2297.5,market_synthetic
2018-06-08,Indonesia-Ennore,Supramax,22.87,2297.5,market_synthetic
2018-06-08,Indonesia-Chennai,Handymax,23.41,2297.5,market_synthetic
2018-06-15,Indonesia-Paradip,Supramax,22.05,2241.2,market_synthetic
2018-06-15,Indonesia-Paradip,Panamax,16.49,2241.2,market_synthetic
2018-06-15,Indonesia-Vizag,Supramax,22.45,2241.2,market_synthetic
2018-06-15,Indonesia-Vizag,Panamax,17.83,2241.2,market_synthetic
2018-06-15,Indonesia-Gangavaram,Capesize,20.34,2241.2,market_synthetic
2018-06-15,SouthAfrica-Krishnapatnam,Capesize,19.74,2241.2,market_synthetic
2018-06-15,SouthAfrica-Vizag,Panamax,23.27,2241.2,market_synthetic
2018-06-15,Australia-Paradip,Capesize,22.83,2241.2,market_synthetic
2018-06-15,Australia-Gangavaram,Capesize,23.68,2241.2,market_synthetic
2018-06-15,Indonesia-Haldia,Handymax,22.79,2241.2,market_synthetic
2018-06-15,Indonesia-Ennore,Supramax,22.6,2241.2,market_synthetic
2018-06-15,Indonesia-Chennai,Handymax,22.7,2241.2,market_synthetic
2018-06-22,Indonesia-Paradip,Supramax,21.88,2128.9,market_synthetic
2018-06-22,Indonesia-Paradip,Panamax,17.09,2128.9,market_synthetic
2018-06-22,Indonesia-Vizag,Supramax,21.13,2128.9,market_synthetic
2018-06-22,Indonesia-Vizag,Panamax,17.3,2128.9,market_synthetic
2018-06-22,Indonesia-Gangavaram,Capesize,20.19,2128.9,market_synthetic
2018-06-22,SouthAfrica-Krishnapatnam,Capesize,20.96,2128.9,market_synthetic
2018-06-22,SouthAfrica-Vizag,Panamax,22.24,2128.9,market_synthetic
2018-06-22,Australia-Paradip,Capesize,20.8,2128.9,market_synthetic
2018-06-22,Australia-Gangavaram,Capesize,21.98,2128.9,market_synthetic
2018-06-22,Indonesia-Haldia,Handymax,21.89,2128.9,market_synthetic
2018-06-22,Indonesia-Ennore,Supramax,23.15,2128.9,market_synthetic
2018-06-22,Indonesia-Chennai,Handymax,23.75,2128.9,market_synthetic
2018-06-29,Indonesia-Paradip,Supramax,20.81,2197.3,market_synthetic
2018-06-29,Indonesia-Paradip,Panamax,16.69,2197.3,market_synthetic
2018-06-29,Indonesia-Vizag,Supramax,21.17,2197.3,market_synthetic
2018-06-29,Indonesia-Vizag,Panamax,15.78,2197.3,market_synthetic
2018-06-29,Indonesia-Gangavaram,Capesize,18.86,2197.3,market_synthetic
2018-06-29,SouthAfrica-Krishnapatnam,Capesize,21.23,2197.3,market_synthetic
2018-06-29,SouthAfrica-Vizag,Panamax,22.97,2197.3,market_synthetic
2018-06-29,Australia-Paradip,Capesize,22.07,2197.3,market_synthetic
2018-06-29,Australia-Gangavaram,Capesize,20.36,2197.3,market_synthetic
2018-06-29,Indonesia-Haldia,Handymax,21.79,2197.3,market_synthetic
2018-06-29,Indonesia-Ennore,Supramax,22.38,2197.3,market_synthetic
2018-06-29,Indonesia-Chennai,Handymax,22.68,2197.3,market_synthetic
2018-07-06,Indonesia-Paradip,Supramax,20.62,2149.3,market_synthetic
2018-07-06,Indonesia-Paradip,Panamax,16.05,2149.3,market_synthetic
2018-07-06,Indonesia-Vizag,Supramax,21.89,2149.3,market_synthetic
2018-07-06,Indonesia-Vizag,Panamax,17.1,2149.3,market_synthetic
2018-07-06,Indonesia-Gangavaram,Capesize,17.1,2149.3,market_synthetic
2018-07-06,SouthAfrica-Krishnapatnam,Capesize,20.34,2149.3,market_synthetic
2018-07-06,SouthAfrica-Vizag,Panamax,22.19,2149.3,market_synthetic
2018-07-06,Australia-Paradip,Capesize,21.69,2149.3,market_synthetic
2018-07-06,Australia-Gangavaram,Capesize,21.68,2149.3,market_synthetic
2018-07-06,Indonesia-Haldia,Handymax,21.86,2149.3,market_synthetic
2018-07-06,Indonesia-Ennore,Supramax,23.42,2149.3,market_synthetic
2018-07-06,Indonesia-Chennai,Handymax,22.13,2149.3,market_synthetic
2018-07-13,Indonesia-Paradip,Supramax,21.41,2189.9,market_synthetic
2018-07-13,Indonesia-Paradip,Panamax,15.33,2189.9,market_synthetic
2018-07-13,Indonesia-Vizag,Supramax,21.89,2189.9,market_synthetic
2018-07-13,Indonesia-Vizag,Panamax,15.59,2189.9,market_synthetic
2018-07-13,Indonesia-Gangavaram,Capesize,19.26,2189.9,market_synthetic
2018-07-13,SouthAfrica-Krishnapatnam,Capesize,19.2,2189.9,market_synthetic
2018-07-13,SouthAfrica-Vizag,Panamax,21.33,2189.9,market_synthetic
2018-07-13,Australia-Paradip,Capesize,22.03,2189.9,market_synthetic
2018-07-13,Australia-Gangavaram,Capesize,21.64,2189.9,market_synthetic
2018-07-13,Indonesia-Haldia,Handymax,22.53,2189.9,market_synthetic
2018-07-13,Indonesia-Ennore,Supramax,21.6,2189.9,market_synthetic
2018-07-13,Indonesia-Chennai,Handymax,21.77,2189.9,market_synthetic
2018-07-20,Indonesia-Paradip,Supramax,20.38,2139.2,market_synthetic
2018-07-20,Indonesia-Paradip,Panamax,14.79,2139.2,market_synthetic
2018-07-20,Indonesia-Vizag,Supramax,20.28,2139.2,market_synthetic
2018-07-20,Indonesia-Vizag,Panamax,16.39,2139.2,market_synthetic
2018-07-20,Indonesia-Gangavaram,Capesize,17.07,2139.2,market_synthetic
2018-07-20,SouthAfrica-Krishnapatnam,Capesize,17.81,2139.2,market_synthetic
2018-07-20,SouthAfrica-Vizag,Panamax,20.74,2139.2,market_synthetic
2018-07-20,Australia-Paradip,Capesize,21.12,2139.2,market_synthetic
2018-07-20,Australia-Gangavaram,Capesize,19.61,2139.2,market_synthetic
2018-07-20,Indonesia-Haldia,Handymax,21.57,2139.2,market_synthetic
2018-07-20,Indonesia-Ennore,Supramax,22.08,2139.2,market_synthetic
2018-07-20,Indonesia-Chennai,Handymax,22.31,2139.2,market_synthetic
2018-07-27,Indonesia-Paradip,Supramax,19.43,1987.2,market_synthetic
2018-07-27,Indonesia-Paradip,Panamax,15.2,1987.2,market_synthetic
2018-07-27,Indonesia-Vizag,Supramax,19.1,1987.2,market_synthetic
2018-07-27,Indonesia-Vizag,Panamax,15.89,1987.2,market_synthetic
2018-07-27,Indonesia-Gangavaram,Capesize,17.76,1987.2,market_synthetic
2018-07-27,SouthAfrica-Krishnapatnam,Capesize,18.63,1987.2,market_synthetic
2018-07-27,SouthAfrica-Vizag,Panamax,20.06,1987.2,market_synthetic
2018-07-27,Australia-Paradip,Capesize,18.75,1987.2,market_synthetic
2018-07-27,Australia-Gangavaram,Capesize,19.41,1987.2,market_synthetic
2018-07-27,Indonesia-Haldia,Handymax,19.95,1987.2,market_synthetic
2018-07-27,Indonesia-Ennore,Supramax,22.31,1987.2,market_synthetic
2018-07-27,Indonesia-Chennai,Handymax,19.98,1987.2,market_synthetic
2018-08-03,Indonesia-Paradip,Supramax,18.52,2085.5,market_synthetic
2018-08-03,Indonesia-Paradip,Panamax,15.45,2085.5,market_synthetic
2018-08-03,Indonesia-Vizag,Supramax,19.9,2085.5,market_synthetic
2018-08-03,Indonesia-Vizag,Panamax,17.93,2085.5,market_synthetic
2018-08-03,Indonesia-Gangavaram,Capesize,16.38,2085.5,market_synthetic
2018-08-03,SouthAfrica-Krishnapatnam,Capesize,20.09,2085.5,market_synthetic
2018-08-03,SouthAfrica-Vizag,Panamax,20.54,2085.5,market_synthetic
2018-08-03,Australia-Paradip,Capesize,20.35,2085.5,market_synthetic
2018-08-03,Australia-Gangavaram,Capesize,19.65,2085.5,market_synthetic
2018-08-03,Indonesia-Haldia,Handymax,19.43,2085.5,market_synthetic
2018-08-03,Indonesia-Ennore,Supramax,21.86,2085.5,market_synthetic
2018-08-03,Indonesia-Chennai,Handymax,21.64,2085.5,market_synthetic
2018-08-10,Indonesia-Paradip,Supramax,17.94,1865.5,market_synthetic
2018-08-10,Indonesia-Paradip,Panamax,15.36,1865.5,market_synthetic
2018-08-10,Indonesia-Vizag,Supramax,18.53,1865.5,market_synthetic
2018-08-10,Indonesia-Vizag,Panamax,15.91,1865.5,market_synthetic
2018-08-10,Indonesia-Gangavaram,Capesize,16.22,1865.5,market_synthetic
2018-08-10,SouthAfrica-Krishnapatnam,Capesize,16.94,1865.5,market_synthetic
2018-08-10,SouthAfrica-Vizag,Panamax,20.26,1865.5,market_synthetic
2018-08-10,Australia-Paradip,Capesize,18.39,1865.5,market_synthetic
2018-08-10,Australia-Gangavaram,Capesize,17.17,1865.5,market_synthetic
2018-08-10,Indonesia-Haldia,Handymax,20.44,1865.5,market_synthetic
2018-08-10,Indonesia-Ennore,Supramax,19.23,1865.5,market_synthetic
2018-08-10,Indonesia-Chennai,Handymax,19.72,1865.5,market_synthetic
2018-08-17,Indonesia-Paradip,Supramax,17.51,1900.8,market_synthetic
2018-08-17,Indonesia-Paradip,Panamax,14.47,1900.8,market_synthetic
2018-08-17,Indonesia-Vizag,Supramax,17.54,1900.8,market_synthetic
2018-08-17,Indonesia-Vizag,Panamax,13.92,1900.8,market_synthetic
2018-08-17,Indonesia-Gangavaram,Capesize,16.22,1900.8,market_synthetic
2018-08-17,SouthAfrica-Krishnapatnam,Capesize,16.6,1900.8,market_synthetic
2018-08-17,SouthAfrica-Vizag,Panamax,20.65,1900.8,market_synthetic
2018-08-17,Australia-Paradip,Capesize,19.58,1900.8,market_synthetic
2018-08-17,Australia-Gangavaram,Capesize,19.28,1900.8,market_synthetic
2018-08-17,Indonesia-Haldia,Handymax,19.06,1900.8,market_synthetic
2018-08-17,Indonesia-Ennore,Supramax,19.07,1900.8,market_synthetic
2018-08-17,Indonesia-Chennai,Handymax,19.72,1900.8,market_synthetic
2018-08-24,Indonesia-Paradip,Supramax,19.65,1810.9,market_synthetic
2018-08-24,Indonesia-Paradip,Panamax,14.28,1810.9,market_synthetic
2018-08-24,Indonesia-Vizag,Supramax,18.85,1810.9,market_synthetic
2018-08-24,Indonesia-Vizag,Panamax,14.64,1810.9,market_synthetic
2018-08-24,Indonesia-Gangavaram,Capesize,16.93,1810.9,market_synthetic
2018-08-24,SouthAfrica-Krishnapatnam,Capesize,18.12,1810.9,market_synthetic
2018-08-24,SouthAfrica-Vizag,Panamax,18.31,1810.9,market_synthetic
2018-08-24,Australia-Paradip,Capesize,18.66,1810.9,market_synthetic
2018-08-24,Australia-Gangavaram,Capesize,19.41,1810.9,market_synthetic
2018-08-24,Indonesia-Haldia,Handymax,18.67,1810.9,market_synthetic
2018-08-24,Indonesia-Ennore,Supramax,19.09,1810.9,market_synthetic
2018-08-24,Indonesia-Chennai,Handymax,19.26,1810.9,market_synthetic
2018-08-31,Indonesia-Paradip,Supramax,17.68,1627.8,market_synthetic
2018-08-31,Indonesia-Paradip,Panamax,12.87,1627.8,market_synthetic
2018-08-31,Indonesia-Vizag,Supramax,18.83,1627.8,market_synthetic
2018-08-31,Indonesia-Vizag,Panamax,12.82,1627.8,market_synthetic
2018-08-31,Indonesia-Gangavaram,Capesize,14.16,1627.8,market_synthetic
2018-08-31,SouthAfrica-Krishnapatnam,Capesize,16.05,1627.8,market_synthetic
2018-08-31,SouthAfrica-Vizag,Panamax,18.48,1627.8,market_synthetic
2018-08-31,Australia-Paradip,Capesize,17.16,1627.8,market_synthetic
2018-08-31,Australia-Gangavaram,Capesize,17.09,1627.8,market_synthetic
2018-08-31,Indonesia-Haldia,Handymax,17.9,1627.8,market_synthetic
2018-08-31,Indonesia-Ennore,Supramax,18.38,1627.8,market_synthetic
2018-08-31,Indonesia-Chennai,Handymax,18.07,1627.8,market_synthetic
2018-09-07,Indonesia-Paradip,Supramax,18.31,1667.4,market_synthetic
2018-09-07,Indonesia-Paradip,Panamax,11.64,1667.4,market_synthetic
2018-09-07,Indonesia-Vizag,Supramax,17.3,1667.4,market_synthetic
2018-09-07,Indonesia-Vizag,Panamax,14.78,1667.4,market_synthetic
2018-09-07,Indonesia-Gangavaram,Capesize,12.78,1667.4,market_synthetic
2018-09-07,SouthAfrica-Krishnapatnam,Capesize,17.67,1667.4,market_synthetic
2018-09-07,SouthAfrica-Vizag,Panamax,18.36,1667.4,market_synthetic
2018-09-07,Australia-Paradip,Capesize,17.26,1667.4,market_synthetic
2018-09-07,Australia-Gangavaram,Capesize,16.99,1667.4,market_synthetic
2018-09-07,Indonesia-Haldia,Handymax,19.03,1667.4,market_synthetic
2018-09-07,Indonesia-Ennore,Supramax,18.21,1667.4,market_synthetic
2018-09-07,Indonesia-Chennai,Handymax,19.69,1667.4,market_synthetic
2018-09-14,Indonesia-Paradip,Supramax,18.16,1700.8,market_synthetic
2018-09-14,Indonesia-Paradip,Panamax,14.43,1700.8,market_synthetic
2018-09-14,Indonesia-Vizag,Supramax,18.07,1700.8,market_synthetic
2018-09-14,Indonesia-Vizag,Panamax,13.2,1700.8,market_synthetic
2018-09-14,Indonesia-Gangavaram,Capesize,13.61,1700.8,market_synthetic
2018-09-14,SouthAfrica-Krishnapatnam,Capesize,15.53,1700.8,market_synthetic
2018-09-14,SouthAfrica-Vizag,Panamax,18.62,1700.8,market_synthetic
2018-09-14,Australia-Paradip,Capesize,17.12,1700.8,market_synthetic
2018-09-14,Australia-Gangavaram,Capesize,17.71,1700.8,market_synthetic
2018-09-14,Indonesia-Haldia,Handymax,16.61,1700.8,market_synthetic
2018-09-14,Indonesia-Ennore,Supramax,17.87,1700.8,market_synthetic
2018-09-14,Indonesia-Chennai,Handymax,19.82,1700.8,market_synthetic
2018-09-21,Indonesia-Paradip,Supramax,16.88,1661.0,market_synthetic
2018-09-21,Indonesia-Paradip,Panamax,12.92,1661.0,market_synthetic
2018-09-21,Indonesia-Vizag,Supramax,18.18,1661.0,market_synthetic
2018-09-21,Indonesia-Vizag,Panamax,14.7,1661.0,market_synthetic
2018-09-21,Indonesia-Gangavaram,Capesize,15.31,1661.0,market_synthetic
2018-09-21,SouthAfrica-Krishnapatnam,Capesize,15.22,1661.0,market_synthetic
2018-09-21,SouthAfrica-Vizag,Panamax,17.16,1661.0,market_synthetic
2018-09-21,Australia-Paradip,Capesize,17.37,1661.0,market_synthetic
2018-09-21,Australia-Gangavaram,Capesize,16.01,1661.0,market_synthetic
2018-09-21,Indonesia-Haldia,Handymax,17.62,1661.0,market_synthetic
2018-09-21,Indonesia-Ennore,Supramax,17.51,1661.0,market_synthetic
2018-09-21,Indonesia-Chennai,Handymax,19.9,1661.0,market_synthetic
2018-09-28,Indonesia-Paradip,Supramax,16.62,1631.5,market_synthetic
2018-09-28,Indonesia-Paradip,Panamax,12.74,1631.5,market_synthetic
2018-09-28,Indonesia-Vizag,Supramax,18.3,1631.5,market_synthetic
2018-09-28,Indonesia-Vizag,Panamax,13.74,1631.5,market_synthetic
2018-09-28,Indonesia-Gangavaram,Capesize,13.94,1631.5,market_synthetic
2018-09-28,SouthAfrica-Krishnapatnam,Capesize,15.88,1631.5,market_synthetic
2018-09-28,SouthAfrica-Vizag,Panamax,19.76,1631.5,market_synthetic
2018-09-28,Australia-Paradip,Capesize,17.82,1631.5,market_synthetic
2018-09-28,Australia-Gangavaram,Capesize,16.54,1631.5,market_synthetic
2018-09-28,Indonesia-Haldia,Handymax,18.28,1631.5,market_synthetic
2018-09-28,Indonesia-Ennore,Supramax,18.16,1631.5,market_synthetic
2018-09-28,Indonesia-Chennai,Handymax,19.97,1631.5,market_synthetic
2018-10-05,Indonesia-Paradip,Supramax,16.76,1633.9,market_synthetic
2018-10-05,Indonesia-Paradip,Panamax,13.4,1633.9,market_synthetic
2018-10-05,Indonesia-Vizag,Supramax,19.22,1633.9,market_synthetic
2018-10-05,Indonesia-Vizag,Panamax,12.75,1633.9,market_synthetic
2018-10-05,Indonesia-Gangavaram,Capesize,14.16,1633.9,market_synthetic
2018-10-05,SouthAfrica-Krishnapatnam,Capesize,16.92,1633.9,market_synthetic
2018-10-05,SouthAfrica-Vizag,Panamax,20.02,1633.9,market_synthetic
2018-10-05,Australia-Paradip,Capesize,17.85,1633.9,market_synthetic
2018-10-05,Australia-Gangavaram,Capesize,16.98,1633.9,market_synthetic
2018-10-05,Indonesia-Haldia,Handymax,17.84,1633.9,market_synthetic
2018-10-05,Indonesia-Ennore,Supramax,16.65,1633.9,market_synthetic
2018-10-05,Indonesia-Chennai,Handymax,18.19,1633.9,market_synthetic
2018-10-12,Indonesia-Paradip,Supramax,17.28,1471.8,market_synthetic
2018-10-12,Indonesia-Paradip,Panamax,12.06,1471.8,market_synthetic
2018-10-12,Indonesia-Vizag,Supramax,16.7,1471.8,market_synthetic
2018-10-12,Indonesia-Vizag,Panamax,13.11,1471.8,market_synthetic
2018-10-12,Indonesia-Gangavaram,Capesize,13.27,1471.8,market_synthetic
2018-10-12,SouthAfrica-Krishnapatnam,Capesize,14.53,1471.8,market_synthetic
2018-10-12,SouthAfrica-Vizag,Panamax,16.17,1471.8,market_synthetic
2018-10-12,Australia-Paradip,Capesize,16.72,1471.8,market_synthetic
2018-10-12,Australia-Gangavaram,Capesize,15.88,1471.8,market_synthetic
2018-10-12,Indonesia-Haldia,Handymax,17.65,1471.8,market_synthetic
2018-10-12,Indonesia-Ennore,Supramax,17.1,1471.8,market_synthetic
2018-10-12,Indonesia-Chennai,Handymax,18.98,1471.8,market_synthetic
2018-10-19,Indonesia-Paradip,Supramax,16.2,1573.8,market_synthetic
2018-10-19,Indonesia-Paradip,Panamax,13.99,1573.8,market_synthetic
2018-10-19,Indonesia-Vizag,Supramax,18.04,1573.8,market_synthetic
2018-10-19,Indonesia-Vizag,Panamax,14.09,1573.8,market_synthetic
2018-10-19,Indonesia-Gangavaram,Capesize,13.78,1573.8,market_synthetic
2018-10-19,SouthAfrica-Krishnapatnam,Capesize,13.66,1573.8,market_synthetic
2018-10-19,SouthAfrica-Vizag,Panamax,17.54,1573.8,market_synthetic
2018-10-19,Australia-Paradip,Capesize,15.56,1573.8,market_synthetic
2018-10-19,Australia-Gangavaram,Capesize,16.49,1573.8,market_synthetic
2018-10-19,Indonesia-Haldia,Handymax,18.13,1573.8,market_synthetic
2018-10-19,Indonesia-Ennore,Supramax,19.53,1573.8,market_synthetic
2018-10-19,Indonesia-Chennai,Handymax,18.26,1573.8,market_synthetic
2018-10-26,Indonesia-Paradip,Supramax,16.94,1661.9,market_synthetic
2018-10-26,Indonesia-Paradip,Panamax,11.87,1661.9,market_synthetic
2018-10-26,Indonesia-Vizag,Supramax,20.03,1661.9,market_synthetic
2018-10-26,Indonesia-Vizag,Panamax,14.17,1661.9,market_synthetic
2018-10-26,Indonesia-Gangavaram,Capesize,15.52,1661.9,market_synthetic
2018-10-26,SouthAfrica-Krishnapatnam,Capesize,15.66,1661.9,market_synthetic
2018-10-26,SouthAfrica-Vizag,Panamax,18.58,1661.9,market_synthetic
2018-10-26,Australia-Paradip,Capesize,17.28,1661.9,market_synthetic
2018-10-26,Australia-Gangavaram,Capesize,15.16,1661.9,market_synthetic
2018-10-26,Indonesia-Haldia,Handymax,17.56,1661.9,market_synthetic
2018-10-26,Indonesia-Ennore,Supramax,18.3,1661.9,market_synthetic
2018-10-26,Indonesia-Chennai,Handymax,19.4,1661.9,market_synthetic
2018-11-02,Indonesia-Paradip,Supramax,18.11,1594.7,market_synthetic
2018-11-02,Indonesia-Paradip,Panamax,13.3,1594.7,market_synthetic
2018-11-02,Indonesia-Vizag,Supramax,17.18,1594.7,market_synthetic
2018-11-02,Indonesia-Vizag,Panamax,12.9,1594.7,market_synthetic
2018-11-02,Indonesia-Gangavaram,Capesize,13.76,1594.7,market_synthetic
2018-11-02,SouthAfrica-Krishnapatnam,Capesize,17.24,1594.7,market_synthetic
2018-11-02,SouthAfrica-Vizag,Panamax,18.84,1594.7,market_synthetic
2018-11-02,Australia-Paradip,Capesize,17.24,1594.7,market_synthetic
2018-11-02,Australia-Gangavaram,Capesize,18.07,1594.7,market_synthetic
2018-11-02,Indonesia-Haldia,Handymax,18.55,1594.7,market_synthetic
2018-11-02,Indonesia-Ennore,Supramax,18.55,1594.7,market_synthetic
2018-11-02,Indonesia-Chennai,Handymax,18.17,1594.7,market_synthetic
2018-11-09,Indonesia-Paradip,Supramax,18.05,1584.1,market_synthetic
2018-11-09,Indonesia-Paradip,Panamax,12.26,1584.1,market_synthetic
2018-11-09,Indonesia-Vizag,Supramax,17.7,1584.1,market_synthetic
2018-11-09,Indonesia-Vizag,Panamax,12.68,1584.1,market_synthetic
2018-11-09,Indonesia-Gangavaram,Capesize,15.65,1584.1,market_synthetic
2018-11-09,SouthAfrica-Krishnapatnam,Capesize,16.3,1584.1,market_synthetic
2018-11-09,SouthAfrica-Vizag,Panamax,18.49,1584.1,market_synthetic
2018-11-09,Australia-Paradip,Capesize,16.56,1584.1,market_synthetic
2018-11-09,Australia-Gangavaram,Capesize,16.47,1584.1,market_synthetic
2018-11-09,Indonesia-Haldia,Handymax,18.38,1584.1,market_synthetic
2018-11-09,Indonesia-Ennore,Supramax,16.7,1584.1,market_synthetic
2018-11-09,Indonesia-Chennai,Handymax,19.84,1584.1,market_synthetic
2018-11-16,Indonesia-Paradip,Supramax,18.64,1695.6,market_synthetic
2018-11-16,Indonesia-Paradip,Panamax,13.6,1695.6,market_synthetic
2018-11-16,Indonesia-Vizag,Supramax,18.68,1695.6,market_synthetic
2018-11-16,Indonesia-Vizag,Panamax,14.99,1695.6,market_synthetic
2018-11-16,Indonesia-Gangavaram,Capesize,15.62,1695.6,market_synthetic
2018-11-16,SouthAfrica-Krishnapatnam,Capesize,16.79,1695.6,market_synthetic
2018-11-16,SouthAfrica-Vizag,Panamax,18.9,1695.6,market_synthetic
2018-11-16,Australia-Paradip,Capesize,17.78,1695.6,market_synthetic
2018-11-16,Australia-Gangavaram,Capesize,17.55,1695.6,market_synthetic
2018-11-16,Indonesia-Haldia,Handymax,17.01,1695.6,market_synthetic
2018-11-16,Indonesia-Ennore,Supramax,19.16,1695.6,market_synthetic
2018-11-16,Indonesia-Chennai,Handymax,18.69,1695.6,market_synthetic
2018-11-23,Indonesia-Paradip,Supramax,17.68,1565.8,market_synthetic
2018-11-23,Indonesia-Paradip,Panamax,13.47,1565.8,market_synthetic
2018-11-23,Indonesia-Vizag,Supramax,17.77,1565.8,market_synthetic
2018-11-23,Indonesia-Vizag,Panamax,12.54,1565.8,market_synthetic
2018-11-23,Indonesia-Gangavaram,Capesize,14.98,1565.8,market_synthetic
2018-11-23,SouthAfrica-Krishnapatnam,Capesize,16.3,1565.8,market_synthetic
2018-11-23,SouthAfrica-Vizag,Panamax,19.15,1565.8,market_synthetic
2018-11-23,Australia-Paradip,Capesize,17.83,1565.8,market_synthetic
2018-11-23,Australia-Gangavaram,Capesize,16.43,1565.8,market_synthetic
2018-11-23,Indonesia-Haldia,Handymax,19.43,1565.8,market_synthetic
2018-11-23,Indonesia-Ennore,Supramax,18.57,1565.8,market_synthetic
2018-11-23,Indonesia-Chennai,Handymax,20.15,1565.8,market_synthetic
2018-11-30,Indonesia-Paradip,Supramax,17.28,1627.9,market_synthetic
2018-11-30,Indonesia-Paradip,Panamax,13.3,1627.9,market_synthetic
2018-11-30,Indonesia-Vizag,Supramax,18.72,1627.9,market_synthetic
2018-11-30,Indonesia-Vizag,Panamax,14.59,1627.9,market_synthetic
2018-11-30,Indonesia-Gangavaram,Capesize,15.12,1627.9,market_synthetic
2018-11-30,SouthAfrica-Krishnapatnam,Capesize,17.62,1627.9,market_synthetic
2018-11-30,SouthAfrica-Vizag,Panamax,18.19,1627.9,market_synthetic
2018-11-30,Australia-Paradip,Capesize,18.16,1627.9,market_synthetic
2018-11-30,Australia-Gangavaram,Capesize,16.52,1627.9,market_synthetic
2018-11-30,Indonesia-Haldia,Handymax,20.26,1627.9,market_synthetic
2018-11-30,Indonesia-Ennore,Supramax,19.23,1627.9,market_synthetic
2018-11-30,Indonesia-Chennai,Handymax,21.11,1627.9,market_synthetic
2018-12-07,Indonesia-Paradip,Supramax,19.78,1695.0,market_synthetic
2018-12-07,Indonesia-Paradip,Panamax,13.78,1695.0,market_synthetic
2018-12-07,Indonesia-Vizag,Supramax,18.67,1695.0,market_synthetic
2018-12-07,Indonesia-Vizag,Panamax,15.91,1695.0,market_synthetic
2018-12-07,Indonesia-Gangavaram,Capesize,15.05,1695.0,market_synthetic
2018-12-07,SouthAfrica-Krishnapatnam,Capesize,17.07,1695.0,market_synthetic
2018-12-07,SouthAfrica-Vizag,Panamax,19.67,1695.0,market_synthetic
2018-12-07,Australia-Paradip,Capesize,17.78,1695.0,market_synthetic
2018-12-07,Australia-Gangavaram,Capesize,19.79,1695.0,market_synthetic
2018-12-07,Indonesia-Haldia,Handymax,19.85,1695.0,market_synthetic
2018-12-07,Indonesia-Ennore,Supramax,19.17,1695.0,market_synthetic
2018-12-07,Indonesia-Chennai,Handymax,19.21,1695.0,market_synthetic
2018-12-14,Indonesia-Paradip,Supramax,18.68,1715.5,market_synthetic
2018-12-14,Indonesia-Paradip,Panamax,15.1,1715.5,market_synthetic
2018-12-14,Indonesia-Vizag,Supramax,20.71,1715.5,market_synthetic
2018-12-14,Indonesia-Vizag,Panamax,16.73,1715.5,market_synthetic
2018-12-14,Indonesia-Gangavaram,Capesize,16.16,1715.5,market_synthetic
2018-12-14,SouthAfrica-Krishnapatnam,Capesize,18.81,1715.5,market_synthetic
2018-12-14,SouthAfrica-Vizag,Panamax,20.47,1715.5,market_synthetic
2018-12-14,Australia-Paradip,Capesize,19.75,1715.5,market_synthetic
2018-12-14,Australia-Gangavaram,Capesize,18.68,1715.5,market_synthetic
2018-12-14,Indonesia-Haldia,Handymax,19.16,1715.5,market_synthetic
2018-12-14,Indonesia-Ennore,Supramax,21.01,1715.5,market_synthetic
2018-12-14,Indonesia-Chennai,Handymax,20.4,1715.5,market_synthetic
2018-12-21,Indonesia-Paradip,Supramax,18.83,1798.3,market_synthetic
2018-12-21,Indonesia-Paradip,Panamax,14.34,1798.3,market_synthetic
2018-12-21,Indonesia-Vizag,Supramax,20.56,1798.3,market_synthetic
2018-12-21,Indonesia-Vizag,Panamax,16.17,1798.3,market_synthetic
2018-12-21,Indonesia-Gangavaram,Capesize,17.28,1798.3,market_synthetic
2018-12-21,SouthAfrica-Krishnapatnam,Capesize,18.28,1798.3,market_synthetic
2018-12-21,SouthAfrica-Vizag,Panamax,19.73,1798.3,market_synthetic
2018-12-21,Australia-Paradip,Capesize,20.65,1798.3,market_synthetic
2018-12-21,Australia-Gangavaram,Capesize,19.71,1798.3,market_synthetic
2018-12-21,Indonesia-Haldia,Handymax,20.38,1798.3,market_synthetic
2018-12-21,Indonesia-Ennore,Supramax,19.63,1798.3,market_synthetic
2018-12-21,Indonesia-Chennai,Handymax,20.46,1798.3,market_synthetic
2018-12-28,Indonesia-Paradip,Supramax,20.0,1772.4,market_synthetic
2018-12-28,Indonesia-Paradip,Panamax,14.62,1772.4,market_synthetic
2018-12-28,Indonesia-Vizag,Supramax,20.51,1772.4,market_synthetic
2018-12-28,Indonesia-Vizag,Panamax,15.86,1772.4,market_synthetic
2018-12-28,Indonesia-Gangavaram,Capesize,17.1,1772.4,market_synthetic
2018-12-28,SouthAfrica-Krishnapatnam,Capesize,19.04,1772.4,market_synthetic
2018-12-28,SouthAfrica-Vizag,Panamax,21.63,1772.4,market_synthetic
2018-12-28,Australia-Paradip,Capesize,19.98,1772.4,market_synthetic
2018-12-28,Australia-Gangavaram,Capesize,18.54,1772.4,market_synthetic
2018-12-28,Indonesia-Haldia,Handymax,20.02,1772.4,market_synthetic
2018-12-28,Indonesia-Ennore,Supramax,21.57,1772.4,market_synthetic
2018-12-28,Indonesia-Chennai,Handymax,21.39,1772.4,market_synthetic
2019-01-04,Indonesia-Paradip,Supramax,21.98,1980.9,market_synthetic
2019-01-04,Indonesia-Paradip,Panamax,14.95,1980.9,market_synthetic
2019-01-04,Indonesia-Vizag,Supramax,22.28,1980.9,market_synthetic
2019-01-04,Indonesia-Vizag,Panamax,15.78,1980.9,market_synthetic
2019-01-04,Indonesia-Gangavaram,Capesize,16.91,1980.9,market_synthetic
2019-01-04,SouthAfrica-Krishnapatnam,Capesize,18.81,1980.9,market_synthetic
2019-01-04,SouthAfrica-Vizag,Panamax,21.25,1980.9,market_synthetic
2019-01-04,Australia-Paradip,Capesize,22.31,1980.9,market_synthetic
2019-01-04,Australia-Gangavaram,Capesize,19.77,1980.9,market_synthetic
2019-01-04,Indonesia-Haldia,Handymax,21.42,1980.9,market_synthetic
2019-01-04,Indonesia-Ennore,Supramax,21.39,1980.9,market_synthetic
2019-01-04,Indonesia-Chennai,Handymax,20.79,1980.9,market_synthetic
2019-01-11,Indonesia-Paradip,Supramax,20.98,1936.0,market_synthetic
2019-01-11,Indonesia-Paradip,Panamax,16.32,1936.0,market_synthetic
2019-01-11,Indonesia-Vizag,Supramax,20.14,1936.0,market_synthetic
2019-01-11,Indonesia-Vizag,Panamax,17.51,1936.0,market_synthetic
2019-01-11,Indonesia-Gangavaram,Capesize,17.36,1936.0,market_synthetic
2019-01-11,SouthAfrica-Krishnapatnam,Capesize,18.13,1936.0,market_synthetic
2019-01-11,SouthAfrica-Vizag,Panamax,22.95,1936.0,market_synthetic
2019-01-11,Australia-Paradip,Capesize,20.72,1936.0,market_synthetic
2019-01-11,Australia-Gangavaram,Capesize,19.63,1936.0,market_synthetic
2019-01-11,Indonesia-Haldia,Handymax,20.73,1936.0,market_synthetic
2019-01-11,Indonesia-Ennore,Supramax,21.15,1936.0,market_synthetic
2019-01-11,Indonesia-Chennai,Handymax,22.13,1936.0,market_synthetic
2019-01-18,Indonesia-Paradip,Supramax,19.98,1960.2,market_synthetic
2019-01-18,Indonesia-Paradip,Panamax,17.39,1960.2,market_synthetic
2019-01-18,Indonesia-Vizag,Supramax,21.83,1960.2,market_synthetic
2019-01-18,Indonesia-Vizag,Panamax,16.8,1960.2,market_synthetic
2019-01-18,Indonesia-Gangavaram,Capesize,19.84,1960.2,market_synthetic
2019-01-18,SouthAfrica-Krishnapatnam,Capesize,20.05,1960.2,market_synthetic
2019-01-18,SouthAfrica-Vizag,Panamax,22.77,1960.2,market_synthetic
2019-01-18,Australia-Paradip,Capesize,21.31,1960.2,market_synthetic
2019-01-18,Australia-Gangavaram,Capesize,20.91,1960.2,market_synthetic
2019-01-18,Indonesia-Haldia,Handymax,22.49,1960.2,market_synthetic
2019-01-18,Indonesia-Ennore,Supramax,21.53,1960.2,market_synthetic
2019-01-18,Indonesia-Chennai,Handymax,23.17,1960.2,market_synthetic
2019-01-25,Indonesia-Paradip,Supramax,20.81,2010.3,market_synthetic
2019-01-25,Indonesia-Paradip,Panamax,16.36,2010.3,market_synthetic
2019-01-25,Indonesia-Vizag,Supramax,21.12,2010.3,market_synthetic
2019-01-25,Indonesia-Vizag,Panamax,16.19,2010.3,market_synthetic
2019-01-25,Indonesia-Gangavaram,Capesize,19.29,2010.3,market_synthetic
2019-01-25,SouthAfrica-Krishnapatnam,Capesize,19.37,2010.3,market_synthetic
2019-01-25,SouthAfrica-Vizag,Panamax,23.61,2010.3,market_synthetic
2019-01-25,Australia-Paradip,Capesize,22.62,2010.3,market_synthetic
2019-01-25,Australia-Gangavaram,Capesize,21.12,2010.3,market_synthetic
2019-01-25,Indonesia-Haldia,Handymax,22.43,2010.3,market_synthetic
2019-01-25,Indonesia-Ennore,Supramax,22.76,2010.3,market_synthetic
2019-01-25,Indonesia-Chennai,Handymax,23.67,2010.3,market_synthetic
2019-02-01,Indonesia-Paradip,Supramax,20.87,2038.5,market_synthetic
2019-02-01,Indonesia-Paradip,Panamax,17.49,2038.5,market_synthetic
2019-02-01,Indonesia-Vizag,Supramax,23.1,2038.5,market_synthetic
2019-02-01,Indonesia-Vizag,Panamax,17.47,2038.5,market_synthetic
2019-02-01,Indonesia-Gangavaram,Capesize,19.55,2038.5,market_synthetic
2019-02-01,SouthAfrica-Krishnapatnam,Capesize,20.27,2038.5,market_synthetic
2019-02-01,SouthAfrica-Vizag,Panamax,24.97,2038.5,market_synthetic
2019-02-01,Australia-Paradip,Capesize,22.92,2038.5,market_synthetic
2019-02-01,Australia-Gangavaram,Capesize,21.56,2038.5,market_synthetic
2019-02-01,Indonesia-Haldia,Handymax,23.25,2038.5,market_synthetic
2019-02-01,Indonesia-Ennore,Supramax,22.59,2038.5,market_synthetic
2019-02-01,Indonesia-Chennai,Handymax,23.43,2038.5,market_synthetic
2019-02-08,Indonesia-Paradip,Supramax,23.03,2176.7,market_synthetic
2019-02-08,Indonesia-Paradip,Panamax,19.01,2176.7,market_synthetic
2019-02-08,Indonesia-Vizag,Supramax,22.69,2176.7,market_synthetic
2019-02-08,Indonesia-Vizag,Panamax,19.87,2176.7,market_synthetic
2019-02-08,Indonesia-Gangavaram,Capesize,20.91,2176.7,market_synthetic
2019-02-08,SouthAfrica-Krishnapatnam,Capesize,22.44,2176.7,market_synthetic
2019-02-08,SouthAfrica-Vizag,Panamax,24.62,2176.7,market_synthetic
2019-02-08,Australia-Paradip,Capesize,24.01,2176.7,market_synthetic
2019-02-08,Australia-Gangavaram,Capesize,23.0,2176.7,market_synthetic
2019-02-08,Indonesia-Haldia,Handymax,22.9,2176.7,market_synthetic
2019-02-08,Indonesia-Ennore,Supramax,24.63,2176.7,market_synthetic
2019-02-08,Indonesia-Chennai,Handymax,24.07,2176.7,market_synthetic
2019-02-15,Indonesia-Paradip,Supramax,23.61,2253.8,market_synthetic
2019-02-15,Indonesia-Paradip,Panamax,17.38,2253.8,market_synthetic
2019-02-15,Indonesia-Vizag,Supramax,24.67,2253.8,market_synthetic
2019-02-15,Indonesia-Vizag,Panamax,19.02,2253.8,market_synthetic
2019-02-15,Indonesia-Gangavaram,Capesize,21.87,2253.8,market_synthetic
2019-02-15,SouthAfrica-Krishnapatnam,Capesize,22.66,2253.8,market_synthetic
2019-02-15,SouthAfrica-Vizag,Panamax,24.4,2253.8,market_synthetic
2019-02-15,Australia-Paradip,Capesize,24.31,2253.8,market_synthetic
2019-02-15,Australia-Gangavaram,Capesize,22.51,2253.8,market_synthetic
2019-02-15,Indonesia-Haldia,Handymax,21.76,2253.8,market_synthetic
2019-02-15,Indonesia-Ennore,Supramax,23.17,2253.8,market_synthetic
2019-02-15,Indonesia-Chennai,Handymax,25.2,2253.8,market_synthetic
2019-02-22,Indonesia-Paradip,Supramax,22.82,2335.2,market_synthetic
2019-02-22,Indonesia-Paradip,Panamax,18.15,2335.2,market_synthetic
2019-02-22,Indonesia-Vizag,Supramax,24.69,2335.2,market_synthetic
2019-02-22,Indonesia-Vizag,Panamax,19.49,2335.2,market_synthetic
2019-02-22,Indonesia-Gangavaram,Capesize,20.67,2335.2,market_synthetic
2019-02-22,SouthAfrica-Krishnapatnam,Capesize,22.72,2335.2,market_synthetic
2019-02-22,SouthAfrica-Vizag,Panamax,24.57,2335.2,market_synthetic
2019-02-22,Australia-Paradip,Capesize,24.94,2335.2,market_synthetic
2019-02-22,Australia-Gangavaram,Capesize,24.12,2335.2,market_synthetic
2019-02-22,Indonesia-Haldia,Handymax,22.84,2335.2,market_synthetic
2019-02-22,Indonesia-Ennore,Supramax,23.4,2335.2,market_synthetic
2019-02-22,Indonesia-Chennai,Handymax,23.32,2335.2,market_synthetic
2019-03-01,Indonesia-Paradip,Supramax,23.86,2298.9,market_synthetic
2019-03-01,Indonesia-Paradip,Panamax,19.17,2298.9,market_synthetic
2019-03-01,Indonesia-Vizag,Supramax,24.08,2298.9,market_synthetic
2019-03-01,Indonesia-Vizag,Panamax,18.41,2298.9,market_synthetic
2019-03-01,Indonesia-Gangavaram,Capesize,20.24,2298.9,market_synthetic
2019-03-01,SouthAfrica-Krishnapatnam,Capesize,23.35,2298.9,market_synthetic
2019-03-01,SouthAfrica-Vizag,Panamax,22.79,2298.9,market_synthetic
2019-03-01,Australia-Paradip,Capesize,24.61,2298.9,market_synthetic
2019-03-01,Australia-Gangavaram,Capesize,23.37,2298.9,market_synthetic
2019-03-01,Indonesia-Haldia,Handymax,23.29,2298.9,market_synthetic
2019-03-01,Indonesia-Ennore,Supramax,26.19,2298.9,market_synthetic
2019-03-01,Indonesia-Chennai,Handymax,25.13,2298.9,market_synthetic
2019-03-08,Indonesia-Paradip,Supramax,24.18,2424.4,market_synthetic
2019-03-08,Indonesia-Paradip,Panamax,19.01,2424.4,market_synthetic
2019-03-08,Indonesia-Vizag,Supramax,23.4,2424.4,market_synthetic
2019-03-08,Indonesia-Vizag,Panamax,18.68,2424.4,market_synthetic
2019-03-08,Indonesia-Gangavaram,Capesize,20.56,2424.4,market_synthetic
2019-03-08,SouthAfrica-Krishnapatnam,Capesize,23.36,2424.4,market_synthetic
2019-03-08,SouthAfrica-Vizag,Panamax,24.47,2424.4,market_synthetic
2019-03-08,Australia-Paradip,Capesize,24.9,2424.4,market_synthetic
2019-03-08,Australia-Gangavaram,Capesize,24.14,2424.4,market_synthetic
2019-03-08,Indonesia-Haldia,Handymax,24.56,2424.4,market_synthetic
2019-03-08,Indonesia-Ennore,Supramax,25.13,2424.4,market_synthetic
2019-03-08,Indonesia-Chennai,Handymax,24.92,2424.4,market_synthetic
2019-03-15,Indonesia-Paradip,Supramax,23.73,2357.8,market_synthetic
2019-03-15,Indonesia-Paradip,Panamax,18.21,2357.8,market_synthetic
2019-03-15,Indonesia-Vizag,Supramax,24.67,2357.8,market_synthetic
2019-03-15,Indonesia-Vizag,Panamax,19.48,2357.8,market_synthetic
2019-03-15,Indonesia-Gangavaram,Capesize,23.36,2357.8,market_synthetic
2019-03-15,SouthAfrica-Krishnapatnam,Capesize,24.08,2357.8,market_synthetic
2019-03-15,SouthAfrica-Vizag,Panamax,25.49,2357.8,market_synthetic
2019-03-15,Australia-Paradip,Capesize,25.64,2357.8,market_synthetic
2019-03-15,Australia-Gangavaram,Capesize,23.3,2357.8,market_synthetic
2019-03-15,Indonesia-Haldia,Handymax,23.53,2357.8,market_synthetic
2019-03-15,Indonesia-Ennore,Supramax,23.71,2357.8,market_synthetic
2019-03-15,Indonesia-Chennai,Handymax,25.63,2357.8,market_synthetic
2019-03-22,Indonesia-Paradip,Supramax,24.83,2449.9,market_synthetic
2019-03-22,Indonesia-Paradip,Panamax,18.52,2449.9,market_synthetic
2019-03-22,Indonesia-Vizag,Supramax,25.63,2449.9,market_synthetic
2019-03-22,Indonesia-Vizag,Panamax,20.11,2449.9,market_synthetic
2019-03-22,Indonesia-Gangavaram,Capesize,21.37,2449.9,market_synthetic
2019-03-22,SouthAfrica-Krishnapatnam,Capesize,23.59,2449.9,market_synthetic
2019-03-22,SouthAfrica-Vizag,Panamax,25.59,2449.9,market_synthetic
2019-03-22,Australia-Paradip,Capesize,26.73,2449.9,market_synthetic
2019-03-22,Australia-Gangavaram,Capesize,24.56,2449.9,market_synthetic
2019-03-22,Indonesia-Haldia,Handymax,24.9,2449.9,market_synthetic
2019-03-22,Indonesia-Ennore,Supramax,25.33,2449.9,market_synthetic
2019-03-22,Indonesia-Chennai,Handymax,26.68,2449.9,market_synthetic
2019-03-29,Indonesia-Paradip,Supramax,23.93,2500.1,market_synthetic
2019-03-29,Indonesia-Paradip,Panamax,20.17,2500.1,market_synthetic
2019-03-29,Indonesia-Vizag,Supramax,24.99,2500.1,market_synthetic
2019-03-29,Indonesia-Vizag,Panamax,19.6,2500.1,market_synthetic
2019-03-29,Indonesia-Gangavaram,Capesize,22.57,2500.1,market_synthetic
2019-03-29,SouthAfrica-Krishnapatnam,Capesize,25.3,2500.1,market_synthetic
2019-03-29,SouthAfrica-Vizag,Panamax,26.55,2500.1,market_synthetic
2019-03-29,Australia-Paradip,Capesize,24.98,2500.1,market_synthetic
2019-03-29,Australia-Gangavaram,Capesize,24.43,2500.1,market_synthetic
2019-03-29,Indonesia-Haldia,Handymax,25.26,2500.1,market_synthetic
2019-03-29,Indonesia-Ennore,Supramax,26.5,2500.1,market_synthetic
2019-03-29,Indonesia-Chennai,Handymax,24.9,2500.1,market_synthetic
2019-04-05,Indonesia-Paradip,Supramax,24.01,2550.0,market_synthetic
2019-04-05,Indonesia-Paradip,Panamax,19.11,2550.0,market_synthetic
2019-04-05,Indonesia-Vizag,Supramax,24.29,2550.0,market_synthetic
2019-04-05,Indonesia-Vizag,Panamax,20.65,2550.0,market_synthetic
2019-04-05,Indonesia-Gangavaram,Capesize,22.94,2550.0,market_synthetic
2019-04-05,SouthAfrica-Krishnapatnam,Capesize,23.88,2550.0,market_synthetic
2019-04-05,SouthAfrica-Vizag,Panamax,24.85,2550.0,market_synthetic
2019-04-05,Australia-Paradip,Capesize,25.42,2550.0,market_synthetic
2019-04-05,Australia-Gangavaram,Capesize,24.36,2550.0,market_synthetic
2019-04-05,Indonesia-Haldia,Handymax,25.23,2550.0,market_synthetic
2019-04-05,Indonesia-Ennore,Supramax,26.1,2550.0,market_synthetic
2019-04-05,Indonesia-Chennai,Handymax,26.12,2550.0,market_synthetic
2019-04-12,Indonesia-Paradip,Supramax,24.8,2623.0,market_synthetic
2019-04-12,Indonesia-Paradip,Panamax,20.51,2623.0,market_synthetic
2019-04-12,Indonesia-Vizag,Supramax,26.19,2623.0,market_synthetic
2019-04-12,Indonesia-Vizag,Panamax,20.74,2623.0,market_synthetic
2019-04-12,Indonesia-Gangavaram,Capesize,24.12,2623.0,market_synthetic
2019-04-12,SouthAfrica-Krishnapatnam,Capesize,24.47,2623.0,market_synthetic
2019-04-12,SouthAfrica-Vizag,Panamax,25.53,2623.0,market_synthetic
2019-04-12,Australia-Paradip,Capesize,25.06,2623.0,market_synthetic
2019-04-12,Australia-Gangavaram,Capesize,26.9,2623.0,market_synthetic
2019-04-12,Indonesia-Haldia,Handymax,23.87,2623.0,market_synthetic
2019-04-12,Indonesia-Ennore,Supramax,26.36,2623.0,market_synthetic
2019-04-12,Indonesia-Chennai,Handymax,25.87,2623.0,market_synthetic
2019-04-19,Indonesia-Paradip,Supramax,24.97,2661.0,market_synthetic
2019-04-19,Indonesia-Paradip,Panamax,20.9,2661.0,market_synthetic
2019-04-19,Indonesia-Vizag,Supramax,26.74,2661.0,market_synthetic
2019-04-19,Indonesia-Vizag,Panamax,19.83,2661.0,market_synthetic
2019-04-19,Indonesia-Gangavaram,Capesize,23.36,2661.0,market_synthetic
2019-04-19,SouthAfrica-Krishnapatnam,Capesize,24.86,2661.0,market_synthetic
2019-04-19,SouthAfrica-Vizag,Panamax,25.44,2661.0,market_synthetic
2019-04-19,Australia-Paradip,Capesize,26.72,2661.0,market_synthetic
2019-04-19,Australia-Gangavaram,Capesize,26.14,2661.0,market_synthetic
2019-04-19,Indonesia-Haldia,Handymax,24.86,2661.0,market_synthetic
2019-04-19,Indonesia-Ennore,Supramax,27.25,2661.0,market_synthetic
2019-04-19,Indonesia-Chennai,Handymax,24.56,2661.0,market_synthetic
2019-04-26,Indonesia-Paradip,Supramax,25.59,2663.9,market_synthetic
2019-04-26,Indonesia-Paradip,Panamax,19.39,2663.9,market_synthetic
2019-04-26,Indonesia-Vizag,Supramax,24.64,2663.9,market_synthetic
2019-04-26,Indonesia-Vizag,Panamax,20.9,2663.9,market_synthetic
2019-04-26,Indonesia-Gangavaram,Capesize,23.05,2663.9,market_synthetic
2019-04-26,SouthAfrica-Krishnapatnam,Capesize,24.25,2663.9,market_synthetic
2019-04-26,SouthAfrica-Vizag,Panamax,27.84,2663.9,market_synthetic
2019-04-26,Australia-Paradip,Capesize,25.11,2663.9,market_synthetic
2019-04-26,Australia-Gangavaram,Capesize,24.71,2663.9,market_synthetic
2019-04-26,Indonesia-Haldia,Handymax,24.21,2663.9,market_synthetic
2019-04-26,Indonesia-Ennore,Supramax,26.22,2663.9,market_synthetic
2019-04-26,Indonesia-Chennai,Handymax,25.8,2663.9,market_synthetic
2019-05-03,Indonesia-Paradip,Supramax,25.06,2726.3,market_synthetic
2019-05-03,Indonesia-Paradip,Panamax,19.14,2726.3,market_synthetic
2019-05-03,Indonesia-Vizag,Supramax,24.84,2726.3,market_synthetic
2019-05-03,Indonesia-Vizag,Panamax,20.65,2726.3,market_synthetic
2019-05-03,Indonesia-Gangavaram,Capesize,21.9,2726.3,market_synthetic
2019-05-03,SouthAfrica-Krishnapatnam,Capesize,25.31,2726.3,market_synthetic
2019-05-03,SouthAfrica-Vizag,Panamax,26.39,2726.3,market_synthetic
2019-05-03,Australia-Paradip,Capesize,27.22,2726.3,market_synthetic
2019-05-03,Australia-Gangavaram,Capesize,26.18,2726.3,market_synthetic
2019-05-03,Indonesia-Haldia,Handymax,25.27,2726.3,market_synthetic
2019-05-03,Indonesia-Ennore,Supramax,26.29,2726.3,market_synthetic
2019-05-03,Indonesia-Chennai,Handymax,24.11,2726.3,market_synthetic
2019-05-10,Indonesia-Paradip,Supramax,25.01,2658.8,market_synthetic
2019-05-10,Indonesia-Paradip,Panamax,19.42,2658.8,market_synthetic
2019-05-10,Indonesia-Vizag,Supramax,26.06,2658.8,market_synthetic
2019-05-10,Indonesia-Vizag,Panamax,19.39,2658.8,market_synthetic
2019-05-10,Indonesia-Gangavaram,Capesize,22.07,2658.8,market_synthetic
2019-05-10,SouthAfrica-Krishnapatnam,Capesize,25.21,2658.8,market_synthetic
2019-05-10,SouthAfrica-Vizag,Panamax,25.58,2658.8,market_synthetic
2019-05-10,Australia-Paradip,Capesize,26.46,2658.8,market_synthetic
2019-05-10,Australia-Gangavaram,Capesize,24.3,2658.8,market_synthetic
2019-05-10,Indonesia-Haldia,Handymax,24.49,2658.8,market_synthetic
2019-05-10,Indonesia-Ennore,Supramax,26.05,2658.8,market_synthetic
2019-05-10,Indonesia-Chennai,Handymax,25.42,2658.8,market_synthetic
2019-05-17,Indonesia-Paradip,Supramax,24.48,2695.0,market_synthetic
2019-05-17,Indonesia-Paradip,Panamax,20.19,2695.0,market_synthetic
2019-05-17,Indonesia-Vizag,Supramax,23.62,2695.0,market_synthetic
2019-05-17,Indonesia-Vizag,Panamax,19.33,2695.0,market_synthetic
2019-05-17,Indonesia-Gangavaram,Capesize,21.53,2695.0,market_synthetic
2019-05-17,SouthAfrica-Krishnapatnam,Capesize,23.64,2695.0,market_synthetic
2019-05-17,SouthAfrica-Vizag,Panamax,25.56,2695.0,market_synthetic
2019-05-17,Australia-Paradip,Capesize,26.2,2695.0,market_synthetic
2019-05-17,Australia-Gangavaram,Capesize,25.18,2695.0,market_synthetic
2019-05-17,Indonesia-Haldia,Handymax,24.95,2695.0,market_synthetic
2019-05-17,Indonesia-Ennore,Supramax,26.6,2695.0,market_synthetic
2019-05-17,Indonesia-Chennai,Handymax,26.65,2695.0,market_synthetic
2019-05-24,Indonesia-Paradip,Supramax,24.49,2748.6,market_synthetic
2019-05-24,Indonesia-Paradip,Panamax,17.08,2748.6,market_synthetic
2019-05-24,Indonesia-Vizag,Supramax,25.46,2748.6,market_synthetic
2019-05-24,Indonesia-Vizag,Panamax,20.92,2748.6,market_synthetic
2019-05-24,Indonesia-Gangavaram,Capesize,21.99,2748.6,market_synthetic
2019-05-24,SouthAfrica-Krishnapatnam,Capesize,23.97,2748.6,market_synthetic
2019-05-24,SouthAfrica-Vizag,Panamax,26.76,2748.6,market_synthetic
2019-05-24,Australia-Paradip,Capesize,26.36,2748.6,market_synthetic
2019-05-24,Australia-Gangavaram,Capesize,25.94,2748.6,market_synthetic
2019-05-24,Indonesia-Haldia,Handymax,24.91,2748.6,market_synthetic
2019-05-24,Indonesia-Ennore,Supramax,24.18,2748.6,market_synthetic
2019-05-24,Indonesia-Chennai,Handymax,26.1,2748.6,market_synthetic
2019-05-31,Indonesia-Paradip,Supramax,23.51,2600.5,market_synthetic
2019-05-31,Indonesia-Paradip,Panamax,20.57,2600.5,market_synthetic
2019-05-31,Indonesia-Vizag,Supramax,25.77,2600.5,market_synthetic
2019-05-31,Indonesia-Vizag,Panamax,19.24,2600.5,market_synthetic
2019-05-31,Indonesia-Gangavaram,Capesize,23.09,2600.5,market_synthetic
2019-05-31,SouthAfrica-Krishnapatnam,Capesize,22.99,2600.5,market_synthetic
2019-05-31,SouthAfrica-Vizag,Panamax,25.78,2600.5,market_synthetic
2019-05-31,Australia-Paradip,Capesize,25.46,2600.5,market_synthetic
2019-05-31,Australia-Gangavaram,Capesize,25.24,2600.5,market_synthetic
2019-05-31,Indonesia-Haldia,Handymax,22.7,2600.5,market_synthetic
2019-05-31,Indonesia-Ennore,Supramax,26.64,2600.5,market_synthetic
2019-05-31,Indonesia-Chennai,Handymax,25.13,2600.5,market_synthetic
2019-06-07,Indonesia-Paradip,Supramax,24.8,2630.2,market_synthetic
2019-06-07,Indonesia-Paradip,Panamax,18.46,2630.2,market_synthetic
2019-06-07,Indonesia-Vizag,Supramax,24.37,2630.2,market_synthetic
2019-06-07,Indonesia-Vizag,Panamax,19.12,2630.2,market_synthetic
2019-06-07,Indonesia-Gangavaram,Capesize,22.06,2630.2,market_synthetic
2019-06-07,SouthAfrica-Krishnapatnam,Capesize,23.31,2630.2,market_synthetic
2019-06-07,SouthAfrica-Vizag,Panamax,25.89,2630.2,market_synthetic
2019-06-07,Australia-Paradip,Capesize,26.8,2630.2,market_synthetic
2019-06-07,Australia-Gangavaram,Capesize,23.3,2630.2,market_synthetic
2019-06-07,Indonesia-Haldia,Handymax,23.15,2630.2,market_synthetic
2019-06-07,Indonesia-Ennore,Supramax,23.34,2630.2,market_synthetic
2019-06-07,Indonesia-Chennai,Handymax,24.51,2630.2,market_synthetic
2019-06-14,Indonesia-Paradip,Supramax,23.65,2665.3,market_synthetic
2019-06-14,Indonesia-Paradip,Panamax,18.96,2665.3,market_synthetic
2019-06-14,Indonesia-Vizag,Supramax,23.84,2665.3,market_synthetic
2019-06-14,Indonesia-Vizag,Panamax,17.6,2665.3,market_synthetic
2019-06-14,Indonesia-Gangavaram,Capesize,21.12,2665.3,market_synthetic
2019-06-14,SouthAfrica-Krishnapatnam,Capesize,23.71,2665.3,market_synthetic
2019-06-14,SouthAfrica-Vizag,Panamax,25.12,2665.3,market_synthetic
2019-06-14,Australia-Paradip,Capesize,26.51,2665.3,market_synthetic
2019-06-14,Australia-Gangavaram,Capesize,25.72,2665.3,market_synthetic
2019-06-14,Indonesia-Haldia,Handymax,23.53,2665.3,market_synthetic
2019-06-14,Indonesia-Ennore,Supramax,25.31,2665.3,market_synthetic
2019-06-14,Indonesia-Chennai,Handymax,25.09,2665.3,market_synthetic
2019-06-21,Indonesia-Paradip,Supramax,24.79,2669.9,market_synthetic
2019-06-21,Indonesia-Paradip,Panamax,19.05,2669.9,market_synthetic
2019-06-21,Indonesia-Vizag,Supramax,23.94,2669.9,market_synthetic
2019-06-21,Indonesia-Vizag,Panamax,18.16,2669.9,market_synthetic
2019-06-21,Indonesia-Gangavaram,Capesize,21.07,2669.9,market_synthetic
2019-06-21,SouthAfrica-Krishnapatnam,Capesize,23.18,2669.9,market_synthetic
2019-06-21,SouthAfrica-Vizag,Panamax,24.39,2669.9,market_synthetic
2019-06-21,Australia-Paradip,Capesize,24.01,2669.9,market_synthetic
2019-06-21,Australia-Gangavaram,Capesize,24.42,2669.9,market_synthetic
2019-06-21,Indonesia-Haldia,Handymax,22.13,2669.9,market_synthetic
2019-06-21,Indonesia-Ennore,Supramax,23.82,2669.9,market_synthetic
2019-06-21,Indonesia-Chennai,Handymax,26.04,2669.9,market_synthetic
2019-06-28,Indonesia-Paradip,Supramax,21.37,2612.1,market_synthetic
2019-06-28,Indonesia-Paradip,Panamax,18.71,2612.1,market_synthetic
2019-06-28,Indonesia-Vizag,Supramax,23.76,2612.1,market_synthetic
2019-06-28,Indonesia-Vizag,Panamax,17.78,2612.1,market_synthetic
2019-06-28,Indonesia-Gangavaram,Capesize,21.82,2612.1,market_synthetic
2019-06-28,SouthAfrica-Krishnapatnam,Capesize,21.69,2612.1,market_synthetic
2019-06-28,SouthAfrica-Vizag,Panamax,24.72,2612.1,market_synthetic
2019-06-28,Australia-Paradip,Capesize,24.03,2612.1,market_synthetic
2019-06-28,Australia-Gangavaram,Capesize,23.61,2612.1,market_synthetic
2019-06-28,Indonesia-Haldia,Handymax,22.88,2612.1,market_synthetic
2019-06-28,Indonesia-Ennore,Supramax,24.58,2612.1,market_synthetic
2019-06-28,Indonesia-Chennai,Handymax,24.55,2612.1,market_synthetic
2019-07-05,Indonesia-Paradip,Supramax,23.67,2542.9,market_synthetic
2019-07-05,Indonesia-Paradip,Panamax,17.09,2542.9,market_synthetic
2019-07-05,Indonesia-Vizag,Supramax,23.01,2542.9,market_synthetic
2019-07-05,Indonesia-Vizag,Panamax,18.46,2542.9,market_synthetic
2019-07-05,Indonesia-Gangavaram,Capesize,21.1,2542.9,market_synthetic
2019-07-05,SouthAfrica-Krishnapatnam,Capesize,20.9,2542.9,market_synthetic
2019-07-05,SouthAfrica-Vizag,Panamax,23.94,2542.9,market_synthetic
2019-07-05,Australia-Paradip,Capesize,24.12,2542.9,market_synthetic
2019-07-05,Australia-Gangavaram,Capesize,24.49,2542.9,market_synthetic
2019-07-05,Indonesia-Haldia,Handymax,21.13,2542.9,market_synthetic
2019-07-05,Indonesia-Ennore,Supramax,24.38,2542.9,market_synthetic
2019-07-05,Indonesia-Chennai,Handymax,22.47,2542.9,market_synthetic
2019-07-12,Indonesia-Paradip,Supramax,22.94,2626.3,market_synthetic
2019-07-12,Indonesia-Paradip,Panamax,17.53,2626.3,market_synthetic
2019-07-12,Indonesia-Vizag,Supramax,22.63,2626.3,market_synthetic
2019-07-12,Indonesia-Vizag,Panamax,17.83,2626.3,market_synthetic
2019-07-12,Indonesia-Gangavaram,Capesize,21.14,2626.3,market_synthetic
2019-07-12,SouthAfrica-Krishnapatnam,Capesize,23.02,2626.3,market_synthetic
2019-07-12,SouthAfrica-Vizag,Panamax,24.08,2626.3,market_synthetic
2019-07-12,Australia-Paradip,Capesize,24.55,2626.3,market_synthetic
2019-07-12,Australia-Gangavaram,Capesize,22.29,2626.3,market_synthetic
2019-07-12,Indonesia-Haldia,Handymax,21.95,2626.3,market_synthetic
2019-07-12,Indonesia-Ennore,Supramax,22.48,2626.3,market_synthetic
2019-07-12,Indonesia-Chennai,Handymax,23.64,2626.3,market_synthetic
2019-07-19,Indonesia-Paradip,Supramax,22.34,2536.0,market_synthetic
2019-07-19,Indonesia-Paradip,Panamax,17.63,2536.0,market_synthetic
2019-07-19,Indonesia-Vizag,Supramax,22.63,2536.0,market_synthetic
2019-07-19,Indonesia-Vizag,Panamax,18.18,2536.0,market_synthetic
2019-07-19,Indonesia-Gangavaram,Capesize,18.66,2536.0,market_synthetic
2019-07-19,SouthAfrica-Krishnapatnam,Capesize,21.72,2536.0,market_synthetic
2019-07-19,SouthAfrica-Vizag,Panamax,22.96,2536.0,market_synthetic
2019-07-19,Australia-Paradip,Capesize,23.56,2536.0,market_synthetic
2019-07-19,Australia-Gangavaram,Capesize,22.23,2536.0,market_synthetic
2019-07-19,Indonesia-Haldia,Handymax,22.06,2536.0,market_synthetic
2019-07-19,Indonesia-Ennore,Supramax,24.31,2536.0,market_synthetic
2019-07-19,Indonesia-Chennai,Handymax,24.09,2536.0,market_synthetic
2019-07-26,Indonesia-Paradip,Supramax,21.22,2380.4,market_synthetic
2019-07-26,Indonesia-Paradip,Panamax,15.66,2380.4,market_synthetic
2019-07-26,Indonesia-Vizag,Supramax,22.4,2380.4,market_synthetic
2019-07-26,Indonesia-Vizag,Panamax,16.69,2380.4,market_synthetic
2019-07-26,Indonesia-Gangavaram,Capesize,18.88,2380.4,market_synthetic
2019-07-26,SouthAfrica-Krishnapatnam,Capesize,20.24,2380.4,market_synthetic
2019-07-26,SouthAfrica-Vizag,Panamax,22.02,2380.4,market_synthetic
2019-07-26,Australia-Paradip,Capesize,22.24,2380.4,market_synthetic
2019-07-26,Australia-Gangavaram,Capesize,22.52,2380.4,market_synthetic
2019-07-26,Indonesia-Haldia,Handymax,22.13,2380.4,market_synthetic
2019-07-26,Indonesia-Ennore,Supramax,21.82,2380.4,market_synthetic
2019-07-26,Indonesia-Chennai,Handymax,21.0,2380.4,market_synthetic
2019-08-02,Indonesia-Paradip,Supramax,19.25,2304.5,market_synthetic
2019-08-02,Indonesia-Paradip,Panamax,16.03,2304.5,market_synthetic
2019-08-02,Indonesia-Vizag,Supramax,20.36,2304.5,market_synthetic
2019-08-02,Indonesia-Vizag,Panamax,16.44,2304.5,market_synthetic
2019-08-02,Indonesia-Gangavaram,Capesize,18.55,2304.5,market_synthetic
2019-08-02,SouthAfrica-Krishnapatnam,Capesize,20.65,2304.5,market_synthetic
2019-08-02,SouthAfrica-Vizag,Panamax,20.51,2304.5,market_synthetic
2019-08-02,Australia-Paradip,Capesize,21.41,2304.5,market_synthetic
2019-08-02,Australia-Gangavaram,Capesize,21.05,2304.5,market_synthetic
2019-08-02,Indonesia-Haldia,Handymax,20.6,2304.5,market_synthetic
2019-08-02,Indonesia-Ennore,Supramax,21.77,2304.5,market_synthetic
2019-08-02,Indonesia-Chennai,Handymax,21.26,2304.5,market_synthetic
2019-08-09,Indonesia-Paradip,Supramax,20.13,2297.7,market_synthetic
2019-08-09,Indonesia-Paradip,Panamax,16.39,2297.7,market_synthetic
2019-08-09,Indonesia-Vizag,Supramax,20.21,2297.7,market_synthetic
2019-08-09,Indonesia-Vizag,Panamax,16.45,2297.7,market_synthetic
2019-08-09,Indonesia-Gangavaram,Capesize,18.8,2297.7,market_synthetic
2019-08-09,SouthAfrica-Krishnapatnam,Capesize,19.43,2297.7,market_synthetic
2019-08-09,SouthAfrica-Vizag,Panamax,21.86,2297.7,market_synthetic
2019-08-09,Australia-Paradip,Capesize,20.54,2297.7,market_synthetic
2019-08-09,Australia-Gangavaram,Capesize,21.04,2297.7,market_synthetic
2019-08-09,Indonesia-Haldia,Handymax,20.04,2297.7,market_synthetic
2019-08-09,Indonesia-Ennore,Supramax,20.58,2297.7,market_synthetic
2019-08-09,Indonesia-Chennai,Handymax,22.22,2297.7,market_synthetic
2019-08-16,Indonesia-Paradip,Supramax,20.5,2285.7,market_synthetic
2019-08-16,Indonesia-Paradip,Panamax,15.92,2285.7,market_synthetic
2019-08-16,Indonesia-Vizag,Supramax,19.36,2285.7,market_synthetic
2019-08-16,Indonesia-Vizag,Panamax,14.57,2285.7,market_synthetic
2019-08-16,Indonesia-Gangavaram,Capesize,17.48,2285.7,market_synthetic
2019-08-16,SouthAfrica-Krishnapatnam,Capesize,19.05,2285.7,market_synthetic
2019-08-16,SouthAfrica-Vizag,Panamax,21.6,2285.7,market_synthetic
2019-08-16,Australia-Paradip,Capesize,20.92,2285.7,market_synthetic
2019-08-16,Australia-Gangavaram,Capesize,20.27,2285.7,market_synthetic
2019-08-16,Indonesia-Haldia,Handymax,19.03,2285.7,market_synthetic
2019-08-16,Indonesia-Ennore,Supramax,22.29,2285.7,market_synthetic
2019-08-16,Indonesia-Chennai,Handymax,22.12,2285.7,market_synthetic
2019-08-23,Indonesia-Paradip,Supramax,20.94,2212.3,market_synthetic
2019-08-23,Indonesia-Paradip,Panamax,14.35,2212.3,market_synthetic
2019-08-23,Indonesia-Vizag,Supramax,19.17,2212.3,market_synthetic
2019-08-23,Indonesia-Vizag,Panamax,15.18,2212.3,market_synthetic
2019-08-23,Indonesia-Gangavaram,Capesize,16.74,2212.3,market_synthetic
2019-08-23,SouthAfrica-Krishnapatnam,Capesize,18.9,2212.3,market_synthetic
2019-08-23,SouthAfrica-Vizag,Panamax,21.43,2212.3,market_synthetic
2019-08-23,Australia-Paradip,Capesize,20.93,2212.3,market_synthetic
2019-08-23,Australia-Gangavaram,Capesize,18.44,2212.3,market_synthetic
2019-08-23,Indonesia-Haldia,Handymax,19.71,2212.3,market_synthetic
2019-08-23,Indonesia-Ennore,Supramax,20.96,2212.3,market_synthetic
2019-08-23,Indonesia-Chennai,Handymax,22.49,2212.3,market_synthetic
2019-08-30,Indonesia-Paradip,Supramax,19.62,2054.5,market_synthetic
2019-08-30,Indonesia-Paradip,Panamax,14.07,2054.5,market_synthetic
2019-08-30,Indonesia-Vizag,Supramax,19.79,2054.5,market_synthetic
2019-08-30,Indonesia-Vizag,Panamax,16.23,2054.5,market_synthetic
2019-08-30,Indonesia-Gangavaram,Capesize,16.77,2054.5,market_synthetic
2019-08-30,SouthAfrica-Krishnapatnam,Capesize,17.98,2054.5,market_synthetic
2019-08-30,SouthAfrica-Vizag,Panamax,22.39,2054.5,market_synthetic
2019-08-30,Australia-Paradip,Capesize,19.8,2054.5,market_synthetic
2019-08-30,Australia-Gangavaram,Capesize,19.71,2054.5,market_synthetic
2019-08-30,Indonesia-Haldia,Handymax,19.94,2054.5,market_synthetic
2019-08-30,Indonesia-Ennore,Supramax,19.54,2054.5,market_synthetic
2019-08-30,Indonesia-Chennai,Handymax,20.5,2054.5,market_synthetic
2019-09-06,Indonesia-Paradip,Supramax,18.71,2053.2,market_synthetic
2019-09-06,Indonesia-Paradip,Panamax,14.89,2053.2,market_synthetic
2019-09-06,Indonesia-Vizag,Supramax,19.48,2053.2,market_synthetic
2019-09-06,Indonesia-Vizag,Panamax,14.24,2053.2,market_synthetic
2019-09-06,Indonesia-Gangavaram,Capesize,16.39,2053.2,market_synthetic
2019-09-06,SouthAfrica-Krishnapatnam,Capesize,18.35,2053.2,market_synthetic
2019-09-06,SouthAfrica-Vizag,Panamax,20.64,2053.2,market_synthetic
2019-09-06,Australia-Paradip,Capesize,18.3,2053.2,market_synthetic
2019-09-06,Australia-Gangavaram,Capesize,19.84,2053.2,market_synthetic
2019-09-06,Indonesia-Haldia,Handymax,20.3,2053.2,market_synthetic
2019-09-06,Indonesia-Ennore,Supramax,19.85,2053.2,market_synthetic
2019-09-06,Indonesia-Chennai,Handymax,20.67,2053.2,market_synthetic
2019-09-13,Indonesia-Paradip,Supramax,19.81,2018.5,market_synthetic
2019-09-13,Indonesia-Paradip,Panamax,14.72,2018.5,market_synthetic
2019-09-13,Indonesia-Vizag,Supramax,19.23,2018.5,market_synthetic
2019-09-13,Indonesia-Vizag,Panamax,13.82,2018.5,market_synthetic
2019-09-13,Indonesia-Gangavaram,Capesize,17.69,2018.5,market_synthetic
2019-09-13,SouthAfrica-Krishnapatnam,Capesize,17.82,2018.5,market_synthetic
2019-09-13,SouthAfrica-Vizag,Panamax,19.8,2018.5,market_synthetic
2019-09-13,Australia-Paradip,Capesize,18.9,2018.5,market_synthetic
2019-09-13,Australia-Gangavaram,Capesize,18.56,2018.5,market_synthetic
2019-09-13,Indonesia-Haldia,Handymax,17.73,2018.5,market_synthetic
2019-09-13,Indonesia-Ennore,Supramax,20.04,2018.5,market_synthetic
2019-09-13,Indonesia-Chennai,Handymax,21.17,2018.5,market_synthetic
2019-09-20,Indonesia-Paradip,Supramax,18.22,1988.8,market_synthetic
2019-09-20,Indonesia-Paradip,Panamax,14.65,1988.8,market_synthetic
2019-09-20,Indonesia-Vizag,Supramax,18.82,1988.8,market_synthetic
2019-09-20,Indonesia-Vizag,Panamax,14.49,1988.8,market_synthetic
2019-09-20,Indonesia-Gangavaram,Capesize,15.9,1988.8,market_synthetic
2019-09-20,SouthAfrica-Krishnapatnam,Capesize,18.01,1988.8,market_synthetic
2019-09-20,SouthAfrica-Vizag,Panamax,19.88,1988.8,market_synthetic
2019-09-20,Australia-Paradip,Capesize,20.14,1988.8,market_synthetic
2019-09-20,Australia-Gangavaram,Capesize,17.83,1988.8,market_synthetic
2019-09-20,Indonesia-Haldia,Handymax,19.12,1988.8,market_synthetic
2019-09-20,Indonesia-Ennore,Supramax,21.23,1988.8,market_synthetic
2019-09-20,Indonesia-Chennai,Handymax,21.15,1988.8,market_synthetic
2019-09-27,Indonesia-Paradip,Supramax,17.28,1907.9,market_synthetic
2019-09-27,Indonesia-Paradip,Panamax,13.38,1907.9,market_synthetic
2019-09-27,Indonesia-Vizag,Supramax,19.46,1907.9,market_synthetic
2019-09-27,Indonesia-Vizag,Panamax,13.69,1907.9,market_synthetic
2019-09-27,Indonesia-Gangavaram,Capesize,15.55,1907.9,market_synthetic
2019-09-27,SouthAfrica-Krishnapatnam,Capesize,17.19,1907.9,market_synthetic
2019-09-27,SouthAfrica-Vizag,Panamax,18.84,1907.9,market_synthetic
2019-09-27,Australia-Paradip,Capesize,18.56,1907.9,market_synthetic
2019-09-27,Australia-Gangavaram,Capesize,17.34,1907.9,market_synthetic
2019-09-27,Indonesia-Haldia,Handymax,19.45,1907.9,market_synthetic
2019-09-27,Indonesia-Ennore,Supramax,19.58,1907.9,market_synthetic
2019-09-27,Indonesia-Chennai,Handymax,20.09,1907.9,market_synthetic
2019-10-04,Indonesia-Paradip,Supramax,18.6,1825.4,market_synthetic
2019-10-04,Indonesia-Paradip,Panamax,13.35,1825.4,market_synthetic
2019-10-04,Indonesia-Vizag,Supramax,18.39,1825.4,market_synthetic
2019-10-04,Indonesia-Vizag,Panamax,14.74,1825.4,market_synthetic
2019-10-04,Indonesia-Gangavaram,Capesize,14.07,1825.4,market_synthetic
2019-10-04,SouthAfrica-Krishnapatnam,Capesize,16.19,1825.4,market_synthetic
2019-10-04,SouthAfrica-Vizag,Panamax,18.58,1825.4,market_synthetic
2019-10-04,Australia-Paradip,Capesize,19.4,1825.4,market_synthetic
2019-10-04,Australia-Gangavaram,Capesize,17.98,1825.4,market_synthetic
2019-10-04,Indonesia-Haldia,Handymax,18.43,1825.4,market_synthetic
2019-10-04,Indonesia-Ennore,Supramax,19.58,1825.4,market_synthetic
2019-10-04,Indonesia-Chennai,Handymax,20.88,1825.4,market_synthetic
2019-10-11,Indonesia-Paradip,Supramax,16.82,1724.4,market_synthetic
2019-10-11,Indonesia-Paradip,Panamax,13.24,1724.4,market_synthetic
2019-10-11,Indonesia-Vizag,Supramax,18.63,1724.4,market_synthetic
2019-10-11,Indonesia-Vizag,Panamax,14.56,1724.4,market_synthetic
2019-10-11,Indonesia-Gangavaram,Capesize,13.39,1724.4,market_synthetic
2019-10-11,SouthAfrica-Krishnapatnam,Capesize,16.37,1724.4,market_synthetic
2019-10-11,SouthAfrica-Vizag,Panamax,18.4,1724.4,market_synthetic
2019-10-11,Australia-Paradip,Capesize,17.42,1724.4,market_synthetic
2019-10-11,Australia-Gangavaram,Capesize,17.22,1724.4,market_synthetic
2019-10-11,Indonesia-Haldia,Handymax,17.6,1724.4,market_synthetic
2019-10-11,Indonesia-Ennore,Supramax,18.16,1724.4,market_synthetic
2019-10-11,Indonesia-Chennai,Handymax,19.88,1724.4,market_synthetic
2019-10-18,Indonesia-Paradip,Supramax,17.7,1675.6,market_synthetic
2019-10-18,Indonesia-Paradip,Panamax,13.69,1675.6,market_synthetic
2019-10-18,Indonesia-Vizag,Supramax,17.04,1675.6,market_synthetic
2019-10-18,Indonesia-Vizag,Panamax,13.29,1675.6,market_synthetic
2019-10-18,Indonesia-Gangavaram,Capesize,15.69,1675.6,market_synthetic
2019-10-18,SouthAfrica-Krishnapatnam,Capesize,16.01,1675.6,market_synthetic
2019-10-18,SouthAfrica-Vizag,Panamax,18.83,1675.6,market_synthetic
2019-10-18,Australia-Paradip,Capesize,16.04,1675.6,market_synthetic
2019-10-18,Australia-Gangavaram,Capesize,16.3,1675.6,market_synthetic
2019-10-18,Indonesia-Haldia,Handymax,17.92,1675.6,market_synthetic
2019-10-18,Indonesia-Ennore,Supramax,17.88,1675.6,market_synthetic
2019-10-18,Indonesia-Chennai,Handymax,18.54,1675.6,market_synthetic
2019-10-25,Indonesia-Paradip,Supramax,17.19,1692.2,market_synthetic
2019-10-25,Indonesia-Paradip,Panamax,12.32,1692.2,market_synthetic
2019-10-25,Indonesia-Vizag,Supramax,19.52,1692.2,market_synthetic
2019-10-25,Indonesia-Vizag,Panamax,11.8,1692.2,market_synthetic
2019-10-25,Indonesia-Gangavaram,Capesize,14.96,1692.2,market_synthetic
2019-10-25,SouthAfrica-Krishnapatnam,Capesize,16.32,1692.2,market_synthetic
2019-10-25,SouthAfrica-Vizag,Panamax,18.7,1692.2,market_synthetic
2019-10-25,Australia-Paradip,Capesize,16.9,1692.2,market_synthetic
2019-10-25,Australia-Gangavaram,Capesize,17.15,1692.2,market_synthetic
2019-10-25,Indonesia-Haldia,Handymax,17.77,1692.2,market_synthetic
2019-10-25,Indonesia-Ennore,Supramax,18.43,1692.2,market_synthetic
2019-10-25,Indonesia-Chennai,Handymax,18.77,1692.2,market_synthetic
2019-11-01,Indonesia-Paradip,Supramax,15.24,1608.1,market_synthetic
2019-11-01,Indonesia-Paradip,Panamax,13.92,1608.1,market_synthetic
2019-11-01,Indonesia-Vizag,Supramax,18.53,1608.1,market_synthetic
2019-11-01,Indonesia-Vizag,Panamax,13.81,1608.1,market_synthetic
2019-11-01,Indonesia-Gangavaram,Capesize,15.01,1608.1,market_synthetic
2019-11-01,SouthAfrica-Krishnapatnam,Capesize,17.09,1608.1,market_synthetic
2019-11-01,SouthAfrica-Vizag,Panamax,17.39,1608.1,market_synthetic
2019-11-01,Australia-Paradip,Capesize,17.43,1608.1,market_synthetic
2019-11-01,Australia-Gangavaram,Capesize,16.05,1608.1,market_synthetic
2019-11-01,Indonesia-Haldia,Handymax,17.87,1608.1,market_synthetic
2019-11-01,Indonesia-Ennore,Supramax,17.97,1608.1,market_synthetic
2019-11-01,Indonesia-Chennai,Handymax,19.93,1608.1,market_synthetic
2019-11-08,Indonesia-Paradip,Supramax,16.66,1559.8,market_synthetic
2019-11-08,Indonesia-Paradip,Panamax,14.84,1559.8,market_synthetic
2019-11-08,Indonesia-Vizag,Supramax,17.22,1559.8,market_synthetic
2019-11-08,Indonesia-Vizag,Panamax,12.73,1559.8,market_synthetic
2019-11-08,Indonesia-Gangavaram,Capesize,13.64,1559.8,market_synthetic
2019-11-08,SouthAfrica-Krishnapatnam,Capesize,15.21,1559.8,market_synthetic
2019-11-08,SouthAfrica-Vizag,Panamax,18.4,1559.8,market_synthetic
2019-11-08,Australia-Paradip,Capesize,16.86,1559.8,market_synthetic
2019-11-08,Australia-Gangavaram,Capesize,16.18,1559.8,market_synthetic
2019-11-08,Indonesia-Haldia,Handymax,18.02,1559.8,market_synthetic
2019-11-08,Indonesia-Ennore,Supramax,17.2,1559.8,market_synthetic
2019-11-08,Indonesia-Chennai,Handymax,18.27,1559.8,market_synthetic
2019-11-15,Indonesia-Paradip,Supramax,16.63,1539.3,market_synthetic
2019-11-15,Indonesia-Paradip,Panamax,13.12,1539.3,market_synthetic
2019-11-15,Indonesia-Vizag,Supramax,15.91,1539.3,market_synthetic
2019-11-15,Indonesia-Vizag,Panamax,14.13,1539.3,market_synthetic
2019-11-15,Indonesia-Gangavaram,Capesize,15.42,1539.3,market_synthetic
2019-11-15,SouthAfrica-Krishnapatnam,Capesize,15.21,1539.3,market_synthetic
2019-11-15,SouthAfrica-Vizag,Panamax,18.99,1539.3,market_synthetic
2019-11-15,Australia-Paradip,Capesize,16.93,1539.3,market_synthetic
2019-11-15,Australia-Gangavaram,Capesize,15.29,1539.3,market_synthetic
2019-11-15,Indonesia-Haldia,Handymax,17.97,1539.3,market_synthetic
2019-11-15,Indonesia-Ennore,Supramax,19.06,1539.3,market_synthetic
2019-11-15,Indonesia-Chennai,Handymax,19.25,1539.3,market_synthetic
2019-11-22,Indonesia-Paradip,Supramax,17.28,1463.3,market_synthetic
2019-11-22,Indonesia-Paradip,Panamax,13.39,1463.3,market_synthetic
2019-11-22,Indonesia-Vizag,Supramax,18.29,1463.3,market_synthetic
2019-11-22,Indonesia-Vizag,Panamax,13.55,1463.3,market_synthetic
2019-11-22,Indonesia-Gangavaram,Capesize,14.54,1463.3,market_synthetic
2019-11-22,SouthAfrica-Krishnapatnam,Capesize,16.71,1463.3,market_synthetic
2019-11-22,SouthAfrica-Vizag,Panamax,17.91,1463.3,market_synthetic
2019-11-22,Australia-Paradip,Capesize,16.9,1463.3,market_synthetic
2019-11-22,Australia-Gangavaram,Capesize,17.41,1463.3,market_synthetic
2019-11-22,Indonesia-Haldia,Handymax,18.48,1463.3,market_synthetic
2019-11-22,Indonesia-Ennore,Supramax,18.52,1463.3,market_synthetic
2019-11-22,Indonesia-Chennai,Handymax,19.76,1463.3,market_synthetic
2019-11-29,Indonesia-Paradip,Supramax,16.28,1341.3,market_synthetic
2019-11-29,Indonesia-Paradip,Panamax,12.77,1341.3,market_synthetic
2019-11-29,Indonesia-Vizag,Supramax,16.05,1341.3,market_synthetic
2019-11-29,Indonesia-Vizag,Panamax,12.15,1341.3,market_synthetic
2019-11-29,Indonesia-Gangavaram,Capesize,13.43,1341.3,market_synthetic
2019-11-29,SouthAfrica-Krishnapatnam,Capesize,16.63,1341.3,market_synthetic
2019-11-29,SouthAfrica-Vizag,Panamax,19.03,1341.3,market_synthetic
2019-11-29,Australia-Paradip,Capesize,15.88,1341.3,market_synthetic
2019-11-29,Australia-Gangavaram,Capesize,15.78,1341.3,market_synthetic
2019-11-29,Indonesia-Haldia,Handymax,19.03,1341.3,market_synthetic
2019-11-29,Indonesia-Ennore,Supramax,17.31,1341.3,market_synthetic
2019-11-29,Indonesia-Chennai,Handymax,19.33,1341.3,market_synthetic
2019-12-06,Indonesia-Paradip,Supramax,16.23,1425.5,market_synthetic
2019-12-06,Indonesia-Paradip,Panamax,13.14,1425.5,market_synthetic
2019-12-06,Indonesia-Vizag,Supramax,18.27,1425.5,market_synthetic
2019-12-06,Indonesia-Vizag,Panamax,14.16,1425.5,market_synthetic
2019-12-06,Indonesia-Gangavaram,Capesize,14.21,1425.5,market_synthetic
2019-12-06,SouthAfrica-Krishnapatnam,Capesize,15.15,1425.5,market_synthetic
2019-12-06,SouthAfrica-Vizag,Panamax,18.84,1425.5,market_synthetic
2019-12-06,Australia-Paradip,Capesize,17.66,1425.5,market_synthetic
2019-12-06,Australia-Gangavaram,Capesize,17.1,1425.5,market_synthetic
2019-12-06,Indonesia-Haldia,Handymax,17.42,1425.5,market_synthetic
2019-12-06,Indonesia-Ennore,Supramax,18.44,1425.5,market_synthetic
2019-12-06,Indonesia-Chennai,Handymax,18.73,1425.5,market_synthetic
2019-12-13,Indonesia-Paradip,Supramax,17.23,1298.9,market_synthetic
2019-12-13,Indonesia-Paradip,Panamax,12.23,1298.9,market_synthetic
2019-12-13,Indonesia-Vizag,Supramax,17.34,1298.9,market_synthetic
2019-12-13,Indonesia-Vizag,Panamax,15.22,1298.9,market_synthetic
2019-12-13,Indonesia-Gangavaram,Capesize,14.71,1298.9,market_synthetic
2019-12-13,SouthAfrica-Krishnapatnam,Capesize,14.52,1298.9,market_synthetic
2019-12-13,SouthAfrica-Vizag,Panamax,18.11,1298.9,market_synthetic
2019-12-13,Australia-Paradip,Capesize,16.97,1298.9,market_synthetic
2019-12-13,Australia-Gangavaram,Capesize,16.89,1298.9,market_synthetic
2019-12-13,Indonesia-Haldia,Handymax,15.93,1298.9,market_synthetic
2019-12-13,Indonesia-Ennore,Supramax,19.3,1298.9,market_synthetic
2019-12-13,Indonesia-Chennai,Handymax,20.07,1298.9,market_synthetic
2019-12-20,Indonesia-Paradip,Supramax,17.71,1324.0,market_synthetic
2019-12-20,Indonesia-Paradip,Panamax,13.98,1324.0,market_synthetic
2019-12-20,Indonesia-Vizag,Supramax,18.42,1324.0,market_synthetic
2019-12-20,Indonesia-Vizag,Panamax,13.59,1324.0,market_synthetic
2019-12-20,Indonesia-Gangavaram,Capesize,14.45,1324.0,market_synthetic
2019-12-20,SouthAfrica-Krishnapatnam,Capesize,15.58,1324.0,market_synthetic
2019-12-20,SouthAfrica-Vizag,Panamax,18.06,1324.0,market_synthetic
2019-12-20,Australia-Paradip,Capesize,17.18,1324.0,market_synthetic
2019-12-20,Australia-Gangavaram,Capesize,16.38,1324.0,market_synthetic
2019-12-20,Indonesia-Haldia,Handymax,17.98,1324.0,market_synthetic
2019-12-20,Indonesia-Ennore,Supramax,18.02,1324.0,market_synthetic
2019-12-20,Indonesia-Chennai,Handymax,19.59,1324.0,market_synthetic
2019-12-27,Indonesia-Paradip,Supramax,16.65,1253.4,market_synthetic
2019-12-27,Indonesia-Paradip,Panamax,13.34,1253.4,market_synthetic
2019-12-27,Indonesia-Vizag,Supramax,17.19,1253.4,market_synthetic
2019-12-27,Indonesia-Vizag,Panamax,14.72,1253.4,market_synthetic
2019-12-27,Indonesia-Gangavaram,Capesize,13.76,1253.4,market_synthetic
2019-12-27,SouthAfrica-Krishnapatnam,Capesize,16.53,1253.4,market_synthetic
2019-12-27,SouthAfrica-Vizag,Panamax,17.25,1253.4,market_synthetic
2019-12-27,Australia-Paradip,Capesize,16.81,1253.4,market_synthetic
2019-12-27,Australia-Gangavaram,Capesize,17.72,1253.4,market_synthetic
2019-12-27,Indonesia-Haldia,Handymax,16.95,1253.4,market_synthetic
2019-12-27,Indonesia-Ennore,Supramax,19.8,1253.4,market_synthetic
2019-12-27,Indonesia-Chennai,Handymax,19.11,1253.4,market_synthetic
2020-01-03,Indonesia-Paradip,Supramax,17.5,1316.1,market_synthetic
2020-01-03,Indonesia-Paradip,Panamax,12.57,1316.1,market_synthetic
2020-01-03,Indonesia-Vizag,Supramax,17.51,1316.1,market_synthetic
2020-01-03,Indonesia-Vizag,Panamax,14.21,1316.1,market_synthetic
2020-01-03,Indonesia-Gangavaram,Capesize,14.98,1316.1,market_synthetic
2020-01-03,SouthAfrica-Krishnapatnam,Capesize,15.0,1316.1,market_synthetic
2020-01-03,SouthAfrica-Vizag,Panamax,18.57,1316.1,market_synthetic
2020-01-03,Australia-Paradip,Capesize,17.38,1316.1,market_synthetic
2020-01-03,Australia-Gangavaram,Capesize,17.08,1316.1,market_synthetic
2020-01-03,Indonesia-Haldia,Handymax,19.2,1316.1,market_synthetic
2020-01-03,Indonesia-Ennore,Supramax,18.27,1316.1,market_synthetic
2020-01-03,Indonesia-Chennai,Handymax,20.72,1316.1,market_synthetic
2020-01-10,Indonesia-Paradip,Supramax,17.43,1303.2,market_synthetic
2020-01-10,Indonesia-Paradip,Panamax,13.12,1303.2,market_synthetic
2020-01-10,Indonesia-Vizag,Supramax,18.79,1303.2,market_synthetic
2020-01-10,Indonesia-Vizag,Panamax,15.75,1303.2,market_synthetic
2020-01-10,Indonesia-Gangavaram,Capesize,16.75,1303.2,market_synthetic
2020-01-10,SouthAfrica-Krishnapatnam,Capesize,16.33,1303.2,market_synthetic
2020-01-10,SouthAfrica-Vizag,Panamax,19.18,1303.2,market_synthetic
2020-01-10,Australia-Paradip,Capesize,18.2,1303.2,market_synthetic
2020-01-10,Australia-Gangavaram,Capesize,17.36,1303.2,market_synthetic
2020-01-10,Indonesia-Haldia,Handymax,19.14,1303.2,market_synthetic
2020-01-10,Indonesia-Ennore,Supramax,18.14,1303.2,market_synthetic
2020-01-10,Indonesia-Chennai,Handymax,20.6,1303.2,market_synthetic
2020-01-17,Indonesia-Paradip,Supramax,18.85,1270.9,market_synthetic
2020-01-17,Indonesia-Paradip,Panamax,14.41,1270.9,market_synthetic
2020-01-17,Indonesia-Vizag,Supramax,19.3,1270.9,market_synthetic
2020-01-17,Indonesia-Vizag,Panamax,15.32,1270.9,market_synthetic
2020-01-17,Indonesia-Gangavaram,Capesize,14.89,1270.9,market_synthetic
2020-01-17,SouthAfrica-Krishnapatnam,Capesize,18.24,1270.9,market_synthetic
2020-01-17,SouthAfrica-Vizag,Panamax,19.5,1270.9,market_synthetic
2020-01-17,Australia-Paradip,Capesize,17.8,1270.9,market_synthetic
2020-01-17,Australia-Gangavaram,Capesize,17.29,1270.9,market_synthetic
2020-01-17,Indonesia-Haldia,Handymax,20.29,1270.9,market_synthetic
2020-01-17,Indonesia-Ennore,Supramax,20.35,1270.9,market_synthetic
2020-01-17,Indonesia-Chennai,Handymax,20.73,1270.9,market_synthetic
2020-01-24,Indonesia-Paradip,Supramax,18.33,1262.1,market_synthetic
2020-01-24,Indonesia-Paradip,Panamax,15.71,1262.1,market_synthetic
2020-01-24,Indonesia-Vizag,Supramax,20.32,1262.1,market_synthetic
2020-01-24,Indonesia-Vizag,Panamax,14.82,1262.1,market_synthetic
2020-01-24,Indonesia-Gangavaram,Capesize,16.31,1262.1,market_synthetic
2020-01-24,SouthAfrica-Krishnapatnam,Capesize,15.22,1262.1,market_synthetic
2020-01-24,SouthAfrica-Vizag,Panamax,20.98,1262.1,market_synthetic
2020-01-24,Australia-Paradip,Capesize,18.09,1262.1,market_synthetic
2020-01-24,Australia-Gangavaram,Capesize,16.71,1262.1,market_synthetic
2020-01-24,Indonesia-Haldia,Handymax,19.64,1262.1,market_synthetic
2020-01-24,Indonesia-Ennore,Supramax,20.29,1262.1,market_synthetic
2020-01-24,Indonesia-Chennai,Handymax,19.65,1262.1,market_synthetic
2020-01-31,Indonesia-Paradip,Supramax,18.45,1214.3,market_synthetic
2020-01-31,Indonesia-Paradip,Panamax,14.45,1214.3,market_synthetic
2020-01-31,Indonesia-Vizag,Supramax,20.54,1214.3,market_synthetic
2020-01-31,Indonesia-Vizag,Panamax,15.47,1214.3,market_synthetic
2020-01-31,Indonesia-Gangavaram,Capesize,15.84,1214.3,market_synthetic
2020-01-31,SouthAfrica-Krishnapatnam,Capesize,17.66,1214.3,market_synthetic
2020-01-31,SouthAfrica-Vizag,Panamax,20.17,1214.3,market_synthetic
2020-01-31,Australia-Paradip,Capesize,17.78,1214.3,market_synthetic
2020-01-31,Australia-Gangavaram,Capesize,16.24,1214.3,market_synthetic
2020-01-31,Indonesia-Haldia,Handymax,20.41,1214.3,market_synthetic
2020-01-31,Indonesia-Ennore,Supramax,20.44,1214.3,market_synthetic
2020-01-31,Indonesia-Chennai,Handymax,21.05,1214.3,market_synthetic
2020-02-07,Indonesia-Paradip,Supramax,18.95,1225.3,market_synthetic
2020-02-07,Indonesia-Paradip,Panamax,15.03,1225.3,market_synthetic
2020-02-07,Indonesia-Vizag,Supramax,16.92,1225.3,market_synthetic
2020-02-07,Indonesia-Vizag,Panamax,14.77,1225.3,market_synthetic
2020-02-07,Indonesia-Gangavaram,Capesize,15.72,1225.3,market_synthetic
2020-02-07,SouthAfrica-Krishnapatnam,Capesize,17.88,1225.3,market_synthetic
2020-02-07,SouthAfrica-Vizag,Panamax,21.63,1225.3,market_synthetic
2020-02-07,Australia-Paradip,Capesize,18.5,1225.3,market_synthetic
2020-02-07,Australia-Gangavaram,Capesize,18.25,1225.3,market_synthetic
2020-02-07,Indonesia-Haldia,Handymax,19.32,1225.3,market_synthetic
2020-02-07,Indonesia-Ennore,Supramax,19.18,1225.3,market_synthetic
2020-02-07,Indonesia-Chennai,Handymax,19.21,1225.3,market_synthetic
2020-02-14,Indonesia-Paradip,Supramax,16.9,1160.6,market_synthetic
2020-02-14,Indonesia-Paradip,Panamax,13.88,1160.6,market_synthetic
2020-02-14,Indonesia-Vizag,Supramax,17.15,1160.6,market_synthetic
2020-02-14,Indonesia-Vizag,Panamax,15.19,1160.6,market_synthetic
2020-02-14,Indonesia-Gangavaram,Capesize,13.95,1160.6,market_synthetic
2020-02-14,SouthAfrica-Krishnapatnam,Capesize,17.57,1160.6,market_synthetic
2020-02-14,SouthAfrica-Vizag,Panamax,19.9,1160.6,market_synthetic
2020-02-14,Australia-Paradip,Capesize,17.95,1160.6,market_synthetic
2020-02-14,Australia-Gangavaram,Capesize,18.13,1160.6,market_synthetic
2020-02-14,Indonesia-Haldia,Handymax,19.04,1160.6,market_synthetic
2020-02-14,Indonesia-Ennore,Supramax,19.5,1160.6,market_synthetic
2020-02-14,Indonesia-Chennai,Handymax,20.55,1160.6,market_synthetic
2020-02-21,Indonesia-Paradip,Supramax,17.92,1116.5,market_synthetic
2020-02-21,Indonesia-Paradip,Panamax,15.13,1116.5,market_synthetic
2020-02-21,Indonesia-Vizag,Supramax,19.33,1116.5,market_synthetic
2020-02-21,Indonesia-Vizag,Panamax,16.31,1116.5,market_synthetic
2020-02-21,Indonesia-Gangavaram,Capesize,15.76,1116.5,market_synthetic
2020-02-21,SouthAfrica-Krishnapatnam,Capesize,17.82,1116.5,market_synthetic
2020-02-21,SouthAfrica-Vizag,Panamax,20.06,1116.5,market_synthetic
2020-02-21,Australia-Paradip,Capesize,18.09,1116.5,market_synthetic
2020-02-21,Australia-Gangavaram,Capesize,17.53,1116.5,market_synthetic
2020-02-21,Indonesia-Haldia,Handymax,20.65,1116.5,market_synthetic
2020-02-21,Indonesia-Ennore,Supramax,18.96,1116.5,market_synthetic
2020-02-21,Indonesia-Chennai,Handymax,21.78,1116.5,market_synthetic
2020-02-28,Indonesia-Paradip,Supramax,18.29,1107.3,market_synthetic
2020-02-28,Indonesia-Paradip,Panamax,14.05,1107.3,market_synthetic
2020-02-28,Indonesia-Vizag,Supramax,18.74,1107.3,market_synthetic
2020-02-28,Indonesia-Vizag,Panamax,15.61,1107.3,market_synthetic
2020-02-28,Indonesia-Gangavaram,Capesize,16.33,1107.3,market_synthetic
2020-02-28,SouthAfrica-Krishnapatnam,Capesize,17.43,1107.3,market_synthetic
2020-02-28,SouthAfrica-Vizag,Panamax,20.55,1107.3,market_synthetic
2020-02-28,Australia-Paradip,Capesize,19.22,1107.3,market_synthetic
2020-02-28,Australia-Gangavaram,Capesize,19.07,1107.3,market_synthetic
2020-02-28,Indonesia-Haldia,Handymax,19.73,1107.3,market_synthetic
2020-02-28,Indonesia-Ennore,Supramax,19.76,1107.3,market_synthetic
2020-02-28,Indonesia-Chennai,Handymax,20.48,1107.3,market_synthetic
2020-03-06,Indonesia-Paradip,Supramax,16.59,627.5,market_synthetic
2020-03-06,Indonesia-Paradip,Panamax,13.93,627.5,market_synthetic
2020-03-06,Indonesia-Vizag,Supramax,17.23,627.5,market_synthetic
2020-03-06,Indonesia-Vizag,Panamax,13.6,627.5,market_synthetic
2020-03-06,Indonesia-Gangavaram,Capesize,13.55,627.5,market_synthetic
2020-03-06,SouthAfrica-Krishnapatnam,Capesize,13.47,627.5,market_synthetic
2020-03-06,SouthAfrica-Vizag,Panamax,18.75,627.5,market_synthetic
2020-03-06,Australia-Paradip,Capesize,15.65,627.5,market_synthetic
2020-03-06,Australia-Gangavaram,Capesize,15.47,627.5,market_synthetic
2020-03-06,Indonesia-Haldia,Handymax,18.27,627.5,market_synthetic
2020-03-06,Indonesia-Ennore,Supramax,19.01,627.5,market_synthetic
2020-03-06,Indonesia-Chennai,Handymax,20.11,627.5,market_synthetic
2020-03-13,Indonesia-Paradip,Supramax,16.07,368.7,market_synthetic
2020-03-13,Indonesia-Paradip,Panamax,13.4,368.7,market_synthetic
2020-03-13,Indonesia-Vizag,Supramax,16.15,368.7,market_synthetic
2020-03-13,Indonesia-Vizag,Panamax,14.03,368.7,market_synthetic
2020-03-13,Indonesia-Gangavaram,Capesize,12.37,368.7,market_synthetic
2020-03-13,SouthAfrica-Krishnapatnam,Capesize,14.78,368.7,market_synthetic
2020-03-13,SouthAfrica-Vizag,Panamax,17.67,368.7,market_synthetic
2020-03-13,Australia-Paradip,Capesize,15.35,368.7,market_synthetic
2020-03-13,Australia-Gangavaram,Capesize,14.04,368.7,market_synthetic
2020-03-13,Indonesia-Haldia,Handymax,17.41,368.7,market_synthetic
2020-03-13,Indonesia-Ennore,Supramax,15.83,368.7,market_synthetic
2020-03-13,Indonesia-Chennai,Handymax,19.08,368.7,market_synthetic
2020-03-20,Indonesia-Paradip,Supramax,15.76,491.8,market_synthetic
2020-03-20,Indonesia-Paradip,Panamax,14.37,491.8,market_synthetic
2020-03-20,Indonesia-Vizag,Supramax,15.86,491.8,market_synthetic
2020-03-20,Indonesia-Vizag,Panamax,14.29,491.8,market_synthetic
2020-03-20,Indonesia-Gangavaram,Capesize,12.53,491.8,market_synthetic
2020-03-20,SouthAfrica-Krishnapatnam,Capesize,13.73,491.8,market_synthetic
2020-03-20,SouthAfrica-Vizag,Panamax,18.33,491.8,market_synthetic
2020-03-20,Australia-Paradip,Capesize,14.74,491.8,market_synthetic
2020-03-20,Australia-Gangavaram,Capesize,14.39,491.8,market_synthetic
2020-03-20,Indonesia-Haldia,Handymax,18.31,491.8,market_synthetic
2020-03-20,Indonesia-Ennore,Supramax,17.21,491.8,market_synthetic
2020-03-20,Indonesia-Chennai,Handymax,18.73,491.8,market_synthetic
2020-03-27,Indonesia-Paradip,Supramax,17.02,499.0,market_synthetic
2020-03-27,Indonesia-Paradip,Panamax,12.17,499.0,market_synthetic
2020-03-27,Indonesia-Vizag,Supramax,17.32,499.0,market_synthetic
2020-03-27,Indonesia-Vizag,Panamax,15.19,499.0,market_synthetic
2020-03-27,Indonesia-Gangavaram,Capesize,10.98,499.0,market_synthetic
2020-03-27,SouthAfrica-Krishnapatnam,Capesize,13.95,499.0,market_synthetic
2020-03-27,SouthAfrica-Vizag,Panamax,18.09,499.0,market_synthetic
2020-03-27,Australia-Paradip,Capesize,15.15,499.0,market_synthetic
2020-03-27,Australia-Gangavaram,Capesize,15.08,499.0,market_synthetic
2020-03-27,Indonesia-Haldia,Handymax,17.88,499.0,market_synthetic
2020-03-27,Indonesia-Ennore,Supramax,17.29,499.0,market_synthetic
2020-03-27,Indonesia-Chennai,Handymax,19.53,499.0,market_synthetic
2020-04-03,Indonesia-Paradip,Supramax,16.98,400.8,market_synthetic
2020-04-03,Indonesia-Paradip,Panamax,13.98,400.8,market_synthetic
2020-04-03,Indonesia-Vizag,Supramax,16.77,400.8,market_synthetic
2020-04-03,Indonesia-Vizag,Panamax,14.1,400.8,market_synthetic
2020-04-03,Indonesia-Gangavaram,Capesize,11.34,400.8,market_synthetic
2020-04-03,SouthAfrica-Krishnapatnam,Capesize,13.1,400.8,market_synthetic
2020-04-03,SouthAfrica-Vizag,Panamax,16.83,400.8,market_synthetic
2020-04-03,Australia-Paradip,Capesize,15.74,400.8,market_synthetic
2020-04-03,Australia-Gangavaram,Capesize,15.72,400.8,market_synthetic
2020-04-03,Indonesia-Haldia,Handymax,18.46,400.8,market_synthetic
2020-04-03,Indonesia-Ennore,Supramax,15.99,400.8,market_synthetic
2020-04-03,Indonesia-Chennai,Handymax,18.03,400.8,market_synthetic
2020-04-10,Indonesia-Paradip,Supramax,17.31,500.6,market_synthetic
2020-04-10,Indonesia-Paradip,Panamax,13.52,500.6,market_synthetic
2020-04-10,Indonesia-Vizag,Supramax,16.39,500.6,market_synthetic
2020-04-10,Indonesia-Vizag,Panamax,14.97,500.6,market_synthetic
2020-04-10,Indonesia-Gangavaram,Capesize,13.9,500.6,market_synthetic
2020-04-10,SouthAfrica-Krishnapatnam,Capesize,15.02,500.6,market_synthetic
2020-04-10,SouthAfrica-Vizag,Panamax,17.66,500.6,market_synthetic
2020-04-10,Australia-Paradip,Capesize,16.32,500.6,market_synthetic
2020-04-10,Australia-Gangavaram,Capesize,15.04,500.6,market_synthetic
2020-04-10,Indonesia-Haldia,Handymax,18.63,500.6,market_synthetic
2020-04-10,Indonesia-Ennore,Supramax,17.8,500.6,market_synthetic
2020-04-10,Indonesia-Chennai,Handymax,18.65,500.6,market_synthetic
2020-04-17,Indonesia-Paradip,Supramax,15.34,420.0,market_synthetic
2020-04-17,Indonesia-Paradip,Panamax,12.78,420.0,market_synthetic
2020-04-17,Indonesia-Vizag,Supramax,15.37,420.0,market_synthetic
2020-04-17,Indonesia-Vizag,Panamax,14.57,420.0,market_synthetic
2020-04-17,Indonesia-Gangavaram,Capesize,12.0,420.0,market_synthetic
2020-04-17,SouthAfrica-Krishnapatnam,Capesize,14.29,420.0,market_synthetic
2020-04-17,SouthAfrica-Vizag,Panamax,16.97,420.0,market_synthetic
2020-04-17,Australia-Paradip,Capesize,16.04,420.0,market_synthetic
2020-04-17,Australia-Gangavaram,Capesize,13.86,420.0,market_synthetic
2020-04-17,Indonesia-Haldia,Handymax,20.2,420.0,market_synthetic
2020-04-17,Indonesia-Ennore,Supramax,18.07,420.0,market_synthetic
2020-04-17,Indonesia-Chennai,Handymax,18.23,420.0,market_synthetic
2020-04-24,Indonesia-Paradip,Supramax,17.04,483.1,market_synthetic
2020-04-24,Indonesia-Paradip,Panamax,12.73,483.1,market_synthetic
2020-04-24,Indonesia-Vizag,Supramax,15.55,483.1,market_synthetic
2020-04-24,Indonesia-Vizag,Panamax,14.44,483.1,market_synthetic
2020-04-24,Indonesia-Gangavaram,Capesize,13.03,483.1,market_synthetic
2020-04-24,SouthAfrica-Krishnapatnam,Capesize,13.52,483.1,market_synthetic
2020-04-24,SouthAfrica-Vizag,Panamax,18.71,483.1,market_synthetic
2020-04-24,Australia-Paradip,Capesize,15.42,483.1,market_synthetic
2020-04-24,Australia-Gangavaram,Capesize,16.23,483.1,market_synthetic
2020-04-24,Indonesia-Haldia,Handymax,17.5,483.1,market_synthetic
2020-04-24,Indonesia-Ennore,Supramax,19.14,483.1,market_synthetic
2020-04-24,Indonesia-Chennai,Handymax,18.87,483.1,market_synthetic
2020-05-01,Indonesia-Paradip,Supramax,16.48,392.4,market_synthetic
2020-05-01,Indonesia-Paradip,Panamax,14.94,392.4,market_synthetic
2020-05-01,Indonesia-Vizag,Supramax,16.3,392.4,market_synthetic
2020-05-01,Indonesia-Vizag,Panamax,12.98,392.4,market_synthetic
2020-05-01,Indonesia-Gangavaram,Capesize,10.68,392.4,market_synthetic
2020-05-01,SouthAfrica-Krishnapatnam,Capesize,14.95,392.4,market_synthetic
2020-05-01,SouthAfrica-Vizag,Panamax,17.97,392.4,market_synthetic
2020-05-01,Australia-Paradip,Capesize,14.56,392.4,market_synthetic
2020-05-01,Australia-Gangavaram,Capesize,14.33,392.4,market_synthetic
2020-05-01,Indonesia-Haldia,Handymax,16.47,392.4,market_synthetic
2020-05-01,Indonesia-Ennore,Supramax,16.33,392.4,market_synthetic
2020-05-01,Indonesia-Chennai,Handymax,19.03,392.4,market_synthetic
2020-05-08,Indonesia-Paradip,Supramax,16.29,436.9,market_synthetic
2020-05-08,Indonesia-Paradip,Panamax,12.91,436.9,market_synthetic
2020-05-08,Indonesia-Vizag,Supramax,16.84,436.9,market_synthetic
2020-05-08,Indonesia-Vizag,Panamax,12.95,436.9,market_synthetic
2020-05-08,Indonesia-Gangavaram,Capesize,12.29,436.9,market_synthetic
2020-05-08,SouthAfrica-Krishnapatnam,Capesize,13.56,436.9,market_synthetic
2020-05-08,SouthAfrica-Vizag,Panamax,17.44,436.9,market_synthetic
2020-05-08,Australia-Paradip,Capesize,15.11,436.9,market_synthetic
2020-05-08,Australia-Gangavaram,Capesize,14.32,436.9,market_synthetic
2020-05-08,Indonesia-Haldia,Handymax,19.12,436.9,market_synthetic
2020-05-08,Indonesia-Ennore,Supramax,17.28,436.9,market_synthetic
2020-05-08,Indonesia-Chennai,Handymax,18.26,436.9,market_synthetic
2020-05-15,Indonesia-Paradip,Supramax,14.73,380.2,market_synthetic
2020-05-15,Indonesia-Paradip,Panamax,12.68,380.2,market_synthetic
2020-05-15,Indonesia-Vizag,Supramax,14.76,380.2,market_synthetic
2020-05-15,Indonesia-Vizag,Panamax,13.3,380.2,market_synthetic
2020-05-15,Indonesia-Gangavaram,Capesize,10.78,380.2,market_synthetic
2020-05-15,SouthAfrica-Krishnapatnam,Capesize,11.16,380.2,market_synthetic
2020-05-15,SouthAfrica-Vizag,Panamax,16.22,380.2,market_synthetic
2020-05-15,Australia-Paradip,Capesize,13.02,380.2,market_synthetic
2020-05-15,Australia-Gangavaram,Capesize,13.47,380.2,market_synthetic
2020-05-15,Indonesia-Haldia,Handymax,16.27,380.2,market_synthetic
2020-05-15,Indonesia-Ennore,Supramax,16.8,380.2,market_synthetic
2020-05-15,Indonesia-Chennai,Handymax,18.81,380.2,market_synthetic
2020-05-22,Indonesia-Paradip,Supramax,15.15,338.9,market_synthetic
2020-05-22,Indonesia-Paradip,Panamax,11.85,338.9,market_synthetic
2020-05-22,Indonesia-Vizag,Supramax,15.86,338.9,market_synthetic
2020-05-22,Indonesia-Vizag,Panamax,11.08,338.9,market_synthetic
2020-05-22,Indonesia-Gangavaram,Capesize,11.5,338.9,market_synthetic
2020-05-22,SouthAfrica-Krishnapatnam,Capesize,11.28,338.9,market_synthetic
2020-05-22,SouthAfrica-Vizag,Panamax,15.9,338.9,market_synthetic
2020-05-22,Australia-Paradip,Capesize,14.32,338.9,market_synthetic
2020-05-22,Australia-Gangavaram,Capesize,14.29,338.9,market_synthetic
2020-05-22,Indonesia-Haldia,Handymax,17.68,338.9,market_synthetic
2020-05-22,Indonesia-Ennore,Supramax,16.05,338.9,market_synthetic
2020-05-22,Indonesia-Chennai,Handymax,17.21,338.9,market_synthetic
2020-05-29,Indonesia-Paradip,Supramax,15.14,345.9,market_synthetic
2020-05-29,Indonesia-Paradip,Panamax,13.18,345.9,market_synthetic
2020-05-29,Indonesia-Vizag,Supramax,15.53,345.9,market_synthetic
2020-05-29,Indonesia-Vizag,Panamax,11.84,345.9,market_synthetic
2020-05-29,Indonesia-Gangavaram,Capesize,9.99,345.9,market_synthetic
2020-05-29,SouthAfrica-Krishnapatnam,Capesize,13.55,345.9,market_synthetic
2020-05-29,SouthAfrica-Vizag,Panamax,15.42,345.9,market_synthetic
2020-05-29,Australia-Paradip,Capesize,12.94,345.9,market_synthetic
2020-05-29,Australia-Gangavaram,Capesize,14.28,345.9,market_synthetic
2020-05-29,Indonesia-Haldia,Handymax,16.51,345.9,market_synthetic
2020-05-29,Indonesia-Ennore,Supramax,16.28,345.9,market_synthetic
2020-05-29,Indonesia-Chennai,Handymax,18.49,345.9,market_synthetic
2020-06-05,Indonesia-Paradip,Supramax,14.77,304.2,market_synthetic
2020-06-05,Indonesia-Paradip,Panamax,12.59,304.2,market_synthetic
2020-06-05,Indonesia-Vizag,Supramax,14.44,304.2,market_synthetic
2020-06-05,Indonesia-Vizag,Panamax,13.25,304.2,market_synthetic
2020-06-05,Indonesia-Gangavaram,Capesize,9.79,304.2,market_synthetic
2020-06-05,SouthAfrica-Krishnapatnam,Capesize,12.17,304.2,market_synthetic
2020-06-05,SouthAfrica-Vizag,Panamax,14.94,304.2,market_synthetic
2020-06-05,Australia-Paradip,Capesize,14.34,304.2,market_synthetic
2020-06-05,Australia-Gangavaram,Capesize,14.84,304.2,market_synthetic
2020-06-05,Indonesia-Haldia,Handymax,17.2,304.2,market_synthetic
2020-06-05,Indonesia-Ennore,Supramax,15.15,304.2,market_synthetic
2020-06-05,Indonesia-Chennai,Handymax,17.99,304.2,market_synthetic
2020-06-12,Indonesia-Paradip,Supramax,13.87,343.0,market_synthetic
2020-06-12,Indonesia-Paradip,Panamax,10.27,343.0,market_synthetic
2020-06-12,Indonesia-Vizag,Supramax,14.67,343.0,market_synthetic
2020-06-12,Indonesia-Vizag,Panamax,12.23,343.0,market_synthetic
2020-06-12,Indonesia-Gangavaram,Capesize,10.2,343.0,market_synthetic
2020-06-12,SouthAfrica-Krishnapatnam,Capesize,11.5,343.0,market_synthetic
2020-06-12,SouthAfrica-Vizag,Panamax,16.94,343.0,market_synthetic
2020-06-12,Australia-Paradip,Capesize,12.24,343.0,market_synthetic
2020-06-12,Australia-Gangavaram,Capesize,13.54,343.0,market_synthetic
2020-06-12,Indonesia-Haldia,Handymax,16.71,343.0,market_synthetic
2020-06-12,Indonesia-Ennore,Supramax,14.8,343.0,market_synthetic
2020-06-12,Indonesia-Chennai,Handymax,17.3,343.0,market_synthetic
2020-06-19,Indonesia-Paradip,Supramax,13.21,300,market_synthetic
2020-06-19,Indonesia-Paradip,Panamax,11.55,300,market_synthetic
2020-06-19,Indonesia-Vizag,Supramax,15.38,300,market_synthetic
2020-06-19,Indonesia-Vizag,Panamax,11.59,300,market_synthetic
2020-06-19,Indonesia-Gangavaram,Capesize,9.98,300,market_synthetic
2020-06-19,SouthAfrica-Krishnapatnam,Capesize,10.72,300,market_synthetic
2020-06-19,SouthAfrica-Vizag,Panamax,15.53,300,market_synthetic
2020-06-19,Australia-Paradip,Capesize,14.03,300,market_synthetic
2020-06-19,Australia-Gangavaram,Capesize,11.25,300,market_synthetic
2020-06-19,Indonesia-Haldia,Handymax,15.42,300,market_synthetic
2020-06-19,Indonesia-Ennore,Supramax,14.36,300,market_synthetic
2020-06-19,Indonesia-Chennai,Handymax,17.53,300,market_synthetic
2020-06-26,Indonesia-Paradip,Supramax,13.14,300,market_synthetic
2020-06-26,Indonesia-Paradip,Panamax,11.17,300,market_synthetic
2020-06-26,Indonesia-Vizag,Supramax,13.61,300,market_synthetic
2020-06-26,Indonesia-Vizag,Panamax,11.39,300,market_synthetic
2020-06-26,Indonesia-Gangavaram,Capesize,10.15,300,market_synthetic
2020-06-26,SouthAfrica-Krishnapatnam,Capesize,8.96,300,market_synthetic
2020-06-26,SouthAfrica-Vizag,Panamax,14.58,300,market_synthetic
2020-06-26,Australia-Paradip,Capesize,12.5,300,market_synthetic
2020-06-26,Australia-Gangavaram,Capesize,11.95,300,market_synthetic
2020-06-26,Indonesia-Haldia,Handymax,15.65,300,market_synthetic
2020-06-26,Indonesia-Ennore,Supramax,13.88,300,market_synthetic
2020-06-26,Indonesia-Chennai,Handymax,18.65,300,market_synthetic
2020-07-03,Indonesia-Paradip,Supramax,13.17,300,market_synthetic
2020-07-03,Indonesia-Paradip,Panamax,10.53,300,market_synthetic
2020-07-03,Indonesia-Vizag,Supramax,14.61,300,market_synthetic
2020-07-03,Indonesia-Vizag,Panamax,10.12,300,market_synthetic
2020-07-03,Indonesia-Gangavaram,Capesize,9.17,300,market_synthetic
2020-07-03,SouthAfrica-Krishnapatnam,Capesize,10.98,300,market_synthetic
2020-07-03,SouthAfrica-Vizag,Panamax,15.03,300,market_synthetic
2020-07-03,Australia-Paradip,Capesize,12.81,300,market_synthetic
2020-07-03,Australia-Gangavaram,Capesize,11.15,300,market_synthetic
2020-07-03,Indonesia-Haldia,Handymax,15.86,300,market_synthetic
2020-07-03,Indonesia-Ennore,Supramax,15.55,300,market_synthetic
2020-07-03,Indonesia-Chennai,Handymax,16.03,300,market_synthetic
2020-07-10,Indonesia-Paradip,Supramax,13.36,300,market_synthetic
2020-07-10,Indonesia-Paradip,Panamax,11.3,300,market_synthetic
2020-07-10,Indonesia-Vizag,Supramax,13.45,300,market_synthetic
2020-07-10,Indonesia-Vizag,Panamax,12.49,300,market_synthetic
2020-07-10,Indonesia-Gangavaram,Capesize,8.69,300,market_synthetic
2020-07-10,SouthAfrica-Krishnapatnam,Capesize,10.54,300,market_synthetic
2020-07-10,SouthAfrica-Vizag,Panamax,14.78,300,market_synthetic
2020-07-10,Australia-Paradip,Capesize,12.29,300,market_synthetic
2020-07-10,Australia-Gangavaram,Capesize,11.16,300,market_synthetic
2020-07-10,Indonesia-Haldia,Handymax,16.59,300,market_synthetic
2020-07-10,Indonesia-Ennore,Supramax,13.75,300,market_synthetic
2020-07-10,Indonesia-Chennai,Handymax,16.15,300,market_synthetic
2020-07-17,Indonesia-Paradip,Supramax,14.42,300,market_synthetic
2020-07-17,Indonesia-Paradip,Panamax,10.64,300,market_synthetic
2020-07-17,Indonesia-Vizag,Supramax,13.64,300,market_synthetic
2020-07-17,Indonesia-Vizag,Panamax,11.17,300,market_synthetic
2020-07-17,Indonesia-Gangavaram,Capesize,10.01,300,market_synthetic
2020-07-17,SouthAfrica-Krishnapatnam,Capesize,11.16,300,market_synthetic
2020-07-17,SouthAfrica-Vizag,Panamax,14.07,300,market_synthetic
2020-07-17,Australia-Paradip,Capesize,11.31,300,market_synthetic
2020-07-17,Australia-Gangavaram,Capesize,11.11,300,market_synthetic
2020-07-17,Indonesia-Haldia,Handymax,17.45,300,market_synthetic
2020-07-17,Indonesia-Ennore,Supramax,13.92,300,market_synthetic
2020-07-17,Indonesia-Chennai,Handymax,15.78,300,market_synthetic
2020-07-24,Indonesia-Paradip,Supramax,13.61,300,market_synthetic
2020-07-24,Indonesia-Paradip,Panamax,8.76,300,market_synthetic
2020-07-24,Indonesia-Vizag,Supramax,13.31,300,market_synthetic
2020-07-24,Indonesia-Vizag,Panamax,9.64,300,market_synthetic
2020-07-24,Indonesia-Gangavaram,Capesize,8.4,300,market_synthetic
2020-07-24,SouthAfrica-Krishnapatnam,Capesize,10.3,300,market_synthetic
2020-07-24,SouthAfrica-Vizag,Panamax,14.1,300,market_synthetic
2020-07-24,Australia-Paradip,Capesize,12.04,300,market_synthetic
2020-07-24,Australia-Gangavaram,Capesize,12.34,300,market_synthetic
2020-07-24,Indonesia-Haldia,Handymax,14.95,300,market_synthetic
2020-07-24,Indonesia-Ennore,Supramax,14.49,300,market_synthetic
2020-07-24,Indonesia-Chennai,Handymax,15.58,300,market_synthetic
2020-07-31,Indonesia-Paradip,Supramax,13.02,300,market_synthetic
2020-07-31,Indonesia-Paradip,Panamax,9.86,300,market_synthetic
2020-07-31,Indonesia-Vizag,Supramax,14.39,300,market_synthetic
2020-07-31,Indonesia-Vizag,Panamax,9.81,300,market_synthetic
2020-07-31,Indonesia-Gangavaram,Capesize,8.35,300,market_synthetic
2020-07-31,SouthAfrica-Krishnapatnam,Capesize,10.08,300,market_synthetic
2020-07-31,SouthAfrica-Vizag,Panamax,14.78,300,market_synthetic
2020-07-31,Australia-Paradip,Capesize,11.31,300,market_synthetic
2020-07-31,Australia-Gangavaram,Capesize,10.05,300,market_synthetic
2020-07-31,Indonesia-Haldia,Handymax,13.54,300,market_synthetic
2020-07-31,Indonesia-Ennore,Supramax,14.14,300,market_synthetic
2020-07-31,Indonesia-Chennai,Handymax,15.17,300,market_synthetic
2020-08-07,Indonesia-Paradip,Supramax,12.89,300,market_synthetic
2020-08-07,Indonesia-Paradip,Panamax,10.05,300,market_synthetic
2020-08-07,Indonesia-Vizag,Supramax,12.95,300,market_synthetic
2020-08-07,Indonesia-Vizag,Panamax,10.88,300,market_synthetic
2020-08-07,Indonesia-Gangavaram,Capesize,6.73,300,market_synthetic
2020-08-07,SouthAfrica-Krishnapatnam,Capesize,9.66,300,market_synthetic
2020-08-07,SouthAfrica-Vizag,Panamax,14.05,300,market_synthetic
2020-08-07,Australia-Paradip,Capesize,12.73,300,market_synthetic
2020-08-07,Australia-Gangavaram,Capesize,10.16,300,market_synthetic
2020-08-07,Indonesia-Haldia,Handymax,15.34,300,market_synthetic
2020-08-07,Indonesia-Ennore,Supramax,13.55,300,market_synthetic
2020-08-07,Indonesia-Chennai,Handymax,14.84,300,market_synthetic
2020-08-14,Indonesia-Paradip,Supramax,12.29,300,market_synthetic
2020-08-14,Indonesia-Paradip,Panamax,8.13,300,market_synthetic
2020-08-14,Indonesia-Vizag,Supramax,12.61,300,market_synthetic
2020-08-14,Indonesia-Vizag,Panamax,11.19,300,market_synthetic
2020-08-14,Indonesia-Gangavaram,Capesize,6.72,300,market_synthetic
2020-08-14,SouthAfrica-Krishnapatnam,Capesize,8.54,300,market_synthetic
2020-08-14,SouthAfrica-Vizag,Panamax,13.54,300,market_synthetic
2020-08-14,Australia-Paradip,Capesize,10.54,300,market_synthetic
2020-08-14,Australia-Gangavaram,Capesize,10.48,300,market_synthetic
2020-08-14,Indonesia-Haldia,Handymax,14.6,300,market_synthetic
2020-08-14,Indonesia-Ennore,Supramax,12.95,300,market_synthetic
2020-08-14,Indonesia-Chennai,Handymax,15.73,300,market_synthetic
2020-08-21,Indonesia-Paradip,Supramax,12.03,300,market_synthetic
2020-08-21,Indonesia-Paradip,Panamax,10.43,300,market_synthetic
2020-08-21,Indonesia-Vizag,Supramax,13.34,300,market_synthetic
2020-08-21,Indonesia-Vizag,Panamax,9.74,300,market_synthetic
2020-08-21,Indonesia-Gangavaram,Capesize,7.98,300,market_synthetic
2020-08-21,SouthAfrica-Krishnapatnam,Capesize,9.6,300,market_synthetic
2020-08-21,SouthAfrica-Vizag,Panamax,13.52,300,market_synthetic
2020-08-21,Australia-Paradip,Capesize,11.21,300,market_synthetic
2020-08-21,Australia-Gangavaram,Capesize,10.15,300,market_synthetic
2020-08-21,Indonesia-Haldia,Handymax,15.58,300,market_synthetic
2020-08-21,Indonesia-Ennore,Supramax,13.65,300,market_synthetic
2020-08-21,Indonesia-Chennai,Handymax,14.41,300,market_synthetic
2020-08-28,Indonesia-Paradip,Supramax,11.54,300,market_synthetic
2020-08-28,Indonesia-Paradip,Panamax,8.67,300,market_synthetic
2020-08-28,Indonesia-Vizag,Supramax,11.1,300,market_synthetic
2020-08-28,Indonesia-Vizag,Panamax,10.89,300,market_synthetic
2020-08-28,Indonesia-Gangavaram,Capesize,8.54,300,market_synthetic
2020-08-28,SouthAfrica-Krishnapatnam,Capesize,9.37,300,market_synthetic
2020-08-28,SouthAfrica-Vizag,Panamax,13.02,300,market_synthetic
2020-08-28,Australia-Paradip,Capesize,11.52,300,market_synthetic
2020-08-28,Australia-Gangavaram,Capesize,9.03,300,market_synthetic
2020-08-28,Indonesia-Haldia,Handymax,14.52,300,market_synthetic
2020-08-28,Indonesia-Ennore,Supramax,13.31,300,market_synthetic
2020-08-28,Indonesia-Chennai,Handymax,16.41,300,market_synthetic
2020-09-04,Indonesia-Paradip,Supramax,13.05,660.4,market_synthetic
2020-09-04,Indonesia-Paradip,Panamax,9.63,660.4,market_synthetic
2020-09-04,Indonesia-Vizag,Supramax,15.37,660.4,market_synthetic
2020-09-04,Indonesia-Vizag,Panamax,10.99,660.4,market_synthetic
2020-09-04,Indonesia-Gangavaram,Capesize,10.6,660.4,market_synthetic
2020-09-04,SouthAfrica-Krishnapatnam,Capesize,10.77,660.4,market_synthetic
2020-09-04,SouthAfrica-Vizag,Panamax,14.15,660.4,market_synthetic
2020-09-04,Australia-Paradip,Capesize,12.22,660.4,market_synthetic
2020-09-04,Australia-Gangavaram,Capesize,12.61,660.4,market_synthetic
2020-09-04,Indonesia-Haldia,Handymax,17.41,660.4,market_synthetic
2020-09-04,Indonesia-Ennore,Supramax,13.88,660.4,market_synthetic
2020-09-04,Indonesia-Chennai,Handymax,16.66,660.4,market_synthetic
2020-09-11,Indonesia-Paradip,Supramax,12.21,520.1,market_synthetic
2020-09-11,Indonesia-Paradip,Panamax,10.76,520.1,market_synthetic
2020-09-11,Indonesia-Vizag,Supramax,14.28,520.1,market_synthetic
2020-09-11,Indonesia-Vizag,Panamax,10.37,520.1,market_synthetic
2020-09-11,Indonesia-Gangavaram,Capesize,9.08,520.1,market_synthetic
2020-09-11,SouthAfrica-Krishnapatnam,Capesize,10.85,520.1,market_synthetic
2020-09-11,SouthAfrica-Vizag,Panamax,11.78,520.1,market_synthetic
2020-09-11,Australia-Paradip,Capesize,12.81,520.1,market_synthetic
2020-09-11,Australia-Gangavaram,Capesize,13.33,520.1,market_synthetic
2020-09-11,Indonesia-Haldia,Handymax,14.98,520.1,market_synthetic
2020-09-11,Indonesia-Ennore,Supramax,12.81,520.1,market_synthetic
2020-09-11,Indonesia-Chennai,Handymax,15.34,520.1,market_synthetic
2020-09-18,Indonesia-Paradip,Supramax,12.98,567.2,market_synthetic
2020-09-18,Indonesia-Paradip,Panamax,11.54,567.2,market_synthetic
2020-09-18,Indonesia-Vizag,Supramax,14.05,567.2,market_synthetic
2020-09-18,Indonesia-Vizag,Panamax,11.05,567.2,market_synthetic
2020-09-18,Indonesia-Gangavaram,Capesize,9.09,567.2,market_synthetic
2020-09-18,SouthAfrica-Krishnapatnam,Capesize,10.08,567.2,market_synthetic
2020-09-18,SouthAfrica-Vizag,Panamax,14.8,567.2,market_synthetic
2020-09-18,Australia-Paradip,Capesize,14.32,567.2,market_synthetic
2020-09-18,Australia-Gangavaram,Capesize,10.92,567.2,market_synthetic
2020-09-18,Indonesia-Haldia,Handymax,14.53,567.2,market_synthetic
2020-09-18,Indonesia-Ennore,Supramax,14.56,567.2,market_synthetic
2020-09-18,Indonesia-Chennai,Handymax,16.91,567.2,market_synthetic
2020-09-25,Indonesia-Paradip,Supramax,13.02,649.1,market_synthetic
2020-09-25,Indonesia-Paradip,Panamax,9.15,649.1,market_synthetic
2020-09-25,Indonesia-Vizag,Supramax,12.48,649.1,market_synthetic
2020-09-25,Indonesia-Vizag,Panamax,11.18,649.1,market_synthetic
2020-09-25,Indonesia-Gangavaram,Capesize,8.31,649.1,market_synthetic
2020-09-25,SouthAfrica-Krishnapatnam,Capesize,11.28,649.1,market_synthetic
2020-09-25,SouthAfrica-Vizag,Panamax,14.28,649.1,market_synthetic
2020-09-25,Australia-Paradip,Capesize,12.94,649.1,market_synthetic
2020-09-25,Australia-Gangavaram,Capesize,13.06,649.1,market_synthetic
2020-09-25,Indonesia-Haldia,Handymax,15.98,649.1,market_synthetic
2020-09-25,Indonesia-Ennore,Supramax,15.42,649.1,market_synthetic
2020-09-25,Indonesia-Chennai,Handymax,15.62,649.1,market_synthetic
2020-10-02,Indonesia-Paradip,Supramax,12.49,598.5,market_synthetic
2020-10-02,Indonesia-Paradip,Panamax,10.7,598.5,market_synthetic
2020-10-02,Indonesia-Vizag,Supramax,12.16,598.5,market_synthetic
2020-10-02,Indonesia-Vizag,Panamax,11.29,598.5,market_synthetic
2020-10-02,Indonesia-Gangavaram,Capesize,8.1,598.5,market_synthetic
2020-10-02,SouthAfrica-Krishnapatnam,Capesize,10.52,598.5,market_synthetic
2020-10-02,SouthAfrica-Vizag,Panamax,14.8,598.5,market_synthetic
2020-10-02,Australia-Paradip,Capesize,11.22,598.5,market_synthetic
2020-10-02,Australia-Gangavaram,Capesize,11.94,598.5,market_synthetic
2020-10-02,Indonesia-Haldia,Handymax,14.57,598.5,market_synthetic
2020-10-02,Indonesia-Ennore,Supramax,13.66,598.5,market_synthetic
2020-10-02,Indonesia-Chennai,Handymax,16.76,598.5,market_synthetic
2020-10-09,Indonesia-Paradip,Supramax,12.31,558.9,market_synthetic
2020-10-09,Indonesia-Paradip,Panamax,10.47,558.9,market_synthetic
2020-10-09,Indonesia-Vizag,Supramax,14.08,558.9,market_synthetic
2020-10-09,Indonesia-Vizag,Panamax,11.74,558.9,market_synthetic
2020-10-09,Indonesia-Gangavaram,Capesize,7.95,558.9,market_synthetic
2020-10-09,SouthAfrica-Krishnapatnam,Capesize,11.1,558.9,market_synthetic
2020-10-09,SouthAfrica-Vizag,Panamax,15.07,558.9,market_synthetic
2020-10-09,Australia-Paradip,Capesize,11.69,558.9,market_synthetic
2020-10-09,Australia-Gangavaram,Capesize,10.59,558.9,market_synthetic
2020-10-09,Indonesia-Haldia,Handymax,13.86,558.9,market_synthetic
2020-10-09,Indonesia-Ennore,Supramax,14.48,558.9,market_synthetic
2020-10-09,Indonesia-Chennai,Handymax,16.55,558.9,market_synthetic
2020-10-16,Indonesia-Paradip,Supramax,14.12,615.1,market_synthetic
2020-10-16,Indonesia-Paradip,Panamax,9.92,615.1,market_synthetic
2020-10-16,Indonesia-Vizag,Supramax,13.32,615.1,market_synthetic
2020-10-16,Indonesia-Vizag,Panamax,8.51,615.1,market_synthetic
2020-10-16,Indonesia-Gangavaram,Capesize,8.88,615.1,market_synthetic
2020-10-16,SouthAfrica-Krishnapatnam,Capesize,11.19,615.1,market_synthetic
2020-10-16,SouthAfrica-Vizag,Panamax,13.72,615.1,market_synthetic
2020-10-16,Australia-Paradip,Capesize,11.77,615.1,market_synthetic
2020-10-16,Australia-Gangavaram,Capesize,12.3,615.1,market_synthetic
2020-10-16,Indonesia-Haldia,Handymax,15.34,615.1,market_synthetic
2020-10-16,Indonesia-Ennore,Supramax,13.96,615.1,market_synthetic
2020-10-16,Indonesia-Chennai,Handymax,14.27,615.1,market_synthetic
2020-10-23,Indonesia-Paradip,Supramax,12.86,694.6,market_synthetic
2020-10-23,Indonesia-Paradip,Panamax,9.41,694.6,market_synthetic
2020-10-23,Indonesia-Vizag,Supramax,14.96,694.6,market_synthetic
2020-10-23,Indonesia-Vizag,Panamax,9.56,694.6,market_synthetic
2020-10-23,Indonesia-Gangavaram,Capesize,10.04,694.6,market_synthetic
2020-10-23,SouthAfrica-Krishnapatnam,Capesize,11.78,694.6,market_synthetic
2020-10-23,SouthAfrica-Vizag,Panamax,15.29,694.6,market_synthetic
2020-10-23,Australia-Paradip,Capesize,12.28,694.6,market_synthetic
2020-10-23,Australia-Gangavaram,Capesize,13.8,694.6,market_synthetic
2020-10-23,Indonesia-Haldia,Handymax,14.55,694.6,market_synthetic
2020-10-23,Indonesia-Ennore,Supramax,14.14,694.6,market_synthetic
2020-10-23,Indonesia-Chennai,Handymax,16.84,694.6,market_synthetic
2020-10-30,Indonesia-Paradip,Supramax,13.62,606.3,market_synthetic
2020-10-30,Indonesia-Paradip,Panamax,9.75,606.3,market_synthetic
2020-10-30,Indonesia-Vizag,Supramax,13.11,606.3,market_synthetic
2020-10-30,Indonesia-Vizag,Panamax,10.73,606.3,market_synthetic
2020-10-30,Indonesia-Gangavaram,Capesize,7.37,606.3,market_synthetic
2020-10-30,SouthAfrica-Krishnapatnam,Capesize,9.33,606.3,market_synthetic
2020-10-30,SouthAfrica-Vizag,Panamax,15.31,606.3,market_synthetic
2020-10-30,Australia-Paradip,Capesize,10.24,606.3,market_synthetic
2020-10-30,Australia-Gangavaram,Capesize,11.41,606.3,market_synthetic
2020-10-30,Indonesia-Haldia,Handymax,15.08,606.3,market_synthetic
2020-10-30,Indonesia-Ennore,Supramax,13.62,606.3,market_synthetic
2020-10-30,Indonesia-Chennai,Handymax,15.65,606.3,market_synthetic
2020-11-06,Indonesia-Paradip,Supramax,13.86,636.9,market_synthetic
2020-11-06,Indonesia-Paradip,Panamax,10.08,636.9,market_synthetic
2020-11-06,Indonesia-Vizag,Supramax,11.95,636.9,market_synthetic
2020-11-06,Indonesia-Vizag,Panamax,11.29,636.9,market_synthetic
2020-11-06,Indonesia-Gangavaram,Capesize,9.79,636.9,market_synthetic
2020-11-06,SouthAfrica-Krishnapatnam,Capesize,11.09,636.9,market_synthetic
2020-11-06,SouthAfrica-Vizag,Panamax,14.23,636.9,market_synthetic
2020-11-06,Australia-Paradip,Capesize,11.14,636.9,market_synthetic
2020-11-06,Australia-Gangavaram,Capesize,13.67,636.9,market_synthetic
2020-11-06,Indonesia-Haldia,Handymax,15.26,636.9,market_synthetic
2020-11-06,Indonesia-Ennore,Supramax,15.2,636.9,market_synthetic
2020-11-06,Indonesia-Chennai,Handymax,16.66,636.9,market_synthetic
2020-11-13,Indonesia-Paradip,Supramax,13.79,705.3,market_synthetic
2020-11-13,Indonesia-Paradip,Panamax,11.94,705.3,market_synthetic
2020-11-13,Indonesia-Vizag,Supramax,15.38,705.3,market_synthetic
2020-11-13,Indonesia-Vizag,Panamax,12.12,705.3,market_synthetic
2020-11-13,Indonesia-Gangavaram,Capesize,9.48,705.3,market_synthetic
2020-11-13,SouthAfrica-Krishnapatnam,Capesize,10.79,705.3,market_synthetic
2020-11-13,SouthAfrica-Vizag,Panamax,16.28,705.3,market_synthetic
2020-11-13,Australia-Paradip,Capesize,13.22,705.3,market_synthetic
2020-11-13,Australia-Gangavaram,Capesize,12.48,705.3,market_synthetic
2020-11-13,Indonesia-Haldia,Handymax,15.01,705.3,market_synthetic
2020-11-13,Indonesia-Ennore,Supramax,13.68,705.3,market_synthetic
2020-11-13,Indonesia-Chennai,Handymax,17.55,705.3,market_synthetic
2020-11-20,Indonesia-Paradip,Supramax,14.18,716.1,market_synthetic
2020-11-20,Indonesia-Paradip,Panamax,10.12,716.1,market_synthetic
2020-11-20,Indonesia-Vizag,Supramax,14.39,716.1,market_synthetic
2020-11-20,Indonesia-Vizag,Panamax,10.44,716.1,market_synthetic
2020-11-20,Indonesia-Gangavaram,Capesize,9.81,716.1,market_synthetic
2020-11-20,SouthAfrica-Krishnapatnam,Capesize,11.13,716.1,market_synthetic
2020-11-20,SouthAfrica-Vizag,Panamax,15.91,716.1,market_synthetic
2020-11-20,Australia-Paradip,Capesize,13.63,716.1,market_synthetic
2020-11-20,Australia-Gangavaram,Capesize,12.69,716.1,market_synthetic
2020-11-20,Indonesia-Haldia,Handymax,17.37,716.1,market_synthetic
2020-11-20,Indonesia-Ennore,Supramax,15.1,716.1,market_synthetic
2020-11-20,Indonesia-Chennai,Handymax,16.49,716.1,market_synthetic
2020-11-27,Indonesia-Paradip,Supramax,14.72,722.5,market_synthetic
2020-11-27,Indonesia-Paradip,Panamax,11.81,722.5,market_synthetic
2020-11-27,Indonesia-Vizag,Supramax,13.87,722.5,market_synthetic
2020-11-27,Indonesia-Vizag,Panamax,13.09,722.5,market_synthetic
2020-11-27,Indonesia-Gangavaram,Capesize,10.69,722.5,market_synthetic
2020-11-27,SouthAfrica-Krishnapatnam,Capesize,11.51,722.5,market_synthetic
2020-11-27,SouthAfrica-Vizag,Panamax,16.75,722.5,market_synthetic
2020-11-27,Australia-Paradip,Capesize,14.19,722.5,market_synthetic
2020-11-27,Australia-Gangavaram,Capesize,14.57,722.5,market_synthetic
2020-11-27,Indonesia-Haldia,Handymax,16.86,722.5,market_synthetic
2020-11-27,Indonesia-Ennore,Supramax,14.72,722.5,market_synthetic
2020-11-27,Indonesia-Chennai,Handymax,17.12,722.5,market_synthetic
2020-12-04,Indonesia-Paradip,Supramax,14.38,696.3,market_synthetic
2020-12-04,Indonesia-Paradip,Panamax,11.89,696.3,market_synthetic
2020-12-04,Indonesia-Vizag,Supramax,13.6,696.3,market_synthetic
2020-12-04,Indonesia-Vizag,Panamax,12.2,696.3,market_synthetic
2020-12-04,Indonesia-Gangavaram,Capesize,10.29,696.3,market_synthetic
2020-12-04,SouthAfrica-Krishnapatnam,Capesize,11.13,696.3,market_synthetic
2020-12-04,SouthAfrica-Vizag,Panamax,14.8,696.3,market_synthetic
2020-12-04,Australia-Paradip,Capesize,12.86,696.3,market_synthetic
2020-12-04,Australia-Gangavaram,Capesize,13.51,696.3,market_synthetic
2020-12-04,Indonesia-Haldia,Handymax,16.75,696.3,market_synthetic
2020-12-04,Indonesia-Ennore,Supramax,15.56,696.3,market_synthetic
2020-12-04,Indonesia-Chennai,Handymax,17.98,696.3,market_synthetic
2020-12-11,Indonesia-Paradip,Supramax,14.29,715.5,market_synthetic
2020-12-11,Indonesia-Paradip,Panamax,12.01,715.5,market_synthetic
2020-12-11,Indonesia-Vizag,Supramax,15.66,715.5,market_synthetic
2020-12-11,Indonesia-Vizag,Panamax,11.84,715.5,market_synthetic
2020-12-11,Indonesia-Gangavaram,Capesize,10.33,715.5,market_synthetic
2020-12-11,SouthAfrica-Krishnapatnam,Capesize,11.76,715.5,market_synthetic
2020-12-11,SouthAfrica-Vizag,Panamax,15.6,715.5,market_synthetic
2020-12-11,Australia-Paradip,Capesize,14.18,715.5,market_synthetic
2020-12-11,Australia-Gangavaram,Capesize,13.39,715.5,market_synthetic
2020-12-11,Indonesia-Haldia,Handymax,15.27,715.5,market_synthetic
2020-12-11,Indonesia-Ennore,Supramax,16.12,715.5,market_synthetic
2020-12-11,Indonesia-Chennai,Handymax,18.03,715.5,market_synthetic
2020-12-18,Indonesia-Paradip,Supramax,14.52,820.8,market_synthetic
2020-12-18,Indonesia-Paradip,Panamax,12.81,820.8,market_synthetic
2020-12-18,Indonesia-Vizag,Supramax,16.42,820.8,market_synthetic
2020-12-18,Indonesia-Vizag,Panamax,12.65,820.8,market_synthetic
2020-12-18,Indonesia-Gangavaram,Capesize,11.35,820.8,market_synthetic
2020-12-18,SouthAfrica-Krishnapatnam,Capesize,14.2,820.8,market_synthetic
2020-12-18,SouthAfrica-Vizag,Panamax,16.8,820.8,market_synthetic
2020-12-18,Australia-Paradip,Capesize,15.97,820.8,market_synthetic
2020-12-18,Australia-Gangavaram,Capesize,14.12,820.8,market_synthetic
2020-12-18,Indonesia-Haldia,Handymax,14.39,820.8,market_synthetic
2020-12-18,Indonesia-Ennore,Supramax,15.45,820.8,market_synthetic
2020-12-18,Indonesia-Chennai,Handymax,18.67,820.8,market_synthetic
2020-12-25,Indonesia-Paradip,Supramax,16.33,912.7,market_synthetic
2020-12-25,Indonesia-Paradip,Panamax,13.21,912.7,market_synthetic
2020-12-25,Indonesia-Vizag,Supramax,17.35,912.7,market_synthetic
2020-12-25,Indonesia-Vizag,Panamax,14.37,912.7,market_synthetic
2020-12-25,Indonesia-Gangavaram,Capesize,12.09,912.7,market_synthetic
2020-12-25,SouthAfrica-Krishnapatnam,Capesize,14.6,912.7,market_synthetic
2020-12-25,SouthAfrica-Vizag,Panamax,18.09,912.7,market_synthetic
2020-12-25,Australia-Paradip,Capesize,14.7,912.7,market_synthetic
2020-12-25,Australia-Gangavaram,Capesize,15.37,912.7,market_synthetic
2020-12-25,Indonesia-Haldia,Handymax,18.42,912.7,market_synthetic
2020-12-25,Indonesia-Ennore,Supramax,17.75,912.7,market_synthetic
2020-12-25,Indonesia-Chennai,Handymax,20.09,912.7,market_synthetic
2021-01-01,Indonesia-Paradip,Supramax,18.29,955.0,market_synthetic
2021-01-01,Indonesia-Paradip,Panamax,13.07,955.0,market_synthetic
2021-01-01,Indonesia-Vizag,Supramax,16.48,955.0,market_synthetic
2021-01-01,Indonesia-Vizag,Panamax,13.97,955.0,market_synthetic
2021-01-01,Indonesia-Gangavaram,Capesize,12.91,955.0,market_synthetic
2021-01-01,SouthAfrica-Krishnapatnam,Capesize,14.95,955.0,market_synthetic
2021-01-01,SouthAfrica-Vizag,Panamax,18.1,955.0,market_synthetic
2021-01-01,Australia-Paradip,Capesize,14.42,955.0,market_synthetic
2021-01-01,Australia-Gangavaram,Capesize,14.87,955.0,market_synthetic
2021-01-01,Indonesia-Haldia,Handymax,17.29,955.0,market_synthetic
2021-01-01,Indonesia-Ennore,Supramax,15.65,955.0,market_synthetic
2021-01-01,Indonesia-Chennai,Handymax,19.35,955.0,market_synthetic
2021-01-08,Indonesia-Paradip,Supramax,18.18,1032.9,market_synthetic
2021-01-08,Indonesia-Paradip,Panamax,12.52,1032.9,market_synthetic
2021-01-08,Indonesia-Vizag,Supramax,18.2,1032.9,market_synthetic
2021-01-08,Indonesia-Vizag,Panamax,12.72,1032.9,market_synthetic
2021-01-08,Indonesia-Gangavaram,Capesize,12.87,1032.9,market_synthetic
2021-01-08,SouthAfrica-Krishnapatnam,Capesize,14.85,1032.9,market_synthetic
2021-01-08,SouthAfrica-Vizag,Panamax,18.75,1032.9,market_synthetic
2021-01-08,Australia-Paradip,Capesize,17.57,1032.9,market_synthetic
2021-01-08,Australia-Gangavaram,Capesize,15.65,1032.9,market_synthetic
2021-01-08,Indonesia-Haldia,Handymax,18.59,1032.9,market_synthetic
2021-01-08,Indonesia-Ennore,Supramax,17.76,1032.9,market_synthetic
2021-01-08,Indonesia-Chennai,Handymax,19.64,1032.9,market_synthetic
2021-01-15,Indonesia-Paradip,Supramax,16.02,986.7,market_synthetic
2021-01-15,Indonesia-Paradip,Panamax,13.15,986.7,market_synthetic
2021-01-15,Indonesia-Vizag,Supramax,17.37,986.7,market_synthetic
2021-01-15,Indonesia-Vizag,Panamax,12.35,986.7,market_synthetic
2021-01-15,Indonesia-Gangavaram,Capesize,13.71,986.7,market_synthetic
2021-01-15,SouthAfrica-Krishnapatnam,Capesize,14.89,986.7,market_synthetic
2021-01-15,SouthAfrica-Vizag,Panamax,17.91,986.7,market_synthetic
2021-01-15,Australia-Paradip,Capesize,16.2,986.7,market_synthetic
2021-01-15,Australia-Gangavaram,Capesize,15.89,986.7,market_synthetic
2021-01-15,Indonesia-Haldia,Handymax,19.78,986.7,market_synthetic
2021-01-15,Indonesia-Ennore,Supramax,17.53,986.7,market_synthetic
2021-01-15,Indonesia-Chennai,Handymax,18.39,986.7,market_synthetic
2021-01-22,Indonesia-Paradip,Supramax,17.77,1122.3,market_synthetic
2021-01-22,Indonesia-Paradip,Panamax,15.33,1122.3,market_synthetic
2021-01-22,Indonesia-Vizag,Supramax,18.01,1122.3,market_synthetic
2021-01-22,Indonesia-Vizag,Panamax,14.67,1122.3,market_synthetic
2021-01-22,Indonesia-Gangavaram,Capesize,13.57,1122.3,market_synthetic
2021-01-22,SouthAfrica-Krishnapatnam,Capesize,15.21,1122.3,market_synthetic
2021-01-22,SouthAfrica-Vizag,Panamax,19.66,1122.3,market_synthetic
2021-01-22,Australia-Paradip,Capesize,17.63,1122.3,market_synthetic
2021-01-22,Australia-Gangavaram,Capesize,16.99,1122.3,market_synthetic
2021-01-22,Indonesia-Haldia,Handymax,18.85,1122.3,market_synthetic
2021-01-22,Indonesia-Ennore,Supramax,19.53,1122.3,market_synthetic
2021-01-22,Indonesia-Chennai,Handymax,19.55,1122.3,market_synthetic
2021-01-29,Indonesia-Paradip,Supramax,18.37,1093.6,market_synthetic
2021-01-29,Indonesia-Paradip,Panamax,14.45,1093.6,market_synthetic
2021-01-29,Indonesia-Vizag,Supramax,17.43,1093.6,market_synthetic
2021-01-29,Indonesia-Vizag,Panamax,14.2,1093.6,market_synthetic
2021-01-29,Indonesia-Gangavaram,Capesize,13.46,1093.6,market_synthetic
2021-01-29,SouthAfrica-Krishnapatnam,Capesize,16.15,1093.6,market_synthetic
2021-01-29,SouthAfrica-Vizag,Panamax,19.47,1093.6,market_synthetic
2021-01-29,Australia-Paradip,Capesize,16.74,1093.6,market_synthetic
2021-01-29,Australia-Gangavaram,Capesize,16.57,1093.6,market_synthetic
2021-01-29,Indonesia-Haldia,Handymax,18.84,1093.6,market_synthetic
2021-01-29,Indonesia-Ennore,Supramax,19.08,1093.6,market_synthetic
2021-01-29,Indonesia-Chennai,Handymax,20.46,1093.6,market_synthetic
2021-02-05,Indonesia-Paradip,Supramax,18.38,1099.1,market_synthetic
2021-02-05,Indonesia-Paradip,Panamax,15.41,1099.1,market_synthetic
2021-02-05,Indonesia-Vizag,Supramax,18.76,1099.1,market_synthetic
2021-02-05,Indonesia-Vizag,Panamax,15.86,1099.1,market_synthetic
2021-02-05,Indonesia-Gangavaram,Capesize,13.7,1099.1,market_synthetic
2021-02-05,SouthAfrica-Krishnapatnam,Capesize,15.71,1099.1,market_synthetic
2021-02-05,SouthAfrica-Vizag,Panamax,19.81,1099.1,market_synthetic
2021-02-05,Australia-Paradip,Capesize,17.36,1099.1,market_synthetic
2021-02-05,Australia-Gangavaram,Capesize,18.21,1099.1,market_synthetic
2021-02-05,Indonesia-Haldia,Handymax,18.55,1099.1,market_synthetic
2021-02-05,Indonesia-Ennore,Supramax,19.55,1099.1,market_synthetic
2021-02-05,Indonesia-Chennai,Handymax,21.82,1099.1,market_synthetic
2021-02-12,Indonesia-Paradip,Supramax,17.86,1168.9,market_synthetic
2021-02-12,Indonesia-Paradip,Panamax,14.27,1168.9,market_synthetic
2021-02-12,Indonesia-Vizag,Supramax,20.37,1168.9,market_synthetic
2021-02-12,Indonesia-Vizag,Panamax,15.36,1168.9,market_synthetic
2021-02-12,Indonesia-Gangavaram,Capesize,14.44,1168.9,market_synthetic
2021-02-12,SouthAfrica-Krishnapatnam,Capesize,16.14,1168.9,market_synthetic
2021-02-12,SouthAfrica-Vizag,Panamax,20.45,1168.9,market_synthetic
2021-02-12,Australia-Paradip,Capesize,19.05,1168.9,market_synthetic
2021-02-12,Australia-Gangavaram,Capesize,15.73,1168.9,market_synthetic
2021-02-12,Indonesia-Haldia,Handymax,19.68,1168.9,market_synthetic
2021-02-12,Indonesia-Ennore,Supramax,19.03,1168.9,market_synthetic
2021-02-12,Indonesia-Chennai,Handymax,22.39,1168.9,market_synthetic
2021-02-19,Indonesia-Paradip,Supramax,19.1,1269.8,market_synthetic
2021-02-19,Indonesia-Paradip,Panamax,15.97,1269.8,market_synthetic
2021-02-19,Indonesia-Vizag,Supramax,18.96,1269.8,market_synthetic
2021-02-19,Indonesia-Vizag,Panamax,15.57,1269.8,market_synthetic
2021-02-19,Indonesia-Gangavaram,Capesize,13.82,1269.8,market_synthetic
2021-02-19,SouthAfrica-Krishnapatnam,Capesize,18.18,1269.8,market_synthetic
2021-02-19,SouthAfrica-Vizag,Panamax,21.47,1269.8,market_synthetic
2021-02-19,Australia-Paradip,Capesize,18.56,1269.8,market_synthetic
2021-02-19,Australia-Gangavaram,Capesize,17.45,1269.8,market_synthetic
2021-02-19,Indonesia-Haldia,Handymax,22.29,1269.8,market_synthetic
2021-02-19,Indonesia-Ennore,Supramax,19.63,1269.8,market_synthetic
2021-02-19,Indonesia-Chennai,Handymax,21.41,1269.8,market_synthetic
2021-02-26,Indonesia-Paradip,Supramax,19.84,1224.1,market_synthetic
2021-02-26,Indonesia-Paradip,Panamax,15.68,1224.1,market_synthetic
2021-02-26,Indonesia-Vizag,Supramax,18.95,1224.1,market_synthetic
2021-02-26,Indonesia-Vizag,Panamax,17.55,1224.1,market_synthetic
2021-02-26,Indonesia-Gangavaram,Capesize,14.71,1224.1,market_synthetic
2021-02-26,SouthAfrica-Krishnapatnam,Capesize,17.68,1224.1,market_synthetic
2021-02-26,SouthAfrica-Vizag,Panamax,20.07,1224.1,market_synthetic
2021-02-26,Australia-Paradip,Capesize,18.66,1224.1,market_synthetic
2021-02-26,Australia-Gangavaram,Capesize,18.53,1224.1,market_synthetic
2021-02-26,Indonesia-Haldia,Handymax,19.0,1224.1,market_synthetic
2021-02-26,Indonesia-Ennore,Supramax,20.28,1224.1,market_synthetic
2021-02-26,Indonesia-Chennai,Handymax,22.25,1224.1,market_synthetic
2021-03-05,Indonesia-Paradip,Supramax,18.85,1245.2,market_synthetic
2021-03-05,Indonesia-Paradip,Panamax,16.41,1245.2,market_synthetic
2021-03-05,Indonesia-Vizag,Supramax,20.3,1245.2,market_synthetic
2021-03-05,Indonesia-Vizag,Panamax,16.43,1245.2,market_synthetic
2021-03-05,Indonesia-Gangavaram,Capesize,15.21,1245.2,market_synthetic
2021-03-05,SouthAfrica-Krishnapatnam,Capesize,16.85,1245.2,market_synthetic
2021-03-05,SouthAfrica-Vizag,Panamax,21.03,1245.2,market_synthetic
2021-03-05,Australia-Paradip,Capesize,19.4,1245.2,market_synthetic
2021-03-05,Australia-Gangavaram,Capesize,18.65,1245.2,market_synthetic
2021-03-05,Indonesia-Haldia,Handymax,19.12,1245.2,market_synthetic
2021-03-05,Indonesia-Ennore,Supramax,20.92,1245.2,market_synthetic
2021-03-05,Indonesia-Chennai,Handymax,20.64,1245.2,market_synthetic
2021-03-12,Indonesia-Paradip,Supramax,20.44,1239.4,market_synthetic
2021-03-12,Indonesia-Paradip,Panamax,17.27,1239.4,market_synthetic
2021-03-12,Indonesia-Vizag,Supramax,20.99,1239.4,market_synthetic
2021-03-12,Indonesia-Vizag,Panamax,15.96,1239.4,market_synthetic
2021-03-12,Indonesia-Gangavaram,Capesize,16.41,1239.4,market_synthetic
2021-03-12,SouthAfrica-Krishnapatnam,Capesize,16.23,1239.4,market_synthetic
2021-03-12,SouthAfrica-Vizag,Panamax,20.61,1239.4,market_synthetic
2021-03-12,Australia-Paradip,Capesize,20.92,1239.4,market_synthetic
2021-03-12,Australia-Gangavaram,Capesize,17.03,1239.4,market_synthetic
2021-03-12,Indonesia-Haldia,Handymax,20.87,1239.4,market_synthetic
2021-03-12,Indonesia-Ennore,Supramax,20.19,1239.4,market_synthetic
2021-03-12,Indonesia-Chennai,Handymax,22.02,1239.4,market_synthetic
2021-03-19,Indonesia-Paradip,Supramax,19.5,1356.1,market_synthetic
2021-03-19,Indonesia-Paradip,Panamax,16.66,1356.1,market_synthetic
2021-03-19,Indonesia-Vizag,Supramax,20.35,1356.1,market_synthetic
2021-03-19,Indonesia-Vizag,Panamax,15.64,1356.1,market_synthetic
2021-03-19,Indonesia-Gangavaram,Capesize,16.02,1356.1,market_synthetic
2021-03-19,SouthAfrica-Krishnapatnam,Capesize,18.59,1356.1,market_synthetic
2021-03-19,SouthAfrica-Vizag,Panamax,20.2,1356.1,market_synthetic
2021-03-19,Australia-Paradip,Capesize,20.4,1356.1,market_synthetic
2021-03-19,Australia-Gangavaram,Capesize,17.49,1356.1,market_synthetic
2021-03-19,Indonesia-Haldia,Handymax,22.21,1356.1,market_synthetic
2021-03-19,Indonesia-Ennore,Supramax,20.0,1356.1,market_synthetic
2021-03-19,Indonesia-Chennai,Handymax,23.17,1356.1,market_synthetic
2021-03-26,Indonesia-Paradip,Supramax,21.32,1370.8,market_synthetic
2021-03-26,Indonesia-Paradip,Panamax,15.89,1370.8,market_synthetic
2021-03-26,Indonesia-Vizag,Supramax,21.71,1370.8,market_synthetic
2021-03-26,Indonesia-Vizag,Panamax,16.75,1370.8,market_synthetic
2021-03-26,Indonesia-Gangavaram,Capesize,17.17,1370.8,market_synthetic
2021-03-26,SouthAfrica-Krishnapatnam,Capesize,19.57,1370.8,market_synthetic
2021-03-26,SouthAfrica-Vizag,Panamax,21.26,1370.8,market_synthetic
2021-03-26,Australia-Paradip,Capesize,20.59,1370.8,market_synthetic
2021-03-26,Australia-Gangavaram,Capesize,18.72,1370.8,market_synthetic
2021-03-26,Indonesia-Haldia,Handymax,22.37,1370.8,market_synthetic
2021-03-26,Indonesia-Ennore,Supramax,20.5,1370.8,market_synthetic
2021-03-26,Indonesia-Chennai,Handymax,23.01,1370.8,market_synthetic
2021-04-02,Indonesia-Paradip,Supramax,19.82,1287.1,market_synthetic
2021-04-02,Indonesia-Paradip,Panamax,16.39,1287.1,market_synthetic
2021-04-02,Indonesia-Vizag,Supramax,18.57,1287.1,market_synthetic
2021-04-02,Indonesia-Vizag,Panamax,16.33,1287.1,market_synthetic
2021-04-02,Indonesia-Gangavaram,Capesize,16.9,1287.1,market_synthetic
2021-04-02,SouthAfrica-Krishnapatnam,Capesize,18.31,1287.1,market_synthetic
2021-04-02,SouthAfrica-Vizag,Panamax,20.73,1287.1,market_synthetic
2021-04-02,Australia-Paradip,Capesize,20.25,1287.1,market_synthetic
2021-04-02,Australia-Gangavaram,Capesize,18.77,1287.1,market_synthetic
2021-04-02,Indonesia-Haldia,Handymax,19.97,1287.1,market_synthetic
2021-04-02,Indonesia-Ennore,Supramax,20.89,1287.1,market_synthetic
2021-04-02,Indonesia-Chennai,Handymax,21.82,1287.1,market_synthetic
2021-04-09,Indonesia-Paradip,Supramax,19.01,1297.5,market_synthetic
2021-04-09,Indonesia-Paradip,Panamax,14.85,1297.5,market_synthetic
2021-04-09,Indonesia-Vizag,Supramax,20.95,1297.5,market_synthetic
2021-04-09,Indonesia-Vizag,Panamax,15.87,1297.5,market_synthetic
2021-04-09,Indonesia-Gangavaram,Capesize,16.26,1297.5,market_synthetic
2021-04-09,SouthAfrica-Krishnapatnam,Capesize,19.04,1297.5,market_synthetic
2021-04-09,SouthAfrica-Vizag,Panamax,20.91,1297.5,market_synthetic
2021-04-09,Australia-Paradip,Capesize,19.73,1297.5,market_synthetic
2021-04-09,Australia-Gangavaram,Capesize,18.56,1297.5,market_synthetic
2021-04-09,Indonesia-Haldia,Handymax,20.38,1297.5,market_synthetic
2021-04-09,Indonesia-Ennore,Supramax,19.43,1297.5,market_synthetic
2021-04-09,Indonesia-Chennai,Handymax,23.2,1297.5,market_synthetic
2021-04-16,Indonesia-Paradip,Supramax,19.99,1305.9,market_synthetic
2021-04-16,Indonesia-Paradip,Panamax,16.13,1305.9,market_synthetic
2021-04-16,Indonesia-Vizag,Supramax,20.16,1305.9,market_synthetic
2021-04-16,Indonesia-Vizag,Panamax,15.64,1305.9,market_synthetic
2021-04-16,Indonesia-Gangavaram,Capesize,16.6,1305.9,market_synthetic
2021-04-16,SouthAfrica-Krishnapatnam,Capesize,17.15,1305.9,market_synthetic
2021-04-16,SouthAfrica-Vizag,Panamax,21.42,1305.9,market_synthetic
2021-04-16,Australia-Paradip,Capesize,19.84,1305.9,market_synthetic
2021-04-16,Australia-Gangavaram,Capesize,18.8,1305.9,market_synthetic
2021-04-16,Indonesia-Haldia,Handymax,21.36,1305.9,market_synthetic
2021-04-16,Indonesia-Ennore,Supramax,21.17,1305.9,market_synthetic
2021-04-16,Indonesia-Chennai,Handymax,22.17,1305.9,market_synthetic
2021-04-23,Indonesia-Paradip,Supramax,18.58,1359.5,market_synthetic
2021-04-23,Indonesia-Paradip,Panamax,15.34,1359.5,market_synthetic
2021-04-23,Indonesia-Vizag,Supramax,20.23,1359.5,market_synthetic
2021-04-23,Indonesia-Vizag,Panamax,17.42,1359.5,market_synthetic
2021-04-23,Indonesia-Gangavaram,Capesize,16.62,1359.5,market_synthetic
2021-04-23,SouthAfrica-Krishnapatnam,Capesize,18.32,1359.5,market_synthetic
2021-04-23,SouthAfrica-Vizag,Panamax,21.34,1359.5,market_synthetic
2021-04-23,Australia-Paradip,Capesize,19.36,1359.5,market_synthetic
2021-04-23,Australia-Gangavaram,Capesize,19.44,1359.5,market_synthetic
2021-04-23,Indonesia-Haldia,Handymax,19.71,1359.5,market_synthetic
2021-04-23,Indonesia-Ennore,Supramax,20.19,1359.5,market_synthetic
2021-04-23,Indonesia-Chennai,Handymax,23.38,1359.5,market_synthetic
2021-04-30,Indonesia-Paradip,Supramax,19.89,1226.7,market_synthetic
2021-04-30,Indonesia-Paradip,Panamax,14.95,1226.7,market_synthetic
2021-04-30,Indonesia-Vizag,Supramax,20.05,1226.7,market_synthetic
2021-04-30,Indonesia-Vizag,Panamax,15.6,1226.7,market_synthetic
2021-04-30,Indonesia-Gangavaram,Capesize,15.02,1226.7,market_synthetic
2021-04-30,SouthAfrica-Krishnapatnam,Capesize,17.57,1226.7,market_synthetic
2021-04-30,SouthAfrica-Vizag,Panamax,20.07,1226.7,market_synthetic
2021-04-30,Australia-Paradip,Capesize,19.94,1226.7,market_synthetic
2021-04-30,Australia-Gangavaram,Capesize,18.22,1226.7,market_synthetic
2021-04-30,Indonesia-Haldia,Handymax,19.85,1226.7,market_synthetic
2021-04-30,Indonesia-Ennore,Supramax,20.16,1226.7,market_synthetic
2021-04-30,Indonesia-Chennai,Handymax,21.27,1226.7,market_synthetic
2021-05-07,Indonesia-Paradip,Supramax,25.87,2783.8,market_synthetic
2021-05-07,Indonesia-Paradip,Panamax,20.54,2783.8,market_synthetic
2021-05-07,Indonesia-Vizag,Supramax,25.03,2783.8,market_synthetic
2021-05-07,Indonesia-Vizag,Panamax,21.04,2783.8,market_synthetic
2021-05-07,Indonesia-Gangavaram,Capesize,24.49,2783.8,market_synthetic
2021-05-07,SouthAfrica-Krishnapatnam,Capesize,25.34,2783.8,market_synthetic
2021-05-07,SouthAfrica-Vizag,Panamax,27.59,2783.8,market_synthetic
2021-05-07,Australia-Paradip,Capesize,26.05,2783.8,market_synthetic
2021-05-07,Australia-Gangavaram,Capesize,26.91,2783.8,market_synthetic
2021-05-07,Indonesia-Haldia,Handymax,25.07,2783.8,market_synthetic
2021-05-07,Indonesia-Ennore,Supramax,27.2,2783.8,market_synthetic
2021-05-07,Indonesia-Chennai,Handymax,26.17,2783.8,market_synthetic
2021-05-14,Indonesia-Paradip,Supramax,25.67,2815.2,market_synthetic
2021-05-14,Indonesia-Paradip,Panamax,18.58,2815.2,market_synthetic
2021-05-14,Indonesia-Vizag,Supramax,24.7,2815.2,market_synthetic
2021-05-14,Indonesia-Vizag,Panamax,20.48,2815.2,market_synthetic
2021-05-14,Indonesia-Gangavaram,Capesize,22.69,2815.2,market_synthetic
2021-05-14,SouthAfrica-Krishnapatnam,Capesize,24.08,2815.2,market_synthetic
2021-05-14,SouthAfrica-Vizag,Panamax,24.76,2815.2,market_synthetic
2021-05-14,Australia-Paradip,Capesize,25.7,2815.2,market_synthetic
2021-05-14,Australia-Gangavaram,Capesize,26.25,2815.2,market_synthetic
2021-05-14,Indonesia-Haldia,Handymax,23.96,2815.2,market_synthetic
2021-05-14,Indonesia-Ennore,Supramax,26.71,2815.2,market_synthetic
2021-05-14,Indonesia-Chennai,Handymax,24.45,2815.2,market_synthetic
2021-05-21,Indonesia-Paradip,Supramax,26.56,2801.9,market_synthetic
2021-05-21,Indonesia-Paradip,Panamax,20.66,2801.9,market_synthetic
2021-05-21,Indonesia-Vizag,Supramax,23.58,2801.9,market_synthetic
2021-05-21,Indonesia-Vizag,Panamax,18.61,2801.9,market_synthetic
2021-05-21,Indonesia-Gangavaram,Capesize,23.34,2801.9,market_synthetic
2021-05-21,SouthAfrica-Krishnapatnam,Capesize,23.45,2801.9,market_synthetic
2021-05-21,SouthAfrica-Vizag,Panamax,25.93,2801.9,market_synthetic
2021-05-21,Australia-Paradip,Capesize,26.59,2801.9,market_synthetic
2021-05-21,Australia-Gangavaram,Capesize,24.25,2801.9,market_synthetic
2021-05-21,Indonesia-Haldia,Handymax,25.21,2801.9,market_synthetic
2021-05-21,Indonesia-Ennore,Supramax,25.94,2801.9,market_synthetic
2021-05-21,Indonesia-Chennai,Handymax,24.56,2801.9,market_synthetic
2021-05-28,Indonesia-Paradip,Supramax,25.75,2772.8,market_synthetic
2021-05-28,Indonesia-Paradip,Panamax,19.95,2772.8,market_synthetic
2021-05-28,Indonesia-Vizag,Supramax,24.69,2772.8,market_synthetic
2021-05-28,Indonesia-Vizag,Panamax,20.77,2772.8,market_synthetic
2021-05-28,Indonesia-Gangavaram,Capesize,22.46,2772.8,market_synthetic
2021-05-28,SouthAfrica-Krishnapatnam,Capesize,23.1,2772.8,market_synthetic
2021-05-28,SouthAfrica-Vizag,Panamax,26.06,2772.8,market_synthetic
2021-05-28,Australia-Paradip,Capesize,26.05,2772.8,market_synthetic
2021-05-28,Australia-Gangavaram,Capesize,25.4,2772.8,market_synthetic
2021-05-28,Indonesia-Haldia,Handymax,24.4,2772.8,market_synthetic
2021-05-28,Indonesia-Ennore,Supramax,25.78,2772.8,market_synthetic
2021-05-28,Indonesia-Chennai,Handymax,25.3,2772.8,market_synthetic
2021-06-04,Indonesia-Paradip,Supramax,24.07,2631.4,market_synthetic
2021-06-04,Indonesia-Paradip,Panamax,19.64,2631.4,market_synthetic
2021-06-04,Indonesia-Vizag,Supramax,24.41,2631.4,market_synthetic
2021-06-04,Indonesia-Vizag,Panamax,19.87,2631.4,market_synthetic
2021-06-04,Indonesia-Gangavaram,Capesize,21.74,2631.4,market_synthetic
2021-06-04,SouthAfrica-Krishnapatnam,Capesize,22.94,2631.4,market_synthetic
2021-06-04,SouthAfrica-Vizag,Panamax,24.3,2631.4,market_synthetic
2021-06-04,Australia-Paradip,Capesize,25.38,2631.4,market_synthetic
2021-06-04,Australia-Gangavaram,Capesize,24.7,2631.4,market_synthetic
2021-06-04,Indonesia-Haldia,Handymax,22.77,2631.4,market_synthetic
2021-06-04,Indonesia-Ennore,Supramax,23.93,2631.4,market_synthetic
2021-06-04,Indonesia-Chennai,Handymax,26.11,2631.4,market_synthetic
2021-06-11,Indonesia-Paradip,Supramax,23.83,2581.2,market_synthetic
2021-06-11,Indonesia-Paradip,Panamax,18.09,2581.2,market_synthetic
2021-06-11,Indonesia-Vizag,Supramax,24.09,2581.2,market_synthetic
2021-06-11,Indonesia-Vizag,Panamax,18.4,2581.2,market_synthetic
2021-06-11,Indonesia-Gangavaram,Capesize,21.67,2581.2,market_synthetic
2021-06-11,SouthAfrica-Krishnapatnam,Capesize,23.26,2581.2,market_synthetic
2021-06-11,SouthAfrica-Vizag,Panamax,23.78,2581.2,market_synthetic
2021-06-11,Australia-Paradip,Capesize,23.67,2581.2,market_synthetic
2021-06-11,Australia-Gangavaram,Capesize,24.28,2581.2,market_synthetic
2021-06-11,Indonesia-Haldia,Handymax,22.45,2581.2,market_synthetic
2021-06-11,Indonesia-Ennore,Supramax,25.2,2581.2,market_synthetic
2021-06-11,Indonesia-Chennai,Handymax,24.23,2581.2,market_synthetic
2021-06-18,Indonesia-Paradip,Supramax,22.98,2563.7,market_synthetic
2021-06-18,Indonesia-Paradip,Panamax,18.68,2563.7,market_synthetic
2021-06-18,Indonesia-Vizag,Supramax,23.89,2563.7,market_synthetic
2021-06-18,Indonesia-Vizag,Panamax,19.31,2563.7,market_synthetic
2021-06-18,Indonesia-Gangavaram,Capesize,20.71,2563.7,market_synthetic
2021-06-18,SouthAfrica-Krishnapatnam,Capesize,23.07,2563.7,market_synthetic
2021-06-18,SouthAfrica-Vizag,Panamax,25.23,2563.7,market_synthetic
2021-06-18,Australia-Paradip,Capesize,24.06,2563.7,market_synthetic
2021-06-18,Australia-Gangavaram,Capesize,23.51,2563.7,market_synthetic
2021-06-18,Indonesia-Haldia,Handymax,23.49,2563.7,market_synthetic
2021-06-18,Indonesia-Ennore,Supramax,24.91,2563.7,market_synthetic
2021-06-18,Indonesia-Chennai,Handymax,23.64,2563.7,market_synthetic
2021-06-25,Indonesia-Paradip,Supramax,23.46,2586.4,market_synthetic
2021-06-25,Indonesia-Paradip,Panamax,17.31,2586.4,market_synthetic
2021-06-25,Indonesia-Vizag,Supramax,22.33,2586.4,market_synthetic
2021-06-25,Indonesia-Vizag,Panamax,18.94,2586.4,market_synthetic
2021-06-25,Indonesia-Gangavaram,Capesize,21.11,2586.4,market_synthetic
2021-06-25,SouthAfrica-Krishnapatnam,Capesize,21.87,2586.4,market_synthetic
2021-06-25,SouthAfrica-Vizag,Panamax,23.81,2586.4,market_synthetic
2021-06-25,Australia-Paradip,Capesize,24.42,2586.4,market_synthetic
2021-06-25,Australia-Gangavaram,Capesize,23.87,2586.4,market_synthetic
2021-06-25,Indonesia-Haldia,Handymax,23.74,2586.4,market_synthetic
2021-06-25,Indonesia-Ennore,Supramax,24.21,2586.4,market_synthetic
2021-06-25,Indonesia-Chennai,Handymax,23.66,2586.4,market_synthetic
2021-07-02,Indonesia-Paradip,Supramax,23.43,2535.9,market_synthetic
2021-07-02,Indonesia-Paradip,Panamax,19.17,2535.9,market_synthetic
2021-07-02,Indonesia-Vizag,Supramax,23.06,2535.9,market_synthetic
2021-07-02,Indonesia-Vizag,Panamax,17.69,2535.9,market_synthetic
2021-07-02,Indonesia-Gangavaram,Capesize,20.68,2535.9,market_synthetic
2021-07-02,SouthAfrica-Krishnapatnam,Capesize,21.76,2535.9,market_synthetic
2021-07-02,SouthAfrica-Vizag,Panamax,23.04,2535.9,market_synthetic
2021-07-02,Australia-Paradip,Capesize,23.74,2535.9,market_synthetic
2021-07-02,Australia-Gangavaram,Capesize,23.16,2535.9,market_synthetic
2021-07-02,Indonesia-Haldia,Handymax,21.89,2535.9,market_synthetic
2021-07-02,Indonesia-Ennore,Supramax,24.47,2535.9,market_synthetic
2021-07-02,Indonesia-Chennai,Handymax,25.75,2535.9,market_synthetic
2021-07-09,Indonesia-Paradip,Supramax,22.07,2399.4,market_synthetic
2021-07-09,Indonesia-Paradip,Panamax,16.22,2399.4,market_synthetic
2021-07-09,Indonesia-Vizag,Supramax,22.33,2399.4,market_synthetic
2021-07-09,Indonesia-Vizag,Panamax,17.83,2399.4,market_synthetic
2021-07-09,Indonesia-Gangavaram,Capesize,19.65,2399.4,market_synthetic
2021-07-09,SouthAfrica-Krishnapatnam,Capesize,21.27,2399.4,market_synthetic
2021-07-09,SouthAfrica-Vizag,Panamax,23.61,2399.4,market_synthetic
2021-07-09,Australia-Paradip,Capesize,21.98,2399.4,market_synthetic
2021-07-09,Australia-Gangavaram,Capesize,22.71,2399.4,market_synthetic
2021-07-09,Indonesia-Haldia,Handymax,21.36,2399.4,market_synthetic
2021-07-09,Indonesia-Ennore,Supramax,24.28,2399.4,market_synthetic
2021-07-09,Indonesia-Chennai,Handymax,22.43,2399.4,market_synthetic
2021-07-16,Indonesia-Paradip,Supramax,20.59,2500.1,market_synthetic
2021-07-16,Indonesia-Paradip,Panamax,17.63,2500.1,market_synthetic
2021-07-16,Indonesia-Vizag,Supramax,21.5,2500.1,market_synthetic
2021-07-16,Indonesia-Vizag,Panamax,20.57,2500.1,market_synthetic
2021-07-16,Indonesia-Gangavaram,Capesize,21.0,2500.1,market_synthetic
2021-07-16,SouthAfrica-Krishnapatnam,Capesize,22.09,2500.1,market_synthetic
2021-07-16,SouthAfrica-Vizag,Panamax,22.81,2500.1,market_synthetic
2021-07-16,Australia-Paradip,Capesize,23.58,2500.1,market_synthetic
2021-07-16,Australia-Gangavaram,Capesize,23.12,2500.1,market_synthetic
2021-07-16,Indonesia-Haldia,Handymax,21.81,2500.1,market_synthetic
2021-07-16,Indonesia-Ennore,Supramax,22.58,2500.1,market_synthetic
2021-07-16,Indonesia-Chennai,Handymax,22.44,2500.1,market_synthetic
2021-07-23,Indonesia-Paradip,Supramax,21.92,2439.1,market_synthetic
2021-07-23,Indonesia-Paradip,Panamax,17.06,2439.1,market_synthetic
2021-07-23,Indonesia-Vizag,Supramax,21.65,2439.1,market_synthetic
2021-07-23,Indonesia-Vizag,Panamax,16.93,2439.1,market_synthetic
2021-07-23,Indonesia-Gangavaram,Capesize,20.16,2439.1,market_synthetic
2021-07-23,SouthAfrica-Krishnapatnam,Capesize,22.0,2439.1,market_synthetic
2021-07-23,SouthAfrica-Vizag,Panamax,23.05,2439.1,market_synthetic
2021-07-23,Australia-Paradip,Capesize,22.19,2439.1,market_synthetic
2021-07-23,Australia-Gangavaram,Capesize,22.49,2439.1,market_synthetic
2021-07-23,Indonesia-Haldia,Handymax,20.08,2439.1,market_synthetic
2021-07-23,Indonesia-Ennore,Supramax,22.12,2439.1,market_synthetic
2021-07-23,Indonesia-Chennai,Handymax,21.94,2439.1,market_synthetic
2021-07-30,Indonesia-Paradip,Supramax,20.35,2299.0,market_synthetic
2021-07-30,Indonesia-Paradip,Panamax,16.19,2299.0,market_synthetic
2021-07-30,Indonesia-Vizag,Supramax,22.13,2299.0,market_synthetic
2021-07-30,Indonesia-Vizag,Panamax,18.11,2299.0,market_synthetic
2021-07-30,Indonesia-Gangavaram,Capesize,19.84,2299.0,market_synthetic
2021-07-30,SouthAfrica-Krishnapatnam,Capesize,19.77,2299.0,market_synthetic
2021-07-30,SouthAfrica-Vizag,Panamax,22.44,2299.0,market_synthetic
2021-07-30,Australia-Paradip,Capesize,21.08,2299.0,market_synthetic
2021-07-30,Australia-Gangavaram,Capesize,21.33,2299.0,market_synthetic
2021-07-30,Indonesia-Haldia,Handymax,20.69,2299.0,market_synthetic
2021-07-30,Indonesia-Ennore,Supramax,22.24,2299.0,market_synthetic
2021-07-30,Indonesia-Chennai,Handymax,22.75,2299.0,market_synthetic
2021-08-06,Indonesia-Paradip,Supramax,20.04,2267.5,market_synthetic
2021-08-06,Indonesia-Paradip,Panamax,16.71,2267.5,market_synthetic
2021-08-06,Indonesia-Vizag,Supramax,21.45,2267.5,market_synthetic
2021-08-06,Indonesia-Vizag,Panamax,15.82,2267.5,market_synthetic
2021-08-06,Indonesia-Gangavaram,Capesize,17.59,2267.5,market_synthetic
2021-08-06,SouthAfrica-Krishnapatnam,Capesize,20.95,2267.5,market_synthetic
2021-08-06,SouthAfrica-Vizag,Panamax,21.1,2267.5,market_synthetic
2021-08-06,Australia-Paradip,Capesize,22.65,2267.5,market_synthetic
2021-08-06,Australia-Gangavaram,Capesize,22.27,2267.5,market_synthetic
2021-08-06,Indonesia-Haldia,Handymax,21.0,2267.5,market_synthetic
2021-08-06,Indonesia-Ennore,Supramax,21.63,2267.5,market_synthetic
2021-08-06,Indonesia-Chennai,Handymax,21.53,2267.5,market_synthetic
2021-08-13,Indonesia-Paradip,Supramax,19.58,2296.4,market_synthetic
2021-08-13,Indonesia-Paradip,Panamax,16.31,2296.4,market_synthetic
2021-08-13,Indonesia-Vizag,Supramax,20.39,2296.4,market_synthetic
2021-08-13,Indonesia-Vizag,Panamax,15.98,2296.4,market_synthetic
2021-08-13,Indonesia-Gangavaram,Capesize,19.84,2296.4,market_synthetic
2021-08-13,SouthAfrica-Krishnapatnam,Capesize,19.81,2296.4,market_synthetic
2021-08-13,SouthAfrica-Vizag,Panamax,23.84,2296.4,market_synthetic
2021-08-13,Australia-Paradip,Capesize,22.45,2296.4,market_synthetic
2021-08-13,Australia-Gangavaram,Capesize,21.34,2296.4,market_synthetic
2021-08-13,Indonesia-Haldia,Handymax,21.14,2296.4,market_synthetic
2021-08-13,Indonesia-Ennore,Supramax,22.92,2296.4,market_synthetic
2021-08-13,Indonesia-Chennai,Handymax,21.39,2296.4,market_synthetic
2021-08-20,Indonesia-Paradip,Supramax,19.48,2224.7,market_synthetic
2021-08-20,Indonesia-Paradip,Panamax,15.07,2224.7,market_synthetic
2021-08-20,Indonesia-Vizag,Supramax,19.49,2224.7,market_synthetic
2021-08-20,Indonesia-Vizag,Panamax,14.98,2224.7,market_synthetic
2021-08-20,Indonesia-Gangavaram,Capesize,17.28,2224.7,market_synthetic
2021-08-20,SouthAfrica-Krishnapatnam,Capesize,19.95,2224.7,market_synthetic
2021-08-20,SouthAfrica-Vizag,Panamax,21.74,2224.7,market_synthetic
2021-08-20,Australia-Paradip,Capesize,20.38,2224.7,market_synthetic
2021-08-20,Australia-Gangavaram,Capesize,19.69,2224.7,market_synthetic
2021-08-20,Indonesia-Haldia,Handymax,19.53,2224.7,market_synthetic
2021-08-20,Indonesia-Ennore,Supramax,19.93,2224.7,market_synthetic
2021-08-20,Indonesia-Chennai,Handymax,20.34,2224.7,market_synthetic
2021-08-27,Indonesia-Paradip,Supramax,18.14,2151.3,market_synthetic
2021-08-27,Indonesia-Paradip,Panamax,14.99,2151.3,market_synthetic
2021-08-27,Indonesia-Vizag,Supramax,20.27,2151.3,market_synthetic
2021-08-27,Indonesia-Vizag,Panamax,14.88,2151.3,market_synthetic
2021-08-27,Indonesia-Gangavaram,Capesize,17.18,2151.3,market_synthetic
2021-08-27,SouthAfrica-Krishnapatnam,Capesize,19.02,2151.3,market_synthetic
2021-08-27,SouthAfrica-Vizag,Panamax,21.49,2151.3,market_synthetic
2021-08-27,Australia-Paradip,Capesize,19.9,2151.3,market_synthetic
2021-08-27,Australia-Gangavaram,Capesize,19.91,2151.3,market_synthetic
2021-08-27,Indonesia-Haldia,Handymax,19.98,2151.3,market_synthetic
2021-08-27,Indonesia-Ennore,Supramax,19.08,2151.3,market_synthetic
2021-08-27,Indonesia-Chennai,Handymax,21.75,2151.3,market_synthetic
2021-09-03,Indonesia-Paradip,Supramax,19.68,2126.6,market_synthetic
2021-09-03,Indonesia-Paradip,Panamax,14.96,2126.6,market_synthetic
2021-09-03,Indonesia-Vizag,Supramax,20.2,2126.6,market_synthetic
2021-09-03,Indonesia-Vizag,Panamax,16.18,2126.6,market_synthetic
2021-09-03,Indonesia-Gangavaram,Capesize,15.83,2126.6,market_synthetic
2021-09-03,SouthAfrica-Krishnapatnam,Capesize,20.26,2126.6,market_synthetic
2021-09-03,SouthAfrica-Vizag,Panamax,20.25,2126.6,market_synthetic
2021-09-03,Australia-Paradip,Capesize,19.01,2126.6,market_synthetic
2021-09-03,Australia-Gangavaram,Capesize,17.89,2126.6,market_synthetic
2021-09-03,Indonesia-Haldia,Handymax,18.83,2126.6,market_synthetic
2021-09-03,Indonesia-Ennore,Supramax,20.26,2126.6,market_synthetic
2021-09-03,Indonesia-Chennai,Handymax,20.18,2126.6,market_synthetic
2021-09-10,Indonesia-Paradip,Supramax,17.86,2068.9,market_synthetic
2021-09-10,Indonesia-Paradip,Panamax,14.89,2068.9,market_synthetic
2021-09-10,Indonesia-Vizag,Supramax,17.76,2068.9,market_synthetic
2021-09-10,Indonesia-Vizag,Panamax,13.94,2068.9,market_synthetic
2021-09-10,Indonesia-Gangavaram,Capesize,18.17,2068.9,market_synthetic
2021-09-10,SouthAfrica-Krishnapatnam,Capesize,18.34,2068.9,market_synthetic
2021-09-10,SouthAfrica-Vizag,Panamax,20.21,2068.9,market_synthetic
2021-09-10,Australia-Paradip,Capesize,19.64,2068.9,market_synthetic
2021-09-10,Australia-Gangavaram,Capesize,19.13,2068.9,market_synthetic
2021-09-10,Indonesia-Haldia,Handymax,19.81,2068.9,market_synthetic
2021-09-10,Indonesia-Ennore,Supramax,20.03,2068.9,market_synthetic
2021-09-10,Indonesia-Chennai,Handymax,20.5,2068.9,market_synthetic
2021-09-17,Indonesia-Paradip,Supramax,18.93,2060.5,market_synthetic
2021-09-17,Indonesia-Paradip,Panamax,13.78,2060.5,market_synthetic
2021-09-17,Indonesia-Vizag,Supramax,18.84,2060.5,market_synthetic
2021-09-17,Indonesia-Vizag,Panamax,15.67,2060.5,market_synthetic
2021-09-17,Indonesia-Gangavaram,Capesize,15.63,2060.5,market_synthetic
2021-09-17,SouthAfrica-Krishnapatnam,Capesize,17.93,2060.5,market_synthetic
2021-09-17,SouthAfrica-Vizag,Panamax,19.28,2060.5,market_synthetic
2021-09-17,Australia-Paradip,Capesize,18.29,2060.5,market_synthetic
2021-09-17,Australia-Gangavaram,Capesize,18.08,2060.5,market_synthetic
2021-09-17,Indonesia-Haldia,Handymax,18.83,2060.5,market_synthetic
2021-09-17,Indonesia-Ennore,Supramax,20.04,2060.5,market_synthetic
2021-09-17,Indonesia-Chennai,Handymax,21.33,2060.5,market_synthetic
2021-09-24,Indonesia-Paradip,Supramax,18.51,2094.4,market_synthetic
2021-09-24,Indonesia-Paradip,Panamax,14.18,2094.4,market_synthetic
2021-09-24,Indonesia-Vizag,Supramax,19.14,2094.4,market_synthetic
2021-09-24,Indonesia-Vizag,Panamax,16.14,2094.4,market_synthetic
2021-09-24,Indonesia-Gangavaram,Capesize,17.13,2094.4,market_synthetic
2021-09-24,SouthAfrica-Krishnapatnam,Capesize,17.65,2094.4,market_synthetic
2021-09-24,SouthAfrica-Vizag,Panamax,20.87,2094.4,market_synthetic
2021-09-24,Australia-Paradip,Capesize,19.1,2094.4,market_synthetic
2021-09-24,Australia-Gangavaram,Capesize,19.31,2094.4,market_synthetic
2021-09-24,Indonesia-Haldia,Handymax,18.43,2094.4,market_synthetic
2021-09-24,Indonesia-Ennore,Supramax,18.77,2094.4,market_synthetic
2021-09-24,Indonesia-Chennai,Handymax,19.94,2094.4,market_synthetic
2021-10-01,Indonesia-Paradip,Supramax,18.56,2106.2,market_synthetic
2021-10-01,Indonesia-Paradip,Panamax,13.68,2106.2,market_synthetic
2021-10-01,Indonesia-Vizag,Supramax,19.14,2106.2,market_synthetic
2021-10-01,Indonesia-Vizag,Panamax,14.78,2106.2,market_synthetic
2021-10-01,Indonesia-Gangavaram,Capesize,15.77,2106.2,market_synthetic
2021-10-01,SouthAfrica-Krishnapatnam,Capesize,18.89,2106.2,market_synthetic
2021-10-01,SouthAfrica-Vizag,Panamax,20.83,2106.2,market_synthetic
2021-10-01,Australia-Paradip,Capesize,19.44,2106.2,market_synthetic
2021-10-01,Australia-Gangavaram,Capesize,19.16,2106.2,market_synthetic
2021-10-01,Indonesia-Haldia,Handymax,20.19,2106.2,market_synthetic
2021-10-01,Indonesia-Ennore,Supramax,20.7,2106.2,market_synthetic
2021-10-01,Indonesia-Chennai,Handymax,20.97,2106.2,market_synthetic
2021-10-08,Indonesia-Paradip,Supramax,18.34,2070.6,market_synthetic
2021-10-08,Indonesia-Paradip,Panamax,15.79,2070.6,market_synthetic
2021-10-08,Indonesia-Vizag,Supramax,19.0,2070.6,market_synthetic
2021-10-08,Indonesia-Vizag,Panamax,15.53,2070.6,market_synthetic
2021-10-08,Indonesia-Gangavaram,Capesize,16.7,2070.6,market_synthetic
2021-10-08,SouthAfrica-Krishnapatnam,Capesize,17.84,2070.6,market_synthetic
2021-10-08,SouthAfrica-Vizag,Panamax,20.93,2070.6,market_synthetic
2021-10-08,Australia-Paradip,Capesize,18.66,2070.6,market_synthetic
2021-10-08,Australia-Gangavaram,Capesize,17.34,2070.6,market_synthetic
2021-10-08,Indonesia-Haldia,Handymax,20.37,2070.6,market_synthetic
2021-10-08,Indonesia-Ennore,Supramax,20.32,2070.6,market_synthetic
2021-10-08,Indonesia-Chennai,Handymax,20.22,2070.6,market_synthetic
2021-10-15,Indonesia-Paradip,Supramax,18.81,1987.6,market_synthetic
2021-10-15,Indonesia-Paradip,Panamax,13.54,1987.6,market_synthetic
2021-10-15,Indonesia-Vizag,Supramax,20.3,1987.6,market_synthetic
2021-10-15,Indonesia-Vizag,Panamax,14.66,1987.6,market_synthetic
2021-10-15,Indonesia-Gangavaram,Capesize,15.34,1987.6,market_synthetic
2021-10-15,SouthAfrica-Krishnapatnam,Capesize,18.36,1987.6,market_synthetic
2021-10-15,SouthAfrica-Vizag,Panamax,20.93,1987.6,market_synthetic
2021-10-15,Australia-Paradip,Capesize,20.29,1987.6,market_synthetic
2021-10-15,Australia-Gangavaram,Capesize,17.08,1987.6,market_synthetic
2021-10-15,Indonesia-Haldia,Handymax,18.8,1987.6,market_synthetic
2021-10-15,Indonesia-Ennore,Supramax,19.13,1987.6,market_synthetic
2021-10-15,Indonesia-Chennai,Handymax,20.46,1987.6,market_synthetic
2021-10-22,Indonesia-Paradip,Supramax,19.82,2064.4,market_synthetic
2021-10-22,Indonesia-Paradip,Panamax,14.0,2064.4,market_synthetic
2021-10-22,Indonesia-Vizag,Supramax,19.13,2064.4,market_synthetic
2021-10-22,Indonesia-Vizag,Panamax,15.09,2064.4,market_synthetic
2021-10-22,Indonesia-Gangavaram,Capesize,17.03,2064.4,market_synthetic
2021-10-22,SouthAfrica-Krishnapatnam,Capesize,18.93,2064.4,market_synthetic
2021-10-22,SouthAfrica-Vizag,Panamax,19.26,2064.4,market_synthetic
2021-10-22,Australia-Paradip,Capesize,18.41,2064.4,market_synthetic
2021-10-22,Australia-Gangavaram,Capesize,18.96,2064.4,market_synthetic
2021-10-22,Indonesia-Haldia,Handymax,18.87,2064.4,market_synthetic
2021-10-22,Indonesia-Ennore,Supramax,20.92,2064.4,market_synthetic
2021-10-22,Indonesia-Chennai,Handymax,19.94,2064.4,market_synthetic
2021-10-29,Indonesia-Paradip,Supramax,19.24,2025.7,market_synthetic
2021-10-29,Indonesia-Paradip,Panamax,13.81,2025.7,market_synthetic
2021-10-29,Indonesia-Vizag,Supramax,21.22,2025.7,market_synthetic
2021-10-29,Indonesia-Vizag,Panamax,14.31,2025.7,market_synthetic
2021-10-29,Indonesia-Gangavaram,Capesize,15.86,2025.7,market_synthetic
2021-10-29,SouthAfrica-Krishnapatnam,Capesize,19.51,2025.7,market_synthetic
2021-10-29,SouthAfrica-Vizag,Panamax,22.0,2025.7,market_synthetic
2021-10-29,Australia-Paradip,Capesize,19.06,2025.7,market_synthetic
2021-10-29,Australia-Gangavaram,Capesize,18.44,2025.7,market_synthetic
2021-10-29,Indonesia-Haldia,Handymax,19.4,2025.7,market_synthetic
2021-10-29,Indonesia-Ennore,Supramax,19.85,2025.7,market_synthetic
2021-10-29,Indonesia-Chennai,Handymax,20.3,2025.7,market_synthetic
2021-11-05,Indonesia-Paradip,Supramax,19.2,2087.2,market_synthetic
2021-11-05,Indonesia-Paradip,Panamax,15.64,2087.2,market_synthetic
2021-11-05,Indonesia-Vizag,Supramax,19.02,2087.2,market_synthetic
2021-11-05,Indonesia-Vizag,Panamax,16.8,2087.2,market_synthetic
2021-11-05,Indonesia-Gangavaram,Capesize,15.26,2087.2,market_synthetic
2021-11-05,SouthAfrica-Krishnapatnam,Capesize,16.97,2087.2,market_synthetic
2021-11-05,SouthAfrica-Vizag,Panamax,21.47,2087.2,market_synthetic
2021-11-05,Australia-Paradip,Capesize,20.09,2087.2,market_synthetic
2021-11-05,Australia-Gangavaram,Capesize,20.21,2087.2,market_synthetic
2021-11-05,Indonesia-Haldia,Handymax,20.79,2087.2,market_synthetic
2021-11-05,Indonesia-Ennore,Supramax,20.34,2087.2,market_synthetic
2021-11-05,Indonesia-Chennai,Handymax,19.17,2087.2,market_synthetic
2021-11-12,Indonesia-Paradip,Supramax,20.25,2169.6,market_synthetic
2021-11-12,Indonesia-Paradip,Panamax,14.83,2169.6,market_synthetic
2021-11-12,Indonesia-Vizag,Supramax,20.45,2169.6,market_synthetic
2021-11-12,Indonesia-Vizag,Panamax,14.39,2169.6,market_synthetic
2021-11-12,Indonesia-Gangavaram,Capesize,16.95,2169.6,market_synthetic
2021-11-12,SouthAfrica-Krishnapatnam,Capesize,19.19,2169.6,market_synthetic
2021-11-12,SouthAfrica-Vizag,Panamax,21.34,2169.6,market_synthetic
2021-11-12,Australia-Paradip,Capesize,20.09,2169.6,market_synthetic
2021-11-12,Australia-Gangavaram,Capesize,20.48,2169.6,market_synthetic
2021-11-12,Indonesia-Haldia,Handymax,19.87,2169.6,market_synthetic
2021-11-12,Indonesia-Ennore,Supramax,21.01,2169.6,market_synthetic
2021-11-12,Indonesia-Chennai,Handymax,20.76,2169.6,market_synthetic
2021-11-19,Indonesia-Paradip,Supramax,19.85,2198.5,market_synthetic
2021-11-19,Indonesia-Paradip,Panamax,13.35,2198.5,market_synthetic
2021-11-19,Indonesia-Vizag,Supramax,20.97,2198.5,market_synthetic
2021-11-19,Indonesia-Vizag,Panamax,16.48,2198.5,market_synthetic
2021-11-19,Indonesia-Gangavaram,Capesize,17.03,2198.5,market_synthetic
2021-11-19,SouthAfrica-Krishnapatnam,Capesize,17.97,2198.5,market_synthetic
2021-11-19,SouthAfrica-Vizag,Panamax,21.87,2198.5,market_synthetic
2021-11-19,Australia-Paradip,Capesize,20.7,2198.5,market_synthetic
2021-11-19,Australia-Gangavaram,Capesize,20.03,2198.5,market_synthetic
2021-11-19,Indonesia-Haldia,Handymax,20.62,2198.5,market_synthetic
2021-11-19,Indonesia-Ennore,Supramax,20.35,2198.5,market_synthetic
2021-11-19,Indonesia-Chennai,Handymax,20.62,2198.5,market_synthetic
2021-11-26,Indonesia-Paradip,Supramax,20.05,2260.9,market_synthetic
2021-11-26,Indonesia-Paradip,Panamax,15.08,2260.9,market_synthetic
2021-11-26,Indonesia-Vizag,Supramax,21.84,2260.9,market_synthetic
2021-11-26,Indonesia-Vizag,Panamax,17.08,2260.9,market_synthetic
2021-11-26,Indonesia-Gangavaram,Capesize,17.88,2260.9,market_synthetic
2021-11-26,SouthAfrica-Krishnapatnam,Capesize,19.76,2260.9,market_synthetic
2021-11-26,SouthAfrica-Vizag,Panamax,23.65,2260.9,market_synthetic
2021-11-26,Australia-Paradip,Capesize,20.94,2260.9,market_synthetic
2021-11-26,Australia-Gangavaram,Capesize,20.32,2260.9,market_synthetic
2021-11-26,Indonesia-Haldia,Handymax,21.18,2260.9,market_synthetic
2021-11-26,Indonesia-Ennore,Supramax,22.19,2260.9,market_synthetic
2021-11-26,Indonesia-Chennai,Handymax,21.59,2260.9,market_synthetic
2021-12-03,Indonesia-Paradip,Supramax,14.95,769.1,market_synthetic
2021-12-03,Indonesia-Paradip,Panamax,11.13,769.1,market_synthetic
2021-12-03,Indonesia-Vizag,Supramax,14.11,769.1,market_synthetic
2021-12-03,Indonesia-Vizag,Panamax,12.1,769.1,market_synthetic
2021-12-03,Indonesia-Gangavaram,Capesize,11.79,769.1,market_synthetic
2021-12-03,SouthAfrica-Krishnapatnam,Capesize,11.56,769.1,market_synthetic
2021-12-03,SouthAfrica-Vizag,Panamax,16.52,769.1,market_synthetic
2021-12-03,Australia-Paradip,Capesize,12.62,769.1,market_synthetic
2021-12-03,Australia-Gangavaram,Capesize,13.48,769.1,market_synthetic
2021-12-03,Indonesia-Haldia,Handymax,16.75,769.1,market_synthetic
2021-12-03,Indonesia-Ennore,Supramax,16.74,769.1,market_synthetic
2021-12-03,Indonesia-Chennai,Handymax,17.36,769.1,market_synthetic
2021-12-10,Indonesia-Paradip,Supramax,14.41,808.2,market_synthetic
2021-12-10,Indonesia-Paradip,Panamax,11.27,808.2,market_synthetic
2021-12-10,Indonesia-Vizag,Supramax,16.33,808.2,market_synthetic
2021-12-10,Indonesia-Vizag,Panamax,11.35,808.2,market_synthetic
2021-12-10,Indonesia-Gangavaram,Capesize,12.4,808.2,market_synthetic
2021-12-10,SouthAfrica-Krishnapatnam,Capesize,11.08,808.2,market_synthetic
2021-12-10,SouthAfrica-Vizag,Panamax,15.52,808.2,market_synthetic
2021-12-10,Australia-Paradip,Capesize,14.87,808.2,market_synthetic
2021-12-10,Australia-Gangavaram,Capesize,14.26,808.2,market_synthetic
2021-12-10,Indonesia-Haldia,Handymax,16.23,808.2,market_synthetic
2021-12-10,Indonesia-Ennore,Supramax,15.92,808.2,market_synthetic
2021-12-10,Indonesia-Chennai,Handymax,17.08,808.2,market_synthetic
2021-12-17,Indonesia-Paradip,Supramax,15.92,977.5,market_synthetic
2021-12-17,Indonesia-Paradip,Panamax,13.41,977.5,market_synthetic
2021-12-17,Indonesia-Vizag,Supramax,15.1,977.5,market_synthetic
2021-12-17,Indonesia-Vizag,Panamax,13.69,977.5,market_synthetic
2021-12-17,Indonesia-Gangavaram,Capesize,12.74,977.5,market_synthetic
2021-12-17,SouthAfrica-Krishnapatnam,Capesize,13.87,977.5,market_synthetic
2021-12-17,SouthAfrica-Vizag,Panamax,18.6,977.5,market_synthetic
2021-12-17,Australia-Paradip,Capesize,16.27,977.5,market_synthetic
2021-12-17,Australia-Gangavaram,Capesize,14.95,977.5,market_synthetic
2021-12-17,Indonesia-Haldia,Handymax,18.39,977.5,market_synthetic
2021-12-17,Indonesia-Ennore,Supramax,15.94,977.5,market_synthetic
2021-12-17,Indonesia-Chennai,Handymax,17.81,977.5,market_synthetic
2021-12-24,Indonesia-Paradip,Supramax,17.35,996.8,market_synthetic
2021-12-24,Indonesia-Paradip,Panamax,13.6,996.8,market_synthetic
2021-12-24,Indonesia-Vizag,Supramax,16.48,996.8,market_synthetic
2021-12-24,Indonesia-Vizag,Panamax,12.26,996.8,market_synthetic
2021-12-24,Indonesia-Gangavaram,Capesize,13.15,996.8,market_synthetic
2021-12-24,SouthAfrica-Krishnapatnam,Capesize,13.58,996.8,market_synthetic
2021-12-24,SouthAfrica-Vizag,Panamax,15.94,996.8,market_synthetic
2021-12-24,Australia-Paradip,Capesize,15.53,996.8,market_synthetic
2021-12-24,Australia-Gangavaram,Capesize,14.44,996.8,market_synthetic
2021-12-24,Indonesia-Haldia,Handymax,18.48,996.8,market_synthetic
2021-12-24,Indonesia-Ennore,Supramax,16.05,996.8,market_synthetic
2021-12-24,Indonesia-Chennai,Handymax,17.99,996.8,market_synthetic
2021-12-31,Indonesia-Paradip,Supramax,17.45,985.7,market_synthetic
2021-12-31,Indonesia-Paradip,Panamax,12.66,985.7,market_synthetic
2021-12-31,Indonesia-Vizag,Supramax,17.95,985.7,market_synthetic
2021-12-31,Indonesia-Vizag,Panamax,14.37,985.7,market_synthetic
2021-12-31,Indonesia-Gangavaram,Capesize,12.16,985.7,market_synthetic
2021-12-31,SouthAfrica-Krishnapatnam,Capesize,15.35,985.7,market_synthetic
2021-12-31,SouthAfrica-Vizag,Panamax,18.63,985.7,market_synthetic
2021-12-31,Australia-Paradip,Capesize,15.45,985.7,market_synthetic
2021-12-31,Australia-Gangavaram,Capesize,14.39,985.7,market_synthetic
2021-12-31,Indonesia-Haldia,Handymax,18.78,985.7,market_synthetic
2021-12-31,Indonesia-Ennore,Supramax,16.63,985.7,market_synthetic
2021-12-31,Indonesia-Chennai,Handymax,20.11,985.7,market_synthetic
2022-01-07,Indonesia-Paradip,Supramax,17.63,1064.8,market_synthetic
2022-01-07,Indonesia-Paradip,Panamax,12.6,1064.8,market_synthetic
2022-01-07,Indonesia-Vizag,Supramax,15.62,1064.8,market_synthetic
2022-01-07,Indonesia-Vizag,Panamax,13.66,1064.8,market_synthetic
2022-01-07,Indonesia-Gangavaram,Capesize,14.0,1064.8,market_synthetic
2022-01-07,SouthAfrica-Krishnapatnam,Capesize,14.03,1064.8,market_synthetic
2022-01-07,SouthAfrica-Vizag,Panamax,18.71,1064.8,market_synthetic
2022-01-07,Australia-Paradip,Capesize,15.39,1064.8,market_synthetic
2022-01-07,Australia-Gangavaram,Capesize,17.09,1064.8,market_synthetic
2022-01-07,Indonesia-Haldia,Handymax,18.6,1064.8,market_synthetic
2022-01-07,Indonesia-Ennore,Supramax,19.91,1064.8,market_synthetic
2022-01-07,Indonesia-Chennai,Handymax,19.73,1064.8,market_synthetic
2022-01-14,Indonesia-Paradip,Supramax,18.88,1109.5,market_synthetic
2022-01-14,Indonesia-Paradip,Panamax,14.85,1109.5,market_synthetic
2022-01-14,Indonesia-Vizag,Supramax,18.33,1109.5,market_synthetic
2022-01-14,Indonesia-Vizag,Panamax,13.08,1109.5,market_synthetic
2022-01-14,Indonesia-Gangavaram,Capesize,14.38,1109.5,market_synthetic
2022-01-14,SouthAfrica-Krishnapatnam,Capesize,15.03,1109.5,market_synthetic
2022-01-14,SouthAfrica-Vizag,Panamax,19.22,1109.5,market_synthetic
2022-01-14,Australia-Paradip,Capesize,16.36,1109.5,market_synthetic
2022-01-14,Australia-Gangavaram,Capesize,17.12,1109.5,market_synthetic
2022-01-14,Indonesia-Haldia,Handymax,18.71,1109.5,market_synthetic
2022-01-14,Indonesia-Ennore,Supramax,18.18,1109.5,market_synthetic
2022-01-14,Indonesia-Chennai,Handymax,19.89,1109.5,market_synthetic
2022-01-21,Indonesia-Paradip,Supramax,15.92,1270.3,market_synthetic
2022-01-21,Indonesia-Paradip,Panamax,15.16,1270.3,market_synthetic
2022-01-21,Indonesia-Vizag,Supramax,18.67,1270.3,market_synthetic
2022-01-21,Indonesia-Vizag,Panamax,16.43,1270.3,market_synthetic
2022-01-21,Indonesia-Gangavaram,Capesize,15.41,1270.3,market_synthetic
2022-01-21,SouthAfrica-Krishnapatnam,Capesize,17.89,1270.3,market_synthetic
2022-01-21,SouthAfrica-Vizag,Panamax,19.11,1270.3,market_synthetic
2022-01-21,Australia-Paradip,Capesize,17.85,1270.3,market_synthetic
2022-01-21,Australia-Gangavaram,Capesize,16.96,1270.3,market_synthetic
2022-01-21,Indonesia-Haldia,Handymax,19.95,1270.3,market_synthetic
2022-01-21,Indonesia-Ennore,Supramax,19.91,1270.3,market_synthetic
2022-01-21,Indonesia-Chennai,Handymax,19.1,1270.3,market_synthetic
2022-01-28,Indonesia-Paradip,Supramax,19.32,1360.2,market_synthetic
2022-01-28,Indonesia-Paradip,Panamax,14.44,1360.2,market_synthetic
2022-01-28,Indonesia-Vizag,Supramax,18.39,1360.2,market_synthetic
2022-01-28,Indonesia-Vizag,Panamax,14.63,1360.2,market_synthetic
2022-01-28,Indonesia-Gangavaram,Capesize,16.02,1360.2,market_synthetic
2022-01-28,SouthAfrica-Krishnapatnam,Capesize,16.74,1360.2,market_synthetic
2022-01-28,SouthAfrica-Vizag,Panamax,20.54,1360.2,market_synthetic
2022-01-28,Australia-Paradip,Capesize,18.4,1360.2,market_synthetic
2022-01-28,Australia-Gangavaram,Capesize,18.03,1360.2,market_synthetic
2022-01-28,Indonesia-Haldia,Handymax,18.88,1360.2,market_synthetic
2022-01-28,Indonesia-Ennore,Supramax,19.51,1360.2,market_synthetic
2022-01-28,Indonesia-Chennai,Handymax,21.87,1360.2,market_synthetic
2022-02-04,Indonesia-Paradip,Supramax,19.71,1441.4,market_synthetic
2022-02-04,Indonesia-Paradip,Panamax,16.18,1441.4,market_synthetic
2022-02-04,Indonesia-Vizag,Supramax,19.78,1441.4,market_synthetic
2022-02-04,Indonesia-Vizag,Panamax,17.21,1441.4,market_synthetic
2022-02-04,Indonesia-Gangavaram,Capesize,15.48,1441.4,market_synthetic
2022-02-04,SouthAfrica-Krishnapatnam,Capesize,19.01,1441.4,market_synthetic
2022-02-04,SouthAfrica-Vizag,Panamax,21.96,1441.4,market_synthetic
2022-02-04,Australia-Paradip,Capesize,18.52,1441.4,market_synthetic
2022-02-04,Australia-Gangavaram,Capesize,19.52,1441.4,market_synthetic
2022-02-04,Indonesia-Haldia,Handymax,20.28,1441.4,market_synthetic
2022-02-04,Indonesia-Ennore,Supramax,21.21,1441.4,market_synthetic
2022-02-04,Indonesia-Chennai,Handymax,22.14,1441.4,market_synthetic
2022-02-11,Indonesia-Paradip,Supramax,21.22,1587.7,market_synthetic
2022-02-11,Indonesia-Paradip,Panamax,15.41,1587.7,market_synthetic
2022-02-11,Indonesia-Vizag,Supramax,19.42,1587.7,market_synthetic
2022-02-11,Indonesia-Vizag,Panamax,16.09,1587.7,market_synthetic
2022-02-11,Indonesia-Gangavaram,Capesize,16.48,1587.7,market_synthetic
2022-02-11,SouthAfrica-Krishnapatnam,Capesize,18.57,1587.7,market_synthetic
2022-02-11,SouthAfrica-Vizag,Panamax,21.5,1587.7,market_synthetic
2022-02-11,Australia-Paradip,Capesize,19.76,1587.7,market_synthetic
2022-02-11,Australia-Gangavaram,Capesize,20.67,1587.7,market_synthetic
2022-02-11,Indonesia-Haldia,Handymax,21.67,1587.7,market_synthetic
2022-02-11,Indonesia-Ennore,Supramax,21.76,1587.7,market_synthetic
2022-02-11,Indonesia-Chennai,Handymax,21.52,1587.7,market_synthetic
2022-02-18,Indonesia-Paradip,Supramax,20.57,1670.0,market_synthetic
2022-02-18,Indonesia-Paradip,Panamax,17.77,1670.0,market_synthetic
2022-02-18,Indonesia-Vizag,Supramax,20.39,1670.0,market_synthetic
2022-02-18,Indonesia-Vizag,Panamax,16.84,1670.0,market_synthetic
2022-02-18,Indonesia-Gangavaram,Capesize,18.17,1670.0,market_synthetic
2022-02-18,SouthAfrica-Krishnapatnam,Capesize,19.17,1670.0,market_synthetic
2022-02-18,SouthAfrica-Vizag,Panamax,23.59,1670.0,market_synthetic
2022-02-18,Australia-Paradip,Capesize,20.44,1670.0,market_synthetic
2022-02-18,Australia-Gangavaram,Capesize,20.85,1670.0,market_synthetic
2022-02-18,Indonesia-Haldia,Handymax,21.07,1670.0,market_synthetic
2022-02-18,Indonesia-Ennore,Supramax,21.37,1670.0,market_synthetic
2022-02-18,Indonesia-Chennai,Handymax,22.36,1670.0,market_synthetic
2022-02-25,Indonesia-Paradip,Supramax,21.67,1666.2,market_synthetic
2022-02-25,Indonesia-Paradip,Panamax,16.64,1666.2,market_synthetic
2022-02-25,Indonesia-Vizag,Supramax,22.28,1666.2,market_synthetic
2022-02-25,Indonesia-Vizag,Panamax,17.4,1666.2,market_synthetic
2022-02-25,Indonesia-Gangavaram,Capesize,17.66,1666.2,market_synthetic
2022-02-25,SouthAfrica-Krishnapatnam,Capesize,18.92,1666.2,market_synthetic
2022-02-25,SouthAfrica-Vizag,Panamax,20.79,1666.2,market_synthetic
2022-02-25,Australia-Paradip,Capesize,21.03,1666.2,market_synthetic
2022-02-25,Australia-Gangavaram,Capesize,21.07,1666.2,market_synthetic
2022-02-25,Indonesia-Haldia,Handymax,21.58,1666.2,market_synthetic
2022-02-25,Indonesia-Ennore,Supramax,21.98,1666.2,market_synthetic
2022-02-25,Indonesia-Chennai,Handymax,23.78,1666.2,market_synthetic
2022-03-04,Indonesia-Paradip,Supramax,21.29,1748.9,market_synthetic
2022-03-04,Indonesia-Paradip,Panamax,17.14,1748.9,market_synthetic
2022-03-04,Indonesia-Vizag,Supramax,21.77,1748.9,market_synthetic
2022-03-04,Indonesia-Vizag,Panamax,17.68,1748.9,market_synthetic
2022-03-04,Indonesia-Gangavaram,Capesize,17.35,1748.9,market_synthetic
2022-03-04,SouthAfrica-Krishnapatnam,Capesize,19.02,1748.9,market_synthetic
2022-03-04,SouthAfrica-Vizag,Panamax,21.89,1748.9,market_synthetic
2022-03-04,Australia-Paradip,Capesize,22.03,1748.9,market_synthetic
2022-03-04,Australia-Gangavaram,Capesize,20.26,1748.9,market_synthetic
2022-03-04,Indonesia-Haldia,Handymax,21.67,1748.9,market_synthetic
2022-03-04,Indonesia-Ennore,Supramax,22.87,1748.9,market_synthetic
2022-03-04,Indonesia-Chennai,Handymax,22.15,1748.9,market_synthetic
2022-03-11,Indonesia-Paradip,Supramax,20.67,1866.9,market_synthetic
2022-03-11,Indonesia-Paradip,Panamax,16.27,1866.9,market_synthetic
2022-03-11,Indonesia-Vizag,Supramax,23.65,1866.9,market_synthetic
2022-03-11,Indonesia-Vizag,Panamax,17.8,1866.9,market_synthetic
2022-03-11,Indonesia-Gangavaram,Capesize,18.59,1866.9,market_synthetic
2022-03-11,SouthAfrica-Krishnapatnam,Capesize,18.52,1866.9,market_synthetic
2022-03-11,SouthAfrica-Vizag,Panamax,23.54,1866.9,market_synthetic
2022-03-11,Australia-Paradip,Capesize,21.61,1866.9,market_synthetic
2022-03-11,Australia-Gangavaram,Capesize,20.53,1866.9,market_synthetic
2022-03-11,Indonesia-Haldia,Handymax,23.72,1866.9,market_synthetic
2022-03-11,Indonesia-Ennore,Supramax,23.48,1866.9,market_synthetic
2022-03-11,Indonesia-Chennai,Handymax,23.2,1866.9,market_synthetic
2022-03-18,Indonesia-Paradip,Supramax,20.95,1940.8,market_synthetic
2022-03-18,Indonesia-Paradip,Panamax,19.34,1940.8,market_synthetic
2022-03-18,Indonesia-Vizag,Supramax,23.76,1940.8,market_synthetic
2022-03-18,Indonesia-Vizag,Panamax,19.45,1940.8,market_synthetic
2022-03-18,Indonesia-Gangavaram,Capesize,20.24,1940.8,market_synthetic
2022-03-18,SouthAfrica-Krishnapatnam,Capesize,21.09,1940.8,market_synthetic
2022-03-18,SouthAfrica-Vizag,Panamax,23.3,1940.8,market_synthetic
2022-03-18,Australia-Paradip,Capesize,22.54,1940.8,market_synthetic
2022-03-18,Australia-Gangavaram,Capesize,23.54,1940.8,market_synthetic
2022-03-18,Indonesia-Haldia,Handymax,22.6,1940.8,market_synthetic
2022-03-18,Indonesia-Ennore,Supramax,22.3,1940.8,market_synthetic
2022-03-18,Indonesia-Chennai,Handymax,23.72,1940.8,market_synthetic
2022-03-25,Indonesia-Paradip,Supramax,21.72,1949.5,market_synthetic
2022-03-25,Indonesia-Paradip,Panamax,19.17,1949.5,market_synthetic
2022-03-25,Indonesia-Vizag,Supramax,21.77,1949.5,market_synthetic
2022-03-25,Indonesia-Vizag,Panamax,17.56,1949.5,market_synthetic
2022-03-25,Indonesia-Gangavaram,Capesize,19.5,1949.5,market_synthetic
2022-03-25,SouthAfrica-Krishnapatnam,Capesize,20.1,1949.5,market_synthetic
2022-03-25,SouthAfrica-Vizag,Panamax,21.6,1949.5,market_synthetic
2022-03-25,Australia-Paradip,Capesize,21.96,1949.5,market_synthetic
2022-03-25,Australia-Gangavaram,Capesize,21.21,1949.5,market_synthetic
2022-03-25,Indonesia-Haldia,Handymax,23.06,1949.5,market_synthetic
2022-03-25,Indonesia-Ennore,Supramax,24.33,1949.5,market_synthetic
2022-03-25,Indonesia-Chennai,Handymax,24.2,1949.5,market_synthetic
2022-04-01,Indonesia-Paradip,Supramax,21.92,2068.0,market_synthetic
2022-04-01,Indonesia-Paradip,Panamax,18.22,2068.0,market_synthetic
2022-04-01,Indonesia-Vizag,Supramax,23.74,2068.0,market_synthetic
2022-04-01,Indonesia-Vizag,Panamax,18.56,2068.0,market_synthetic
2022-04-01,Indonesia-Gangavaram,Capesize,19.39,2068.0,market_synthetic
2022-04-01,SouthAfrica-Krishnapatnam,Capesize,21.46,2068.0,market_synthetic
2022-04-01,SouthAfrica-Vizag,Panamax,24.96,2068.0,market_synthetic
2022-04-01,Australia-Paradip,Capesize,23.6,2068.0,market_synthetic
2022-04-01,Australia-Gangavaram,Capesize,23.14,2068.0,market_synthetic
2022-04-01,Indonesia-Haldia,Handymax,22.87,2068.0,market_synthetic
2022-04-01,Indonesia-Ennore,Supramax,23.65,2068.0,market_synthetic
2022-04-01,Indonesia-Chennai,Handymax,23.94,2068.0,market_synthetic
2022-04-08,Indonesia-Paradip,Supramax,22.82,2133.8,market_synthetic
2022-04-08,Indonesia-Paradip,Panamax,17.37,2133.8,market_synthetic
2022-04-08,Indonesia-Vizag,Supramax,24.74,2133.8,market_synthetic
2022-04-08,Indonesia-Vizag,Panamax,18.47,2133.8,market_synthetic
2022-04-08,Indonesia-Gangavaram,Capesize,20.44,2133.8,market_synthetic
2022-04-08,SouthAfrica-Krishnapatnam,Capesize,21.25,2133.8,market_synthetic
2022-04-08,SouthAfrica-Vizag,Panamax,23.98,2133.8,market_synthetic
2022-04-08,Australia-Paradip,Capesize,21.82,2133.8,market_synthetic
2022-04-08,Australia-Gangavaram,Capesize,23.71,2133.8,market_synthetic
2022-04-08,Indonesia-Haldia,Handymax,23.34,2133.8,market_synthetic
2022-04-08,Indonesia-Ennore,Supramax,23.07,2133.8,market_synthetic
2022-04-08,Indonesia-Chennai,Handymax,24.68,2133.8,market_synthetic
2022-04-15,Indonesia-Paradip,Supramax,23.16,2259.7,market_synthetic
2022-04-15,Indonesia-Paradip,Panamax,18.09,2259.7,market_synthetic
2022-04-15,Indonesia-Vizag,Supramax,22.5,2259.7,market_synthetic
2022-04-15,Indonesia-Vizag,Panamax,18.53,2259.7,market_synthetic
2022-04-15,Indonesia-Gangavaram,Capesize,21.66,2259.7,market_synthetic
2022-04-15,SouthAfrica-Krishnapatnam,Capesize,22.59,2259.7,market_synthetic
2022-04-15,SouthAfrica-Vizag,Panamax,23.81,2259.7,market_synthetic
2022-04-15,Australia-Paradip,Capesize,23.94,2259.7,market_synthetic
2022-04-15,Australia-Gangavaram,Capesize,23.71,2259.7,market_synthetic
2022-04-15,Indonesia-Haldia,Handymax,23.81,2259.7,market_synthetic
2022-04-15,Indonesia-Ennore,Supramax,23.51,2259.7,market_synthetic
2022-04-15,Indonesia-Chennai,Handymax,23.92,2259.7,market_synthetic
2022-04-22,Indonesia-Paradip,Supramax,23.11,2247.7,market_synthetic
2022-04-22,Indonesia-Paradip,Panamax,18.93,2247.7,market_synthetic
2022-04-22,Indonesia-Vizag,Supramax,24.96,2247.7,market_synthetic
2022-04-22,Indonesia-Vizag,Panamax,18.96,2247.7,market_synthetic
2022-04-22,Indonesia-Gangavaram,Capesize,19.84,2247.7,market_synthetic
2022-04-22,SouthAfrica-Krishnapatnam,Capesize,22.37,2247.7,market_synthetic
2022-04-22,SouthAfrica-Vizag,Panamax,24.8,2247.7,market_synthetic
2022-04-22,Australia-Paradip,Capesize,23.51,2247.7,market_synthetic
2022-04-22,Australia-Gangavaram,Capesize,22.53,2247.7,market_synthetic
2022-04-22,Indonesia-Haldia,Handymax,22.81,2247.7,market_synthetic
2022-04-22,Indonesia-Ennore,Supramax,24.58,2247.7,market_synthetic
2022-04-22,Indonesia-Chennai,Handymax,25.07,2247.7,market_synthetic
2022-04-29,Indonesia-Paradip,Supramax,23.69,2491.9,market_synthetic
2022-04-29,Indonesia-Paradip,Panamax,18.5,2491.9,market_synthetic
2022-04-29,Indonesia-Vizag,Supramax,25.0,2491.9,market_synthetic
2022-04-29,Indonesia-Vizag,Panamax,19.99,2491.9,market_synthetic
2022-04-29,Indonesia-Gangavaram,Capesize,23.22,2491.9,market_synthetic
2022-04-29,SouthAfrica-Krishnapatnam,Capesize,23.39,2491.9,market_synthetic
2022-04-29,SouthAfrica-Vizag,Panamax,26.5,2491.9,market_synthetic
2022-04-29,Australia-Paradip,Capesize,24.99,2491.9,market_synthetic
2022-04-29,Australia-Gangavaram,Capesize,23.7,2491.9,market_synthetic
2022-04-29,Indonesia-Haldia,Handymax,24.93,2491.9,market_synthetic
2022-04-29,Indonesia-Ennore,Supramax,25.72,2491.9,market_synthetic
2022-04-29,Indonesia-Chennai,Handymax,25.81,2491.9,market_synthetic
2022-05-06,Indonesia-Paradip,Supramax,24.32,2386.8,market_synthetic
2022-05-06,Indonesia-Paradip,Panamax,19.24,2386.8,market_synthetic
2022-05-06,Indonesia-Vizag,Supramax,23.76,2386.8,market_synthetic
2022-05-06,Indonesia-Vizag,Panamax,17.73,2386.8,market_synthetic
2022-05-06,Indonesia-Gangavaram,Capesize,21.08,2386.8,market_synthetic
2022-05-06,SouthAfrica-Krishnapatnam,Capesize,23.09,2386.8,market_synthetic
2022-05-06,SouthAfrica-Vizag,Panamax,24.73,2386.8,market_synthetic
2022-05-06,Australia-Paradip,Capesize,24.92,2386.8,market_synthetic
2022-05-06,Australia-Gangavaram,Capesize,25.21,2386.8,market_synthetic
2022-05-06,Indonesia-Haldia,Handymax,23.71,2386.8,market_synthetic
2022-05-06,Indonesia-Ennore,Supramax,23.99,2386.8,market_synthetic
2022-05-06,Indonesia-Chennai,Handymax,25.94,2386.8,market_synthetic
2022-05-13,Indonesia-Paradip,Supramax,23.98,2534.5,market_synthetic
2022-05-13,Indonesia-Paradip,Panamax,19.08,2534.5,market_synthetic
2022-05-13,Indonesia-Vizag,Supramax,22.86,2534.5,market_synthetic
2022-05-13,Indonesia-Vizag,Panamax,18.21,2534.5,market_synthetic
2022-05-13,Indonesia-Gangavaram,Capesize,22.9,2534.5,market_synthetic
2022-05-13,SouthAfrica-Krishnapatnam,Capesize,23.96,2534.5,market_synthetic
2022-05-13,SouthAfrica-Vizag,Panamax,26.65,2534.5,market_synthetic
2022-05-13,Australia-Paradip,Capesize,26.97,2534.5,market_synthetic
2022-05-13,Australia-Gangavaram,Capesize,24.6,2534.5,market_synthetic
2022-05-13,Indonesia-Haldia,Handymax,24.09,2534.5,market_synthetic
2022-05-13,Indonesia-Ennore,Supramax,25.0,2534.5,market_synthetic
2022-05-13,Indonesia-Chennai,Handymax,25.23,2534.5,market_synthetic
2022-05-20,Indonesia-Paradip,Supramax,24.79,2526.3,market_synthetic
2022-05-20,Indonesia-Paradip,Panamax,18.34,2526.3,market_synthetic
2022-05-20,Indonesia-Vizag,Supramax,25.71,2526.3,market_synthetic
2022-05-20,Indonesia-Vizag,Panamax,17.87,2526.3,market_synthetic
2022-05-20,Indonesia-Gangavaram,Capesize,22.39,2526.3,market_synthetic
2022-05-20,SouthAfrica-Krishnapatnam,Capesize,24.5,2526.3,market_synthetic
2022-05-20,SouthAfrica-Vizag,Panamax,25.67,2526.3,market_synthetic
2022-05-20,Australia-Paradip,Capesize,25.48,2526.3,market_synthetic
2022-05-20,Australia-Gangavaram,Capesize,23.55,2526.3,market_synthetic
2022-05-20,Indonesia-Haldia,Handymax,25.26,2526.3,market_synthetic
2022-05-20,Indonesia-Ennore,Supramax,25.86,2526.3,market_synthetic
2022-05-20,Indonesia-Chennai,Handymax,24.35,2526.3,market_synthetic
2022-05-27,Indonesia-Paradip,Supramax,22.11,2492.5,market_synthetic
2022-05-27,Indonesia-Paradip,Panamax,17.87,2492.5,market_synthetic
2022-05-27,Indonesia-Vizag,Supramax,23.67,2492.5,market_synthetic
2022-05-27,Indonesia-Vizag,Panamax,17.54,2492.5,market_synthetic
2022-05-27,Indonesia-Gangavaram,Capesize,21.81,2492.5,market_synthetic
2022-05-27,SouthAfrica-Krishnapatnam,Capesize,23.52,2492.5,market_synthetic
2022-05-27,SouthAfrica-Vizag,Panamax,25.2,2492.5,market_synthetic
2022-05-27,Australia-Paradip,Capesize,24.43,2492.5,market_synthetic
2022-05-27,Australia-Gangavaram,Capesize,25.07,2492.5,market_synthetic
2022-05-27,Indonesia-Haldia,Handymax,23.86,2492.5,market_synthetic
2022-05-27,Indonesia-Ennore,Supramax,26.45,2492.5,market_synthetic
2022-05-27,Indonesia-Chennai,Handymax,24.13,2492.5,market_synthetic
2022-06-03,Indonesia-Paradip,Supramax,23.65,2490.5,market_synthetic
2022-06-03,Indonesia-Paradip,Panamax,17.77,2490.5,market_synthetic
2022-06-03,Indonesia-Vizag,Supramax,23.71,2490.5,market_synthetic
2022-06-03,Indonesia-Vizag,Panamax,19.63,2490.5,market_synthetic
2022-06-03,Indonesia-Gangavaram,Capesize,21.8,2490.5,market_synthetic
2022-06-03,SouthAfrica-Krishnapatnam,Capesize,23.77,2490.5,market_synthetic
2022-06-03,SouthAfrica-Vizag,Panamax,25.66,2490.5,market_synthetic
2022-06-03,Australia-Paradip,Capesize,23.84,2490.5,market_synthetic
2022-06-03,Australia-Gangavaram,Capesize,21.7,2490.5,market_synthetic
2022-06-03,Indonesia-Haldia,Handymax,21.75,2490.5,market_synthetic
2022-06-03,Indonesia-Ennore,Supramax,26.06,2490.5,market_synthetic
2022-06-03,Indonesia-Chennai,Handymax,23.51,2490.5,market_synthetic
2022-06-10,Indonesia-Paradip,Supramax,24.45,2579.3,market_synthetic
2022-06-10,Indonesia-Paradip,Panamax,18.02,2579.3,market_synthetic
2022-06-10,Indonesia-Vizag,Supramax,23.37,2579.3,market_synthetic
2022-06-10,Indonesia-Vizag,Panamax,19.52,2579.3,market_synthetic
2022-06-10,Indonesia-Gangavaram,Capesize,22.38,2579.3,market_synthetic
2022-06-10,SouthAfrica-Krishnapatnam,Capesize,23.8,2579.3,market_synthetic
2022-06-10,SouthAfrica-Vizag,Panamax,24.64,2579.3,market_synthetic
2022-06-10,Australia-Paradip,Capesize,25.27,2579.3,market_synthetic
2022-06-10,Australia-Gangavaram,Capesize,24.22,2579.3,market_synthetic
2022-06-10,Indonesia-Haldia,Handymax,24.93,2579.3,market_synthetic
2022-06-10,Indonesia-Ennore,Supramax,24.85,2579.3,market_synthetic
2022-06-10,Indonesia-Chennai,Handymax,25.22,2579.3,market_synthetic
2022-06-17,Indonesia-Paradip,Supramax,22.27,2600.4,market_synthetic
2022-06-17,Indonesia-Paradip,Panamax,19.68,2600.4,market_synthetic
2022-06-17,Indonesia-Vizag,Supramax,25.18,2600.4,market_synthetic
2022-06-17,Indonesia-Vizag,Panamax,18.1,2600.4,market_synthetic
2022-06-17,Indonesia-Gangavaram,Capesize,22.55,2600.4,market_synthetic
2022-06-17,SouthAfrica-Krishnapatnam,Capesize,22.32,2600.4,market_synthetic
2022-06-17,SouthAfrica-Vizag,Panamax,25.09,2600.4,market_synthetic
2022-06-17,Australia-Paradip,Capesize,24.19,2600.4,market_synthetic
2022-06-17,Australia-Gangavaram,Capesize,22.82,2600.4,market_synthetic
2022-06-17,Indonesia-Haldia,Handymax,23.15,2600.4,market_synthetic
2022-06-17,Indonesia-Ennore,Supramax,23.98,2600.4,market_synthetic
2022-06-17,Indonesia-Chennai,Handymax,25.18,2600.4,market_synthetic
2022-06-24,Indonesia-Paradip,Supramax,22.21,2582.5,market_synthetic
2022-06-24,Indonesia-Paradip,Panamax,17.56,2582.5,market_synthetic
2022-06-24,Indonesia-Vizag,Supramax,22.8,2582.5,market_synthetic
2022-06-24,Indonesia-Vizag,Panamax,19.13,2582.5,market_synthetic
2022-06-24,Indonesia-Gangavaram,Capesize,21.38,2582.5,market_synthetic
2022-06-24,SouthAfrica-Krishnapatnam,Capesize,23.34,2582.5,market_synthetic
2022-06-24,SouthAfrica-Vizag,Panamax,24.08,2582.5,market_synthetic
2022-06-24,Australia-Paradip,Capesize,24.34,2582.5,market_synthetic
2022-06-24,Australia-Gangavaram,Capesize,24.46,2582.5,market_synthetic
2022-06-24,Indonesia-Haldia,Handymax,22.72,2582.5,market_synthetic
2022-06-24,Indonesia-Ennore,Supramax,23.78,2582.5,market_synthetic
2022-06-24,Indonesia-Chennai,Handymax,24.14,2582.5,market_synthetic
2022-07-01,Indonesia-Paradip,Supramax,23.37,2620.8,market_synthetic
2022-07-01,Indonesia-Paradip,Panamax,17.94,2620.8,market_synthetic
2022-07-01,Indonesia-Vizag,Supramax,22.48,2620.8,market_synthetic
2022-07-01,Indonesia-Vizag,Panamax,17.97,2620.8,market_synthetic
2022-07-01,Indonesia-Gangavaram,Capesize,20.26,2620.8,market_synthetic
2022-07-01,SouthAfrica-Krishnapatnam,Capesize,24.96,2620.8,market_synthetic
2022-07-01,SouthAfrica-Vizag,Panamax,24.68,2620.8,market_synthetic
2022-07-01,Australia-Paradip,Capesize,22.76,2620.8,market_synthetic
2022-07-01,Australia-Gangavaram,Capesize,23.31,2620.8,market_synthetic
2022-07-01,Indonesia-Haldia,Handymax,21.95,2620.8,market_synthetic
2022-07-01,Indonesia-Ennore,Supramax,25.87,2620.8,market_synthetic
2022-07-01,Indonesia-Chennai,Handymax,24.38,2620.8,market_synthetic
2022-07-08,Indonesia-Paradip,Supramax,22.38,2619.5,market_synthetic
2022-07-08,Indonesia-Paradip,Panamax,18.63,2619.5,market_synthetic
2022-07-08,Indonesia-Vizag,Supramax,24.07,2619.5,market_synthetic
2022-07-08,Indonesia-Vizag,Panamax,17.55,2619.5,market_synthetic
2022-07-08,Indonesia-Gangavaram,Capesize,20.04,2619.5,market_synthetic
2022-07-08,SouthAfrica-Krishnapatnam,Capesize,21.36,2619.5,market_synthetic
2022-07-08,SouthAfrica-Vizag,Panamax,24.01,2619.5,market_synthetic
2022-07-08,Australia-Paradip,Capesize,23.82,2619.5,market_synthetic
2022-07-08,Australia-Gangavaram,Capesize,23.21,2619.5,market_synthetic
2022-07-08,Indonesia-Haldia,Handymax,23.12,2619.5,market_synthetic
2022-07-08,Indonesia-Ennore,Supramax,24.01,2619.5,market_synthetic
2022-07-08,Indonesia-Chennai,Handymax,23.58,2619.5,market_synthetic
2022-07-15,Indonesia-Paradip,Supramax,23.06,2568.5,market_synthetic
2022-07-15,Indonesia-Paradip,Panamax,15.8,2568.5,market_synthetic
2022-07-15,Indonesia-Vizag,Supramax,22.74,2568.5,market_synthetic
2022-07-15,Indonesia-Vizag,Panamax,16.77,2568.5,market_synthetic
2022-07-15,Indonesia-Gangavaram,Capesize,20.72,2568.5,market_synthetic
2022-07-15,SouthAfrica-Krishnapatnam,Capesize,22.58,2568.5,market_synthetic
2022-07-15,SouthAfrica-Vizag,Panamax,23.26,2568.5,market_synthetic
2022-07-15,Australia-Paradip,Capesize,21.71,2568.5,market_synthetic
2022-07-15,Australia-Gangavaram,Capesize,24.48,2568.5,market_synthetic
2022-07-15,Indonesia-Haldia,Handymax,23.38,2568.5,market_synthetic
2022-07-15,Indonesia-Ennore,Supramax,24.3,2568.5,market_synthetic
2022-07-15,Indonesia-Chennai,Handymax,22.45,2568.5,market_synthetic
2022-07-22,Indonesia-Paradip,Supramax,22.58,2571.4,market_synthetic
2022-07-22,Indonesia-Paradip,Panamax,17.26,2571.4,market_synthetic
2022-07-22,Indonesia-Vizag,Supramax,22.9,2571.4,market_synthetic
2022-07-22,Indonesia-Vizag,Panamax,18.63,2571.4,market_synthetic
2022-07-22,Indonesia-Gangavaram,Capesize,21.96,2571.4,market_synthetic
2022-07-22,SouthAfrica-Krishnapatnam,Capesize,21.84,2571.4,market_synthetic
2022-07-22,SouthAfrica-Vizag,Panamax,23.93,2571.4,market_synthetic
2022-07-22,Australia-Paradip,Capesize,24.34,2571.4,market_synthetic
2022-07-22,Australia-Gangavaram,Capesize,22.74,2571.4,market_synthetic
2022-07-22,Indonesia-Haldia,Handymax,21.99,2571.4,market_synthetic
2022-07-22,Indonesia-Ennore,Supramax,23.18,2571.4,market_synthetic
2022-07-22,Indonesia-Chennai,Handymax,24.49,2571.4,market_synthetic
2022-07-29,Indonesia-Paradip,Supramax,22.5,2446.9,market_synthetic
2022-07-29,Indonesia-Paradip,Panamax,14.42,2446.9,market_synthetic
2022-07-29,Indonesia-Vizag,Supramax,23.37,2446.9,market_synthetic
2022-07-29,Indonesia-Vizag,Panamax,16.81,2446.9,market_synthetic
2022-07-29,Indonesia-Gangavaram,Capesize,18.27,2446.9,market_synthetic
2022-07-29,SouthAfrica-Krishnapatnam,Capesize,21.92,2446.9,market_synthetic
2022-07-29,SouthAfrica-Vizag,Panamax,23.3,2446.9,market_synthetic
2022-07-29,Australia-Paradip,Capesize,22.45,2446.9,market_synthetic
2022-07-29,Australia-Gangavaram,Capesize,21.85,2446.9,market_synthetic
2022-07-29,Indonesia-Haldia,Handymax,22.62,2446.9,market_synthetic
2022-07-29,Indonesia-Ennore,Supramax,22.99,2446.9,market_synthetic
2022-07-29,Indonesia-Chennai,Handymax,21.86,2446.9,market_synthetic
2022-08-05,Indonesia-Paradip,Supramax,19.96,2505.7,market_synthetic
2022-08-05,Indonesia-Paradip,Panamax,15.71,2505.7,market_synthetic
2022-08-05,Indonesia-Vizag,Supramax,21.52,2505.7,market_synthetic
2022-08-05,Indonesia-Vizag,Panamax,16.51,2505.7,market_synthetic
2022-08-05,Indonesia-Gangavaram,Capesize,20.35,2505.7,market_synthetic
2022-08-05,SouthAfrica-Krishnapatnam,Capesize,20.01,2505.7,market_synthetic
2022-08-05,SouthAfrica-Vizag,Panamax,22.73,2505.7,market_synthetic
2022-08-05,Australia-Paradip,Capesize,23.62,2505.7,market_synthetic
2022-08-05,Australia-Gangavaram,Capesize,21.2,2505.7,market_synthetic
2022-08-05,Indonesia-Haldia,Handymax,21.81,2505.7,market_synthetic
2022-08-05,Indonesia-Ennore,Supramax,22.1,2505.7,market_synthetic
2022-08-05,Indonesia-Chennai,Handymax,24.09,2505.7,market_synthetic
2022-08-12,Indonesia-Paradip,Supramax,21.51,2485.3,market_synthetic
2022-08-12,Indonesia-Paradip,Panamax,15.3,2485.3,market_synthetic
2022-08-12,Indonesia-Vizag,Supramax,20.72,2485.3,market_synthetic
2022-08-12,Indonesia-Vizag,Panamax,15.98,2485.3,market_synthetic
2022-08-12,Indonesia-Gangavaram,Capesize,18.14,2485.3,market_synthetic
2022-08-12,SouthAfrica-Krishnapatnam,Capesize,21.37,2485.3,market_synthetic
2022-08-12,SouthAfrica-Vizag,Panamax,21.51,2485.3,market_synthetic
2022-08-12,Australia-Paradip,Capesize,22.49,2485.3,market_synthetic
2022-08-12,Australia-Gangavaram,Capesize,21.81,2485.3,market_synthetic
2022-08-12,Indonesia-Haldia,Handymax,22.27,2485.3,market_synthetic
2022-08-12,Indonesia-Ennore,Supramax,23.42,2485.3,market_synthetic
2022-08-12,Indonesia-Chennai,Handymax,23.29,2485.3,market_synthetic
2022-08-19,Indonesia-Paradip,Supramax,20.26,2438.4,market_synthetic
2022-08-19,Indonesia-Paradip,Panamax,15.87,2438.4,market_synthetic
2022-08-19,Indonesia-Vizag,Supramax,20.38,2438.4,market_synthetic
2022-08-19,Indonesia-Vizag,Panamax,18.03,2438.4,market_synthetic
2022-08-19,Indonesia-Gangavaram,Capesize,18.66,2438.4,market_synthetic
2022-08-19,SouthAfrica-Krishnapatnam,Capesize,21.42,2438.4,market_synthetic
2022-08-19,SouthAfrica-Vizag,Panamax,23.0,2438.4,market_synthetic
2022-08-19,Australia-Paradip,Capesize,21.37,2438.4,market_synthetic
2022-08-19,Australia-Gangavaram,Capesize,20.57,2438.4,market_synthetic
2022-08-19,Indonesia-Haldia,Handymax,20.68,2438.4,market_synthetic
2022-08-19,Indonesia-Ennore,Supramax,21.42,2438.4,market_synthetic
2022-08-19,Indonesia-Chennai,Handymax,21.67,2438.4,market_synthetic
2022-08-26,Indonesia-Paradip,Supramax,21.51,2387.4,market_synthetic
2022-08-26,Indonesia-Paradip,Panamax,16.54,2387.4,market_synthetic
2022-08-26,Indonesia-Vizag,Supramax,22.38,2387.4,market_synthetic
2022-08-26,Indonesia-Vizag,Panamax,14.72,2387.4,market_synthetic
2022-08-26,Indonesia-Gangavaram,Capesize,17.42,2387.4,market_synthetic
2022-08-26,SouthAfrica-Krishnapatnam,Capesize,19.49,2387.4,market_synthetic
2022-08-26,SouthAfrica-Vizag,Panamax,23.75,2387.4,market_synthetic
2022-08-26,Australia-Paradip,Capesize,23.19,2387.4,market_synthetic
2022-08-26,Australia-Gangavaram,Capesize,20.43,2387.4,market_synthetic
2022-08-26,Indonesia-Haldia,Handymax,20.6,2387.4,market_synthetic
2022-08-26,Indonesia-Ennore,Supramax,21.62,2387.4,market_synthetic
2022-08-26,Indonesia-Chennai,Handymax,23.03,2387.4,market_synthetic
2022-09-02,Indonesia-Paradip,Supramax,21.45,2543.0,market_synthetic
2022-09-02,Indonesia-Paradip,Panamax,17.11,2543.0,market_synthetic
2022-09-02,Indonesia-Vizag,Supramax,21.62,2543.0,market_synthetic
2022-09-02,Indonesia-Vizag,Panamax,15.81,2543.0,market_synthetic
2022-09-02,Indonesia-Gangavaram,Capesize,18.31,2543.0,market_synthetic
2022-09-02,SouthAfrica-Krishnapatnam,Capesize,19.89,2543.0,market_synthetic
2022-09-02,SouthAfrica-Vizag,Panamax,23.08,2543.0,market_synthetic
2022-09-02,Australia-Paradip,Capesize,22.8,2543.0,market_synthetic
2022-09-02,Australia-Gangavaram,Capesize,23.26,2543.0,market_synthetic
2022-09-02,Indonesia-Haldia,Handymax,21.34,2543.0,market_synthetic
2022-09-02,Indonesia-Ennore,Supramax,21.97,2543.0,market_synthetic
2022-09-02,Indonesia-Chennai,Handymax,21.35,2543.0,market_synthetic
2022-09-09,Indonesia-Paradip,Supramax,20.23,2354.4,market_synthetic
2022-09-09,Indonesia-Paradip,Panamax,15.88,2354.4,market_synthetic
2022-09-09,Indonesia-Vizag,Supramax,18.79,2354.4,market_synthetic
2022-09-09,Indonesia-Vizag,Panamax,14.89,2354.4,market_synthetic
2022-09-09,Indonesia-Gangavaram,Capesize,16.85,2354.4,market_synthetic
2022-09-09,SouthAfrica-Krishnapatnam,Capesize,21.06,2354.4,market_synthetic
2022-09-09,SouthAfrica-Vizag,Panamax,22.21,2354.4,market_synthetic
2022-09-09,Australia-Paradip,Capesize,20.56,2354.4,market_synthetic
2022-09-09,Australia-Gangavaram,Capesize,20.76,2354.4,market_synthetic
2022-09-09,Indonesia-Haldia,Handymax,21.3,2354.4,market_synthetic
2022-09-09,Indonesia-Ennore,Supramax,20.7,2354.4,market_synthetic
2022-09-09,Indonesia-Chennai,Handymax,21.49,2354.4,market_synthetic
2022-09-16,Indonesia-Paradip,Supramax,19.59,2275.6,market_synthetic
2022-09-16,Indonesia-Paradip,Panamax,15.17,2275.6,market_synthetic
2022-09-16,Indonesia-Vizag,Supramax,20.38,2275.6,market_synthetic
2022-09-16,Indonesia-Vizag,Panamax,15.87,2275.6,market_synthetic
2022-09-16,Indonesia-Gangavaram,Capesize,16.97,2275.6,market_synthetic
2022-09-16,SouthAfrica-Krishnapatnam,Capesize,18.22,2275.6,market_synthetic
2022-09-16,SouthAfrica-Vizag,Panamax,21.38,2275.6,market_synthetic
2022-09-16,Australia-Paradip,Capesize,20.22,2275.6,market_synthetic
2022-09-16,Australia-Gangavaram,Capesize,19.97,2275.6,market_synthetic
2022-09-16,Indonesia-Haldia,Handymax,20.87,2275.6,market_synthetic
2022-09-16,Indonesia-Ennore,Supramax,20.25,2275.6,market_synthetic
2022-09-16,Indonesia-Chennai,Handymax,20.74,2275.6,market_synthetic
2022-09-23,Indonesia-Paradip,Supramax,19.79,2252.0,market_synthetic
2022-09-23,Indonesia-Paradip,Panamax,14.71,2252.0,market_synthetic
2022-09-23,Indonesia-Vizag,Supramax,19.7,2252.0,market_synthetic
2022-09-23,Indonesia-Vizag,Panamax,14.52,2252.0,market_synthetic
2022-09-23,Indonesia-Gangavaram,Capesize,16.19,2252.0,market_synthetic
2022-09-23,SouthAfrica-Krishnapatnam,Capesize,18.54,2252.0,market_synthetic
2022-09-23,SouthAfrica-Vizag,Panamax,21.92,2252.0,market_synthetic
2022-09-23,Australia-Paradip,Capesize,21.91,2252.0,market_synthetic
2022-09-23,Australia-Gangavaram,Capesize,19.47,2252.0,market_synthetic
2022-09-23,Indonesia-Haldia,Handymax,20.1,2252.0,market_synthetic
2022-09-23,Indonesia-Ennore,Supramax,20.99,2252.0,market_synthetic
2022-09-23,Indonesia-Chennai,Handymax,21.13,2252.0,market_synthetic
2022-09-30,Indonesia-Paradip,Supramax,18.82,2269.5,market_synthetic
2022-09-30,Indonesia-Paradip,Panamax,15.51,2269.5,market_synthetic
2022-09-30,Indonesia-Vizag,Supramax,20.61,2269.5,market_synthetic
2022-09-30,Indonesia-Vizag,Panamax,14.05,2269.5,market_synthetic
2022-09-30,Indonesia-Gangavaram,Capesize,17.76,2269.5,market_synthetic
2022-09-30,SouthAfrica-Krishnapatnam,Capesize,19.24,2269.5,market_synthetic
2022-09-30,SouthAfrica-Vizag,Panamax,20.36,2269.5,market_synthetic
2022-09-30,Australia-Paradip,Capesize,19.6,2269.5,market_synthetic
2022-09-30,Australia-Gangavaram,Capesize,20.88,2269.5,market_synthetic
2022-09-30,Indonesia-Haldia,Handymax,20.33,2269.5,market_synthetic
2022-09-30,Indonesia-Ennore,Supramax,22.17,2269.5,market_synthetic
2022-09-30,Indonesia-Chennai,Handymax,19.81,2269.5,market_synthetic
2022-10-07,Indonesia-Paradip,Supramax,19.35,2309.4,market_synthetic
2022-10-07,Indonesia-Paradip,Panamax,14.43,2309.4,market_synthetic
2022-10-07,Indonesia-Vizag,Supramax,19.6,2309.4,market_synthetic
2022-10-07,Indonesia-Vizag,Panamax,14.86,2309.4,market_synthetic
2022-10-07,Indonesia-Gangavaram,Capesize,17.54,2309.4,market_synthetic
2022-10-07,SouthAfrica-Krishnapatnam,Capesize,17.85,2309.4,market_synthetic
2022-10-07,SouthAfrica-Vizag,Panamax,20.69,2309.4,market_synthetic
2022-10-07,Australia-Paradip,Capesize,20.08,2309.4,market_synthetic
2022-10-07,Australia-Gangavaram,Capesize,20.94,2309.4,market_synthetic
2022-10-07,Indonesia-Haldia,Handymax,19.87,2309.4,market_synthetic
2022-10-07,Indonesia-Ennore,Supramax,21.15,2309.4,market_synthetic
2022-10-07,Indonesia-Chennai,Handymax,20.72,2309.4,market_synthetic
2022-10-14,Indonesia-Paradip,Supramax,18.7,2220.3,market_synthetic
2022-10-14,Indonesia-Paradip,Panamax,14.54,2220.3,market_synthetic
2022-10-14,Indonesia-Vizag,Supramax,20.63,2220.3,market_synthetic
2022-10-14,Indonesia-Vizag,Panamax,16.11,2220.3,market_synthetic
2022-10-14,Indonesia-Gangavaram,Capesize,18.11,2220.3,market_synthetic
2022-10-14,SouthAfrica-Krishnapatnam,Capesize,20.51,2220.3,market_synthetic
2022-10-14,SouthAfrica-Vizag,Panamax,22.59,2220.3,market_synthetic
2022-10-14,Australia-Paradip,Capesize,20.14,2220.3,market_synthetic
2022-10-14,Australia-Gangavaram,Capesize,19.54,2220.3,market_synthetic
2022-10-14,Indonesia-Haldia,Handymax,19.83,2220.3,market_synthetic
2022-10-14,Indonesia-Ennore,Supramax,20.59,2220.3,market_synthetic
2022-10-14,Indonesia-Chennai,Handymax,20.29,2220.3,market_synthetic
2022-10-21,Indonesia-Paradip,Supramax,18.46,2264.2,market_synthetic
2022-10-21,Indonesia-Paradip,Panamax,15.23,2264.2,market_synthetic
2022-10-21,Indonesia-Vizag,Supramax,19.62,2264.2,market_synthetic
2022-10-21,Indonesia-Vizag,Panamax,15.26,2264.2,market_synthetic
2022-10-21,Indonesia-Gangavaram,Capesize,16.19,2264.2,market_synthetic
2022-10-21,SouthAfrica-Krishnapatnam,Capesize,19.82,2264.2,market_synthetic
2022-10-21,SouthAfrica-Vizag,Panamax,20.03,2264.2,market_synthetic
2022-10-21,Australia-Paradip,Capesize,21.96,2264.2,market_synthetic
2022-10-21,Australia-Gangavaram,Capesize,19.21,2264.2,market_synthetic
2022-10-21,Indonesia-Haldia,Handymax,20.31,2264.2,market_synthetic
2022-10-21,Indonesia-Ennore,Supramax,20.59,2264.2,market_synthetic
2022-10-21,Indonesia-Chennai,Handymax,20.05,2264.2,market_synthetic
2022-10-28,Indonesia-Paradip,Supramax,18.65,2129.7,market_synthetic
2022-10-28,Indonesia-Paradip,Panamax,15.1,2129.7,market_synthetic
2022-10-28,Indonesia-Vizag,Supramax,19.36,2129.7,market_synthetic
2022-10-28,Indonesia-Vizag,Panamax,15.82,2129.7,market_synthetic
2022-10-28,Indonesia-Gangavaram,Capesize,16.77,2129.7,market_synthetic
2022-10-28,SouthAfrica-Krishnapatnam,Capesize,17.83,2129.7,market_synthetic
2022-10-28,SouthAfrica-Vizag,Panamax,20.84,2129.7,market_synthetic
2022-10-28,Australia-Paradip,Capesize,20.37,2129.7,market_synthetic
2022-10-28,Australia-Gangavaram,Capesize,19.92,2129.7,market_synthetic
2022-10-28,Indonesia-Haldia,Handymax,21.13,2129.7,market_synthetic
2022-10-28,Indonesia-Ennore,Supramax,19.64,2129.7,market_synthetic
2022-10-28,Indonesia-Chennai,Handymax,19.67,2129.7,market_synthetic
2022-11-04,Indonesia-Paradip,Supramax,20.28,2156.9,market_synthetic
2022-11-04,Indonesia-Paradip,Panamax,14.22,2156.9,market_synthetic
2022-11-04,Indonesia-Vizag,Supramax,20.04,2156.9,market_synthetic
2022-11-04,Indonesia-Vizag,Panamax,14.49,2156.9,market_synthetic
2022-11-04,Indonesia-Gangavaram,Capesize,16.78,2156.9,market_synthetic
2022-11-04,SouthAfrica-Krishnapatnam,Capesize,18.19,2156.9,market_synthetic
2022-11-04,SouthAfrica-Vizag,Panamax,21.21,2156.9,market_synthetic
2022-11-04,Australia-Paradip,Capesize,20.42,2156.9,market_synthetic
2022-11-04,Australia-Gangavaram,Capesize,19.23,2156.9,market_synthetic
2022-11-04,Indonesia-Haldia,Handymax,19.26,2156.9,market_synthetic
2022-11-04,Indonesia-Ennore,Supramax,21.15,2156.9,market_synthetic
2022-11-04,Indonesia-Chennai,Handymax,19.61,2156.9,market_synthetic
2022-11-11,Indonesia-Paradip,Supramax,19.26,2114.6,market_synthetic
2022-11-11,Indonesia-Paradip,Panamax,14.65,2114.6,market_synthetic
2022-11-11,Indonesia-Vizag,Supramax,20.15,2114.6,market_synthetic
2022-11-11,Indonesia-Vizag,Panamax,16.32,2114.6,market_synthetic
2022-11-11,Indonesia-Gangavaram,Capesize,17.49,2114.6,market_synthetic
2022-11-11,SouthAfrica-Krishnapatnam,Capesize,19.21,2114.6,market_synthetic
2022-11-11,SouthAfrica-Vizag,Panamax,20.44,2114.6,market_synthetic
2022-11-11,Australia-Paradip,Capesize,20.0,2114.6,market_synthetic
2022-11-11,Australia-Gangavaram,Capesize,18.4,2114.6,market_synthetic
2022-11-11,Indonesia-Haldia,Handymax,20.26,2114.6,market_synthetic
2022-11-11,Indonesia-Ennore,Supramax,19.55,2114.6,market_synthetic
2022-11-11,Indonesia-Chennai,Handymax,21.61,2114.6,market_synthetic
2022-11-18,Indonesia-Paradip,Supramax,19.84,2221.4,market_synthetic
2022-11-18,Indonesia-Paradip,Panamax,16.63,2221.4,market_synthetic
2022-11-18,Indonesia-Vizag,Supramax,20.11,2221.4,market_synthetic
2022-11-18,Indonesia-Vizag,Panamax,15.63,2221.4,market_synthetic
2022-11-18,Indonesia-Gangavaram,Capesize,16.62,2221.4,market_synthetic
2022-11-18,SouthAfrica-Krishnapatnam,Capesize,20.07,2221.4,market_synthetic
2022-11-18,SouthAfrica-Vizag,Panamax,21.8,2221.4,market_synthetic
2022-11-18,Australia-Paradip,Capesize,21.54,2221.4,market_synthetic
2022-11-18,Australia-Gangavaram,Capesize,18.68,2221.4,market_synthetic
2022-11-18,Indonesia-Haldia,Handymax,20.63,2221.4,market_synthetic
2022-11-18,Indonesia-Ennore,Supramax,22.3,2221.4,market_synthetic
2022-11-18,Indonesia-Chennai,Handymax,22.67,2221.4,market_synthetic
2022-11-25,Indonesia-Paradip,Supramax,19.13,2134.9,market_synthetic
2022-11-25,Indonesia-Paradip,Panamax,16.94,2134.9,market_synthetic
2022-11-25,Indonesia-Vizag,Supramax,19.39,2134.9,market_synthetic
2022-11-25,Indonesia-Vizag,Panamax,14.9,2134.9,market_synthetic
2022-11-25,Indonesia-Gangavaram,Capesize,18.37,2134.9,market_synthetic
2022-11-25,SouthAfrica-Krishnapatnam,Capesize,18.17,2134.9,market_synthetic
2022-11-25,SouthAfrica-Vizag,Panamax,21.46,2134.9,market_synthetic
2022-11-25,Australia-Paradip,Capesize,20.18,2134.9,market_synthetic
2022-11-25,Australia-Gangavaram,Capesize,21.6,2134.9,market_synthetic
2022-11-25,Indonesia-Haldia,Handymax,20.33,2134.9,market_synthetic
2022-11-25,Indonesia-Ennore,Supramax,22.36,2134.9,market_synthetic
2022-11-25,Indonesia-Chennai,Handymax,21.75,2134.9,market_synthetic
2022-12-02,Indonesia-Paradip,Supramax,19.12,2060.8,market_synthetic
2022-12-02,Indonesia-Paradip,Panamax,16.81,2060.8,market_synthetic
2022-12-02,Indonesia-Vizag,Supramax,20.42,2060.8,market_synthetic
2022-12-02,Indonesia-Vizag,Panamax,16.16,2060.8,market_synthetic
2022-12-02,Indonesia-Gangavaram,Capesize,17.7,2060.8,market_synthetic
2022-12-02,SouthAfrica-Krishnapatnam,Capesize,20.34,2060.8,market_synthetic
2022-12-02,SouthAfrica-Vizag,Panamax,20.14,2060.8,market_synthetic
2022-12-02,Australia-Paradip,Capesize,21.68,2060.8,market_synthetic
2022-12-02,Australia-Gangavaram,Capesize,18.55,2060.8,market_synthetic
2022-12-02,Indonesia-Haldia,Handymax,19.47,2060.8,market_synthetic
2022-12-02,Indonesia-Ennore,Supramax,19.55,2060.8,market_synthetic
2022-12-02,Indonesia-Chennai,Handymax,21.42,2060.8,market_synthetic
2022-12-09,Indonesia-Paradip,Supramax,20.14,2118.9,market_synthetic
2022-12-09,Indonesia-Paradip,Panamax,15.98,2118.9,market_synthetic
2022-12-09,Indonesia-Vizag,Supramax,19.14,2118.9,market_synthetic
2022-12-09,Indonesia-Vizag,Panamax,15.47,2118.9,market_synthetic
2022-12-09,Indonesia-Gangavaram,Capesize,18.33,2118.9,market_synthetic
2022-12-09,SouthAfrica-Krishnapatnam,Capesize,20.03,2118.9,market_synthetic
2022-12-09,SouthAfrica-Vizag,Panamax,20.65,2118.9,market_synthetic
2022-12-09,Australia-Paradip,Capesize,20.63,2118.9,market_synthetic
2022-12-09,Australia-Gangavaram,Capesize,20.91,2118.9,market_synthetic
2022-12-09,Indonesia-Haldia,Handymax,21.47,2118.9,market_synthetic
2022-12-09,Indonesia-Ennore,Supramax,18.99,2118.9,market_synthetic
2022-12-09,Indonesia-Chennai,Handymax,22.05,2118.9,market_synthetic
2022-12-16,Indonesia-Paradip,Supramax,19.35,1998.8,market_synthetic
2022-12-16,Indonesia-Paradip,Panamax,13.88,1998.8,market_synthetic
2022-12-16,Indonesia-Vizag,Supramax,21.65,1998.8,market_synthetic
2022-12-16,Indonesia-Vizag,Panamax,15.81,1998.8,market_synthetic
2022-12-16,Indonesia-Gangavaram,Capesize,18.01,1998.8,market_synthetic
2022-12-16,SouthAfrica-Krishnapatnam,Capesize,19.67,1998.8,market_synthetic
2022-12-16,SouthAfrica-Vizag,Panamax,21.5,1998.8,market_synthetic
2022-12-16,Australia-Paradip,Capesize,20.05,1998.8,market_synthetic
2022-12-16,Australia-Gangavaram,Capesize,19.41,1998.8,market_synthetic
2022-12-16,Indonesia-Haldia,Handymax,21.02,1998.8,market_synthetic
2022-12-16,Indonesia-Ennore,Supramax,21.06,1998.8,market_synthetic
2022-12-16,Indonesia-Chennai,Handymax,21.63,1998.8,market_synthetic
2022-12-23,Indonesia-Paradip,Supramax,20.3,2157.6,market_synthetic
2022-12-23,Indonesia-Paradip,Panamax,14.83,2157.6,market_synthetic
2022-12-23,Indonesia-Vizag,Supramax,22.32,2157.6,market_synthetic
2022-12-23,Indonesia-Vizag,Panamax,16.25,2157.6,market_synthetic
2022-12-23,Indonesia-Gangavaram,Capesize,19.22,2157.6,market_synthetic
2022-12-23,SouthAfrica-Krishnapatnam,Capesize,21.56,2157.6,market_synthetic
2022-12-23,SouthAfrica-Vizag,Panamax,24.26,2157.6,market_synthetic
2022-12-23,Australia-Paradip,Capesize,21.15,2157.6,market_synthetic
2022-12-23,Australia-Gangavaram,Capesize,19.49,2157.6,market_synthetic
2022-12-23,Indonesia-Haldia,Handymax,20.52,2157.6,market_synthetic
2022-12-23,Indonesia-Ennore,Supramax,23.52,2157.6,market_synthetic
2022-12-23,Indonesia-Chennai,Handymax,22.07,2157.6,market_synthetic
2022-12-30,Indonesia-Paradip,Supramax,21.33,2117.6,market_synthetic
2022-12-30,Indonesia-Paradip,Panamax,16.5,2117.6,market_synthetic
2022-12-30,Indonesia-Vizag,Supramax,21.19,2117.6,market_synthetic
2022-12-30,Indonesia-Vizag,Panamax,17.58,2117.6,market_synthetic
2022-12-30,Indonesia-Gangavaram,Capesize,20.04,2117.6,market_synthetic
2022-12-30,SouthAfrica-Krishnapatnam,Capesize,22.08,2117.6,market_synthetic
2022-12-30,SouthAfrica-Vizag,Panamax,22.74,2117.6,market_synthetic
2022-12-30,Australia-Paradip,Capesize,20.4,2117.6,market_synthetic
2022-12-30,Australia-Gangavaram,Capesize,21.74,2117.6,market_synthetic
2022-12-30,Indonesia-Haldia,Handymax,21.15,2117.6,market_synthetic
2022-12-30,Indonesia-Ennore,Supramax,21.47,2117.6,market_synthetic
2022-12-30,Indonesia-Chennai,Handymax,20.43,2117.6,market_synthetic
2023-01-06,Indonesia-Paradip,Supramax,22.15,2126.6,market_synthetic
2023-01-06,Indonesia-Paradip,Panamax,17.13,2126.6,market_synthetic
2023-01-06,Indonesia-Vizag,Supramax,21.76,2126.6,market_synthetic
2023-01-06,Indonesia-Vizag,Panamax,16.95,2126.6,market_synthetic
2023-01-06,Indonesia-Gangavaram,Capesize,19.48,2126.6,market_synthetic
2023-01-06,SouthAfrica-Krishnapatnam,Capesize,19.81,2126.6,market_synthetic
2023-01-06,SouthAfrica-Vizag,Panamax,23.47,2126.6,market_synthetic
2023-01-06,Australia-Paradip,Capesize,23.2,2126.6,market_synthetic
2023-01-06,Australia-Gangavaram,Capesize,21.57,2126.6,market_synthetic
2023-01-06,Indonesia-Haldia,Handymax,22.19,2126.6,market_synthetic
2023-01-06,Indonesia-Ennore,Supramax,20.45,2126.6,market_synthetic
2023-01-06,Indonesia-Chennai,Handymax,22.36,2126.6,market_synthetic
2023-01-13,Indonesia-Paradip,Supramax,20.03,2204.7,market_synthetic
2023-01-13,Indonesia-Paradip,Panamax,17.17,2204.7,market_synthetic
2023-01-13,Indonesia-Vizag,Supramax,22.82,2204.7,market_synthetic
2023-01-13,Indonesia-Vizag,Panamax,17.75,2204.7,market_synthetic
2023-01-13,Indonesia-Gangavaram,Capesize,19.16,2204.7,market_synthetic
2023-01-13,SouthAfrica-Krishnapatnam,Capesize,21.79,2204.7,market_synthetic
2023-01-13,SouthAfrica-Vizag,Panamax,23.05,2204.7,market_synthetic
2023-01-13,Australia-Paradip,Capesize,22.56,2204.7,market_synthetic
2023-01-13,Australia-Gangavaram,Capesize,21.97,2204.7,market_synthetic
2023-01-13,Indonesia-Haldia,Handymax,20.71,2204.7,market_synthetic
2023-01-13,Indonesia-Ennore,Supramax,22.45,2204.7,market_synthetic
2023-01-13,Indonesia-Chennai,Handymax,23.14,2204.7,market_synthetic
2023-01-20,Indonesia-Paradip,Supramax,21.01,2059.7,market_synthetic
2023-01-20,Indonesia-Paradip,Panamax,16.72,2059.7,market_synthetic
2023-01-20,Indonesia-Vizag,Supramax,23.02,2059.7,market_synthetic
2023-01-20,Indonesia-Vizag,Panamax,17.2,2059.7,market_synthetic
2023-01-20,Indonesia-Gangavaram,Capesize,18.96,2059.7,market_synthetic
2023-01-20,SouthAfrica-Krishnapatnam,Capesize,20.32,2059.7,market_synthetic
2023-01-20,SouthAfrica-Vizag,Panamax,21.64,2059.7,market_synthetic
2023-01-20,Australia-Paradip,Capesize,23.16,2059.7,market_synthetic
2023-01-20,Australia-Gangavaram,Capesize,21.32,2059.7,market_synthetic
2023-01-20,Indonesia-Haldia,Handymax,22.0,2059.7,market_synthetic
2023-01-20,Indonesia-Ennore,Supramax,21.83,2059.7,market_synthetic
2023-01-20,Indonesia-Chennai,Handymax,21.76,2059.7,market_synthetic
2023-01-27,Indonesia-Paradip,Supramax,21.19,2132.5,market_synthetic
2023-01-27,Indonesia-Paradip,Panamax,18.53,2132.5,market_synthetic
2023-01-27,Indonesia-Vizag,Supramax,23.28,2132.5,market_synthetic
2023-01-27,Indonesia-Vizag,Panamax,16.68,2132.5,market_synthetic
2023-01-27,Indonesia-Gangavaram,Capesize,18.95,2132.5,market_synthetic
2023-01-27,SouthAfrica-Krishnapatnam,Capesize,21.46,2132.5,market_synthetic
2023-01-27,SouthAfrica-Vizag,Panamax,24.62,2132.5,market_synthetic
2023-01-27,Australia-Paradip,Capesize,22.11,2132.5,market_synthetic
2023-01-27,Australia-Gangavaram,Capesize,21.18,2132.5,market_synthetic
2023-01-27,Indonesia-Haldia,Handymax,21.99,2132.5,market_synthetic
2023-01-27,Indonesia-Ennore,Supramax,22.74,2132.5,market_synthetic
2023-01-27,Indonesia-Chennai,Handymax,25.05,2132.5,market_synthetic
2023-02-03,Indonesia-Paradip,Supramax,21.99,2021.6,market_synthetic
2023-02-03,Indonesia-Paradip,Panamax,17.01,2021.6,market_synthetic
2023-02-03,Indonesia-Vizag,Supramax,21.84,2021.6,market_synthetic
2023-02-03,Indonesia-Vizag,Panamax,17.06,2021.6,market_synthetic
2023-02-03,Indonesia-Gangavaram,Capesize,18.82,2021.6,market_synthetic
2023-02-03,SouthAfrica-Krishnapatnam,Capesize,20.69,2021.6,market_synthetic
2023-02-03,SouthAfrica-Vizag,Panamax,23.73,2021.6,market_synthetic
2023-02-03,Australia-Paradip,Capesize,20.87,2021.6,market_synthetic
2023-02-03,Australia-Gangavaram,Capesize,21.96,2021.6,market_synthetic
2023-02-03,Indonesia-Haldia,Handymax,22.37,2021.6,market_synthetic
2023-02-03,Indonesia-Ennore,Supramax,22.37,2021.6,market_synthetic
2023-02-03,Indonesia-Chennai,Handymax,23.5,2021.6,market_synthetic
2023-02-10,Indonesia-Paradip,Supramax,22.61,2093.7,market_synthetic
2023-02-10,Indonesia-Paradip,Panamax,16.26,2093.7,market_synthetic
2023-02-10,Indonesia-Vizag,Supramax,22.75,2093.7,market_synthetic
2023-02-10,Indonesia-Vizag,Panamax,17.99,2093.7,market_synthetic
2023-02-10,Indonesia-Gangavaram,Capesize,21.21,2093.7,market_synthetic
2023-02-10,SouthAfrica-Krishnapatnam,Capesize,21.39,2093.7,market_synthetic
2023-02-10,SouthAfrica-Vizag,Panamax,24.43,2093.7,market_synthetic
2023-02-10,Australia-Paradip,Capesize,21.96,2093.7,market_synthetic
2023-02-10,Australia-Gangavaram,Capesize,22.89,2093.7,market_synthetic
2023-02-10,Indonesia-Haldia,Handymax,23.51,2093.7,market_synthetic
2023-02-10,Indonesia-Ennore,Supramax,23.79,2093.7,market_synthetic
2023-02-10,Indonesia-Chennai,Handymax,22.94,2093.7,market_synthetic
2023-02-17,Indonesia-Paradip,Supramax,23.72,2191.5,market_synthetic
2023-02-17,Indonesia-Paradip,Panamax,17.04,2191.5,market_synthetic
2023-02-17,Indonesia-Vizag,Supramax,23.56,2191.5,market_synthetic
2023-02-17,Indonesia-Vizag,Panamax,18.8,2191.5,market_synthetic
2023-02-17,Indonesia-Gangavaram,Capesize,20.28,2191.5,market_synthetic
2023-02-17,SouthAfrica-Krishnapatnam,Capesize,21.42,2191.5,market_synthetic
2023-02-17,SouthAfrica-Vizag,Panamax,24.23,2191.5,market_synthetic
2023-02-17,Australia-Paradip,Capesize,23.1,2191.5,market_synthetic
2023-02-17,Australia-Gangavaram,Capesize,24.58,2191.5,market_synthetic
2023-02-17,Indonesia-Haldia,Handymax,24.12,2191.5,market_synthetic
2023-02-17,Indonesia-Ennore,Supramax,25.15,2191.5,market_synthetic
2023-02-17,Indonesia-Chennai,Handymax,24.08,2191.5,market_synthetic
2023-02-24,Indonesia-Paradip,Supramax,22.44,2071.5,market_synthetic
2023-02-24,Indonesia-Paradip,Panamax,18.09,2071.5,market_synthetic
2023-02-24,Indonesia-Vizag,Supramax,23.53,2071.5,market_synthetic
2023-02-24,Indonesia-Vizag,Panamax,18.67,2071.5,market_synthetic
2023-02-24,Indonesia-Gangavaram,Capesize,19.09,2071.5,market_synthetic
2023-02-24,SouthAfrica-Krishnapatnam,Capesize,21.31,2071.5,market_synthetic
2023-02-24,SouthAfrica-Vizag,Panamax,24.68,2071.5,market_synthetic
2023-02-24,Australia-Paradip,Capesize,25.23,2071.5,market_synthetic
2023-02-24,Australia-Gangavaram,Capesize,22.08,2071.5,market_synthetic
2023-02-24,Indonesia-Haldia,Handymax,22.52,2071.5,market_synthetic
2023-02-24,Indonesia-Ennore,Supramax,23.12,2071.5,market_synthetic
2023-02-24,Indonesia-Chennai,Handymax,25.0,2071.5,market_synthetic
2023-03-03,Indonesia-Paradip,Supramax,22.85,2103.4,market_synthetic
2023-03-03,Indonesia-Paradip,Panamax,17.85,2103.4,market_synthetic
2023-03-03,Indonesia-Vizag,Supramax,23.2,2103.4,market_synthetic
2023-03-03,Indonesia-Vizag,Panamax,18.64,2103.4,market_synthetic
2023-03-03,Indonesia-Gangavaram,Capesize,20.51,2103.4,market_synthetic
2023-03-03,SouthAfrica-Krishnapatnam,Capesize,22.24,2103.4,market_synthetic
2023-03-03,SouthAfrica-Vizag,Panamax,24.78,2103.4,market_synthetic
2023-03-03,Australia-Paradip,Capesize,24.05,2103.4,market_synthetic
2023-03-03,Australia-Gangavaram,Capesize,23.99,2103.4,market_synthetic
2023-03-03,Indonesia-Haldia,Handymax,22.85,2103.4,market_synthetic
2023-03-03,Indonesia-Ennore,Supramax,23.57,2103.4,market_synthetic
2023-03-03,Indonesia-Chennai,Handymax,23.76,2103.4,market_synthetic
2023-03-10,Indonesia-Paradip,Supramax,22.92,2073.0,market_synthetic
2023-03-10,Indonesia-Paradip,Panamax,18.72,2073.0,market_synthetic
2023-03-10,Indonesia-Vizag,Supramax,23.62,2073.0,market_synthetic
2023-03-10,Indonesia-Vizag,Panamax,18.55,2073.0,market_synthetic
2023-03-10,Indonesia-Gangavaram,Capesize,19.51,2073.0,market_synthetic
2023-03-10,SouthAfrica-Krishnapatnam,Capesize,20.91,2073.0,market_synthetic
2023-03-10,SouthAfrica-Vizag,Panamax,23.38,2073.0,market_synthetic
2023-03-10,Australia-Paradip,Capesize,22.65,2073.0,market_synthetic
2023-03-10,Australia-Gangavaram,Capesize,22.53,2073.0,market_synthetic
2023-03-10,Indonesia-Haldia,Handymax,23.9,2073.0,market_synthetic
2023-03-10,Indonesia-Ennore,Supramax,24.24,2073.0,market_synthetic
2023-03-10,Indonesia-Chennai,Handymax,22.91,2073.0,market_synthetic
2023-03-17,Indonesia-Paradip,Supramax,22.14,2213.0,market_synthetic
2023-03-17,Indonesia-Paradip,Panamax,18.35,2213.0,market_synthetic
2023-03-17,Indonesia-Vizag,Supramax,24.38,2213.0,market_synthetic
2023-03-17,Indonesia-Vizag,Panamax,18.95,2213.0,market_synthetic
2023-03-17,Indonesia-Gangavaram,Capesize,21.0,2213.0,market_synthetic
2023-03-17,SouthAfrica-Krishnapatnam,Capesize,22.2,2213.0,market_synthetic
2023-03-17,SouthAfrica-Vizag,Panamax,25.46,2213.0,market_synthetic
2023-03-17,Australia-Paradip,Capesize,24.28,2213.0,market_synthetic
2023-03-17,Australia-Gangavaram,Capesize,23.38,2213.0,market_synthetic
2023-03-17,Indonesia-Haldia,Handymax,22.46,2213.0,market_synthetic
2023-03-17,Indonesia-Ennore,Supramax,24.42,2213.0,market_synthetic
2023-03-17,Indonesia-Chennai,Handymax,24.27,2213.0,market_synthetic
2023-03-24,Indonesia-Paradip,Supramax,23.35,2187.6,market_synthetic
2023-03-24,Indonesia-Paradip,Panamax,17.28,2187.6,market_synthetic
2023-03-24,Indonesia-Vizag,Supramax,25.05,2187.6,market_synthetic
2023-03-24,Indonesia-Vizag,Panamax,19.14,2187.6,market_synthetic
2023-03-24,Indonesia-Gangavaram,Capesize,21.82,2187.6,market_synthetic
2023-03-24,SouthAfrica-Krishnapatnam,Capesize,22.98,2187.6,market_synthetic
2023-03-24,SouthAfrica-Vizag,Panamax,25.39,2187.6,market_synthetic
2023-03-24,Australia-Paradip,Capesize,23.54,2187.6,market_synthetic
2023-03-24,Australia-Gangavaram,Capesize,22.91,2187.6,market_synthetic
2023-03-24,Indonesia-Haldia,Handymax,22.45,2187.6,market_synthetic
2023-03-24,Indonesia-Ennore,Supramax,24.8,2187.6,market_synthetic
2023-03-24,Indonesia-Chennai,Handymax,24.79,2187.6,market_synthetic
2023-03-31,Indonesia-Paradip,Supramax,23.47,2124.5,market_synthetic
2023-03-31,Indonesia-Paradip,Panamax,17.63,2124.5,market_synthetic
2023-03-31,Indonesia-Vizag,Supramax,23.45,2124.5,market_synthetic
2023-03-31,Indonesia-Vizag,Panamax,17.96,2124.5,market_synthetic
2023-03-31,Indonesia-Gangavaram,Capesize,19.26,2124.5,market_synthetic
2023-03-31,SouthAfrica-Krishnapatnam,Capesize,22.12,2124.5,market_synthetic
2023-03-31,SouthAfrica-Vizag,Panamax,23.33,2124.5,market_synthetic
2023-03-31,Australia-Paradip,Capesize,26.38,2124.5,market_synthetic
2023-03-31,Australia-Gangavaram,Capesize,23.51,2124.5,market_synthetic
2023-03-31,Indonesia-Haldia,Handymax,24.36,2124.5,market_synthetic
2023-03-31,Indonesia-Ennore,Supramax,24.72,2124.5,market_synthetic
2023-03-31,Indonesia-Chennai,Handymax,24.57,2124.5,market_synthetic
2023-04-07,Indonesia-Paradip,Supramax,21.9,2068.9,market_synthetic
2023-04-07,Indonesia-Paradip,Panamax,18.39,2068.9,market_synthetic
2023-04-07,Indonesia-Vizag,Supramax,24.64,2068.9,market_synthetic
2023-04-07,Indonesia-Vizag,Panamax,17.98,2068.9,market_synthetic
2023-04-07,Indonesia-Gangavaram,Capesize,21.21,2068.9,market_synthetic
2023-04-07,SouthAfrica-Krishnapatnam,Capesize,21.68,2068.9,market_synthetic
2023-04-07,SouthAfrica-Vizag,Panamax,24.97,2068.9,market_synthetic
2023-04-07,Australia-Paradip,Capesize,22.81,2068.9,market_synthetic
2023-04-07,Australia-Gangavaram,Capesize,23.67,2068.9,market_synthetic
2023-04-07,Indonesia-Haldia,Handymax,24.24,2068.9,market_synthetic
2023-04-07,Indonesia-Ennore,Supramax,23.61,2068.9,market_synthetic
2023-04-07,Indonesia-Chennai,Handymax,24.28,2068.9,market_synthetic
2023-04-14,Indonesia-Paradip,Supramax,23.6,2174.1,market_synthetic
2023-04-14,Indonesia-Paradip,Panamax,19.01,2174.1,market_synthetic
2023-04-14,Indonesia-Vizag,Supramax,24.78,2174.1,market_synthetic
2023-04-14,Indonesia-Vizag,Panamax,18.9,2174.1,market_synthetic
2023-04-14,Indonesia-Gangavaram,Capesize,20.71,2174.1,market_synthetic
2023-04-14,SouthAfrica-Krishnapatnam,Capesize,22.4,2174.1,market_synthetic
2023-04-14,SouthAfrica-Vizag,Panamax,24.95,2174.1,market_synthetic
2023-04-14,Australia-Paradip,Capesize,22.68,2174.1,market_synthetic
2023-04-14,Australia-Gangavaram,Capesize,23.82,2174.1,market_synthetic
2023-04-14,Indonesia-Haldia,Handymax,24.42,2174.1,market_synthetic
2023-04-14,Indonesia-Ennore,Supramax,24.29,2174.1,market_synthetic
2023-04-14,Indonesia-Chennai,Handymax,24.8,2174.1,market_synthetic
2023-04-21,Indonesia-Paradip,Supramax,22.54,2127.3,market_synthetic
2023-04-21,Indonesia-Paradip,Panamax,18.56,2127.3,market_synthetic
2023-04-21,Indonesia-Vizag,Supramax,23.31,2127.3,market_synthetic
2023-04-21,Indonesia-Vizag,Panamax,18.91,2127.3,market_synthetic
2023-04-21,Indonesia-Gangavaram,Capesize,19.99,2127.3,market_synthetic
2023-04-21,SouthAfrica-Krishnapatnam,Capesize,22.45,2127.3,market_synthetic
2023-04-21,SouthAfrica-Vizag,Panamax,25.37,2127.3,market_synthetic
2023-04-21,Australia-Paradip,Capesize,23.24,2127.3,market_synthetic
2023-04-21,Australia-Gangavaram,Capesize,23.15,2127.3,market_synthetic
2023-04-21,Indonesia-Haldia,Handymax,24.18,2127.3,market_synthetic
2023-04-21,Indonesia-Ennore,Supramax,23.75,2127.3,market_synthetic
2023-04-21,Indonesia-Chennai,Handymax,23.43,2127.3,market_synthetic
2023-04-28,Indonesia-Paradip,Supramax,22.58,1961.7,market_synthetic
2023-04-28,Indonesia-Paradip,Panamax,17.52,1961.7,market_synthetic
2023-04-28,Indonesia-Vizag,Supramax,22.91,1961.7,market_synthetic
2023-04-28,Indonesia-Vizag,Panamax,18.12,1961.7,market_synthetic
2023-04-28,Indonesia-Gangavaram,Capesize,19.89,1961.7,market_synthetic
2023-04-28,SouthAfrica-Krishnapatnam,Capesize,21.03,1961.7,market_synthetic
2023-04-28,SouthAfrica-Vizag,Panamax,23.23,1961.7,market_synthetic
2023-04-28,Australia-Paradip,Capesize,23.42,1961.7,market_synthetic
2023-04-28,Australia-Gangavaram,Capesize,21.96,1961.7,market_synthetic
2023-04-28,Indonesia-Haldia,Handymax,23.24,1961.7,market_synthetic
2023-04-28,Indonesia-Ennore,Supramax,24.49,1961.7,market_synthetic
2023-04-28,Indonesia-Chennai,Handymax,23.17,1961.7,market_synthetic
2023-05-05,Indonesia-Paradip,Supramax,22.19,2032.7,market_synthetic
2023-05-05,Indonesia-Paradip,Panamax,17.83,2032.7,market_synthetic
2023-05-05,Indonesia-Vizag,Supramax,22.64,2032.7,market_synthetic
2023-05-05,Indonesia-Vizag,Panamax,18.71,2032.7,market_synthetic
2023-05-05,Indonesia-Gangavaram,Capesize,19.01,2032.7,market_synthetic
2023-05-05,SouthAfrica-Krishnapatnam,Capesize,20.45,2032.7,market_synthetic
2023-05-05,SouthAfrica-Vizag,Panamax,23.43,2032.7,market_synthetic
2023-05-05,Australia-Paradip,Capesize,23.01,2032.7,market_synthetic
2023-05-05,Australia-Gangavaram,Capesize,22.78,2032.7,market_synthetic
2023-05-05,Indonesia-Haldia,Handymax,23.24,2032.7,market_synthetic
2023-05-05,Indonesia-Ennore,Supramax,23.07,2032.7,market_synthetic
2023-05-05,Indonesia-Chennai,Handymax,22.34,2032.7,market_synthetic
2023-05-12,Indonesia-Paradip,Supramax,23.04,2127.0,market_synthetic
2023-05-12,Indonesia-Paradip,Panamax,17.33,2127.0,market_synthetic
2023-05-12,Indonesia-Vizag,Supramax,23.32,2127.0,market_synthetic
2023-05-12,Indonesia-Vizag,Panamax,18.36,2127.0,market_synthetic
2023-05-12,Indonesia-Gangavaram,Capesize,19.38,2127.0,market_synthetic
2023-05-12,SouthAfrica-Krishnapatnam,Capesize,21.93,2127.0,market_synthetic
2023-05-12,SouthAfrica-Vizag,Panamax,24.21,2127.0,market_synthetic
2023-05-12,Australia-Paradip,Capesize,23.85,2127.0,market_synthetic
2023-05-12,Australia-Gangavaram,Capesize,22.83,2127.0,market_synthetic
2023-05-12,Indonesia-Haldia,Handymax,24.52,2127.0,market_synthetic
2023-05-12,Indonesia-Ennore,Supramax,22.85,2127.0,market_synthetic
2023-05-12,Indonesia-Chennai,Handymax,25.55,2127.0,market_synthetic
2023-05-19,Indonesia-Paradip,Supramax,23.35,2024.5,market_synthetic
2023-05-19,Indonesia-Paradip,Panamax,17.19,2024.5,market_synthetic
2023-05-19,Indonesia-Vizag,Supramax,21.47,2024.5,market_synthetic
2023-05-19,Indonesia-Vizag,Panamax,17.58,2024.5,market_synthetic
2023-05-19,Indonesia-Gangavaram,Capesize,19.23,2024.5,market_synthetic
2023-05-19,SouthAfrica-Krishnapatnam,Capesize,21.44,2024.5,market_synthetic
2023-05-19,SouthAfrica-Vizag,Panamax,23.95,2024.5,market_synthetic
2023-05-19,Australia-Paradip,Capesize,22.99,2024.5,market_synthetic
2023-05-19,Australia-Gangavaram,Capesize,20.55,2024.5,market_synthetic
2023-05-19,Indonesia-Haldia,Handymax,20.86,2024.5,market_synthetic
2023-05-19,Indonesia-Ennore,Supramax,23.1,2024.5,market_synthetic
2023-05-19,Indonesia-Chennai,Handymax,24.5,2024.5,market_synthetic
2023-05-26,Indonesia-Paradip,Supramax,22.4,2149.8,market_synthetic
2023-05-26,Indonesia-Paradip,Panamax,19.1,2149.8,market_synthetic
2023-05-26,Indonesia-Vizag,Supramax,21.88,2149.8,market_synthetic
2023-05-26,Indonesia-Vizag,Panamax,18.19,2149.8,market_synthetic
2023-05-26,Indonesia-Gangavaram,Capesize,20.87,2149.8,market_synthetic
2023-05-26,SouthAfrica-Krishnapatnam,Capesize,21.54,2149.8,market_synthetic
2023-05-26,SouthAfrica-Vizag,Panamax,24.87,2149.8,market_synthetic
2023-05-26,Australia-Paradip,Capesize,23.68,2149.8,market_synthetic
2023-05-26,Australia-Gangavaram,Capesize,22.19,2149.8,market_synthetic
2023-05-26,Indonesia-Haldia,Handymax,22.39,2149.8,market_synthetic
2023-05-26,Indonesia-Ennore,Supramax,22.19,2149.8,market_synthetic
2023-05-26,Indonesia-Chennai,Handymax,23.69,2149.8,market_synthetic
2023-06-02,Indonesia-Paradip,Supramax,23.22,2045.5,market_synthetic
2023-06-02,Indonesia-Paradip,Panamax,15.83,2045.5,market_synthetic
2023-06-02,Indonesia-Vizag,Supramax,22.07,2045.5,market_synthetic
2023-06-02,Indonesia-Vizag,Panamax,18.48,2045.5,market_synthetic
2023-06-02,Indonesia-Gangavaram,Capesize,19.44,2045.5,market_synthetic
2023-06-02,SouthAfrica-Krishnapatnam,Capesize,19.3,2045.5,market_synthetic
2023-06-02,SouthAfrica-Vizag,Panamax,23.08,2045.5,market_synthetic
2023-06-02,Australia-Paradip,Capesize,22.64,2045.5,market_synthetic
2023-06-02,Australia-Gangavaram,Capesize,21.86,2045.5,market_synthetic
2023-06-02,Indonesia-Haldia,Handymax,21.88,2045.5,market_synthetic
2023-06-02,Indonesia-Ennore,Supramax,22.68,2045.5,market_synthetic
2023-06-02,Indonesia-Chennai,Handymax,24.24,2045.5,market_synthetic
2023-06-09,Indonesia-Paradip,Supramax,20.61,2012.6,market_synthetic
2023-06-09,Indonesia-Paradip,Panamax,18.11,2012.6,market_synthetic
2023-06-09,Indonesia-Vizag,Supramax,21.36,2012.6,market_synthetic
2023-06-09,Indonesia-Vizag,Panamax,17.34,2012.6,market_synthetic
2023-06-09,Indonesia-Gangavaram,Capesize,18.72,2012.6,market_synthetic
2023-06-09,SouthAfrica-Krishnapatnam,Capesize,21.01,2012.6,market_synthetic
2023-06-09,SouthAfrica-Vizag,Panamax,23.89,2012.6,market_synthetic
2023-06-09,Australia-Paradip,Capesize,21.72,2012.6,market_synthetic
2023-06-09,Australia-Gangavaram,Capesize,19.87,2012.6,market_synthetic
2023-06-09,Indonesia-Haldia,Handymax,21.46,2012.6,market_synthetic
2023-06-09,Indonesia-Ennore,Supramax,21.08,2012.6,market_synthetic
2023-06-09,Indonesia-Chennai,Handymax,21.2,2012.6,market_synthetic
2023-06-16,Indonesia-Paradip,Supramax,20.46,1940.0,market_synthetic
2023-06-16,Indonesia-Paradip,Panamax,16.11,1940.0,market_synthetic
2023-06-16,Indonesia-Vizag,Supramax,21.15,1940.0,market_synthetic
2023-06-16,Indonesia-Vizag,Panamax,15.55,1940.0,market_synthetic
2023-06-16,Indonesia-Gangavaram,Capesize,18.71,1940.0,market_synthetic
2023-06-16,SouthAfrica-Krishnapatnam,Capesize,21.08,1940.0,market_synthetic
2023-06-16,SouthAfrica-Vizag,Panamax,22.0,1940.0,market_synthetic
2023-06-16,Australia-Paradip,Capesize,22.61,1940.0,market_synthetic
2023-06-16,Australia-Gangavaram,Capesize,19.42,1940.0,market_synthetic
2023-06-16,Indonesia-Haldia,Handymax,22.03,1940.0,market_synthetic
2023-06-16,Indonesia-Ennore,Supramax,22.41,1940.0,market_synthetic
2023-06-16,Indonesia-Chennai,Handymax,22.39,1940.0,market_synthetic
2023-06-23,Indonesia-Paradip,Supramax,20.8,1974.0,market_synthetic
2023-06-23,Indonesia-Paradip,Panamax,16.36,1974.0,market_synthetic
2023-06-23,Indonesia-Vizag,Supramax,20.4,1974.0,market_synthetic
2023-06-23,Indonesia-Vizag,Panamax,15.61,1974.0,market_synthetic
2023-06-23,Indonesia-Gangavaram,Capesize,18.95,1974.0,market_synthetic
2023-06-23,SouthAfrica-Krishnapatnam,Capesize,20.09,1974.0,market_synthetic
2023-06-23,SouthAfrica-Vizag,Panamax,22.57,1974.0,market_synthetic
2023-06-23,Australia-Paradip,Capesize,20.92,1974.0,market_synthetic
2023-06-23,Australia-Gangavaram,Capesize,19.95,1974.0,market_synthetic
2023-06-23,Indonesia-Haldia,Handymax,20.49,1974.0,market_synthetic
2023-06-23,Indonesia-Ennore,Supramax,20.57,1974.0,market_synthetic
2023-06-23,Indonesia-Chennai,Handymax,21.46,1974.0,market_synthetic
2023-06-30,Indonesia-Paradip,Supramax,21.0,1988.1,market_synthetic
2023-06-30,Indonesia-Paradip,Panamax,16.42,1988.1,market_synthetic
2023-06-30,Indonesia-Vizag,Supramax,20.8,1988.1,market_synthetic
2023-06-30,Indonesia-Vizag,Panamax,17.75,1988.1,market_synthetic
2023-06-30,Indonesia-Gangavaram,Capesize,17.54,1988.1,market_synthetic
2023-06-30,SouthAfrica-Krishnapatnam,Capesize,19.63,1988.1,market_synthetic
2023-06-30,SouthAfrica-Vizag,Panamax,23.39,1988.1,market_synthetic
2023-06-30,Australia-Paradip,Capesize,22.44,1988.1,market_synthetic
2023-06-30,Australia-Gangavaram,Capesize,21.64,1988.1,market_synthetic
2023-06-30,Indonesia-Haldia,Handymax,22.15,1988.1,market_synthetic
2023-06-30,Indonesia-Ennore,Supramax,20.78,1988.1,market_synthetic
2023-06-30,Indonesia-Chennai,Handymax,21.77,1988.1,market_synthetic
2023-07-07,Indonesia-Paradip,Supramax,19.21,1852.7,market_synthetic
2023-07-07,Indonesia-Paradip,Panamax,16.54,1852.7,market_synthetic
2023-07-07,Indonesia-Vizag,Supramax,19.15,1852.7,market_synthetic
2023-07-07,Indonesia-Vizag,Panamax,15.52,1852.7,market_synthetic
2023-07-07,Indonesia-Gangavaram,Capesize,16.59,1852.7,market_synthetic
2023-07-07,SouthAfrica-Krishnapatnam,Capesize,17.94,1852.7,market_synthetic
2023-07-07,SouthAfrica-Vizag,Panamax,20.52,1852.7,market_synthetic
2023-07-07,Australia-Paradip,Capesize,21.42,1852.7,market_synthetic
2023-07-07,Australia-Gangavaram,Capesize,20.21,1852.7,market_synthetic
2023-07-07,Indonesia-Haldia,Handymax,20.51,1852.7,market_synthetic
2023-07-07,Indonesia-Ennore,Supramax,19.77,1852.7,market_synthetic
2023-07-07,Indonesia-Chennai,Handymax,20.95,1852.7,market_synthetic
2023-07-14,Indonesia-Paradip,Supramax,19.29,1754.6,market_synthetic
2023-07-14,Indonesia-Paradip,Panamax,14.66,1754.6,market_synthetic
2023-07-14,Indonesia-Vizag,Supramax,19.5,1754.6,market_synthetic
2023-07-14,Indonesia-Vizag,Panamax,14.92,1754.6,market_synthetic
2023-07-14,Indonesia-Gangavaram,Capesize,16.62,1754.6,market_synthetic
2023-07-14,SouthAfrica-Krishnapatnam,Capesize,17.96,1754.6,market_synthetic
2023-07-14,SouthAfrica-Vizag,Panamax,21.16,1754.6,market_synthetic
2023-07-14,Australia-Paradip,Capesize,20.14,1754.6,market_synthetic
2023-07-14,Australia-Gangavaram,Capesize,19.39,1754.6,market_synthetic
2023-07-14,Indonesia-Haldia,Handymax,19.62,1754.6,market_synthetic
2023-07-14,Indonesia-Ennore,Supramax,20.15,1754.6,market_synthetic
2023-07-14,Indonesia-Chennai,Handymax,18.69,1754.6,market_synthetic
2023-07-21,Indonesia-Paradip,Supramax,18.49,1771.6,market_synthetic
2023-07-21,Indonesia-Paradip,Panamax,15.36,1771.6,market_synthetic
2023-07-21,Indonesia-Vizag,Supramax,19.43,1771.6,market_synthetic
2023-07-21,Indonesia-Vizag,Panamax,14.22,1771.6,market_synthetic
2023-07-21,Indonesia-Gangavaram,Capesize,15.26,1771.6,market_synthetic
2023-07-21,SouthAfrica-Krishnapatnam,Capesize,17.43,1771.6,market_synthetic
2023-07-21,SouthAfrica-Vizag,Panamax,19.92,1771.6,market_synthetic
2023-07-21,Australia-Paradip,Capesize,18.57,1771.6,market_synthetic
2023-07-21,Australia-Gangavaram,Capesize,19.54,1771.6,market_synthetic
2023-07-21,Indonesia-Haldia,Handymax,20.89,1771.6,market_synthetic
2023-07-21,Indonesia-Ennore,Supramax,20.27,1771.6,market_synthetic
2023-07-21,Indonesia-Chennai,Handymax,19.85,1771.6,market_synthetic
2023-07-28,Indonesia-Paradip,Supramax,20.16,1805.7,market_synthetic
2023-07-28,Indonesia-Paradip,Panamax,15.7,1805.7,market_synthetic
2023-07-28,Indonesia-Vizag,Supramax,19.3,1805.7,market_synthetic
2023-07-28,Indonesia-Vizag,Panamax,15.63,1805.7,market_synthetic
2023-07-28,Indonesia-Gangavaram,Capesize,15.52,1805.7,market_synthetic
2023-07-28,SouthAfrica-Krishnapatnam,Capesize,16.84,1805.7,market_synthetic
2023-07-28,SouthAfrica-Vizag,Panamax,21.8,1805.7,market_synthetic
2023-07-28,Australia-Paradip,Capesize,19.65,1805.7,market_synthetic
2023-07-28,Australia-Gangavaram,Capesize,18.68,1805.7,market_synthetic
2023-07-28,Indonesia-Haldia,Handymax,19.77,1805.7,market_synthetic
2023-07-28,Indonesia-Ennore,Supramax,19.95,1805.7,market_synthetic
2023-07-28,Indonesia-Chennai,Handymax,21.11,1805.7,market_synthetic
2023-08-04,Indonesia-Paradip,Supramax,19.15,1704.0,market_synthetic
2023-08-04,Indonesia-Paradip,Panamax,15.35,1704.0,market_synthetic
2023-08-04,Indonesia-Vizag,Supramax,18.02,1704.0,market_synthetic
2023-08-04,Indonesia-Vizag,Panamax,14.52,1704.0,market_synthetic
2023-08-04,Indonesia-Gangavaram,Capesize,15.47,1704.0,market_synthetic
2023-08-04,SouthAfrica-Krishnapatnam,Capesize,15.74,1704.0,market_synthetic
2023-08-04,SouthAfrica-Vizag,Panamax,21.08,1704.0,market_synthetic
2023-08-04,Australia-Paradip,Capesize,18.59,1704.0,market_synthetic
2023-08-04,Australia-Gangavaram,Capesize,16.74,1704.0,market_synthetic
2023-08-04,Indonesia-Haldia,Handymax,19.08,1704.0,market_synthetic
2023-08-04,Indonesia-Ennore,Supramax,18.9,1704.0,market_synthetic
2023-08-04,Indonesia-Chennai,Handymax,19.07,1704.0,market_synthetic
2023-08-11,Indonesia-Paradip,Supramax,18.95,1676.0,market_synthetic
2023-08-11,Indonesia-Paradip,Panamax,14.01,1676.0,market_synthetic
2023-08-11,Indonesia-Vizag,Supramax,18.69,1676.0,market_synthetic
2023-08-11,Indonesia-Vizag,Panamax,15.27,1676.0,market_synthetic
2023-08-11,Indonesia-Gangavaram,Capesize,16.34,1676.0,market_synthetic
2023-08-11,SouthAfrica-Krishnapatnam,Capesize,16.65,1676.0,market_synthetic
2023-08-11,SouthAfrica-Vizag,Panamax,18.75,1676.0,market_synthetic
2023-08-11,Australia-Paradip,Capesize,17.72,1676.0,market_synthetic
2023-08-11,Australia-Gangavaram,Capesize,17.98,1676.0,market_synthetic
2023-08-11,Indonesia-Haldia,Handymax,18.46,1676.0,market_synthetic
2023-08-11,Indonesia-Ennore,Supramax,19.15,1676.0,market_synthetic
2023-08-11,Indonesia-Chennai,Handymax,20.71,1676.0,market_synthetic
2023-08-18,Indonesia-Paradip,Supramax,19.03,1713.0,market_synthetic
2023-08-18,Indonesia-Paradip,Panamax,13.01,1713.0,market_synthetic
2023-08-18,Indonesia-Vizag,Supramax,18.19,1713.0,market_synthetic
2023-08-18,Indonesia-Vizag,Panamax,15.18,1713.0,market_synthetic
2023-08-18,Indonesia-Gangavaram,Capesize,14.63,1713.0,market_synthetic
2023-08-18,SouthAfrica-Krishnapatnam,Capesize,16.57,1713.0,market_synthetic
2023-08-18,SouthAfrica-Vizag,Panamax,19.72,1713.0,market_synthetic
2023-08-18,Australia-Paradip,Capesize,19.15,1713.0,market_synthetic
2023-08-18,Australia-Gangavaram,Capesize,17.25,1713.0,market_synthetic
2023-08-18,Indonesia-Haldia,Handymax,19.29,1713.0,market_synthetic
2023-08-18,Indonesia-Ennore,Supramax,18.87,1713.0,market_synthetic
2023-08-18,Indonesia-Chennai,Handymax,20.08,1713.0,market_synthetic
2023-08-25,Indonesia-Paradip,Supramax,17.42,1644.4,market_synthetic
2023-08-25,Indonesia-Paradip,Panamax,13.51,1644.4,market_synthetic
2023-08-25,Indonesia-Vizag,Supramax,17.04,1644.4,market_synthetic
2023-08-25,Indonesia-Vizag,Panamax,13.12,1644.4,market_synthetic
2023-08-25,Indonesia-Gangavaram,Capesize,13.8,1644.4,market_synthetic
2023-08-25,SouthAfrica-Krishnapatnam,Capesize,16.05,1644.4,market_synthetic
2023-08-25,SouthAfrica-Vizag,Panamax,19.06,1644.4,market_synthetic
2023-08-25,Australia-Paradip,Capesize,17.82,1644.4,market_synthetic
2023-08-25,Australia-Gangavaram,Capesize,17.55,1644.4,market_synthetic
2023-08-25,Indonesia-Haldia,Handymax,17.08,1644.4,market_synthetic
2023-08-25,Indonesia-Ennore,Supramax,18.84,1644.4,market_synthetic
2023-08-25,Indonesia-Chennai,Handymax,18.94,1644.4,market_synthetic
2023-09-01,Indonesia-Paradip,Supramax,16.56,1750.1,market_synthetic
2023-09-01,Indonesia-Paradip,Panamax,12.94,1750.1,market_synthetic
2023-09-01,Indonesia-Vizag,Supramax,18.85,1750.1,market_synthetic
2023-09-01,Indonesia-Vizag,Panamax,12.97,1750.1,market_synthetic
2023-09-01,Indonesia-Gangavaram,Capesize,16.12,1750.1,market_synthetic
2023-09-01,SouthAfrica-Krishnapatnam,Capesize,15.54,1750.1,market_synthetic
2023-09-01,SouthAfrica-Vizag,Panamax,19.09,1750.1,market_synthetic
2023-09-01,Australia-Paradip,Capesize,18.21,1750.1,market_synthetic
2023-09-01,Australia-Gangavaram,Capesize,16.78,1750.1,market_synthetic
2023-09-01,Indonesia-Haldia,Handymax,17.77,1750.1,market_synthetic
2023-09-01,Indonesia-Ennore,Supramax,19.21,1750.1,market_synthetic
2023-09-01,Indonesia-Chennai,Handymax,19.1,1750.1,market_synthetic
2023-09-08,Indonesia-Paradip,Supramax,16.58,1654.2,market_synthetic
2023-09-08,Indonesia-Paradip,Panamax,13.07,1654.2,market_synthetic
2023-09-08,Indonesia-Vizag,Supramax,17.87,1654.2,market_synthetic
2023-09-08,Indonesia-Vizag,Panamax,14.11,1654.2,market_synthetic
2023-09-08,Indonesia-Gangavaram,Capesize,13.95,1654.2,market_synthetic
2023-09-08,SouthAfrica-Krishnapatnam,Capesize,16.74,1654.2,market_synthetic
2023-09-08,SouthAfrica-Vizag,Panamax,18.53,1654.2,market_synthetic
2023-09-08,Australia-Paradip,Capesize,16.17,1654.2,market_synthetic
2023-09-08,Australia-Gangavaram,Capesize,16.15,1654.2,market_synthetic
2023-09-08,Indonesia-Haldia,Handymax,18.32,1654.2,market_synthetic
2023-09-08,Indonesia-Ennore,Supramax,18.31,1654.2,market_synthetic
2023-09-08,Indonesia-Chennai,Handymax,17.31,1654.2,market_synthetic
2023-09-15,Indonesia-Paradip,Supramax,16.18,1669.2,market_synthetic
2023-09-15,Indonesia-Paradip,Panamax,13.21,1669.2,market_synthetic
2023-09-15,Indonesia-Vizag,Supramax,18.08,1669.2,market_synthetic
2023-09-15,Indonesia-Vizag,Panamax,12.44,1669.2,market_synthetic
2023-09-15,Indonesia-Gangavaram,Capesize,14.72,1669.2,market_synthetic
2023-09-15,SouthAfrica-Krishnapatnam,Capesize,15.8,1669.2,market_synthetic
2023-09-15,SouthAfrica-Vizag,Panamax,18.76,1669.2,market_synthetic
2023-09-15,Australia-Paradip,Capesize,17.43,1669.2,market_synthetic
2023-09-15,Australia-Gangavaram,Capesize,17.17,1669.2,market_synthetic
2023-09-15,Indonesia-Haldia,Handymax,18.13,1669.2,market_synthetic
2023-09-15,Indonesia-Ennore,Supramax,18.89,1669.2,market_synthetic
2023-09-15,Indonesia-Chennai,Handymax,19.13,1669.2,market_synthetic
2023-09-22,Indonesia-Paradip,Supramax,18.09,1675.7,market_synthetic
2023-09-22,Indonesia-Paradip,Panamax,13.05,1675.7,market_synthetic
2023-09-22,Indonesia-Vizag,Supramax,17.45,1675.7,market_synthetic
2023-09-22,Indonesia-Vizag,Panamax,11.53,1675.7,market_synthetic
2023-09-22,Indonesia-Gangavaram,Capesize,15.03,1675.7,market_synthetic
2023-09-22,SouthAfrica-Krishnapatnam,Capesize,16.34,1675.7,market_synthetic
2023-09-22,SouthAfrica-Vizag,Panamax,17.43,1675.7,market_synthetic
2023-09-22,Australia-Paradip,Capesize,15.71,1675.7,market_synthetic
2023-09-22,Australia-Gangavaram,Capesize,16.86,1675.7,market_synthetic
2023-09-22,Indonesia-Haldia,Handymax,17.28,1675.7,market_synthetic
2023-09-22,Indonesia-Ennore,Supramax,18.01,1675.7,market_synthetic
2023-09-22,Indonesia-Chennai,Handymax,20.19,1675.7,market_synthetic
2023-09-29,Indonesia-Paradip,Supramax,17.15,1678.1,market_synthetic
2023-09-29,Indonesia-Paradip,Panamax,13.24,1678.1,market_synthetic
2023-09-29,Indonesia-Vizag,Supramax,18.04,1678.1,market_synthetic
2023-09-29,Indonesia-Vizag,Panamax,13.84,1678.1,market_synthetic
2023-09-29,Indonesia-Gangavaram,Capesize,12.6,1678.1,market_synthetic
2023-09-29,SouthAfrica-Krishnapatnam,Capesize,16.39,1678.1,market_synthetic
2023-09-29,SouthAfrica-Vizag,Panamax,20.48,1678.1,market_synthetic
2023-09-29,Australia-Paradip,Capesize,17.21,1678.1,market_synthetic
2023-09-29,Australia-Gangavaram,Capesize,17.72,1678.1,market_synthetic
2023-09-29,Indonesia-Haldia,Handymax,18.82,1678.1,market_synthetic
2023-09-29,Indonesia-Ennore,Supramax,19.57,1678.1,market_synthetic
2023-09-29,Indonesia-Chennai,Handymax,18.62,1678.1,market_synthetic
2023-10-06,Indonesia-Paradip,Supramax,18.54,1669.6,market_synthetic
2023-10-06,Indonesia-Paradip,Panamax,11.75,1669.6,market_synthetic
2023-10-06,Indonesia-Vizag,Supramax,17.86,1669.6,market_synthetic
2023-10-06,Indonesia-Vizag,Panamax,13.86,1669.6,market_synthetic
2023-10-06,Indonesia-Gangavaram,Capesize,14.22,1669.6,market_synthetic
2023-10-06,SouthAfrica-Krishnapatnam,Capesize,14.99,1669.6,market_synthetic
2023-10-06,SouthAfrica-Vizag,Panamax,19.62,1669.6,market_synthetic
2023-10-06,Australia-Paradip,Capesize,16.55,1669.6,market_synthetic
2023-10-06,Australia-Gangavaram,Capesize,16.83,1669.6,market_synthetic
2023-10-06,Indonesia-Haldia,Handymax,18.19,1669.6,market_synthetic
2023-10-06,Indonesia-Ennore,Supramax,17.92,1669.6,market_synthetic
2023-10-06,Indonesia-Chennai,Handymax,18.91,1669.6,market_synthetic
2023-10-13,Indonesia-Paradip,Supramax,17.04,1674.2,market_synthetic
2023-10-13,Indonesia-Paradip,Panamax,12.55,1674.2,market_synthetic
2023-10-13,Indonesia-Vizag,Supramax,17.12,1674.2,market_synthetic
2023-10-13,Indonesia-Vizag,Panamax,14.03,1674.2,market_synthetic
2023-10-13,Indonesia-Gangavaram,Capesize,15.24,1674.2,market_synthetic
2023-10-13,SouthAfrica-Krishnapatnam,Capesize,16.11,1674.2,market_synthetic
2023-10-13,SouthAfrica-Vizag,Panamax,18.26,1674.2,market_synthetic
2023-10-13,Australia-Paradip,Capesize,17.52,1674.2,market_synthetic
2023-10-13,Australia-Gangavaram,Capesize,18.62,1674.2,market_synthetic
2023-10-13,Indonesia-Haldia,Handymax,18.21,1674.2,market_synthetic
2023-10-13,Indonesia-Ennore,Supramax,17.12,1674.2,market_synthetic
2023-10-13,Indonesia-Chennai,Handymax,17.38,1674.2,market_synthetic
2023-10-20,Indonesia-Paradip,Supramax,17.66,1537.6,market_synthetic
2023-10-20,Indonesia-Paradip,Panamax,11.84,1537.6,market_synthetic
2023-10-20,Indonesia-Vizag,Supramax,17.15,1537.6,market_synthetic
2023-10-20,Indonesia-Vizag,Panamax,12.69,1537.6,market_synthetic
2023-10-20,Indonesia-Gangavaram,Capesize,13.67,1537.6,market_synthetic
2023-10-20,SouthAfrica-Krishnapatnam,Capesize,16.48,1537.6,market_synthetic
2023-10-20,SouthAfrica-Vizag,Panamax,18.76,1537.6,market_synthetic
2023-10-20,Australia-Paradip,Capesize,16.68,1537.6,market_synthetic
2023-10-20,Australia-Gangavaram,Capesize,15.76,1537.6,market_synthetic
2023-10-20,Indonesia-Haldia,Handymax,16.37,1537.6,market_synthetic
2023-10-20,Indonesia-Ennore,Supramax,18.0,1537.6,market_synthetic
2023-10-20,Indonesia-Chennai,Handymax,18.72,1537.6,market_synthetic
2023-10-27,Indonesia-Paradip,Supramax,16.18,1733.0,market_synthetic
2023-10-27,Indonesia-Paradip,Panamax,12.79,1733.0,market_synthetic
2023-10-27,Indonesia-Vizag,Supramax,16.97,1733.0,market_synthetic
2023-10-27,Indonesia-Vizag,Panamax,13.45,1733.0,market_synthetic
2023-10-27,Indonesia-Gangavaram,Capesize,15.2,1733.0,market_synthetic
2023-10-27,SouthAfrica-Krishnapatnam,Capesize,15.14,1733.0,market_synthetic
2023-10-27,SouthAfrica-Vizag,Panamax,19.1,1733.0,market_synthetic
2023-10-27,Australia-Paradip,Capesize,17.21,1733.0,market_synthetic
2023-10-27,Australia-Gangavaram,Capesize,18.02,1733.0,market_synthetic
2023-10-27,Indonesia-Haldia,Handymax,18.8,1733.0,market_synthetic
2023-10-27,Indonesia-Ennore,Supramax,19.06,1733.0,market_synthetic
2023-10-27,Indonesia-Chennai,Handymax,18.49,1733.0,market_synthetic
2023-11-03,Indonesia-Paradip,Supramax,16.11,1625.2,market_synthetic
2023-11-03,Indonesia-Paradip,Panamax,14.43,1625.2,market_synthetic
2023-11-03,Indonesia-Vizag,Supramax,17.67,1625.2,market_synthetic
2023-11-03,Indonesia-Vizag,Panamax,12.71,1625.2,market_synthetic
2023-11-03,Indonesia-Gangavaram,Capesize,13.95,1625.2,market_synthetic
2023-11-03,SouthAfrica-Krishnapatnam,Capesize,16.98,1625.2,market_synthetic
2023-11-03,SouthAfrica-Vizag,Panamax,17.94,1625.2,market_synthetic
2023-11-03,Australia-Paradip,Capesize,18.03,1625.2,market_synthetic
2023-11-03,Australia-Gangavaram,Capesize,15.35,1625.2,market_synthetic
2023-11-03,Indonesia-Haldia,Handymax,19.84,1625.2,market_synthetic
2023-11-03,Indonesia-Ennore,Supramax,18.37,1625.2,market_synthetic
2023-11-03,Indonesia-Chennai,Handymax,18.74,1625.2,market_synthetic
2023-11-10,Indonesia-Paradip,Supramax,16.73,1638.7,market_synthetic
2023-11-10,Indonesia-Paradip,Panamax,11.89,1638.7,market_synthetic
2023-11-10,Indonesia-Vizag,Supramax,17.65,1638.7,market_synthetic
2023-11-10,Indonesia-Vizag,Panamax,13.15,1638.7,market_synthetic
2023-11-10,Indonesia-Gangavaram,Capesize,14.98,1638.7,market_synthetic
2023-11-10,SouthAfrica-Krishnapatnam,Capesize,16.07,1638.7,market_synthetic
2023-11-10,SouthAfrica-Vizag,Panamax,19.01,1638.7,market_synthetic
2023-11-10,Australia-Paradip,Capesize,18.09,1638.7,market_synthetic
2023-11-10,Australia-Gangavaram,Capesize,18.18,1638.7,market_synthetic
2023-11-10,Indonesia-Haldia,Handymax,17.85,1638.7,market_synthetic
2023-11-10,Indonesia-Ennore,Supramax,17.57,1638.7,market_synthetic
2023-11-10,Indonesia-Chennai,Handymax,19.68,1638.7,market_synthetic
2023-11-17,Indonesia-Paradip,Supramax,16.67,1563.7,market_synthetic
2023-11-17,Indonesia-Paradip,Panamax,11.8,1563.7,market_synthetic
2023-11-17,Indonesia-Vizag,Supramax,16.89,1563.7,market_synthetic
2023-11-17,Indonesia-Vizag,Panamax,15.31,1563.7,market_synthetic
2023-11-17,Indonesia-Gangavaram,Capesize,14.89,1563.7,market_synthetic
2023-11-17,SouthAfrica-Krishnapatnam,Capesize,15.9,1563.7,market_synthetic
2023-11-17,SouthAfrica-Vizag,Panamax,18.26,1563.7,market_synthetic
2023-11-17,Australia-Paradip,Capesize,18.39,1563.7,market_synthetic
2023-11-17,Australia-Gangavaram,Capesize,16.89,1563.7,market_synthetic
2023-11-17,Indonesia-Haldia,Handymax,16.76,1563.7,market_synthetic
2023-11-17,Indonesia-Ennore,Supramax,16.41,1563.7,market_synthetic
2023-11-17,Indonesia-Chennai,Handymax,18.33,1563.7,market_synthetic
2023-11-24,Indonesia-Paradip,Supramax,18.24,1635.0,market_synthetic
2023-11-24,Indonesia-Paradip,Panamax,12.28,1635.0,market_synthetic
2023-11-24,Indonesia-Vizag,Supramax,17.17,1635.0,market_synthetic
2023-11-24,Indonesia-Vizag,Panamax,15.12,1635.0,market_synthetic
2023-11-24,Indonesia-Gangavaram,Capesize,16.77,1635.0,market_synthetic
2023-11-24,SouthAfrica-Krishnapatnam,Capesize,14.82,1635.0,market_synthetic
2023-11-24,SouthAfrica-Vizag,Panamax,18.42,1635.0,market_synthetic
2023-11-24,Australia-Paradip,Capesize,17.72,1635.0,market_synthetic
2023-11-24,Australia-Gangavaram,Capesize,16.94,1635.0,market_synthetic
2023-11-24,Indonesia-Haldia,Handymax,18.44,1635.0,market_synthetic
2023-11-24,Indonesia-Ennore,Supramax,17.03,1635.0,market_synthetic
2023-11-24,Indonesia-Chennai,Handymax,19.12,1635.0,market_synthetic
2023-12-01,Indonesia-Paradip,Supramax,18.23,1698.0,market_synthetic
2023-12-01,Indonesia-Paradip,Panamax,12.89,1698.0,market_synthetic
2023-12-01,Indonesia-Vizag,Supramax,19.02,1698.0,market_synthetic
2023-12-01,Indonesia-Vizag,Panamax,13.71,1698.0,market_synthetic
2023-12-01,Indonesia-Gangavaram,Capesize,14.81,1698.0,market_synthetic
2023-12-01,SouthAfrica-Krishnapatnam,Capesize,18.36,1698.0,market_synthetic
2023-12-01,SouthAfrica-Vizag,Panamax,18.49,1698.0,market_synthetic
2023-12-01,Australia-Paradip,Capesize,19.85,1698.0,market_synthetic
2023-12-01,Australia-Gangavaram,Capesize,16.54,1698.0,market_synthetic
2023-12-01,Indonesia-Haldia,Handymax,18.89,1698.0,market_synthetic
2023-12-01,Indonesia-Ennore,Supramax,19.45,1698.0,market_synthetic
2023-12-01,Indonesia-Chennai,Handymax,20.84,1698.0,market_synthetic
2023-12-08,Indonesia-Paradip,Supramax,17.28,1666.2,market_synthetic
2023-12-08,Indonesia-Paradip,Panamax,14.96,1666.2,market_synthetic
2023-12-08,Indonesia-Vizag,Supramax,19.79,1666.2,market_synthetic
2023-12-08,Indonesia-Vizag,Panamax,15.44,1666.2,market_synthetic
2023-12-08,Indonesia-Gangavaram,Capesize,14.11,1666.2,market_synthetic
2023-12-08,SouthAfrica-Krishnapatnam,Capesize,17.5,1666.2,market_synthetic
2023-12-08,SouthAfrica-Vizag,Panamax,20.3,1666.2,market_synthetic
2023-12-08,Australia-Paradip,Capesize,18.24,1666.2,market_synthetic
2023-12-08,Australia-Gangavaram,Capesize,19.48,1666.2,market_synthetic
2023-12-08,Indonesia-Haldia,Handymax,19.23,1666.2,market_synthetic
2023-12-08,Indonesia-Ennore,Supramax,19.01,1666.2,market_synthetic
2023-12-08,Indonesia-Chennai,Handymax,20.22,1666.2,market_synthetic
2023-12-15,Indonesia-Paradip,Supramax,18.67,1631.3,market_synthetic
2023-12-15,Indonesia-Paradip,Panamax,14.59,1631.3,market_synthetic
2023-12-15,Indonesia-Vizag,Supramax,19.55,1631.3,market_synthetic
2023-12-15,Indonesia-Vizag,Panamax,14.67,1631.3,market_synthetic
2023-12-15,Indonesia-Gangavaram,Capesize,14.37,1631.3,market_synthetic
2023-12-15,SouthAfrica-Krishnapatnam,Capesize,17.94,1631.3,market_synthetic
2023-12-15,SouthAfrica-Vizag,Panamax,19.63,1631.3,market_synthetic
2023-12-15,Australia-Paradip,Capesize,18.52,1631.3,market_synthetic
2023-12-15,Australia-Gangavaram,Capesize,18.18,1631.3,market_synthetic
2023-12-15,Indonesia-Haldia,Handymax,19.19,1631.3,market_synthetic
2023-12-15,Indonesia-Ennore,Supramax,19.88,1631.3,market_synthetic
2023-12-15,Indonesia-Chennai,Handymax,20.43,1631.3,market_synthetic
2023-12-22,Indonesia-Paradip,Supramax,19.59,1714.1,market_synthetic
2023-12-22,Indonesia-Paradip,Panamax,16.11,1714.1,market_synthetic
2023-12-22,Indonesia-Vizag,Supramax,20.1,1714.1,market_synthetic
2023-12-22,Indonesia-Vizag,Panamax,15.6,1714.1,market_synthetic
2023-12-22,Indonesia-Gangavaram,Capesize,17.06,1714.1,market_synthetic
2023-12-22,SouthAfrica-Krishnapatnam,Capesize,17.51,1714.1,market_synthetic
2023-12-22,SouthAfrica-Vizag,Panamax,20.04,1714.1,market_synthetic
2023-12-22,Australia-Paradip,Capesize,19.9,1714.1,market_synthetic
2023-12-22,Australia-Gangavaram,Capesize,18.54,1714.1,market_synthetic
2023-12-22,Indonesia-Haldia,Handymax,19.19,1714.1,market_synthetic
2023-12-22,Indonesia-Ennore,Supramax,19.63,1714.1,market_synthetic
2023-12-22,Indonesia-Chennai,Handymax,21.19,1714.1,market_synthetic
2023-12-29,Indonesia-Paradip,Supramax,18.73,1814.5,market_synthetic
2023-12-29,Indonesia-Paradip,Panamax,15.84,1814.5,market_synthetic
2023-12-29,Indonesia-Vizag,Supramax,19.09,1814.5,market_synthetic
2023-12-29,Indonesia-Vizag,Panamax,16.02,1814.5,market_synthetic
2023-12-29,Indonesia-Gangavaram,Capesize,17.9,1814.5,market_synthetic
2023-12-29,SouthAfrica-Krishnapatnam,Capesize,18.75,1814.5,market_synthetic
2023-12-29,SouthAfrica-Vizag,Panamax,21.88,1814.5,market_synthetic
2023-12-29,Australia-Paradip,Capesize,20.14,1814.5,market_synthetic
2023-12-29,Australia-Gangavaram,Capesize,20.72,1814.5,market_synthetic
2023-12-29,Indonesia-Haldia,Handymax,20.62,1814.5,market_synthetic
2023-12-29,Indonesia-Ennore,Supramax,21.2,1814.5,market_synthetic
2023-12-29,Indonesia-Chennai,Handymax,20.77,1814.5,market_synthetic
2024-01-05,Indonesia-Paradip,Supramax,19.42,1774.9,market_synthetic
2024-01-05,Indonesia-Paradip,Panamax,15.41,1774.9,market_synthetic
2024-01-05,Indonesia-Vizag,Supramax,19.85,1774.9,market_synthetic
2024-01-05,Indonesia-Vizag,Panamax,14.97,1774.9,market_synthetic
2024-01-05,Indonesia-Gangavaram,Capesize,15.78,1774.9,market_synthetic
2024-01-05,SouthAfrica-Krishnapatnam,Capesize,20.26,1774.9,market_synthetic
2024-01-05,SouthAfrica-Vizag,Panamax,21.08,1774.9,market_synthetic
2024-01-05,Australia-Paradip,Capesize,20.06,1774.9,market_synthetic
2024-01-05,Australia-Gangavaram,Capesize,20.44,1774.9,market_synthetic
2024-01-05,Indonesia-Haldia,Handymax,20.72,1774.9,market_synthetic
2024-01-05,Indonesia-Ennore,Supramax,21.53,1774.9,market_synthetic
2024-01-05,Indonesia-Chennai,Handymax,20.99,1774.9,market_synthetic
2024-01-12,Indonesia-Paradip,Supramax,19.52,1733.5,market_synthetic
2024-01-12,Indonesia-Paradip,Panamax,15.52,1733.5,market_synthetic
2024-01-12,Indonesia-Vizag,Supramax,20.14,1733.5,market_synthetic
2024-01-12,Indonesia-Vizag,Panamax,14.86,1733.5,market_synthetic
2024-01-12,Indonesia-Gangavaram,Capesize,17.86,1733.5,market_synthetic
2024-01-12,SouthAfrica-Krishnapatnam,Capesize,18.16,1733.5,market_synthetic
2024-01-12,SouthAfrica-Vizag,Panamax,21.34,1733.5,market_synthetic
2024-01-12,Australia-Paradip,Capesize,19.48,1733.5,market_synthetic
2024-01-12,Australia-Gangavaram,Capesize,19.79,1733.5,market_synthetic
2024-01-12,Indonesia-Haldia,Handymax,20.59,1733.5,market_synthetic
2024-01-12,Indonesia-Ennore,Supramax,20.34,1733.5,market_synthetic
2024-01-12,Indonesia-Chennai,Handymax,22.9,1733.5,market_synthetic
2024-01-19,Indonesia-Paradip,Supramax,20.31,1707.1,market_synthetic
2024-01-19,Indonesia-Paradip,Panamax,15.32,1707.1,market_synthetic
2024-01-19,Indonesia-Vizag,Supramax,20.37,1707.1,market_synthetic
2024-01-19,Indonesia-Vizag,Panamax,16.33,1707.1,market_synthetic
2024-01-19,Indonesia-Gangavaram,Capesize,18.28,1707.1,market_synthetic
2024-01-19,SouthAfrica-Krishnapatnam,Capesize,19.83,1707.1,market_synthetic
2024-01-19,SouthAfrica-Vizag,Panamax,21.83,1707.1,market_synthetic
2024-01-19,Australia-Paradip,Capesize,18.34,1707.1,market_synthetic
2024-01-19,Australia-Gangavaram,Capesize,18.79,1707.1,market_synthetic
2024-01-19,Indonesia-Haldia,Handymax,21.09,1707.1,market_synthetic
2024-01-19,Indonesia-Ennore,Supramax,19.77,1707.1,market_synthetic
2024-01-19,Indonesia-Chennai,Handymax,22.05,1707.1,market_synthetic
2024-01-26,Indonesia-Paradip,Supramax,19.06,1772.1,market_synthetic
2024-01-26,Indonesia-Paradip,Panamax,17.36,1772.1,market_synthetic
2024-01-26,Indonesia-Vizag,Supramax,20.81,1772.1,market_synthetic
2024-01-26,Indonesia-Vizag,Panamax,16.47,1772.1,market_synthetic
2024-01-26,Indonesia-Gangavaram,Capesize,16.66,1772.1,market_synthetic
2024-01-26,SouthAfrica-Krishnapatnam,Capesize,18.59,1772.1,market_synthetic
2024-01-26,SouthAfrica-Vizag,Panamax,20.23,1772.1,market_synthetic
2024-01-26,Australia-Paradip,Capesize,20.82,1772.1,market_synthetic
2024-01-26,Australia-Gangavaram,Capesize,20.1,1772.1,market_synthetic
2024-01-26,Indonesia-Haldia,Handymax,21.64,1772.1,market_synthetic
2024-01-26,Indonesia-Ennore,Supramax,21.27,1772.1,market_synthetic
2024-01-26,Indonesia-Chennai,Handymax,22.88,1772.1,market_synthetic
2024-02-02,Indonesia-Paradip,Supramax,21.32,1846.3,market_synthetic
2024-02-02,Indonesia-Paradip,Panamax,16.91,1846.3,market_synthetic
2024-02-02,Indonesia-Vizag,Supramax,21.74,1846.3,market_synthetic
2024-02-02,Indonesia-Vizag,Panamax,16.66,1846.3,market_synthetic
2024-02-02,Indonesia-Gangavaram,Capesize,18.22,1846.3,market_synthetic
2024-02-02,SouthAfrica-Krishnapatnam,Capesize,19.81,1846.3,market_synthetic
2024-02-02,SouthAfrica-Vizag,Panamax,22.69,1846.3,market_synthetic
2024-02-02,Australia-Paradip,Capesize,19.88,1846.3,market_synthetic
2024-02-02,Australia-Gangavaram,Capesize,21.95,1846.3,market_synthetic
2024-02-02,Indonesia-Haldia,Handymax,20.84,1846.3,market_synthetic
2024-02-02,Indonesia-Ennore,Supramax,22.45,1846.3,market_synthetic
2024-02-02,Indonesia-Chennai,Handymax,22.75,1846.3,market_synthetic
2024-02-09,Indonesia-Paradip,Supramax,20.56,1858.9,market_synthetic
2024-02-09,Indonesia-Paradip,Panamax,17.87,1858.9,market_synthetic
2024-02-09,Indonesia-Vizag,Supramax,22.03,1858.9,market_synthetic
2024-02-09,Indonesia-Vizag,Panamax,16.87,1858.9,market_synthetic
2024-02-09,Indonesia-Gangavaram,Capesize,17.4,1858.9,market_synthetic
2024-02-09,SouthAfrica-Krishnapatnam,Capesize,20.49,1858.9,market_synthetic
2024-02-09,SouthAfrica-Vizag,Panamax,23.02,1858.9,market_synthetic
2024-02-09,Australia-Paradip,Capesize,21.37,1858.9,market_synthetic
2024-02-09,Australia-Gangavaram,Capesize,21.91,1858.9,market_synthetic
2024-02-09,Indonesia-Haldia,Handymax,22.86,1858.9,market_synthetic
2024-02-09,Indonesia-Ennore,Supramax,23.18,1858.9,market_synthetic
2024-02-09,Indonesia-Chennai,Handymax,22.51,1858.9,market_synthetic
2024-02-16,Indonesia-Paradip,Supramax,20.71,1868.0,market_synthetic
2024-02-16,Indonesia-Paradip,Panamax,17.34,1868.0,market_synthetic
2024-02-16,Indonesia-Vizag,Supramax,21.87,1868.0,market_synthetic
2024-02-16,Indonesia-Vizag,Panamax,17.4,1868.0,market_synthetic
2024-02-16,Indonesia-Gangavaram,Capesize,17.57,1868.0,market_synthetic
2024-02-16,SouthAfrica-Krishnapatnam,Capesize,20.09,1868.0,market_synthetic
2024-02-16,SouthAfrica-Vizag,Panamax,22.67,1868.0,market_synthetic
2024-02-16,Australia-Paradip,Capesize,21.5,1868.0,market_synthetic
2024-02-16,Australia-Gangavaram,Capesize,20.65,1868.0,market_synthetic
2024-02-16,Indonesia-Haldia,Handymax,22.16,1868.0,market_synthetic
2024-02-16,Indonesia-Ennore,Supramax,21.63,1868.0,market_synthetic
2024-02-16,Indonesia-Chennai,Handymax,22.76,1868.0,market_synthetic
2024-02-23,Indonesia-Paradip,Supramax,21.89,1803.9,market_synthetic
2024-02-23,Indonesia-Paradip,Panamax,17.26,1803.9,market_synthetic
2024-02-23,Indonesia-Vizag,Supramax,22.53,1803.9,market_synthetic
2024-02-23,Indonesia-Vizag,Panamax,17.28,1803.9,market_synthetic
2024-02-23,Indonesia-Gangavaram,Capesize,17.16,1803.9,market_synthetic
2024-02-23,SouthAfrica-Krishnapatnam,Capesize,21.17,1803.9,market_synthetic
2024-02-23,SouthAfrica-Vizag,Panamax,24.18,1803.9,market_synthetic
2024-02-23,Australia-Paradip,Capesize,20.72,1803.9,market_synthetic
2024-02-23,Australia-Gangavaram,Capesize,21.47,1803.9,market_synthetic
2024-02-23,Indonesia-Haldia,Handymax,22.34,1803.9,market_synthetic
2024-02-23,Indonesia-Ennore,Supramax,21.25,1803.9,market_synthetic
2024-02-23,Indonesia-Chennai,Handymax,22.51,1803.9,market_synthetic
2024-03-01,Indonesia-Paradip,Supramax,19.1,1850.9,market_synthetic
2024-03-01,Indonesia-Paradip,Panamax,18.18,1850.9,market_synthetic
2024-03-01,Indonesia-Vizag,Supramax,21.7,1850.9,market_synthetic
2024-03-01,Indonesia-Vizag,Panamax,18.23,1850.9,market_synthetic
2024-03-01,Indonesia-Gangavaram,Capesize,20.28,1850.9,market_synthetic
2024-03-01,SouthAfrica-Krishnapatnam,Capesize,21.07,1850.9,market_synthetic
2024-03-01,SouthAfrica-Vizag,Panamax,23.46,1850.9,market_synthetic
2024-03-01,Australia-Paradip,Capesize,22.75,1850.9,market_synthetic
2024-03-01,Australia-Gangavaram,Capesize,20.95,1850.9,market_synthetic
2024-03-01,Indonesia-Haldia,Handymax,22.07,1850.9,market_synthetic
2024-03-01,Indonesia-Ennore,Supramax,22.9,1850.9,market_synthetic
2024-03-01,Indonesia-Chennai,Handymax,23.63,1850.9,market_synthetic
2024-03-08,Indonesia-Paradip,Supramax,21.71,1852.0,market_synthetic
2024-03-08,Indonesia-Paradip,Panamax,17.28,1852.0,market_synthetic
2024-03-08,Indonesia-Vizag,Supramax,23.56,1852.0,market_synthetic
2024-03-08,Indonesia-Vizag,Panamax,18.42,1852.0,market_synthetic
2024-03-08,Indonesia-Gangavaram,Capesize,20.0,1852.0,market_synthetic
2024-03-08,SouthAfrica-Krishnapatnam,Capesize,21.37,1852.0,market_synthetic
2024-03-08,SouthAfrica-Vizag,Panamax,23.16,1852.0,market_synthetic
2024-03-08,Australia-Paradip,Capesize,22.05,1852.0,market_synthetic
2024-03-08,Australia-Gangavaram,Capesize,21.92,1852.0,market_synthetic
2024-03-08,Indonesia-Haldia,Handymax,22.1,1852.0,market_synthetic
2024-03-08,Indonesia-Ennore,Supramax,24.15,1852.0,market_synthetic
2024-03-08,Indonesia-Chennai,Handymax,22.64,1852.0,market_synthetic
2024-03-15,Indonesia-Paradip,Supramax,21.98,1848.7,market_synthetic
2024-03-15,Indonesia-Paradip,Panamax,16.98,1848.7,market_synthetic
2024-03-15,Indonesia-Vizag,Supramax,21.42,1848.7,market_synthetic
2024-03-15,Indonesia-Vizag,Panamax,18.11,1848.7,market_synthetic
2024-03-15,Indonesia-Gangavaram,Capesize,19.81,1848.7,market_synthetic
2024-03-15,SouthAfrica-Krishnapatnam,Capesize,21.13,1848.7,market_synthetic
2024-03-15,SouthAfrica-Vizag,Panamax,22.65,1848.7,market_synthetic
2024-03-15,Australia-Paradip,Capesize,21.42,1848.7,market_synthetic
2024-03-15,Australia-Gangavaram,Capesize,21.82,1848.7,market_synthetic
2024-03-15,Indonesia-Haldia,Handymax,22.04,1848.7,market_synthetic
2024-03-15,Indonesia-Ennore,Supramax,23.48,1848.7,market_synthetic
2024-03-15,Indonesia-Chennai,Handymax,24.15,1848.7,market_synthetic
2024-03-22,Indonesia-Paradip,Supramax,21.9,1807.5,market_synthetic
2024-03-22,Indonesia-Paradip,Panamax,17.17,1807.5,market_synthetic
2024-03-22,Indonesia-Vizag,Supramax,19.85,1807.5,market_synthetic
2024-03-22,Indonesia-Vizag,Panamax,17.7,1807.5,market_synthetic
2024-03-22,Indonesia-Gangavaram,Capesize,18.46,1807.5,market_synthetic
2024-03-22,SouthAfrica-Krishnapatnam,Capesize,20.27,1807.5,market_synthetic
2024-03-22,SouthAfrica-Vizag,Panamax,23.24,1807.5,market_synthetic
2024-03-22,Australia-Paradip,Capesize,20.48,1807.5,market_synthetic
2024-03-22,Australia-Gangavaram,Capesize,21.14,1807.5,market_synthetic
2024-03-22,Indonesia-Haldia,Handymax,22.83,1807.5,market_synthetic
2024-03-22,Indonesia-Ennore,Supramax,22.68,1807.5,market_synthetic
2024-03-22,Indonesia-Chennai,Handymax,23.68,1807.5,market_synthetic
2024-03-29,Indonesia-Paradip,Supramax,20.14,1778.0,market_synthetic
2024-03-29,Indonesia-Paradip,Panamax,18.0,1778.0,market_synthetic
2024-03-29,Indonesia-Vizag,Supramax,22.15,1778.0,market_synthetic
2024-03-29,Indonesia-Vizag,Panamax,17.65,1778.0,market_synthetic
2024-03-29,Indonesia-Gangavaram,Capesize,18.01,1778.0,market_synthetic
2024-03-29,SouthAfrica-Krishnapatnam,Capesize,18.76,1778.0,market_synthetic
2024-03-29,SouthAfrica-Vizag,Panamax,22.27,1778.0,market_synthetic
2024-03-29,Australia-Paradip,Capesize,22.58,1778.0,market_synthetic
2024-03-29,Australia-Gangavaram,Capesize,22.28,1778.0,market_synthetic
2024-03-29,Indonesia-Haldia,Handymax,21.35,1778.0,market_synthetic
2024-03-29,Indonesia-Ennore,Supramax,23.38,1778.0,market_synthetic
2024-03-29,Indonesia-Chennai,Handymax,24.13,1778.0,market_synthetic
2024-04-05,Indonesia-Paradip,Supramax,21.7,1696.2,market_synthetic
2024-04-05,Indonesia-Paradip,Panamax,15.46,1696.2,market_synthetic
2024-04-05,Indonesia-Vizag,Supramax,20.96,1696.2,market_synthetic
2024-04-05,Indonesia-Vizag,Panamax,16.52,1696.2,market_synthetic
2024-04-05,Indonesia-Gangavaram,Capesize,19.07,1696.2,market_synthetic
2024-04-05,SouthAfrica-Krishnapatnam,Capesize,20.88,1696.2,market_synthetic
2024-04-05,SouthAfrica-Vizag,Panamax,22.46,1696.2,market_synthetic
2024-04-05,Australia-Paradip,Capesize,22.81,1696.2,market_synthetic
2024-04-05,Australia-Gangavaram,Capesize,20.79,1696.2,market_synthetic
2024-04-05,Indonesia-Haldia,Handymax,22.16,1696.2,market_synthetic
2024-04-05,Indonesia-Ennore,Supramax,22.59,1696.2,market_synthetic
2024-04-05,Indonesia-Chennai,Handymax,23.22,1696.2,market_synthetic
2024-04-12,Indonesia-Paradip,Supramax,21.47,1665.8,market_synthetic
2024-04-12,Indonesia-Paradip,Panamax,16.67,1665.8,market_synthetic
2024-04-12,Indonesia-Vizag,Supramax,21.14,1665.8,market_synthetic
2024-04-12,Indonesia-Vizag,Panamax,16.86,1665.8,market_synthetic
2024-04-12,Indonesia-Gangavaram,Capesize,17.59,1665.8,market_synthetic
2024-04-12,SouthAfrica-Krishnapatnam,Capesize,20.34,1665.8,market_synthetic
2024-04-12,SouthAfrica-Vizag,Panamax,23.25,1665.8,market_synthetic
2024-04-12,Australia-Paradip,Capesize,19.62,1665.8,market_synthetic
2024-04-12,Australia-Gangavaram,Capesize,20.46,1665.8,market_synthetic
2024-04-12,Indonesia-Haldia,Handymax,22.89,1665.8,market_synthetic
2024-04-12,Indonesia-Ennore,Supramax,21.8,1665.8,market_synthetic
2024-04-12,Indonesia-Chennai,Handymax,23.56,1665.8,market_synthetic
2024-04-19,Indonesia-Paradip,Supramax,21.93,1656.0,market_synthetic
2024-04-19,Indonesia-Paradip,Panamax,16.56,1656.0,market_synthetic
2024-04-19,Indonesia-Vizag,Supramax,20.3,1656.0,market_synthetic
2024-04-19,Indonesia-Vizag,Panamax,18.43,1656.0,market_synthetic
2024-04-19,Indonesia-Gangavaram,Capesize,17.71,1656.0,market_synthetic
2024-04-19,SouthAfrica-Krishnapatnam,Capesize,18.53,1656.0,market_synthetic
2024-04-19,SouthAfrica-Vizag,Panamax,23.49,1656.0,market_synthetic
2024-04-19,Australia-Paradip,Capesize,20.67,1656.0,market_synthetic
2024-04-19,Australia-Gangavaram,Capesize,20.12,1656.0,market_synthetic
2024-04-19,Indonesia-Haldia,Handymax,20.98,1656.0,market_synthetic
2024-04-19,Indonesia-Ennore,Supramax,21.68,1656.0,market_synthetic
2024-04-19,Indonesia-Chennai,Handymax,22.93,1656.0,market_synthetic
2024-04-26,Indonesia-Paradip,Supramax,20.12,1635.3,market_synthetic
2024-04-26,Indonesia-Paradip,Panamax,16.76,1635.3,market_synthetic
2024-04-26,Indonesia-Vizag,Supramax,20.22,1635.3,market_synthetic
2024-04-26,Indonesia-Vizag,Panamax,17.09,1635.3,market_synthetic
2024-04-26,Indonesia-Gangavaram,Capesize,17.98,1635.3,market_synthetic
2024-04-26,SouthAfrica-Krishnapatnam,Capesize,20.12,1635.3,market_synthetic
2024-04-26,SouthAfrica-Vizag,Panamax,22.26,1635.3,market_synthetic
2024-04-26,Australia-Paradip,Capesize,21.64,1635.3,market_synthetic
2024-04-26,Australia-Gangavaram,Capesize,19.79,1635.3,market_synthetic
2024-04-26,Indonesia-Haldia,Handymax,21.65,1635.3,market_synthetic
2024-04-26,Indonesia-Ennore,Supramax,23.3,1635.3,market_synthetic
2024-04-26,Indonesia-Chennai,Handymax,21.74,1635.3,market_synthetic
2024-05-03,Indonesia-Paradip,Supramax,19.61,1523.5,market_synthetic
2024-05-03,Indonesia-Paradip,Panamax,15.96,1523.5,market_synthetic
2024-05-03,Indonesia-Vizag,Supramax,20.27,1523.5,market_synthetic
2024-05-03,Indonesia-Vizag,Panamax,18.16,1523.5,market_synthetic
2024-05-03,Indonesia-Gangavaram,Capesize,16.49,1523.5,market_synthetic
2024-05-03,SouthAfrica-Krishnapatnam,Capesize,18.72,1523.5,market_synthetic
2024-05-03,SouthAfrica-Vizag,Panamax,21.71,1523.5,market_synthetic
2024-05-03,Australia-Paradip,Capesize,21.14,1523.5,market_synthetic
2024-05-03,Australia-Gangavaram,Capesize,19.07,1523.5,market_synthetic
2024-05-03,Indonesia-Haldia,Handymax,20.11,1523.5,market_synthetic
2024-05-03,Indonesia-Ennore,Supramax,21.62,1523.5,market_synthetic
2024-05-03,Indonesia-Chennai,Handymax,21.98,1523.5,market_synthetic
2024-05-10,Indonesia-Paradip,Supramax,20.13,1498.9,market_synthetic
2024-05-10,Indonesia-Paradip,Panamax,15.38,1498.9,market_synthetic
2024-05-10,Indonesia-Vizag,Supramax,20.25,1498.9,market_synthetic
2024-05-10,Indonesia-Vizag,Panamax,15.85,1498.9,market_synthetic
2024-05-10,Indonesia-Gangavaram,Capesize,16.37,1498.9,market_synthetic
2024-05-10,SouthAfrica-Krishnapatnam,Capesize,18.36,1498.9,market_synthetic
2024-05-10,SouthAfrica-Vizag,Panamax,21.86,1498.9,market_synthetic
2024-05-10,Australia-Paradip,Capesize,19.04,1498.9,market_synthetic
2024-05-10,Australia-Gangavaram,Capesize,20.14,1498.9,market_synthetic
2024-05-10,Indonesia-Haldia,Handymax,22.19,1498.9,market_synthetic
2024-05-10,Indonesia-Ennore,Supramax,21.86,1498.9,market_synthetic
2024-05-10,Indonesia-Chennai,Handymax,21.25,1498.9,market_synthetic
2024-05-17,Indonesia-Paradip,Supramax,20.4,1531.9,market_synthetic
2024-05-17,Indonesia-Paradip,Panamax,17.34,1531.9,market_synthetic
2024-05-17,Indonesia-Vizag,Supramax,20.76,1531.9,market_synthetic
2024-05-17,Indonesia-Vizag,Panamax,16.04,1531.9,market_synthetic
2024-05-17,Indonesia-Gangavaram,Capesize,16.48,1531.9,market_synthetic
2024-05-17,SouthAfrica-Krishnapatnam,Capesize,17.8,1531.9,market_synthetic
2024-05-17,SouthAfrica-Vizag,Panamax,21.54,1531.9,market_synthetic
2024-05-17,Australia-Paradip,Capesize,20.97,1531.9,market_synthetic
2024-05-17,Australia-Gangavaram,Capesize,19.41,1531.9,market_synthetic
2024-05-17,Indonesia-Haldia,Handymax,22.01,1531.9,market_synthetic
2024-05-17,Indonesia-Ennore,Supramax,20.58,1531.9,market_synthetic
2024-05-17,Indonesia-Chennai,Handymax,21.88,1531.9,market_synthetic
2024-05-24,Indonesia-Paradip,Supramax,18.77,1385.7,market_synthetic
2024-05-24,Indonesia-Paradip,Panamax,14.98,1385.7,market_synthetic
2024-05-24,Indonesia-Vizag,Supramax,21.18,1385.7,market_synthetic
2024-05-24,Indonesia-Vizag,Panamax,15.55,1385.7,market_synthetic
2024-05-24,Indonesia-Gangavaram,Capesize,16.2,1385.7,market_synthetic
2024-05-24,SouthAfrica-Krishnapatnam,Capesize,17.63,1385.7,market_synthetic
2024-05-24,SouthAfrica-Vizag,Panamax,21.44,1385.7,market_synthetic
2024-05-24,Australia-Paradip,Capesize,20.86,1385.7,market_synthetic
2024-05-24,Australia-Gangavaram,Capesize,19.42,1385.7,market_synthetic
2024-05-24,Indonesia-Haldia,Handymax,19.97,1385.7,market_synthetic
2024-05-24,Indonesia-Ennore,Supramax,21.3,1385.7,market_synthetic
2024-05-24,Indonesia-Chennai,Handymax,21.3,1385.7,market_synthetic
2024-05-31,Indonesia-Paradip,Supramax,18.82,1373.8,market_synthetic
2024-05-31,Indonesia-Paradip,Panamax,16.14,1373.8,market_synthetic
2024-05-31,Indonesia-Vizag,Supramax,19.58,1373.8,market_synthetic
2024-05-31,Indonesia-Vizag,Panamax,15.87,1373.8,market_synthetic
2024-05-31,Indonesia-Gangavaram,Capesize,13.84,1373.8,market_synthetic
2024-05-31,SouthAfrica-Krishnapatnam,Capesize,18.36,1373.8,market_synthetic
2024-05-31,SouthAfrica-Vizag,Panamax,19.75,1373.8,market_synthetic
2024-05-31,Australia-Paradip,Capesize,18.36,1373.8,market_synthetic
2024-05-31,Australia-Gangavaram,Capesize,18.07,1373.8,market_synthetic
2024-05-31,Indonesia-Haldia,Handymax,20.39,1373.8,market_synthetic
2024-05-31,Indonesia-Ennore,Supramax,20.32,1373.8,market_synthetic
2024-05-31,Indonesia-Chennai,Handymax,21.81,1373.8,market_synthetic
2024-06-07,Indonesia-Paradip,Supramax,18.63,1313.4,market_synthetic
2024-06-07,Indonesia-Paradip,Panamax,14.47,1313.4,market_synthetic
2024-06-07,Indonesia-Vizag,Supramax,19.41,1313.4,market_synthetic
2024-06-07,Indonesia-Vizag,Panamax,14.7,1313.4,market_synthetic
2024-06-07,Indonesia-Gangavaram,Capesize,14.75,1313.4,market_synthetic
2024-06-07,SouthAfrica-Krishnapatnam,Capesize,16.66,1313.4,market_synthetic
2024-06-07,SouthAfrica-Vizag,Panamax,20.43,1313.4,market_synthetic
2024-06-07,Australia-Paradip,Capesize,16.57,1313.4,market_synthetic
2024-06-07,Australia-Gangavaram,Capesize,17.64,1313.4,market_synthetic
2024-06-07,Indonesia-Haldia,Handymax,19.23,1313.4,market_synthetic
2024-06-07,Indonesia-Ennore,Supramax,20.34,1313.4,market_synthetic
2024-06-07,Indonesia-Chennai,Handymax,20.07,1313.4,market_synthetic
2024-06-14,Indonesia-Paradip,Supramax,18.54,1188.1,market_synthetic
2024-06-14,Indonesia-Paradip,Panamax,14.17,1188.1,market_synthetic
2024-06-14,Indonesia-Vizag,Supramax,17.86,1188.1,market_synthetic
2024-06-14,Indonesia-Vizag,Panamax,14.17,1188.1,market_synthetic
2024-06-14,Indonesia-Gangavaram,Capesize,13.98,1188.1,market_synthetic
2024-06-14,SouthAfrica-Krishnapatnam,Capesize,16.25,1188.1,market_synthetic
2024-06-14,SouthAfrica-Vizag,Panamax,18.55,1188.1,market_synthetic
2024-06-14,Australia-Paradip,Capesize,16.8,1188.1,market_synthetic
2024-06-14,Australia-Gangavaram,Capesize,16.89,1188.1,market_synthetic
2024-06-14,Indonesia-Haldia,Handymax,20.13,1188.1,market_synthetic
2024-06-14,Indonesia-Ennore,Supramax,19.06,1188.1,market_synthetic
2024-06-14,Indonesia-Chennai,Handymax,19.74,1188.1,market_synthetic
2024-06-21,Indonesia-Paradip,Supramax,16.58,1102.2,market_synthetic
2024-06-21,Indonesia-Paradip,Panamax,13.4,1102.2,market_synthetic
2024-06-21,Indonesia-Vizag,Supramax,18.01,1102.2,market_synthetic
2024-06-21,Indonesia-Vizag,Panamax,15.55,1102.2,market_synthetic
2024-06-21,Indonesia-Gangavaram,Capesize,14.08,1102.2,market_synthetic
2024-06-21,SouthAfrica-Krishnapatnam,Capesize,14.86,1102.2,market_synthetic
2024-06-21,SouthAfrica-Vizag,Panamax,17.25,1102.2,market_synthetic
2024-06-21,Australia-Paradip,Capesize,15.51,1102.2,market_synthetic
2024-06-21,Australia-Gangavaram,Capesize,17.44,1102.2,market_synthetic
2024-06-21,Indonesia-Haldia,Handymax,19.34,1102.2,market_synthetic
2024-06-21,Indonesia-Ennore,Supramax,18.86,1102.2,market_synthetic
2024-06-21,Indonesia-Chennai,Handymax,19.55,1102.2,market_synthetic
2024-06-28,Indonesia-Paradip,Supramax,16.45,1055.9,market_synthetic
2024-06-28,Indonesia-Paradip,Panamax,13.28,1055.9,market_synthetic
2024-06-28,Indonesia-Vizag,Supramax,17.63,1055.9,market_synthetic
2024-06-28,Indonesia-Vizag,Panamax,13.29,1055.9,market_synthetic
2024-06-28,Indonesia-Gangavaram,Capesize,12.9,1055.9,market_synthetic
2024-06-28,SouthAfrica-Krishnapatnam,Capesize,14.99,1055.9,market_synthetic
2024-06-28,SouthAfrica-Vizag,Panamax,18.57,1055.9,market_synthetic
2024-06-28,Australia-Paradip,Capesize,16.87,1055.9,market_synthetic
2024-06-28,Australia-Gangavaram,Capesize,16.33,1055.9,market_synthetic
2024-06-28,Indonesia-Haldia,Handymax,18.62,1055.9,market_synthetic
2024-06-28,Indonesia-Ennore,Supramax,17.43,1055.9,market_synthetic
2024-06-28,Indonesia-Chennai,Handymax,20.24,1055.9,market_synthetic
2024-07-05,Indonesia-Paradip,Supramax,15.5,948.0,market_synthetic
2024-07-05,Indonesia-Paradip,Panamax,12.23,948.0,market_synthetic
2024-07-05,Indonesia-Vizag,Supramax,16.72,948.0,market_synthetic
2024-07-05,Indonesia-Vizag,Panamax,13.55,948.0,market_synthetic
2024-07-05,Indonesia-Gangavaram,Capesize,13.68,948.0,market_synthetic
2024-07-05,SouthAfrica-Krishnapatnam,Capesize,14.71,948.0,market_synthetic
2024-07-05,SouthAfrica-Vizag,Panamax,16.41,948.0,market_synthetic
2024-07-05,Australia-Paradip,Capesize,16.05,948.0,market_synthetic
2024-07-05,Australia-Gangavaram,Capesize,14.26,948.0,market_synthetic
2024-07-05,Indonesia-Haldia,Handymax,18.42,948.0,market_synthetic
2024-07-05,Indonesia-Ennore,Supramax,16.41,948.0,market_synthetic
2024-07-05,Indonesia-Chennai,Handymax,19.37,948.0,market_synthetic
2024-07-12,Indonesia-Paradip,Supramax,15.52,910.0,market_synthetic
2024-07-12,Indonesia-Paradip,Panamax,13.97,910.0,market_synthetic
2024-07-12,Indonesia-Vizag,Supramax,14.84,910.0,market_synthetic
2024-07-12,Indonesia-Vizag,Panamax,12.91,910.0,market_synthetic
2024-07-12,Indonesia-Gangavaram,Capesize,11.46,910.0,market_synthetic
2024-07-12,SouthAfrica-Krishnapatnam,Capesize,13.55,910.0,market_synthetic
2024-07-12,SouthAfrica-Vizag,Panamax,16.14,910.0,market_synthetic
2024-07-12,Australia-Paradip,Capesize,15.16,910.0,market_synthetic
2024-07-12,Australia-Gangavaram,Capesize,15.23,910.0,market_synthetic
2024-07-12,Indonesia-Haldia,Handymax,16.41,910.0,market_synthetic
2024-07-12,Indonesia-Ennore,Supramax,15.88,910.0,market_synthetic
2024-07-12,Indonesia-Chennai,Handymax,19.23,910.0,market_synthetic
2024-07-19,Indonesia-Paradip,Supramax,14.5,906.6,market_synthetic
2024-07-19,Indonesia-Paradip,Panamax,11.36,906.6,market_synthetic
2024-07-19,Indonesia-Vizag,Supramax,14.99,906.6,market_synthetic
2024-07-19,Indonesia-Vizag,Panamax,13.57,906.6,market_synthetic
2024-07-19,Indonesia-Gangavaram,Capesize,12.09,906.6,market_synthetic
2024-07-19,SouthAfrica-Krishnapatnam,Capesize,14.08,906.6,market_synthetic
2024-07-19,SouthAfrica-Vizag,Panamax,16.5,906.6,market_synthetic
2024-07-19,Australia-Paradip,Capesize,15.25,906.6,market_synthetic
2024-07-19,Australia-Gangavaram,Capesize,14.26,906.6,market_synthetic
2024-07-19,Indonesia-Haldia,Handymax,17.65,906.6,market_synthetic
2024-07-19,Indonesia-Ennore,Supramax,15.77,906.6,market_synthetic
2024-07-19,Indonesia-Chennai,Handymax,17.56,906.6,market_synthetic
2024-07-26,Indonesia-Paradip,Supramax,16.56,765.8,market_synthetic
2024-07-26,Indonesia-Paradip,Panamax,11.73,765.8,market_synthetic
2024-07-26,Indonesia-Vizag,Supramax,15.26,765.8,market_synthetic
2024-07-26,Indonesia-Vizag,Panamax,13.18,765.8,market_synthetic
2024-07-26,Indonesia-Gangavaram,Capesize,9.61,765.8,market_synthetic
2024-07-26,SouthAfrica-Krishnapatnam,Capesize,12.9,765.8,market_synthetic
2024-07-26,SouthAfrica-Vizag,Panamax,15.65,765.8,market_synthetic
2024-07-26,Australia-Paradip,Capesize,14.45,765.8,market_synthetic
2024-07-26,Australia-Gangavaram,Capesize,12.8,765.8,market_synthetic
2024-07-26,Indonesia-Haldia,Handymax,17.08,765.8,market_synthetic
2024-07-26,Indonesia-Ennore,Supramax,15.43,765.8,market_synthetic
2024-07-26,Indonesia-Chennai,Handymax,15.72,765.8,market_synthetic
2024-08-02,Indonesia-Paradip,Supramax,14.6,660.9,market_synthetic
2024-08-02,Indonesia-Paradip,Panamax,11.25,660.9,market_synthetic
2024-08-02,Indonesia-Vizag,Supramax,14.68,660.9,market_synthetic
2024-08-02,Indonesia-Vizag,Panamax,12.18,660.9,market_synthetic
2024-08-02,Indonesia-Gangavaram,Capesize,11.16,660.9,market_synthetic
2024-08-02,SouthAfrica-Krishnapatnam,Capesize,11.73,660.9,market_synthetic
2024-08-02,SouthAfrica-Vizag,Panamax,16.35,660.9,market_synthetic
2024-08-02,Australia-Paradip,Capesize,14.61,660.9,market_synthetic
2024-08-02,Australia-Gangavaram,Capesize,12.08,660.9,market_synthetic
2024-08-02,Indonesia-Haldia,Handymax,15.07,660.9,market_synthetic
2024-08-02,Indonesia-Ennore,Supramax,15.65,660.9,market_synthetic
2024-08-02,Indonesia-Chennai,Handymax,15.48,660.9,market_synthetic
2024-08-09,Indonesia-Paradip,Supramax,14.41,601.9,market_synthetic
2024-08-09,Indonesia-Paradip,Panamax,10.45,601.9,market_synthetic
2024-08-09,Indonesia-Vizag,Supramax,14.17,601.9,market_synthetic
2024-08-09,Indonesia-Vizag,Panamax,10.7,601.9,market_synthetic
2024-08-09,Indonesia-Gangavaram,Capesize,10.06,601.9,market_synthetic
2024-08-09,SouthAfrica-Krishnapatnam,Capesize,11.07,601.9,market_synthetic
2024-08-09,SouthAfrica-Vizag,Panamax,15.06,601.9,market_synthetic
2024-08-09,Australia-Paradip,Capesize,12.51,601.9,market_synthetic
2024-08-09,Australia-Gangavaram,Capesize,13.88,601.9,market_synthetic
2024-08-09,Indonesia-Haldia,Handymax,16.43,601.9,market_synthetic
2024-08-09,Indonesia-Ennore,Supramax,14.01,601.9,market_synthetic
2024-08-09,Indonesia-Chennai,Handymax,16.74,601.9,market_synthetic
2024-08-16,Indonesia-Paradip,Supramax,13.45,495.5,market_synthetic
2024-08-16,Indonesia-Paradip,Panamax,9.55,495.5,market_synthetic
2024-08-16,Indonesia-Vizag,Supramax,14.05,495.5,market_synthetic
2024-08-16,Indonesia-Vizag,Panamax,10.26,495.5,market_synthetic
2024-08-16,Indonesia-Gangavaram,Capesize,8.68,495.5,market_synthetic
2024-08-16,SouthAfrica-Krishnapatnam,Capesize,11.44,495.5,market_synthetic
2024-08-16,SouthAfrica-Vizag,Panamax,14.59,495.5,market_synthetic
2024-08-16,Australia-Paradip,Capesize,12.39,495.5,market_synthetic
2024-08-16,Australia-Gangavaram,Capesize,12.65,495.5,market_synthetic
2024-08-16,Indonesia-Haldia,Handymax,15.43,495.5,market_synthetic
2024-08-16,Indonesia-Ennore,Supramax,14.47,495.5,market_synthetic
2024-08-16,Indonesia-Chennai,Handymax,14.11,495.5,market_synthetic
2024-08-23,Indonesia-Paradip,Supramax,13.18,451.6,market_synthetic
2024-08-23,Indonesia-Paradip,Panamax,9.58,451.6,market_synthetic
2024-08-23,Indonesia-Vizag,Supramax,11.39,451.6,market_synthetic
2024-08-23,Indonesia-Vizag,Panamax,9.7,451.6,market_synthetic
2024-08-23,Indonesia-Gangavaram,Capesize,9.13,451.6,market_synthetic
2024-08-23,SouthAfrica-Krishnapatnam,Capesize,9.81,451.6,market_synthetic
2024-08-23,SouthAfrica-Vizag,Panamax,14.4,451.6,market_synthetic
2024-08-23,Australia-Paradip,Capesize,11.17,451.6,market_synthetic
2024-08-23,Australia-Gangavaram,Capesize,11.1,451.6,market_synthetic
2024-08-23,Indonesia-Haldia,Handymax,14.47,451.6,market_synthetic
2024-08-23,Indonesia-Ennore,Supramax,14.9,451.6,market_synthetic
2024-08-23,Indonesia-Chennai,Handymax,16.64,451.6,market_synthetic
2024-08-30,Indonesia-Paradip,Supramax,12.19,310.1,market_synthetic
2024-08-30,Indonesia-Paradip,Panamax,9.58,310.1,market_synthetic
2024-08-30,Indonesia-Vizag,Supramax,11.2,310.1,market_synthetic
2024-08-30,Indonesia-Vizag,Panamax,10.02,310.1,market_synthetic
2024-08-30,Indonesia-Gangavaram,Capesize,7.75,310.1,market_synthetic
2024-08-30,SouthAfrica-Krishnapatnam,Capesize,8.87,310.1,market_synthetic
2024-08-30,SouthAfrica-Vizag,Panamax,14.06,310.1,market_synthetic
2024-08-30,Australia-Paradip,Capesize,10.58,310.1,market_synthetic
2024-08-30,Australia-Gangavaram,Capesize,11.9,310.1,market_synthetic
2024-08-30,Indonesia-Haldia,Handymax,14.29,310.1,market_synthetic
2024-08-30,Indonesia-Ennore,Supramax,13.11,310.1,market_synthetic
2024-08-30,Indonesia-Chennai,Handymax,14.25,310.1,market_synthetic
2024-09-06,Indonesia-Paradip,Supramax,12.8,300,market_synthetic
2024-09-06,Indonesia-Paradip,Panamax,9.19,300,market_synthetic
2024-09-06,Indonesia-Vizag,Supramax,12.77,300,market_synthetic
2024-09-06,Indonesia-Vizag,Panamax,9.72,300,market_synthetic
2024-09-06,Indonesia-Gangavaram,Capesize,8.11,300,market_synthetic
2024-09-06,SouthAfrica-Krishnapatnam,Capesize,9.3,300,market_synthetic
2024-09-06,SouthAfrica-Vizag,Panamax,14.44,300,market_synthetic
2024-09-06,Australia-Paradip,Capesize,11.84,300,market_synthetic
2024-09-06,Australia-Gangavaram,Capesize,10.69,300,market_synthetic
2024-09-06,Indonesia-Haldia,Handymax,13.16,300,market_synthetic
2024-09-06,Indonesia-Ennore,Supramax,12.75,300,market_synthetic
2024-09-06,Indonesia-Chennai,Handymax,15.66,300,market_synthetic
2024-09-13,Indonesia-Paradip,Supramax,11.96,300,market_synthetic
2024-09-13,Indonesia-Paradip,Panamax,9.33,300,market_synthetic
2024-09-13,Indonesia-Vizag,Supramax,12.3,300,market_synthetic
2024-09-13,Indonesia-Vizag,Panamax,10.63,300,market_synthetic
2024-09-13,Indonesia-Gangavaram,Capesize,7.59,300,market_synthetic
2024-09-13,SouthAfrica-Krishnapatnam,Capesize,8.78,300,market_synthetic
2024-09-13,SouthAfrica-Vizag,Panamax,13.26,300,market_synthetic
2024-09-13,Australia-Paradip,Capesize,10.6,300,market_synthetic
2024-09-13,Australia-Gangavaram,Capesize,8.69,300,market_synthetic
2024-09-13,Indonesia-Haldia,Handymax,14.33,300,market_synthetic
2024-09-13,Indonesia-Ennore,Supramax,12.43,300,market_synthetic
2024-09-13,Indonesia-Chennai,Handymax,14.26,300,market_synthetic
2024-09-20,Indonesia-Paradip,Supramax,10.94,300,market_synthetic
2024-09-20,Indonesia-Paradip,Panamax,8.72,300,market_synthetic
2024-09-20,Indonesia-Vizag,Supramax,10.21,300,market_synthetic
2024-09-20,Indonesia-Vizag,Panamax,9.11,300,market_synthetic
2024-09-20,Indonesia-Gangavaram,Capesize,8.23,300,market_synthetic
2024-09-20,SouthAfrica-Krishnapatnam,Capesize,8.77,300,market_synthetic
2024-09-20,SouthAfrica-Vizag,Panamax,12.22,300,market_synthetic
2024-09-20,Australia-Paradip,Capesize,9.74,300,market_synthetic
2024-09-20,Australia-Gangavaram,Capesize,10.02,300,market_synthetic
2024-09-20,Indonesia-Haldia,Handymax,12.59,300,market_synthetic
2024-09-20,Indonesia-Ennore,Supramax,11.92,300,market_synthetic
2024-09-20,Indonesia-Chennai,Handymax,14.81,300,market_synthetic
2024-09-27,Indonesia-Paradip,Supramax,10.86,325.3,market_synthetic
2024-09-27,Indonesia-Paradip,Panamax,8.96,325.3,market_synthetic
2024-09-27,Indonesia-Vizag,Supramax,12.49,325.3,market_synthetic
2024-09-27,Indonesia-Vizag,Panamax,8.97,325.3,market_synthetic
2024-09-27,Indonesia-Gangavaram,Capesize,7.01,325.3,market_synthetic
2024-09-27,SouthAfrica-Krishnapatnam,Capesize,8.68,325.3,market_synthetic
2024-09-27,SouthAfrica-Vizag,Panamax,12.98,325.3,market_synthetic
2024-09-27,Australia-Paradip,Capesize,11.67,325.3,market_synthetic
2024-09-27,Australia-Gangavaram,Capesize,9.47,325.3,market_synthetic
2024-09-27,Indonesia-Haldia,Handymax,14.38,325.3,market_synthetic
2024-09-27,Indonesia-Ennore,Supramax,12.32,325.3,market_synthetic
2024-09-27,Indonesia-Chennai,Handymax,15.47,325.3,market_synthetic
2024-10-04,Indonesia-Paradip,Supramax,11.75,300,market_synthetic
2024-10-04,Indonesia-Paradip,Panamax,9.04,300,market_synthetic
2024-10-04,Indonesia-Vizag,Supramax,11.16,300,market_synthetic
2024-10-04,Indonesia-Vizag,Panamax,9.86,300,market_synthetic
2024-10-04,Indonesia-Gangavaram,Capesize,8.47,300,market_synthetic
2024-10-04,SouthAfrica-Krishnapatnam,Capesize,10.28,300,market_synthetic
2024-10-04,SouthAfrica-Vizag,Panamax,13.54,300,market_synthetic
2024-10-04,Australia-Paradip,Capesize,9.22,300,market_synthetic
2024-10-04,Australia-Gangavaram,Capesize,9.6,300,market_synthetic
2024-10-04,Indonesia-Haldia,Handymax,13.36,300,market_synthetic
2024-10-04,Indonesia-Ennore,Supramax,12.71,300,market_synthetic
2024-10-04,Indonesia-Chennai,Handymax,15.05,300,market_synthetic
2024-10-11,Indonesia-Paradip,Supramax,11.86,300,market_synthetic
2024-10-11,Indonesia-Paradip,Panamax,9.79,300,market_synthetic
2024-10-11,Indonesia-Vizag,Supramax,11.34,300,market_synthetic
2024-10-11,Indonesia-Vizag,Panamax,9.51,300,market_synthetic
2024-10-11,Indonesia-Gangavaram,Capesize,5.92,300,market_synthetic
2024-10-11,SouthAfrica-Krishnapatnam,Capesize,9.4,300,market_synthetic
2024-10-11,SouthAfrica-Vizag,Panamax,12.43,300,market_synthetic
2024-10-11,Australia-Paradip,Capesize,10.73,300,market_synthetic
2024-10-11,Australia-Gangavaram,Capesize,11.88,300,market_synthetic
2024-10-11,Indonesia-Haldia,Handymax,14.55,300,market_synthetic
2024-10-11,Indonesia-Ennore,Supramax,14.18,300,market_synthetic
2024-10-11,Indonesia-Chennai,Handymax,13.85,300,market_synthetic
2024-10-18,Indonesia-Paradip,Supramax,11.72,300,market_synthetic
2024-10-18,Indonesia-Paradip,Panamax,9.25,300,market_synthetic
2024-10-18,Indonesia-Vizag,Supramax,11.53,300,market_synthetic
2024-10-18,Indonesia-Vizag,Panamax,9.67,300,market_synthetic
2024-10-18,Indonesia-Gangavaram,Capesize,7.11,300,market_synthetic
2024-10-18,SouthAfrica-Krishnapatnam,Capesize,8.4,300,market_synthetic
2024-10-18,SouthAfrica-Vizag,Panamax,12.69,300,market_synthetic
2024-10-18,Australia-Paradip,Capesize,10.16,300,market_synthetic
2024-10-18,Australia-Gangavaram,Capesize,9.19,300,market_synthetic
2024-10-18,Indonesia-Haldia,Handymax,13.93,300,market_synthetic
2024-10-18,Indonesia-Ennore,Supramax,14.27,300,market_synthetic
2024-10-18,Indonesia-Chennai,Handymax,14.35,300,market_synthetic
2024-10-25,Indonesia-Paradip,Supramax,11.15,300,market_synthetic
2024-10-25,Indonesia-Paradip,Panamax,9.18,300,market_synthetic
2024-10-25,Indonesia-Vizag,Supramax,13.01,300,market_synthetic
2024-10-25,Indonesia-Vizag,Panamax,11.28,300,market_synthetic
2024-10-25,Indonesia-Gangavaram,Capesize,8.94,300,market_synthetic
2024-10-25,SouthAfrica-Krishnapatnam,Capesize,11.34,300,market_synthetic
2024-10-25,SouthAfrica-Vizag,Panamax,14.15,300,market_synthetic
2024-10-25,Australia-Paradip,Capesize,11.69,300,market_synthetic
2024-10-25,Australia-Gangavaram,Capesize,10.16,300,market_synthetic
2024-10-25,Indonesia-Haldia,Handymax,14.26,300,market_synthetic
2024-10-25,Indonesia-Ennore,Supramax,13.08,300,market_synthetic
2024-10-25,Indonesia-Chennai,Handymax,16.04,300,market_synthetic
2024-11-01,Indonesia-Paradip,Supramax,12.8,300,market_synthetic
2024-11-01,Indonesia-Paradip,Panamax,9.32,300,market_synthetic
2024-11-01,Indonesia-Vizag,Supramax,12.77,300,market_synthetic
2024-11-01,Indonesia-Vizag,Panamax,8.85,300,market_synthetic
2024-11-01,Indonesia-Gangavaram,Capesize,7.33,300,market_synthetic
2024-11-01,SouthAfrica-Krishnapatnam,Capesize,8.85,300,market_synthetic
2024-11-01,SouthAfrica-Vizag,Panamax,14.42,300,market_synthetic
2024-11-01,Australia-Paradip,Capesize,11.1,300,market_synthetic
2024-11-01,Australia-Gangavaram,Capesize,10.91,300,market_synthetic
2024-11-01,Indonesia-Haldia,Handymax,14.8,300,market_synthetic
2024-11-01,Indonesia-Ennore,Supramax,11.65,300,market_synthetic
2024-11-01,Indonesia-Chennai,Handymax,15.31,300,market_synthetic
2024-11-08,Indonesia-Paradip,Supramax,13.49,300,market_synthetic
2024-11-08,Indonesia-Paradip,Panamax,9.65,300,market_synthetic
2024-11-08,Indonesia-Vizag,Supramax,12.5,300,market_synthetic
2024-11-08,Indonesia-Vizag,Panamax,8.81,300,market_synthetic
2024-11-08,Indonesia-Gangavaram,Capesize,9.85,300,market_synthetic
2024-11-08,SouthAfrica-Krishnapatnam,Capesize,10.3,300,market_synthetic
2024-11-08,SouthAfrica-Vizag,Panamax,14.35,300,market_synthetic
2024-11-08,Australia-Paradip,Capesize,10.62,300,market_synthetic
2024-11-08,Australia-Gangavaram,Capesize,9.98,300,market_synthetic
2024-11-08,Indonesia-Haldia,Handymax,13.61,300,market_synthetic
2024-11-08,Indonesia-Ennore,Supramax,13.03,300,market_synthetic
2024-11-08,Indonesia-Chennai,Handymax,14.72,300,market_synthetic
2024-11-15,Indonesia-Paradip,Supramax,13.41,300,market_synthetic
2024-11-15,Indonesia-Paradip,Panamax,10.89,300,market_synthetic
2024-11-15,Indonesia-Vizag,Supramax,13.46,300,market_synthetic
2024-11-15,Indonesia-Vizag,Panamax,10.44,300,market_synthetic
2024-11-15,Indonesia-Gangavaram,Capesize,7.92,300,market_synthetic
2024-11-15,SouthAfrica-Krishnapatnam,Capesize,9.75,300,market_synthetic
2024-11-15,SouthAfrica-Vizag,Panamax,13.15,300,market_synthetic
2024-11-15,Australia-Paradip,Capesize,12.97,300,market_synthetic
2024-11-15,Australia-Gangavaram,Capesize,10.96,300,market_synthetic
2024-11-15,Indonesia-Haldia,Handymax,15.48,300,market_synthetic
2024-11-15,Indonesia-Ennore,Supramax,12.0,300,market_synthetic
2024-11-15,Indonesia-Chennai,Handymax,16.24,300,market_synthetic
2024-11-22,Indonesia-Paradip,Supramax,13.07,300,market_synthetic
2024-11-22,Indonesia-Paradip,Panamax,10.5,300,market_synthetic
2024-11-22,Indonesia-Vizag,Supramax,12.93,300,market_synthetic
2024-11-22,Indonesia-Vizag,Panamax,11.96,300,market_synthetic
2024-11-22,Indonesia-Gangavaram,Capesize,8.58,300,market_synthetic
2024-11-22,SouthAfrica-Krishnapatnam,Capesize,9.78,300,market_synthetic
2024-11-22,SouthAfrica-Vizag,Panamax,14.38,300,market_synthetic
2024-11-22,Australia-Paradip,Capesize,10.8,300,market_synthetic
2024-11-22,Australia-Gangavaram,Capesize,10.49,300,market_synthetic
2024-11-22,Indonesia-Haldia,Handymax,14.72,300,market_synthetic
2024-11-22,Indonesia-Ennore,Supramax,11.27,300,market_synthetic
2024-11-22,Indonesia-Chennai,Handymax,16.13,300,market_synthetic
2024-11-29,Indonesia-Paradip,Supramax,13.51,300,market_synthetic
2024-11-29,Indonesia-Paradip,Panamax,9.46,300,market_synthetic
2024-11-29,Indonesia-Vizag,Supramax,13.96,300,market_synthetic
2024-11-29,Indonesia-Vizag,Panamax,10.81,300,market_synthetic
2024-11-29,Indonesia-Gangavaram,Capesize,9.38,300,market_synthetic
2024-11-29,SouthAfrica-Krishnapatnam,Capesize,9.33,300,market_synthetic
2024-11-29,SouthAfrica-Vizag,Panamax,15.73,300,market_synthetic
2024-11-29,Australia-Paradip,Capesize,11.28,300,market_synthetic
2024-11-29,Australia-Gangavaram,Capesize,11.58,300,market_synthetic
2024-11-29,Indonesia-Haldia,Handymax,14.71,300,market_synthetic
2024-11-29,Indonesia-Ennore,Supramax,12.12,300,market_synthetic
2024-11-29,Indonesia-Chennai,Handymax,15.28,300,market_synthetic
2024-12-06,Indonesia-Paradip,Supramax,13.18,300,market_synthetic
2024-12-06,Indonesia-Paradip,Panamax,9.44,300,market_synthetic
2024-12-06,Indonesia-Vizag,Supramax,12.9,300,market_synthetic
2024-12-06,Indonesia-Vizag,Panamax,9.75,300,market_synthetic
2024-12-06,Indonesia-Gangavaram,Capesize,7.95,300,market_synthetic
2024-12-06,SouthAfrica-Krishnapatnam,Capesize,8.88,300,market_synthetic
2024-12-06,SouthAfrica-Vizag,Panamax,13.37,300,market_synthetic
2024-12-06,Australia-Paradip,Capesize,11.05,300,market_synthetic
2024-12-06,Australia-Gangavaram,Capesize,11.68,300,market_synthetic
2024-12-06,Indonesia-Haldia,Handymax,13.79,300,market_synthetic
2024-12-06,Indonesia-Ennore,Supramax,13.94,300,market_synthetic
2024-12-06,Indonesia-Chennai,Handymax,17.57,300,market_synthetic
2024-12-13,Indonesia-Paradip,Supramax,12.54,300,market_synthetic
2024-12-13,Indonesia-Paradip,Panamax,10.58,300,market_synthetic
2024-12-13,Indonesia-Vizag,Supramax,14.25,300,market_synthetic
2024-12-13,Indonesia-Vizag,Panamax,10.57,300,market_synthetic
2024-12-13,Indonesia-Gangavaram,Capesize,11.35,300,market_synthetic
2024-12-13,SouthAfrica-Krishnapatnam,Capesize,10.0,300,market_synthetic
2024-12-13,SouthAfrica-Vizag,Panamax,15.64,300,market_synthetic
2024-12-13,Australia-Paradip,Capesize,12.26,300,market_synthetic
2024-12-13,Australia-Gangavaram,Capesize,11.62,300,market_synthetic
2024-12-13,Indonesia-Haldia,Handymax,14.74,300,market_synthetic
2024-12-13,Indonesia-Ennore,Supramax,14.58,300,market_synthetic
2024-12-13,Indonesia-Chennai,Handymax,15.41,300,market_synthetic
2024-12-20,Indonesia-Paradip,Supramax,13.67,300,market_synthetic
2024-12-20,Indonesia-Paradip,Panamax,10.09,300,market_synthetic
2024-12-20,Indonesia-Vizag,Supramax,14.72,300,market_synthetic
2024-12-20,Indonesia-Vizag,Panamax,10.81,300,market_synthetic
2024-12-20,Indonesia-Gangavaram,Capesize,9.37,300,market_synthetic
2024-12-20,SouthAfrica-Krishnapatnam,Capesize,10.96,300,market_synthetic
2024-12-20,SouthAfrica-Vizag,Panamax,14.12,300,market_synthetic
2024-12-20,Australia-Paradip,Capesize,11.96,300,market_synthetic
2024-12-20,Australia-Gangavaram,Capesize,11.62,300,market_synthetic
2024-12-20,Indonesia-Haldia,Handymax,14.72,300,market_synthetic
2024-12-20,Indonesia-Ennore,Supramax,14.2,300,market_synthetic
2024-12-20,Indonesia-Chennai,Handymax,16.84,300,market_synthetic
2024-12-27,Indonesia-Paradip,Supramax,14.08,300,market_synthetic
2024-12-27,Indonesia-Paradip,Panamax,11.58,300,market_synthetic
2024-12-27,Indonesia-Vizag,Supramax,14.36,300,market_synthetic
2024-12-27,Indonesia-Vizag,Panamax,11.17,300,market_synthetic
2024-12-27,Indonesia-Gangavaram,Capesize,8.74,300,market_synthetic
2024-12-27,SouthAfrica-Krishnapatnam,Capesize,12.44,300,market_synthetic
2024-12-27,SouthAfrica-Vizag,Panamax,13.75,300,market_synthetic
2024-12-27,Australia-Paradip,Capesize,12.98,300,market_synthetic
2024-12-27,Australia-Gangavaram,Capesize,12.41,300,market_synthetic
2024-12-27,Indonesia-Haldia,Handymax,16.54,300,market_synthetic
2024-12-27,Indonesia-Ennore,Supramax,16.45,300,market_synthetic
2024-12-27,Indonesia-Chennai,Handymax,17.16,300,market_synthetic
2025-01-03,Indonesia-Paradip,Supramax,14.39,338.4,market_synthetic
2025-01-03,Indonesia-Paradip,Panamax,11.52,338.4,market_synthetic
2025-01-03,Indonesia-Vizag,Supramax,15.13,338.4,market_synthetic
2025-01-03,Indonesia-Vizag,Panamax,10.98,338.4,market_synthetic
2025-01-03,Indonesia-Gangavaram,Capesize,10.82,338.4,market_synthetic
2025-01-03,SouthAfrica-Krishnapatnam,Capesize,11.02,338.4,market_synthetic
2025-01-03,SouthAfrica-Vizag,Panamax,14.17,338.4,market_synthetic
2025-01-03,Australia-Paradip,Capesize,13.67,338.4,market_synthetic
2025-01-03,Australia-Gangavaram,Capesize,12.05,338.4,market_synthetic
2025-01-03,Indonesia-Haldia,Handymax,17.19,338.4,market_synthetic
2025-01-03,Indonesia-Ennore,Supramax,15.2,338.4,market_synthetic
2025-01-03,Indonesia-Chennai,Handymax,17.52,338.4,market_synthetic
2025-01-10,Indonesia-Paradip,Supramax,13.81,333.0,market_synthetic
2025-01-10,Indonesia-Paradip,Panamax,12.03,333.0,market_synthetic
2025-01-10,Indonesia-Vizag,Supramax,14.96,333.0,market_synthetic
2025-01-10,Indonesia-Vizag,Panamax,12.01,333.0,market_synthetic
2025-01-10,Indonesia-Gangavaram,Capesize,10.04,333.0,market_synthetic
2025-01-10,SouthAfrica-Krishnapatnam,Capesize,11.41,333.0,market_synthetic
2025-01-10,SouthAfrica-Vizag,Panamax,14.77,333.0,market_synthetic
2025-01-10,Australia-Paradip,Capesize,12.77,333.0,market_synthetic
2025-01-10,Australia-Gangavaram,Capesize,14.28,333.0,market_synthetic
2025-01-10,Indonesia-Haldia,Handymax,17.5,333.0,market_synthetic
2025-01-10,Indonesia-Ennore,Supramax,15.59,333.0,market_synthetic
2025-01-10,Indonesia-Chennai,Handymax,16.26,333.0,market_synthetic
2025-01-17,Indonesia-Paradip,Supramax,14.71,394.4,market_synthetic
2025-01-17,Indonesia-Paradip,Panamax,11.76,394.4,market_synthetic
2025-01-17,Indonesia-Vizag,Supramax,15.34,394.4,market_synthetic
2025-01-17,Indonesia-Vizag,Panamax,12.64,394.4,market_synthetic
2025-01-17,Indonesia-Gangavaram,Capesize,11.31,394.4,market_synthetic
2025-01-17,SouthAfrica-Krishnapatnam,Capesize,11.97,394.4,market_synthetic
2025-01-17,SouthAfrica-Vizag,Panamax,15.57,394.4,market_synthetic
2025-01-17,Australia-Paradip,Capesize,12.17,394.4,market_synthetic
2025-01-17,Australia-Gangavaram,Capesize,12.4,394.4,market_synthetic
2025-01-17,Indonesia-Haldia,Handymax,17.57,394.4,market_synthetic
2025-01-17,Indonesia-Ennore,Supramax,17.29,394.4,market_synthetic
2025-01-17,Indonesia-Chennai,Handymax,18.19,394.4,market_synthetic
2025-01-24,Indonesia-Paradip,Supramax,15.2,501.5,market_synthetic
2025-01-24,Indonesia-Paradip,Panamax,12.5,501.5,market_synthetic
2025-01-24,Indonesia-Vizag,Supramax,13.74,501.5,market_synthetic
2025-01-24,Indonesia-Vizag,Panamax,11.62,501.5,market_synthetic
2025-01-24,Indonesia-Gangavaram,Capesize,10.19,501.5,market_synthetic
2025-01-24,SouthAfrica-Krishnapatnam,Capesize,11.83,501.5,market_synthetic
2025-01-24,SouthAfrica-Vizag,Panamax,16.98,501.5,market_synthetic
2025-01-24,Australia-Paradip,Capesize,14.77,501.5,market_synthetic
2025-01-24,Australia-Gangavaram,Capesize,11.85,501.5,market_synthetic
2025-01-24,Indonesia-Haldia,Handymax,18.91,501.5,market_synthetic
2025-01-24,Indonesia-Ennore,Supramax,17.15,501.5,market_synthetic
2025-01-24,Indonesia-Chennai,Handymax,18.98,501.5,market_synthetic
2025-01-31,Indonesia-Paradip,Supramax,14.83,510.3,market_synthetic
2025-01-31,Indonesia-Paradip,Panamax,11.9,510.3,market_synthetic
2025-01-31,Indonesia-Vizag,Supramax,16.38,510.3,market_synthetic
2025-01-31,Indonesia-Vizag,Panamax,12.48,510.3,market_synthetic
2025-01-31,Indonesia-Gangavaram,Capesize,12.57,510.3,market_synthetic
2025-01-31,SouthAfrica-Krishnapatnam,Capesize,13.5,510.3,market_synthetic
2025-01-31,SouthAfrica-Vizag,Panamax,16.99,510.3,market_synthetic
2025-01-31,Australia-Paradip,Capesize,15.72,510.3,market_synthetic
2025-01-31,Australia-Gangavaram,Capesize,13.96,510.3,market_synthetic
2025-01-31,Indonesia-Haldia,Handymax,17.21,510.3,market_synthetic
2025-01-31,Indonesia-Ennore,Supramax,15.6,510.3,market_synthetic
2025-01-31,Indonesia-Chennai,Handymax,17.79,510.3,market_synthetic
2025-02-07,Indonesia-Paradip,Supramax,17.41,541.1,market_synthetic
2025-02-07,Indonesia-Paradip,Panamax,13.15,541.1,market_synthetic
2025-02-07,Indonesia-Vizag,Supramax,15.75,541.1,market_synthetic
2025-02-07,Indonesia-Vizag,Panamax,12.28,541.1,market_synthetic
2025-02-07,Indonesia-Gangavaram,Capesize,12.2,541.1,market_synthetic
2025-02-07,SouthAfrica-Krishnapatnam,Capesize,12.72,541.1,market_synthetic
2025-02-07,SouthAfrica-Vizag,Panamax,16.72,541.1,market_synthetic
2025-02-07,Australia-Paradip,Capesize,14.89,541.1,market_synthetic
2025-02-07,Australia-Gangavaram,Capesize,14.2,541.1,market_synthetic
2025-02-07,Indonesia-Haldia,Handymax,17.06,541.1,market_synthetic
2025-02-07,Indonesia-Ennore,Supramax,17.09,541.1,market_synthetic
2025-02-07,Indonesia-Chennai,Handymax,18.29,541.1,market_synthetic
2025-02-14,Indonesia-Paradip,Supramax,17.52,734.5,market_synthetic
2025-02-14,Indonesia-Paradip,Panamax,13.54,734.5,market_synthetic
2025-02-14,Indonesia-Vizag,Supramax,17.06,734.5,market_synthetic
2025-02-14,Indonesia-Vizag,Panamax,14.63,734.5,market_synthetic
2025-02-14,Indonesia-Gangavaram,Capesize,13.35,734.5,market_synthetic
2025-02-14,SouthAfrica-Krishnapatnam,Capesize,14.95,734.5,market_synthetic
2025-02-14,SouthAfrica-Vizag,Panamax,19.27,734.5,market_synthetic
2025-02-14,Australia-Paradip,Capesize,16.58,734.5,market_synthetic
2025-02-14,Australia-Gangavaram,Capesize,15.85,734.5,market_synthetic
2025-02-14,Indonesia-Haldia,Handymax,18.86,734.5,market_synthetic
2025-02-14,Indonesia-Ennore,Supramax,17.41,734.5,market_synthetic
2025-02-14,Indonesia-Chennai,Handymax,19.75,734.5,market_synthetic
2025-02-21,Indonesia-Paradip,Supramax,17.89,651.0,market_synthetic
2025-02-21,Indonesia-Paradip,Panamax,14.12,651.0,market_synthetic
2025-02-21,Indonesia-Vizag,Supramax,16.76,651.0,market_synthetic
2025-02-21,Indonesia-Vizag,Panamax,13.04,651.0,market_synthetic
2025-02-21,Indonesia-Gangavaram,Capesize,12.65,651.0,market_synthetic
2025-02-21,SouthAfrica-Krishnapatnam,Capesize,13.48,651.0,market_synthetic
2025-02-21,SouthAfrica-Vizag,Panamax,18.99,651.0,market_synthetic
2025-02-21,Australia-Paradip,Capesize,16.62,651.0,market_synthetic
2025-02-21,Australia-Gangavaram,Capesize,16.26,651.0,market_synthetic
2025-02-21,Indonesia-Haldia,Handymax,18.16,651.0,market_synthetic
2025-02-21,Indonesia-Ennore,Supramax,16.06,651.0,market_synthetic
2025-02-21,Indonesia-Chennai,Handymax,18.53,651.0,market_synthetic
2025-02-28,Indonesia-Paradip,Supramax,17.55,781.7,market_synthetic
2025-02-28,Indonesia-Paradip,Panamax,14.92,781.7,market_synthetic
2025-02-28,Indonesia-Vizag,Supramax,18.28,781.7,market_synthetic
2025-02-28,Indonesia-Vizag,Panamax,14.64,781.7,market_synthetic
2025-02-28,Indonesia-Gangavaram,Capesize,13.71,781.7,market_synthetic
2025-02-28,SouthAfrica-Krishnapatnam,Capesize,15.38,781.7,market_synthetic
2025-02-28,SouthAfrica-Vizag,Panamax,20.36,781.7,market_synthetic
2025-02-28,Australia-Paradip,Capesize,16.92,781.7,market_synthetic
2025-02-28,Australia-Gangavaram,Capesize,16.1,781.7,market_synthetic
2025-02-28,Indonesia-Haldia,Handymax,19.56,781.7,market_synthetic
2025-02-28,Indonesia-Ennore,Supramax,17.15,781.7,market_synthetic
2025-02-28,Indonesia-Chennai,Handymax,20.06,781.7,market_synthetic
2025-03-07,Indonesia-Paradip,Supramax,16.92,901.9,market_synthetic
2025-03-07,Indonesia-Paradip,Panamax,15.27,901.9,market_synthetic
2025-03-07,Indonesia-Vizag,Supramax,18.23,901.9,market_synthetic
2025-03-07,Indonesia-Vizag,Panamax,15.4,901.9,market_synthetic
2025-03-07,Indonesia-Gangavaram,Capesize,13.35,901.9,market_synthetic
2025-03-07,SouthAfrica-Krishnapatnam,Capesize,17.67,901.9,market_synthetic
2025-03-07,SouthAfrica-Vizag,Panamax,18.81,901.9,market_synthetic
2025-03-07,Australia-Paradip,Capesize,17.65,901.9,market_synthetic
2025-03-07,Australia-Gangavaram,Capesize,17.72,901.9,market_synthetic
2025-03-07,Indonesia-Haldia,Handymax,19.0,901.9,market_synthetic
2025-03-07,Indonesia-Ennore,Supramax,18.89,901.9,market_synthetic
2025-03-07,Indonesia-Chennai,Handymax,20.43,901.9,market_synthetic
2025-03-14,Indonesia-Paradip,Supramax,18.47,913.8,market_synthetic
2025-03-14,Indonesia-Paradip,Panamax,12.7,913.8,market_synthetic
2025-03-14,Indonesia-Vizag,Supramax,17.76,913.8,market_synthetic
2025-03-14,Indonesia-Vizag,Panamax,15.61,913.8,market_synthetic
2025-03-14,Indonesia-Gangavaram,Capesize,14.92,913.8,market_synthetic
2025-03-14,SouthAfrica-Krishnapatnam,Capesize,15.94,913.8,market_synthetic
2025-03-14,SouthAfrica-Vizag,Panamax,20.0,913.8,market_synthetic
2025-03-14,Australia-Paradip,Capesize,17.08,913.8,market_synthetic
2025-03-14,Australia-Gangavaram,Capesize,15.38,913.8,market_synthetic
2025-03-14,Indonesia-Haldia,Handymax,18.42,913.8,market_synthetic
2025-03-14,Indonesia-Ennore,Supramax,20.12,913.8,market_synthetic
2025-03-14,Indonesia-Chennai,Handymax,19.94,913.8,market_synthetic
2025-03-21,Indonesia-Paradip,Supramax,17.23,990.8,market_synthetic
2025-03-21,Indonesia-Paradip,Panamax,15.61,990.8,market_synthetic
2025-03-21,Indonesia-Vizag,Supramax,18.07,990.8,market_synthetic
2025-03-21,Indonesia-Vizag,Panamax,14.51,990.8,market_synthetic
2025-03-21,Indonesia-Gangavaram,Capesize,15.16,990.8,market_synthetic
2025-03-21,SouthAfrica-Krishnapatnam,Capesize,15.68,990.8,market_synthetic
2025-03-21,SouthAfrica-Vizag,Panamax,20.84,990.8,market_synthetic
2025-03-21,Australia-Paradip,Capesize,17.93,990.8,market_synthetic
2025-03-21,Australia-Gangavaram,Capesize,17.84,990.8,market_synthetic
2025-03-21,Indonesia-Haldia,Handymax,19.09,990.8,market_synthetic
2025-03-21,Indonesia-Ennore,Supramax,19.6,990.8,market_synthetic
2025-03-21,Indonesia-Chennai,Handymax,21.63,990.8,market_synthetic
2025-03-28,Indonesia-Paradip,Supramax,17.76,994.5,market_synthetic
2025-03-28,Indonesia-Paradip,Panamax,13.88,994.5,market_synthetic
2025-03-28,Indonesia-Vizag,Supramax,17.99,994.5,market_synthetic
2025-03-28,Indonesia-Vizag,Panamax,15.45,994.5,market_synthetic
2025-03-28,Indonesia-Gangavaram,Capesize,16.92,994.5,market_synthetic
2025-03-28,SouthAfrica-Krishnapatnam,Capesize,14.84,994.5,market_synthetic
2025-03-28,SouthAfrica-Vizag,Panamax,19.14,994.5,market_synthetic
2025-03-28,Australia-Paradip,Capesize,17.25,994.5,market_synthetic
2025-03-28,Australia-Gangavaram,Capesize,15.67,994.5,market_synthetic
2025-03-28,Indonesia-Haldia,Handymax,20.76,994.5,market_synthetic
2025-03-28,Indonesia-Ennore,Supramax,19.75,994.5,market_synthetic
2025-03-28,Indonesia-Chennai,Handymax,20.14,994.5,market_synthetic
2025-04-04,Indonesia-Paradip,Supramax,18.63,1081.3,market_synthetic
2025-04-04,Indonesia-Paradip,Panamax,14.25,1081.3,market_synthetic
2025-04-04,Indonesia-Vizag,Supramax,18.02,1081.3,market_synthetic
2025-04-04,Indonesia-Vizag,Panamax,15.42,1081.3,market_synthetic
2025-04-04,Indonesia-Gangavaram,Capesize,16.1,1081.3,market_synthetic
2025-04-04,SouthAfrica-Krishnapatnam,Capesize,17.1,1081.3,market_synthetic
2025-04-04,SouthAfrica-Vizag,Panamax,19.38,1081.3,market_synthetic
2025-04-04,Australia-Paradip,Capesize,19.02,1081.3,market_synthetic
2025-04-04,Australia-Gangavaram,Capesize,18.14,1081.3,market_synthetic
2025-04-04,Indonesia-Haldia,Handymax,19.37,1081.3,market_synthetic
2025-04-04,Indonesia-Ennore,Supramax,21.15,1081.3,market_synthetic
2025-04-04,Indonesia-Chennai,Handymax,19.97,1081.3,market_synthetic
2025-04-11,Indonesia-Paradip,Supramax,20.03,1155.6,market_synthetic
2025-04-11,Indonesia-Paradip,Panamax,14.88,1155.6,market_synthetic
2025-04-11,Indonesia-Vizag,Supramax,19.68,1155.6,market_synthetic
2025-04-11,Indonesia-Vizag,Panamax,16.63,1155.6,market_synthetic
2025-04-11,Indonesia-Gangavaram,Capesize,15.01,1155.6,market_synthetic
2025-04-11,SouthAfrica-Krishnapatnam,Capesize,16.78,1155.6,market_synthetic
2025-04-11,SouthAfrica-Vizag,Panamax,20.23,1155.6,market_synthetic
2025-04-11,Australia-Paradip,Capesize,19.85,1155.6,market_synthetic
2025-04-11,Australia-Gangavaram,Capesize,18.81,1155.6,market_synthetic
2025-04-11,Indonesia-Haldia,Handymax,20.58,1155.6,market_synthetic
2025-04-11,Indonesia-Ennore,Supramax,20.6,1155.6,market_synthetic
2025-04-11,Indonesia-Chennai,Handymax,21.09,1155.6,market_synthetic
2025-04-18,Indonesia-Paradip,Supramax,19.23,1228.1,market_synthetic
2025-04-18,Indonesia-Paradip,Panamax,16.58,1228.1,market_synthetic
2025-04-18,Indonesia-Vizag,Supramax,21.74,1228.1,market_synthetic
2025-04-18,Indonesia-Vizag,Panamax,16.6,1228.1,market_synthetic
2025-04-18,Indonesia-Gangavaram,Capesize,15.29,1228.1,market_synthetic
2025-04-18,SouthAfrica-Krishnapatnam,Capesize,17.81,1228.1,market_synthetic
2025-04-18,SouthAfrica-Vizag,Panamax,19.0,1228.1,market_synthetic
2025-04-18,Australia-Paradip,Capesize,19.92,1228.1,market_synthetic
2025-04-18,Australia-Gangavaram,Capesize,18.76,1228.1,market_synthetic
2025-04-18,Indonesia-Haldia,Handymax,20.0,1228.1,market_synthetic
2025-04-18,Indonesia-Ennore,Supramax,20.73,1228.1,market_synthetic
2025-04-18,Indonesia-Chennai,Handymax,20.68,1228.1,market_synthetic
2025-04-25,Indonesia-Paradip,Supramax,18.88,1341.8,market_synthetic
2025-04-25,Indonesia-Paradip,Panamax,16.33,1341.8,market_synthetic
2025-04-25,Indonesia-Vizag,Supramax,21.56,1341.8,market_synthetic
2025-04-25,Indonesia-Vizag,Panamax,15.94,1341.8,market_synthetic
2025-04-25,Indonesia-Gangavaram,Capesize,16.11,1341.8,market_synthetic
2025-04-25,SouthAfrica-Krishnapatnam,Capesize,17.52,1341.8,market_synthetic
2025-04-25,SouthAfrica-Vizag,Panamax,20.99,1341.8,market_synthetic
2025-04-25,Australia-Paradip,Capesize,19.39,1341.8,market_synthetic
2025-04-25,Australia-Gangavaram,Capesize,19.6,1341.8,market_synthetic
2025-04-25,Indonesia-Haldia,Handymax,20.82,1341.8,market_synthetic
2025-04-25,Indonesia-Ennore,Supramax,20.35,1341.8,market_synthetic
2025-04-25,Indonesia-Chennai,Handymax,21.3,1341.8,market_synthetic
2025-05-02,Indonesia-Paradip,Supramax,19.55,1220.7,market_synthetic
2025-05-02,Indonesia-Paradip,Panamax,15.78,1220.7,market_synthetic
2025-05-02,Indonesia-Vizag,Supramax,20.63,1220.7,market_synthetic
2025-05-02,Indonesia-Vizag,Panamax,15.82,1220.7,market_synthetic
2025-05-02,Indonesia-Gangavaram,Capesize,15.35,1220.7,market_synthetic
2025-05-02,SouthAfrica-Krishnapatnam,Capesize,18.21,1220.7,market_synthetic
2025-05-02,SouthAfrica-Vizag,Panamax,20.98,1220.7,market_synthetic
2025-05-02,Australia-Paradip,Capesize,19.99,1220.7,market_synthetic
2025-05-02,Australia-Gangavaram,Capesize,19.34,1220.7,market_synthetic
2025-05-02,Indonesia-Haldia,Handymax,20.94,1220.7,market_synthetic
2025-05-02,Indonesia-Ennore,Supramax,20.26,1220.7,market_synthetic
2025-05-02,Indonesia-Chennai,Handymax,21.33,1220.7,market_synthetic
2025-05-09,Indonesia-Paradip,Supramax,20.8,1447.9,market_synthetic
2025-05-09,Indonesia-Paradip,Panamax,16.91,1447.9,market_synthetic
2025-05-09,Indonesia-Vizag,Supramax,20.32,1447.9,market_synthetic
2025-05-09,Indonesia-Vizag,Panamax,17.61,1447.9,market_synthetic
2025-05-09,Indonesia-Gangavaram,Capesize,16.44,1447.9,market_synthetic
2025-05-09,SouthAfrica-Krishnapatnam,Capesize,17.6,1447.9,market_synthetic
2025-05-09,SouthAfrica-Vizag,Panamax,21.83,1447.9,market_synthetic
2025-05-09,Australia-Paradip,Capesize,19.53,1447.9,market_synthetic
2025-05-09,Australia-Gangavaram,Capesize,19.52,1447.9,market_synthetic
2025-05-09,Indonesia-Haldia,Handymax,21.25,1447.9,market_synthetic
2025-05-09,Indonesia-Ennore,Supramax,21.51,1447.9,market_synthetic
2025-05-09,Indonesia-Chennai,Handymax,21.65,1447.9,market_synthetic
2025-05-16,Indonesia-Paradip,Supramax,18.4,1358.5,market_synthetic
2025-05-16,Indonesia-Paradip,Panamax,15.25,1358.5,market_synthetic
2025-05-16,Indonesia-Vizag,Supramax,21.94,1358.5,market_synthetic
2025-05-16,Indonesia-Vizag,Panamax,16.96,1358.5,market_synthetic
2025-05-16,Indonesia-Gangavaram,Capesize,17.32,1358.5,market_synthetic
2025-05-16,SouthAfrica-Krishnapatnam,Capesize,16.61,1358.5,market_synthetic
2025-05-16,SouthAfrica-Vizag,Panamax,21.46,1358.5,market_synthetic
2025-05-16,Australia-Paradip,Capesize,19.24,1358.5,market_synthetic
2025-05-16,Australia-Gangavaram,Capesize,18.98,1358.5,market_synthetic
2025-05-16,Indonesia-Haldia,Handymax,19.11,1358.5,market_synthetic
2025-05-16,Indonesia-Ennore,Supramax,22.32,1358.5,market_synthetic
2025-05-16,Indonesia-Chennai,Handymax,20.8,1358.5,market_synthetic
2025-05-23,Indonesia-Paradip,Supramax,20.15,1431.4,market_synthetic
2025-05-23,Indonesia-Paradip,Panamax,16.12,1431.4,market_synthetic
2025-05-23,Indonesia-Vizag,Supramax,20.97,1431.4,market_synthetic
2025-05-23,Indonesia-Vizag,Panamax,16.99,1431.4,market_synthetic
2025-05-23,Indonesia-Gangavaram,Capesize,16.58,1431.4,market_synthetic
2025-05-23,SouthAfrica-Krishnapatnam,Capesize,17.03,1431.4,market_synthetic
2025-05-23,SouthAfrica-Vizag,Panamax,21.84,1431.4,market_synthetic
2025-05-23,Australia-Paradip,Capesize,20.24,1431.4,market_synthetic
2025-05-23,Australia-Gangavaram,Capesize,18.86,1431.4,market_synthetic
2025-05-23,Indonesia-Haldia,Handymax,20.88,1431.4,market_synthetic
2025-05-23,Indonesia-Ennore,Supramax,20.66,1431.4,market_synthetic
2025-05-23,Indonesia-Chennai,Handymax,20.83,1431.4,market_synthetic
2025-05-30,Indonesia-Paradip,Supramax,18.96,1448.9,market_synthetic
2025-05-30,Indonesia-Paradip,Panamax,15.74,1448.9,market_synthetic
2025-05-30,Indonesia-Vizag,Supramax,21.07,1448.9,market_synthetic
2025-05-30,Indonesia-Vizag,Panamax,15.47,1448.9,market_synthetic
2025-05-30,Indonesia-Gangavaram,Capesize,17.25,1448.9,market_synthetic
2025-05-30,SouthAfrica-Krishnapatnam,Capesize,17.21,1448.9,market_synthetic
2025-05-30,SouthAfrica-Vizag,Panamax,22.2,1448.9,market_synthetic
2025-05-30,Australia-Paradip,Capesize,19.05,1448.9,market_synthetic
2025-05-30,Australia-Gangavaram,Capesize,19.28,1448.9,market_synthetic
2025-05-30,Indonesia-Haldia,Handymax,20.38,1448.9,market_synthetic
2025-05-30,Indonesia-Ennore,Supramax,19.83,1448.9,market_synthetic
2025-05-30,Indonesia-Chennai,Handymax,22.22,1448.9,market_synthetic
2025-06-06,Indonesia-Paradip,Supramax,18.72,1391.3,market_synthetic
2025-06-06,Indonesia-Paradip,Panamax,14.54,1391.3,market_synthetic
2025-06-06,Indonesia-Vizag,Supramax,20.76,1391.3,market_synthetic
2025-06-06,Indonesia-Vizag,Panamax,15.45,1391.3,market_synthetic
2025-06-06,Indonesia-Gangavaram,Capesize,15.37,1391.3,market_synthetic
2025-06-06,SouthAfrica-Krishnapatnam,Capesize,17.89,1391.3,market_synthetic
2025-06-06,SouthAfrica-Vizag,Panamax,19.38,1391.3,market_synthetic
2025-06-06,Australia-Paradip,Capesize,19.67,1391.3,market_synthetic
2025-06-06,Australia-Gangavaram,Capesize,19.07,1391.3,market_synthetic
2025-06-06,Indonesia-Haldia,Handymax,20.6,1391.3,market_synthetic
2025-06-06,Indonesia-Ennore,Supramax,20.12,1391.3,market_synthetic
2025-06-06,Indonesia-Chennai,Handymax,20.51,1391.3,market_synthetic
2025-06-13,Indonesia-Paradip,Supramax,19.34,1449.4,market_synthetic
2025-06-13,Indonesia-Paradip,Panamax,16.03,1449.4,market_synthetic
2025-06-13,Indonesia-Vizag,Supramax,19.62,1449.4,market_synthetic
2025-06-13,Indonesia-Vizag,Panamax,14.16,1449.4,market_synthetic
2025-06-13,Indonesia-Gangavaram,Capesize,18.17,1449.4,market_synthetic
2025-06-13,SouthAfrica-Krishnapatnam,Capesize,18.4,1449.4,market_synthetic
2025-06-13,SouthAfrica-Vizag,Panamax,20.59,1449.4,market_synthetic
2025-06-13,Australia-Paradip,Capesize,20.03,1449.4,market_synthetic
2025-06-13,Australia-Gangavaram,Capesize,19.17,1449.4,market_synthetic
2025-06-13,Indonesia-Haldia,Handymax,19.49,1449.4,market_synthetic
2025-06-13,Indonesia-Ennore,Supramax,20.03,1449.4,market_synthetic
2025-06-13,Indonesia-Chennai,Handymax,20.19,1449.4,market_synthetic
2025-06-20,Indonesia-Paradip,Supramax,17.86,1325.6,market_synthetic
2025-06-20,Indonesia-Paradip,Panamax,13.95,1325.6,market_synthetic
2025-06-20,Indonesia-Vizag,Supramax,19.54,1325.6,market_synthetic
2025-06-20,Indonesia-Vizag,Panamax,15.1,1325.6,market_synthetic
2025-06-20,Indonesia-Gangavaram,Capesize,15.77,1325.6,market_synthetic
2025-06-20,SouthAfrica-Krishnapatnam,Capesize,16.54,1325.6,market_synthetic
2025-06-20,SouthAfrica-Vizag,Panamax,21.55,1325.6,market_synthetic
2025-06-20,Australia-Paradip,Capesize,17.88,1325.6,market_synthetic
2025-06-20,Australia-Gangavaram,Capesize,17.03,1325.6,market_synthetic
2025-06-20,Indonesia-Haldia,Handymax,18.7,1325.6,market_synthetic
2025-06-20,Indonesia-Ennore,Supramax,20.3,1325.6,market_synthetic
2025-06-20,Indonesia-Chennai,Handymax,18.57,1325.6,market_synthetic
2025-06-27,Indonesia-Paradip,Supramax,18.69,1454.5,market_synthetic
2025-06-27,Indonesia-Paradip,Panamax,14.26,1454.5,market_synthetic
2025-06-27,Indonesia-Vizag,Supramax,19.57,1454.5,market_synthetic
2025-06-27,Indonesia-Vizag,Panamax,14.12,1454.5,market_synthetic
2025-06-27,Indonesia-Gangavaram,Capesize,15.06,1454.5,market_synthetic
2025-06-27,SouthAfrica-Krishnapatnam,Capesize,16.78,1454.5,market_synthetic
2025-06-27,SouthAfrica-Vizag,Panamax,20.59,1454.5,market_synthetic
2025-06-27,Australia-Paradip,Capesize,19.13,1454.5,market_synthetic
2025-06-27,Australia-Gangavaram,Capesize,19.21,1454.5,market_synthetic
2025-06-27,Indonesia-Haldia,Handymax,19.49,1454.5,market_synthetic
2025-06-27,Indonesia-Ennore,Supramax,18.87,1454.5,market_synthetic
2025-06-27,Indonesia-Chennai,Handymax,21.46,1454.5,market_synthetic
2025-07-04,Indonesia-Paradip,Supramax,19.79,1473.0,market_synthetic
2025-07-04,Indonesia-Paradip,Panamax,14.64,1473.0,market_synthetic
2025-07-04,Indonesia-Vizag,Supramax,18.52,1473.0,market_synthetic
2025-07-04,Indonesia-Vizag,Panamax,15.46,1473.0,market_synthetic
2025-07-04,Indonesia-Gangavaram,Capesize,15.57,1473.0,market_synthetic
2025-07-04,SouthAfrica-Krishnapatnam,Capesize,16.18,1473.0,market_synthetic
2025-07-04,SouthAfrica-Vizag,Panamax,19.98,1473.0,market_synthetic
2025-07-04,Australia-Paradip,Capesize,18.07,1473.0,market_synthetic
2025-07-04,Australia-Gangavaram,Capesize,17.14,1473.0,market_synthetic
2025-07-04,Indonesia-Haldia,Handymax,21.29,1473.0,market_synthetic
2025-07-04,Indonesia-Ennore,Supramax,19.71,1473.0,market_synthetic
2025-07-04,Indonesia-Chennai,Handymax,20.8,1473.0,market_synthetic
2025-07-11,Indonesia-Paradip,Supramax,17.85,1503.0,market_synthetic
2025-07-11,Indonesia-Paradip,Panamax,14.5,1503.0,market_synthetic
2025-07-11,Indonesia-Vizag,Supramax,18.24,1503.0,market_synthetic
2025-07-11,Indonesia-Vizag,Panamax,15.38,1503.0,market_synthetic
2025-07-11,Indonesia-Gangavaram,Capesize,16.07,1503.0,market_synthetic
2025-07-11,SouthAfrica-Krishnapatnam,Capesize,17.13,1503.0,market_synthetic
2025-07-11,SouthAfrica-Vizag,Panamax,20.3,1503.0,market_synthetic
2025-07-11,Australia-Paradip,Capesize,18.5,1503.0,market_synthetic
2025-07-11,Australia-Gangavaram,Capesize,17.64,1503.0,market_synthetic
2025-07-11,Indonesia-Haldia,Handymax,19.35,1503.0,market_synthetic
2025-07-11,Indonesia-Ennore,Supramax,19.89,1503.0,market_synthetic
2025-07-11,Indonesia-Chennai,Handymax,20.1,1503.0,market_synthetic
2025-07-18,Indonesia-Paradip,Supramax,17.32,1441.0,market_synthetic
2025-07-18,Indonesia-Paradip,Panamax,12.19,1441.0,market_synthetic
2025-07-18,Indonesia-Vizag,Supramax,19.19,1441.0,market_synthetic
2025-07-18,Indonesia-Vizag,Panamax,13.81,1441.0,market_synthetic
2025-07-18,Indonesia-Gangavaram,Capesize,15.1,1441.0,market_synthetic
2025-07-18,SouthAfrica-Krishnapatnam,Capesize,15.53,1441.0,market_synthetic
2025-07-18,SouthAfrica-Vizag,Panamax,19.72,1441.0,market_synthetic
2025-07-18,Australia-Paradip,Capesize,18.0,1441.0,market_synthetic
2025-07-18,Australia-Gangavaram,Capesize,16.3,1441.0,market_synthetic
2025-07-18,Indonesia-Haldia,Handymax,20.21,1441.0,market_synthetic
2025-07-18,Indonesia-Ennore,Supramax,18.93,1441.0,market_synthetic
2025-07-18,Indonesia-Chennai,Handymax,20.27,1441.0,market_synthetic
2025-07-25,Indonesia-Paradip,Supramax,17.54,1411.3,market_synthetic
2025-07-25,Indonesia-Paradip,Panamax,12.89,1411.3,market_synthetic
2025-07-25,Indonesia-Vizag,Supramax,17.6,1411.3,market_synthetic
2025-07-25,Indonesia-Vizag,Panamax,15.46,1411.3,market_synthetic
2025-07-25,Indonesia-Gangavaram,Capesize,13.32,1411.3,market_synthetic
2025-07-25,SouthAfrica-Krishnapatnam,Capesize,15.46,1411.3,market_synthetic
2025-07-25,SouthAfrica-Vizag,Panamax,19.78,1411.3,market_synthetic
2025-07-25,Australia-Paradip,Capesize,16.14,1411.3,market_synthetic
2025-07-25,Australia-Gangavaram,Capesize,15.77,1411.3,market_synthetic
2025-07-25,Indonesia-Haldia,Handymax,18.13,1411.3,market_synthetic
2025-07-25,Indonesia-Ennore,Supramax,18.11,1411.3,market_synthetic
2025-07-25,Indonesia-Chennai,Handymax,18.82,1411.3,market_synthetic
2025-08-01,Indonesia-Paradip,Supramax,16.37,1376.9,market_synthetic
2025-08-01,Indonesia-Paradip,Panamax,12.91,1376.9,market_synthetic
2025-08-01,Indonesia-Vizag,Supramax,18.56,1376.9,market_synthetic
2025-08-01,Indonesia-Vizag,Panamax,12.81,1376.9,market_synthetic
2025-08-01,Indonesia-Gangavaram,Capesize,15.62,1376.9,market_synthetic
2025-08-01,SouthAfrica-Krishnapatnam,Capesize,15.84,1376.9,market_synthetic
2025-08-01,SouthAfrica-Vizag,Panamax,17.48,1376.9,market_synthetic
2025-08-01,Australia-Paradip,Capesize,17.45,1376.9,market_synthetic
2025-08-01,Australia-Gangavaram,Capesize,16.35,1376.9,market_synthetic
2025-08-01,Indonesia-Haldia,Handymax,18.39,1376.9,market_synthetic
2025-08-01,Indonesia-Ennore,Supramax,19.78,1376.9,market_synthetic
2025-08-01,Indonesia-Chennai,Handymax,19.95,1376.9,market_synthetic
2025-08-08,Indonesia-Paradip,Supramax,16.59,1404.1,market_synthetic
2025-08-08,Indonesia-Paradip,Panamax,12.81,1404.1,market_synthetic
2025-08-08,Indonesia-Vizag,Supramax,16.52,1404.1,market_synthetic
2025-08-08,Indonesia-Vizag,Panamax,13.64,1404.1,market_synthetic
2025-08-08,Indonesia-Gangavaram,Capesize,13.17,1404.1,market_synthetic
2025-08-08,SouthAfrica-Krishnapatnam,Capesize,16.08,1404.1,market_synthetic
2025-08-08,SouthAfrica-Vizag,Panamax,18.32,1404.1,market_synthetic
2025-08-08,Australia-Paradip,Capesize,17.88,1404.1,market_synthetic
2025-08-08,Australia-Gangavaram,Capesize,15.0,1404.1,market_synthetic
2025-08-08,Indonesia-Haldia,Handymax,17.48,1404.1,market_synthetic
2025-08-08,Indonesia-Ennore,Supramax,18.34,1404.1,market_synthetic
2025-08-08,Indonesia-Chennai,Handymax,19.25,1404.1,market_synthetic
2025-08-15,Indonesia-Paradip,Supramax,16.17,1419.9,market_synthetic
2025-08-15,Indonesia-Paradip,Panamax,12.04,1419.9,market_synthetic
2025-08-15,Indonesia-Vizag,Supramax,18.05,1419.9,market_synthetic
2025-08-15,Indonesia-Vizag,Panamax,12.53,1419.9,market_synthetic
2025-08-15,Indonesia-Gangavaram,Capesize,14.27,1419.9,market_synthetic
2025-08-15,SouthAfrica-Krishnapatnam,Capesize,15.27,1419.9,market_synthetic
2025-08-15,SouthAfrica-Vizag,Panamax,18.17,1419.9,market_synthetic
2025-08-15,Australia-Paradip,Capesize,16.24,1419.9,market_synthetic
2025-08-15,Australia-Gangavaram,Capesize,17.75,1419.9,market_synthetic
2025-08-15,Indonesia-Haldia,Handymax,17.45,1419.9,market_synthetic
2025-08-15,Indonesia-Ennore,Supramax,15.38,1419.9,market_synthetic
2025-08-15,Indonesia-Chennai,Handymax,18.73,1419.9,market_synthetic
2025-08-22,Indonesia-Paradip,Supramax,17.45,1381.7,market_synthetic
2025-08-22,Indonesia-Paradip,Panamax,12.63,1381.7,market_synthetic
2025-08-22,Indonesia-Vizag,Supramax,16.77,1381.7,market_synthetic
2025-08-22,Indonesia-Vizag,Panamax,14.5,1381.7,market_synthetic
2025-08-22,Indonesia-Gangavaram,Capesize,13.44,1381.7,market_synthetic
2025-08-22,SouthAfrica-Krishnapatnam,Capesize,14.35,1381.7,market_synthetic
2025-08-22,SouthAfrica-Vizag,Panamax,17.71,1381.7,market_synthetic
2025-08-22,Australia-Paradip,Capesize,16.28,1381.7,market_synthetic
2025-08-22,Australia-Gangavaram,Capesize,16.15,1381.7,market_synthetic
2025-08-22,Indonesia-Haldia,Handymax,18.75,1381.7,market_synthetic
2025-08-22,Indonesia-Ennore,Supramax,17.82,1381.7,market_synthetic
2025-08-22,Indonesia-Chennai,Handymax,19.51,1381.7,market_synthetic
2025-08-29,Indonesia-Paradip,Supramax,15.83,1369.7,market_synthetic
2025-08-29,Indonesia-Paradip,Panamax,13.09,1369.7,market_synthetic
2025-08-29,Indonesia-Vizag,Supramax,15.31,1369.7,market_synthetic
2025-08-29,Indonesia-Vizag,Panamax,11.97,1369.7,market_synthetic
2025-08-29,Indonesia-Gangavaram,Capesize,13.02,1369.7,market_synthetic
2025-08-29,SouthAfrica-Krishnapatnam,Capesize,15.25,1369.7,market_synthetic
2025-08-29,SouthAfrica-Vizag,Panamax,18.04,1369.7,market_synthetic
2025-08-29,Australia-Paradip,Capesize,15.83,1369.7,market_synthetic
2025-08-29,Australia-Gangavaram,Capesize,14.64,1369.7,market_synthetic
2025-08-29,Indonesia-Haldia,Handymax,17.97,1369.7,market_synthetic
2025-08-29,Indonesia-Ennore,Supramax,15.08,1369.7,market_synthetic
2025-08-29,Indonesia-Chennai,Handymax,18.45,1369.7,market_synthetic
2025-09-05,Indonesia-Paradip,Supramax,15.37,1277.9,market_synthetic
2025-09-05,Indonesia-Paradip,Panamax,12.32,1277.9,market_synthetic
2025-09-05,Indonesia-Vizag,Supramax,16.3,1277.9,market_synthetic
2025-09-05,Indonesia-Vizag,Panamax,12.95,1277.9,market_synthetic
2025-09-05,Indonesia-Gangavaram,Capesize,13.04,1277.9,market_synthetic
2025-09-05,SouthAfrica-Krishnapatnam,Capesize,15.13,1277.9,market_synthetic
2025-09-05,SouthAfrica-Vizag,Panamax,18.17,1277.9,market_synthetic
2025-09-05,Australia-Paradip,Capesize,16.4,1277.9,market_synthetic
2025-09-05,Australia-Gangavaram,Capesize,15.24,1277.9,market_synthetic
2025-09-05,Indonesia-Haldia,Handymax,17.2,1277.9,market_synthetic
2025-09-05,Indonesia-Ennore,Supramax,18.13,1277.9,market_synthetic
2025-09-05,Indonesia-Chennai,Handymax,18.01,1277.9,market_synthetic
2025-09-12,Indonesia-Paradip,Supramax,15.72,1314.5,market_synthetic
2025-09-12,Indonesia-Paradip,Panamax,10.84,1314.5,market_synthetic
2025-09-12,Indonesia-Vizag,Supramax,16.74,1314.5,market_synthetic
2025-09-12,Indonesia-Vizag,Panamax,12.96,1314.5,market_synthetic
2025-09-12,Indonesia-Gangavaram,Capesize,13.69,1314.5,market_synthetic
2025-09-12,SouthAfrica-Krishnapatnam,Capesize,13.91,1314.5,market_synthetic
2025-09-12,SouthAfrica-Vizag,Panamax,16.63,1314.5,market_synthetic
2025-09-12,Australia-Paradip,Capesize,14.64,1314.5,market_synthetic
2025-09-12,Australia-Gangavaram,Capesize,15.24,1314.5,market_synthetic
2025-09-12,Indonesia-Haldia,Handymax,16.93,1314.5,market_synthetic
2025-09-12,Indonesia-Ennore,Supramax,17.29,1314.5,market_synthetic
2025-09-12,Indonesia-Chennai,Handymax,18.39,1314.5,market_synthetic
2025-09-19,Indonesia-Paradip,Supramax,16.25,1229.3,market_synthetic
2025-09-19,Indonesia-Paradip,Panamax,12.74,1229.3,market_synthetic
2025-09-19,Indonesia-Vizag,Supramax,16.32,1229.3,market_synthetic
2025-09-19,Indonesia-Vizag,Panamax,10.66,1229.3,market_synthetic
2025-09-19,Indonesia-Gangavaram,Capesize,11.81,1229.3,market_synthetic
2025-09-19,SouthAfrica-Krishnapatnam,Capesize,14.42,1229.3,market_synthetic
2025-09-19,SouthAfrica-Vizag,Panamax,16.31,1229.3,market_synthetic
2025-09-19,Australia-Paradip,Capesize,14.17,1229.3,market_synthetic
2025-09-19,Australia-Gangavaram,Capesize,14.18,1229.3,market_synthetic
2025-09-19,Indonesia-Haldia,Handymax,16.92,1229.3,market_synthetic
2025-09-19,Indonesia-Ennore,Supramax,16.1,1229.3,market_synthetic
2025-09-19,Indonesia-Chennai,Handymax,17.32,1229.3,market_synthetic
2025-09-26,Indonesia-Paradip,Supramax,14.58,1262.4,market_synthetic
2025-09-26,Indonesia-Paradip,Panamax,13.08,1262.4,market_synthetic
2025-09-26,Indonesia-Vizag,Supramax,16.8,1262.4,market_synthetic
2025-09-26,Indonesia-Vizag,Panamax,11.38,1262.4,market_synthetic
2025-09-26,Indonesia-Gangavaram,Capesize,10.37,1262.4,market_synthetic
2025-09-26,SouthAfrica-Krishnapatnam,Capesize,13.94,1262.4,market_synthetic
2025-09-26,SouthAfrica-Vizag,Panamax,16.49,1262.4,market_synthetic
2025-09-26,Australia-Paradip,Capesize,15.55,1262.4,market_synthetic
2025-09-26,Australia-Gangavaram,Capesize,14.39,1262.4,market_synthetic
2025-09-26,Indonesia-Haldia,Handymax,16.99,1262.4,market_synthetic
2025-09-26,Indonesia-Ennore,Supramax,16.85,1262.4,market_synthetic
2025-09-26,Indonesia-Chennai,Handymax,16.31,1262.4,market_synthetic
2025-10-03,Indonesia-Paradip,Supramax,15.29,1199.6,market_synthetic
2025-10-03,Indonesia-Paradip,Panamax,10.63,1199.6,market_synthetic
2025-10-03,Indonesia-Vizag,Supramax,15.91,1199.6,market_synthetic
2025-10-03,Indonesia-Vizag,Panamax,12.47,1199.6,market_synthetic
2025-10-03,Indonesia-Gangavaram,Capesize,11.85,1199.6,market_synthetic
2025-10-03,SouthAfrica-Krishnapatnam,Capesize,14.13,1199.6,market_synthetic
2025-10-03,SouthAfrica-Vizag,Panamax,17.41,1199.6,market_synthetic
2025-10-03,Australia-Paradip,Capesize,16.23,1199.6,market_synthetic
2025-10-03,Australia-Gangavaram,Capesize,13.16,1199.6,market_synthetic
2025-10-03,Indonesia-Haldia,Handymax,16.83,1199.6,market_synthetic
2025-10-03,Indonesia-Ennore,Supramax,17.11,1199.6,market_synthetic
2025-10-03,Indonesia-Chennai,Handymax,17.95,1199.6,market_synthetic
2025-10-10,Indonesia-Paradip,Supramax,15.12,1194.9,market_synthetic
2025-10-10,Indonesia-Paradip,Panamax,12.15,1194.9,market_synthetic
2025-10-10,Indonesia-Vizag,Supramax,16.29,1194.9,market_synthetic
2025-10-10,Indonesia-Vizag,Panamax,13.63,1194.9,market_synthetic
2025-10-10,Indonesia-Gangavaram,Capesize,13.1,1194.9,market_synthetic
2025-10-10,SouthAfrica-Krishnapatnam,Capesize,11.76,1194.9,market_synthetic
2025-10-10,SouthAfrica-Vizag,Panamax,16.69,1194.9,market_synthetic
2025-10-10,Australia-Paradip,Capesize,15.91,1194.9,market_synthetic
2025-10-10,Australia-Gangavaram,Capesize,14.1,1194.9,market_synthetic
2025-10-10,Indonesia-Haldia,Handymax,16.77,1194.9,market_synthetic
2025-10-10,Indonesia-Ennore,Supramax,16.53,1194.9,market_synthetic
2025-10-10,Indonesia-Chennai,Handymax,16.48,1194.9,market_synthetic
2025-10-17,Indonesia-Paradip,Supramax,13.81,1246.7,market_synthetic
2025-10-17,Indonesia-Paradip,Panamax,13.37,1246.7,market_synthetic
2025-10-17,Indonesia-Vizag,Supramax,14.98,1246.7,market_synthetic
2025-10-17,Indonesia-Vizag,Panamax,11.95,1246.7,market_synthetic
2025-10-17,Indonesia-Gangavaram,Capesize,12.7,1246.7,market_synthetic
2025-10-17,SouthAfrica-Krishnapatnam,Capesize,14.31,1246.7,market_synthetic
2025-10-17,SouthAfrica-Vizag,Panamax,16.64,1246.7,market_synthetic
2025-10-17,Australia-Paradip,Capesize,15.76,1246.7,market_synthetic
2025-10-17,Australia-Gangavaram,Capesize,16.11,1246.7,market_synthetic
2025-10-17,Indonesia-Haldia,Handymax,17.74,1246.7,market_synthetic
2025-10-17,Indonesia-Ennore,Supramax,15.88,1246.7,market_synthetic
2025-10-17,Indonesia-Chennai,Handymax,17.75,1246.7,market_synthetic
2025-10-24,Indonesia-Paradip,Supramax,15.37,1236.4,market_synthetic
2025-10-24,Indonesia-Paradip,Panamax,12.03,1236.4,market_synthetic
2025-10-24,Indonesia-Vizag,Supramax,16.47,1236.4,market_synthetic
2025-10-24,Indonesia-Vizag,Panamax,12.27,1236.4,market_synthetic
2025-10-24,Indonesia-Gangavaram,Capesize,12.83,1236.4,market_synthetic
2025-10-24,SouthAfrica-Krishnapatnam,Capesize,13.48,1236.4,market_synthetic
2025-10-24,SouthAfrica-Vizag,Panamax,17.18,1236.4,market_synthetic
2025-10-24,Australia-Paradip,Capesize,17.35,1236.4,market_synthetic
2025-10-24,Australia-Gangavaram,Capesize,16.27,1236.4,market_synthetic
2025-10-24,Indonesia-Haldia,Handymax,16.21,1236.4,market_synthetic
2025-10-24,Indonesia-Ennore,Supramax,14.98,1236.4,market_synthetic
2025-10-24,Indonesia-Chennai,Handymax,17.05,1236.4,market_synthetic
2025-10-31,Indonesia-Paradip,Supramax,16.5,1185.5,market_synthetic
2025-10-31,Indonesia-Paradip,Panamax,11.29,1185.5,market_synthetic
2025-10-31,Indonesia-Vizag,Supramax,16.07,1185.5,market_synthetic
2025-10-31,Indonesia-Vizag,Panamax,12.31,1185.5,market_synthetic
2025-10-31,Indonesia-Gangavaram,Capesize,12.88,1185.5,market_synthetic
2025-10-31,SouthAfrica-Krishnapatnam,Capesize,13.51,1185.5,market_synthetic
2025-10-31,SouthAfrica-Vizag,Panamax,16.63,1185.5,market_synthetic
2025-10-31,Australia-Paradip,Capesize,14.25,1185.5,market_synthetic
2025-10-31,Australia-Gangavaram,Capesize,14.65,1185.5,market_synthetic
2025-10-31,Indonesia-Haldia,Handymax,16.8,1185.5,market_synthetic
2025-10-31,Indonesia-Ennore,Supramax,16.64,1185.5,market_synthetic
2025-10-31,Indonesia-Chennai,Handymax,18.18,1185.5,market_synthetic
2025-11-07,Indonesia-Paradip,Supramax,15.61,1296.1,market_synthetic
2025-11-07,Indonesia-Paradip,Panamax,13.56,1296.1,market_synthetic
2025-11-07,Indonesia-Vizag,Supramax,16.57,1296.1,market_synthetic
2025-11-07,Indonesia-Vizag,Panamax,14.23,1296.1,market_synthetic
2025-11-07,Indonesia-Gangavaram,Capesize,11.91,1296.1,market_synthetic
2025-11-07,SouthAfrica-Krishnapatnam,Capesize,13.8,1296.1,market_synthetic
2025-11-07,SouthAfrica-Vizag,Panamax,16.6,1296.1,market_synthetic
2025-11-07,Australia-Paradip,Capesize,14.1,1296.1,market_synthetic
2025-11-07,Australia-Gangavaram,Capesize,14.69,1296.1,market_synthetic
2025-11-07,Indonesia-Haldia,Handymax,16.99,1296.1,market_synthetic
2025-11-07,Indonesia-Ennore,Supramax,16.27,1296.1,market_synthetic
2025-11-07,Indonesia-Chennai,Handymax,19.05,1296.1,market_synthetic
2025-11-14,Indonesia-Paradip,Supramax,16.23,1158.5,market_synthetic
2025-11-14,Indonesia-Paradip,Panamax,11.58,1158.5,market_synthetic
2025-11-14,Indonesia-Vizag,Supramax,16.66,1158.5,market_synthetic
2025-11-14,Indonesia-Vizag,Panamax,11.94,1158.5,market_synthetic
2025-11-14,Indonesia-Gangavaram,Capesize,12.4,1158.5,market_synthetic
2025-11-14,SouthAfrica-Krishnapatnam,Capesize,12.86,1158.5,market_synthetic
2025-11-14,SouthAfrica-Vizag,Panamax,16.34,1158.5,market_synthetic
2025-11-14,Australia-Paradip,Capesize,15.38,1158.5,market_synthetic
2025-11-14,Australia-Gangavaram,Capesize,13.71,1158.5,market_synthetic
2025-11-14,Indonesia-Haldia,Handymax,16.56,1158.5,market_synthetic
2025-11-14,Indonesia-Ennore,Supramax,18.04,1158.5,market_synthetic
2025-11-14,Indonesia-Chennai,Handymax,19.06,1158.5,market_synthetic
2025-11-21,Indonesia-Paradip,Supramax,16.39,1242.0,market_synthetic
2025-11-21,Indonesia-Paradip,Panamax,14.05,1242.0,market_synthetic
2025-11-21,Indonesia-Vizag,Supramax,16.93,1242.0,market_synthetic
2025-11-21,Indonesia-Vizag,Panamax,13.75,1242.0,market_synthetic
2025-11-21,Indonesia-Gangavaram,Capesize,13.25,1242.0,market_synthetic
2025-11-21,SouthAfrica-Krishnapatnam,Capesize,14.43,1242.0,market_synthetic
2025-11-21,SouthAfrica-Vizag,Panamax,16.78,1242.0,market_synthetic
2025-11-21,Australia-Paradip,Capesize,13.96,1242.0,market_synthetic
2025-11-21,Australia-Gangavaram,Capesize,15.04,1242.0,market_synthetic
2025-11-21,Indonesia-Haldia,Handymax,17.61,1242.0,market_synthetic
2025-11-21,Indonesia-Ennore,Supramax,17.15,1242.0,market_synthetic
2025-11-21,Indonesia-Chennai,Handymax,17.9,1242.0,market_synthetic
2025-11-28,Indonesia-Paradip,Supramax,16.85,1231.0,market_synthetic
2025-11-28,Indonesia-Paradip,Panamax,12.97,1231.0,market_synthetic
2025-11-28,Indonesia-Vizag,Supramax,17.56,1231.0,market_synthetic
2025-11-28,Indonesia-Vizag,Panamax,12.71,1231.0,market_synthetic
2025-11-28,Indonesia-Gangavaram,Capesize,14.23,1231.0,market_synthetic
2025-11-28,SouthAfrica-Krishnapatnam,Capesize,14.52,1231.0,market_synthetic
2025-11-28,SouthAfrica-Vizag,Panamax,19.15,1231.0,market_synthetic
2025-11-28,Australia-Paradip,Capesize,15.0,1231.0,market_synthetic
2025-11-28,Australia-Gangavaram,Capesize,17.09,1231.0,market_synthetic
2025-11-28,Indonesia-Haldia,Handymax,18.62,1231.0,market_synthetic
2025-11-28,Indonesia-Ennore,Supramax,17.08,1231.0,market_synthetic
2025-11-28,Indonesia-Chennai,Handymax,18.39,1231.0,market_synthetic
2025-12-05,Indonesia-Paradip,Supramax,16.11,1119.0,market_synthetic
2025-12-05,Indonesia-Paradip,Panamax,13.57,1119.0,market_synthetic
2025-12-05,Indonesia-Vizag,Supramax,16.57,1119.0,market_synthetic
2025-12-05,Indonesia-Vizag,Panamax,11.1,1119.0,market_synthetic
2025-12-05,Indonesia-Gangavaram,Capesize,12.78,1119.0,market_synthetic
2025-12-05,SouthAfrica-Krishnapatnam,Capesize,15.14,1119.0,market_synthetic
2025-12-05,SouthAfrica-Vizag,Panamax,17.53,1119.0,market_synthetic
2025-12-05,Australia-Paradip,Capesize,16.21,1119.0,market_synthetic
2025-12-05,Australia-Gangavaram,Capesize,15.29,1119.0,market_synthetic
2025-12-05,Indonesia-Haldia,Handymax,16.2,1119.0,market_synthetic
2025-12-05,Indonesia-Ennore,Supramax,17.94,1119.0,market_synthetic
2025-12-05,Indonesia-Chennai,Handymax,18.08,1119.0,market_synthetic
2025-12-12,Indonesia-Paradip,Supramax,18.43,1286.9,market_synthetic
2025-12-12,Indonesia-Paradip,Panamax,13.15,1286.9,market_synthetic
2025-12-12,Indonesia-Vizag,Supramax,17.78,1286.9,market_synthetic
2025-12-12,Indonesia-Vizag,Panamax,13.48,1286.9,market_synthetic
2025-12-12,Indonesia-Gangavaram,Capesize,13.21,1286.9,market_synthetic
2025-12-12,SouthAfrica-Krishnapatnam,Capesize,15.28,1286.9,market_synthetic
2025-12-12,SouthAfrica-Vizag,Panamax,18.5,1286.9,market_synthetic
2025-12-12,Australia-Paradip,Capesize,16.79,1286.9,market_synthetic
2025-12-12,Australia-Gangavaram,Capesize,15.67,1286.9,market_synthetic
2025-12-12,Indonesia-Haldia,Handymax,16.45,1286.9,market_synthetic
2025-12-12,Indonesia-Ennore,Supramax,18.03,1286.9,market_synthetic
2025-12-12,Indonesia-Chennai,Handymax,18.2,1286.9,market_synthetic
2025-12-19,Indonesia-Paradip,Supramax,17.75,1246.9,market_synthetic
2025-12-19,Indonesia-Paradip,Panamax,14.46,1246.9,market_synthetic
2025-12-19,Indonesia-Vizag,Supramax,18.61,1246.9,market_synthetic
2025-12-19,Indonesia-Vizag,Panamax,13.7,1246.9,market_synthetic
2025-12-19,Indonesia-Gangavaram,Capesize,13.56,1246.9,market_synthetic
2025-12-19,SouthAfrica-Krishnapatnam,Capesize,14.87,1246.9,market_synthetic
2025-12-19,SouthAfrica-Vizag,Panamax,18.83,1246.9,market_synthetic
2025-12-19,Australia-Paradip,Capesize,16.3,1246.9,market_synthetic
2025-12-19,Australia-Gangavaram,Capesize,16.81,1246.9,market_synthetic
2025-12-19,Indonesia-Haldia,Handymax,18.47,1246.9,market_synthetic
2025-12-19,Indonesia-Ennore,Supramax,18.33,1246.9,market_synthetic
2025-12-19,Indonesia-Chennai,Handymax,18.86,1246.9,market_synthetic
2025-12-26,Indonesia-Paradip,Supramax,17.51,1316.4,market_synthetic
2025-12-26,Indonesia-Paradip,Panamax,14.05,1316.4,market_synthetic
2025-12-26,Indonesia-Vizag,Supramax,17.04,1316.4,market_synthetic
2025-12-26,Indonesia-Vizag,Panamax,14.62,1316.4,market_synthetic
2025-12-26,Indonesia-Gangavaram,Capesize,15.67,1316.4,market_synthetic
2025-12-26,SouthAfrica-Krishnapatnam,Capesize,16.16,1316.4,market_synthetic
2025-12-26,SouthAfrica-Vizag,Panamax,18.97,1316.4,market_synthetic
2025-12-26,Australia-Paradip,Capesize,16.66,1316.4,market_synthetic
2025-12-26,Australia-Gangavaram,Capesize,16.97,1316.4,market_synthetic
2025-12-26,Indonesia-Haldia,Handymax,17.42,1316.4,market_synthetic
2025-12-26,Indonesia-Ennore,Supramax,19.03,1316.4,market_synthetic
2025-12-26,Indonesia-Chennai,Handymax,19.04,1316.4,market_synthetic
2026-01-02,Indonesia-Paradip,Supramax,17.42,1356.8,market_synthetic
2026-01-02,Indonesia-Paradip,Panamax,12.74,1356.8,market_synthetic
2026-01-02,Indonesia-Vizag,Supramax,18.92,1356.8,market_synthetic
2026-01-02,Indonesia-Vizag,Panamax,15.3,1356.8,market_synthetic
2026-01-02,Indonesia-Gangavaram,Capesize,14.95,1356.8,market_synthetic
2026-01-02,SouthAfrica-Krishnapatnam,Capesize,16.54,1356.8,market_synthetic
2026-01-02,SouthAfrica-Vizag,Panamax,20.19,1356.8,market_synthetic
2026-01-02,Australia-Paradip,Capesize,19.22,1356.8,market_synthetic
2026-01-02,Australia-Gangavaram,Capesize,17.06,1356.8,market_synthetic
2026-01-02,Indonesia-Haldia,Handymax,19.3,1356.8,market_synthetic
2026-01-02,Indonesia-Ennore,Supramax,19.17,1356.8,market_synthetic
2026-01-02,Indonesia-Chennai,Handymax,20.4,1356.8,market_synthetic
2026-01-09,Indonesia-Paradip,Supramax,17.46,1347.2,market_synthetic
2026-01-09,Indonesia-Paradip,Panamax,14.78,1347.2,market_synthetic
2026-01-09,Indonesia-Vizag,Supramax,18.55,1347.2,market_synthetic
2026-01-09,Indonesia-Vizag,Panamax,14.39,1347.2,market_synthetic
2026-01-09,Indonesia-Gangavaram,Capesize,14.76,1347.2,market_synthetic
2026-01-09,SouthAfrica-Krishnapatnam,Capesize,15.31,1347.2,market_synthetic
2026-01-09,SouthAfrica-Vizag,Panamax,20.43,1347.2,market_synthetic
2026-01-09,Australia-Paradip,Capesize,17.39,1347.2,market_synthetic
2026-01-09,Australia-Gangavaram,Capesize,18.41,1347.2,market_synthetic
2026-01-09,Indonesia-Haldia,Handymax,18.73,1347.2,market_synthetic
2026-01-09,Indonesia-Ennore,Supramax,20.23,1347.2,market_synthetic
2026-01-09,Indonesia-Chennai,Handymax,20.1,1347.2,market_synthetic
2026-01-16,Indonesia-Paradip,Supramax,17.7,1268.9,market_synthetic
2026-01-16,Indonesia-Paradip,Panamax,15.12,1268.9,market_synthetic
2026-01-16,Indonesia-Vizag,Supramax,19.13,1268.9,market_synthetic
2026-01-16,Indonesia-Vizag,Panamax,13.91,1268.9,market_synthetic
2026-01-16,Indonesia-Gangavaram,Capesize,14.59,1268.9,market_synthetic
2026-01-16,SouthAfrica-Krishnapatnam,Capesize,15.92,1268.9,market_synthetic
2026-01-16,SouthAfrica-Vizag,Panamax,19.15,1268.9,market_synthetic
2026-01-16,Australia-Paradip,Capesize,18.04,1268.9,market_synthetic
2026-01-16,Australia-Gangavaram,Capesize,17.84,1268.9,market_synthetic
2026-01-16,Indonesia-Haldia,Handymax,18.61,1268.9,market_synthetic
2026-01-16,Indonesia-Ennore,Supramax,18.68,1268.9,market_synthetic
2026-01-16,Indonesia-Chennai,Handymax,21.35,1268.9,market_synthetic
2026-01-23,Indonesia-Paradip,Supramax,20.15,1399.5,market_synthetic
2026-01-23,Indonesia-Paradip,Panamax,14.33,1399.5,market_synthetic
2026-01-23,Indonesia-Vizag,Supramax,19.64,1399.5,market_synthetic
2026-01-23,Indonesia-Vizag,Panamax,15.02,1399.5,market_synthetic
2026-01-23,Indonesia-Gangavaram,Capesize,15.38,1399.5,market_synthetic
2026-01-23,SouthAfrica-Krishnapatnam,Capesize,18.59,1399.5,market_synthetic
2026-01-23,SouthAfrica-Vizag,Panamax,20.03,1399.5,market_synthetic
2026-01-23,Australia-Paradip,Capesize,18.85,1399.5,market_synthetic
2026-01-23,Australia-Gangavaram,Capesize,17.02,1399.5,market_synthetic
2026-01-23,Indonesia-Haldia,Handymax,19.27,1399.5,market_synthetic
2026-01-23,Indonesia-Ennore,Supramax,20.06,1399.5,market_synthetic
2026-01-23,Indonesia-Chennai,Handymax,21.16,1399.5,market_synthetic
2026-01-30,Indonesia-Paradip,Supramax,19.52,1528.6,market_synthetic
2026-01-30,Indonesia-Paradip,Panamax,14.59,1528.6,market_synthetic
2026-01-30,Indonesia-Vizag,Supramax,20.74,1528.6,market_synthetic
2026-01-30,Indonesia-Vizag,Panamax,15.27,1528.6,market_synthetic
2026-01-30,Indonesia-Gangavaram,Capesize,15.72,1528.6,market_synthetic
2026-01-30,SouthAfrica-Krishnapatnam,Capesize,18.84,1528.6,market_synthetic
2026-01-30,SouthAfrica-Vizag,Panamax,20.76,1528.6,market_synthetic
2026-01-30,Australia-Paradip,Capesize,18.2,1528.6,market_synthetic
2026-01-30,Australia-Gangavaram,Capesize,19.61,1528.6,market_synthetic
2026-01-30,Indonesia-Haldia,Handymax,20.74,1528.6,market_synthetic
2026-01-30,Indonesia-Ennore,Supramax,21.62,1528.6,market_synthetic
2026-01-30,Indonesia-Chennai,Handymax,20.57,1528.6,market_synthetic
2026-02-06,Indonesia-Paradip,Supramax,19.37,1417.4,market_synthetic
2026-02-06,Indonesia-Paradip,Panamax,15.7,1417.4,market_synthetic
2026-02-06,Indonesia-Vizag,Supramax,20.49,1417.4,market_synthetic
2026-02-06,Indonesia-Vizag,Panamax,15.16,1417.4,market_synthetic
2026-02-06,Indonesia-Gangavaram,Capesize,17.17,1417.4,market_synthetic
2026-02-06,SouthAfrica-Krishnapatnam,Capesize,18.22,1417.4,market_synthetic
2026-02-06,SouthAfrica-Vizag,Panamax,21.7,1417.4,market_synthetic
2026-02-06,Australia-Paradip,Capesize,19.77,1417.4,market_synthetic
2026-02-06,Australia-Gangavaram,Capesize,19.29,1417.4,market_synthetic
2026-02-06,Indonesia-Haldia,Handymax,20.79,1417.4,market_synthetic
2026-02-06,Indonesia-Ennore,Supramax,18.93,1417.4,market_synthetic
2026-02-06,Indonesia-Chennai,Handymax,20.99,1417.4,market_synthetic
2026-02-13,Indonesia-Paradip,Supramax,21.08,1578.6,market_synthetic
2026-02-13,Indonesia-Paradip,Panamax,16.36,1578.6,market_synthetic
2026-02-13,Indonesia-Vizag,Supramax,20.92,1578.6,market_synthetic
2026-02-13,Indonesia-Vizag,Panamax,16.24,1578.6,market_synthetic
2026-02-13,Indonesia-Gangavaram,Capesize,17.58,1578.6,market_synthetic
2026-02-13,SouthAfrica-Krishnapatnam,Capesize,17.57,1578.6,market_synthetic
2026-02-13,SouthAfrica-Vizag,Panamax,22.07,1578.6,market_synthetic
2026-02-13,Australia-Paradip,Capesize,20.51,1578.6,market_synthetic
2026-02-13,Australia-Gangavaram,Capesize,18.98,1578.6,market_synthetic
2026-02-13,Indonesia-Haldia,Handymax,21.41,1578.6,market_synthetic
2026-02-13,Indonesia-Ennore,Supramax,20.97,1578.6,market_synthetic
2026-02-13,Indonesia-Chennai,Handymax,21.87,1578.6,market_synthetic
2026-02-20,Indonesia-Paradip,Supramax,19.71,1403.5,market_synthetic
2026-02-20,Indonesia-Paradip,Panamax,14.86,1403.5,market_synthetic
2026-02-20,Indonesia-Vizag,Supramax,19.1,1403.5,market_synthetic
2026-02-20,Indonesia-Vizag,Panamax,13.97,1403.5,market_synthetic
2026-02-20,Indonesia-Gangavaram,Capesize,16.45,1403.5,market_synthetic
2026-02-20,SouthAfrica-Krishnapatnam,Capesize,18.23,1403.5,market_synthetic
2026-02-20,SouthAfrica-Vizag,Panamax,21.34,1403.5,market_synthetic
2026-02-20,Australia-Paradip,Capesize,19.57,1403.5,market_synthetic
2026-02-20,Australia-Gangavaram,Capesize,18.97,1403.5,market_synthetic
2026-02-20,Indonesia-Haldia,Handymax,20.6,1403.5,market_synthetic
2026-02-20,Indonesia-Ennore,Supramax,20.73,1403.5,market_synthetic
2026-02-20,Indonesia-Chennai,Handymax,21.56,1403.5,market_synthetic
2026-02-27,Indonesia-Paradip,Supramax,20.13,1635.4,market_synthetic
2026-02-27,Indonesia-Paradip,Panamax,17.8,1635.4,market_synthetic
2026-02-27,Indonesia-Vizag,Supramax,21.6,1635.4,market_synthetic
2026-02-27,Indonesia-Vizag,Panamax,16.09,1635.4,market_synthetic
2026-02-27,Indonesia-Gangavaram,Capesize,18.31,1635.4,market_synthetic
2026-02-27,SouthAfrica-Krishnapatnam,Capesize,19.62,1635.4,market_synthetic
2026-02-27,SouthAfrica-Vizag,Panamax,22.57,1635.4,market_synthetic
2026-02-27,Australia-Paradip,Capesize,20.75,1635.4,market_synthetic
2026-02-27,Australia-Gangavaram,Capesize,20.57,1635.4,market_synthetic
2026-02-27,Indonesia-Haldia,Handymax,20.61,1635.4,market_synthetic
2026-02-27,Indonesia-Ennore,Supramax,20.75,1635.4,market_synthetic
2026-02-27,Indonesia-Chennai,Handymax,23.6,1635.4,market_synthetic
2026-03-06,Indonesia-Paradip,Supramax,20.6,1578.4,market_synthetic
2026-03-06,Indonesia-Paradip,Panamax,15.44,1578.4,market_synthetic
2026-03-06,Indonesia-Vizag,Supramax,20.65,1578.4,market_synthetic
2026-03-06,Indonesia-Vizag,Panamax,14.69,1578.4,market_synthetic
2026-03-06,Indonesia-Gangavaram,Capesize,17.23,1578.4,market_synthetic
2026-03-06,SouthAfrica-Krishnapatnam,Capesize,20.29,1578.4,market_synthetic
2026-03-06,SouthAfrica-Vizag,Panamax,22.38,1578.4,market_synthetic
2026-03-06,Australia-Paradip,Capesize,19.78,1578.4,market_synthetic
2026-03-06,Australia-Gangavaram,Capesize,20.03,1578.4,market_synthetic
2026-03-06,Indonesia-Haldia,Handymax,22.18,1578.4,market_synthetic
2026-03-06,Indonesia-Ennore,Supramax,22.16,1578.4,market_synthetic
2026-03-06,Indonesia-Chennai,Handymax,23.38,1578.4,market_synthetic
2026-03-13,Indonesia-Paradip,Supramax,21.02,1480.1,market_synthetic
2026-03-13,Indonesia-Paradip,Panamax,17.28,1480.1,market_synthetic
2026-03-13,Indonesia-Vizag,Supramax,20.17,1480.1,market_synthetic
2026-03-13,Indonesia-Vizag,Panamax,16.67,1480.1,market_synthetic
2026-03-13,Indonesia-Gangavaram,Capesize,15.94,1480.1,market_synthetic
2026-03-13,SouthAfrica-Krishnapatnam,Capesize,18.6,1480.1,market_synthetic
2026-03-13,SouthAfrica-Vizag,Panamax,22.68,1480.1,market_synthetic
2026-03-13,Australia-Paradip,Capesize,21.5,1480.1,market_synthetic
2026-03-13,Australia-Gangavaram,Capesize,19.52,1480.1,market_synthetic
2026-03-13,Indonesia-Haldia,Handymax,22.41,1480.1,market_synthetic
2026-03-13,Indonesia-Ennore,Supramax,22.07,1480.1,market_synthetic
2026-03-13,Indonesia-Chennai,Handymax,22.54,1480.1,market_synthetic
2026-03-20,Indonesia-Paradip,Supramax,22.05,1690.7,market_synthetic
2026-03-20,Indonesia-Paradip,Panamax,17.24,1690.7,market_synthetic
2026-03-20,Indonesia-Vizag,Supramax,22.79,1690.7,market_synthetic
2026-03-20,Indonesia-Vizag,Panamax,17.71,1690.7,market_synthetic
2026-03-20,Indonesia-Gangavaram,Capesize,19.03,1690.7,market_synthetic
2026-03-20,SouthAfrica-Krishnapatnam,Capesize,19.92,1690.7,market_synthetic
2026-03-20,SouthAfrica-Vizag,Panamax,22.74,1690.7,market_synthetic
2026-03-20,Australia-Paradip,Capesize,22.15,1690.7,market_synthetic
2026-03-20,Australia-Gangavaram,Capesize,20.5,1690.7,market_synthetic
2026-03-20,Indonesia-Haldia,Handymax,22.66,1690.7,market_synthetic
2026-03-20,Indonesia-Ennore,Supramax,21.24,1690.7,market_synthetic
2026-03-20,Indonesia-Chennai,Handymax,22.93,1690.7,market_synthetic
2026-03-27,Indonesia-Paradip,Supramax,20.5,1715.8,market_synthetic
2026-03-27,Indonesia-Paradip,Panamax,17.72,1715.8,market_synthetic
2026-03-27,Indonesia-Vizag,Supramax,21.9,1715.8,market_synthetic
2026-03-27,Indonesia-Vizag,Panamax,18.09,1715.8,market_synthetic
2026-03-27,Indonesia-Gangavaram,Capesize,18.5,1715.8,market_synthetic
2026-03-27,SouthAfrica-Krishnapatnam,Capesize,20.64,1715.8,market_synthetic
2026-03-27,SouthAfrica-Vizag,Panamax,22.34,1715.8,market_synthetic
2026-03-27,Australia-Paradip,Capesize,22.63,1715.8,market_synthetic
2026-03-27,Australia-Gangavaram,Capesize,20.08,1715.8,market_synthetic
2026-03-27,Indonesia-Haldia,Handymax,23.25,1715.8,market_synthetic
2026-03-27,Indonesia-Ennore,Supramax,22.52,1715.8,market_synthetic
2026-03-27,Indonesia-Chennai,Handymax,22.38,1715.8,market_synthetic
2026-04-03,Indonesia-Paradip,Supramax,22.6,1720.6,market_synthetic
2026-04-03,Indonesia-Paradip,Panamax,17.49,1720.6,market_synthetic
2026-04-03,Indonesia-Vizag,Supramax,21.69,1720.6,market_synthetic
2026-04-03,Indonesia-Vizag,Panamax,17.47,1720.6,market_synthetic
2026-04-03,Indonesia-Gangavaram,Capesize,18.82,1720.6,market_synthetic
2026-04-03,SouthAfrica-Krishnapatnam,Capesize,20.9,1720.6,market_synthetic
2026-04-03,SouthAfrica-Vizag,Panamax,23.51,1720.6,market_synthetic
2026-04-03,Australia-Paradip,Capesize,20.8,1720.6,market_synthetic
2026-04-03,Australia-Gangavaram,Capesize,20.07,1720.6,market_synthetic
2026-04-03,Indonesia-Haldia,Handymax,21.21,1720.6,market_synthetic
2026-04-03,Indonesia-Ennore,Supramax,23.49,1720.6,market_synthetic
2026-04-03,Indonesia-Chennai,Handymax,23.28,1720.6,market_synthetic
2026-04-10,Indonesia-Paradip,Supramax,20.12,1719.7,market_synthetic
2026-04-10,Indonesia-Paradip,Panamax,15.71,1719.7,market_synthetic
2026-04-10,Indonesia-Vizag,Supramax,22.31,1719.7,market_synthetic
2026-04-10,Indonesia-Vizag,Panamax,17.4,1719.7,market_synthetic
2026-04-10,Indonesia-Gangavaram,Capesize,19.16,1719.7,market_synthetic
2026-04-10,SouthAfrica-Krishnapatnam,Capesize,20.32,1719.7,market_synthetic
2026-04-10,SouthAfrica-Vizag,Panamax,23.25,1719.7,market_synthetic
2026-04-10,Australia-Paradip,Capesize,21.69,1719.7,market_synthetic
2026-04-10,Australia-Gangavaram,Capesize,19.9,1719.7,market_synthetic
2026-04-10,Indonesia-Haldia,Handymax,23.09,1719.7,market_synthetic
2026-04-10,Indonesia-Ennore,Supramax,23.08,1719.7,market_synthetic
2026-04-10,Indonesia-Chennai,Handymax,23.85,1719.7,market_synthetic
2026-04-17,Indonesia-Paradip,Supramax,21.32,1741.8,market_synthetic
2026-04-17,Indonesia-Paradip,Panamax,17.14,1741.8,market_synthetic
2026-04-17,Indonesia-Vizag,Supramax,21.46,1741.8,market_synthetic
2026-04-17,Indonesia-Vizag,Panamax,17.21,1741.8,market_synthetic
2026-04-17,Indonesia-Gangavaram,Capesize,18.95,1741.8,market_synthetic
2026-04-17,SouthAfrica-Krishnapatnam,Capesize,19.74,1741.8,market_synthetic
2026-04-17,SouthAfrica-Vizag,Panamax,23.79,1741.8,market_synthetic
2026-04-17,Australia-Paradip,Capesize,21.34,1741.8,market_synthetic
2026-04-17,Australia-Gangavaram,Capesize,22.01,1741.8,market_synthetic
2026-04-17,Indonesia-Haldia,Handymax,21.75,1741.8,market_synthetic
2026-04-17,Indonesia-Ennore,Supramax,21.41,1741.8,market_synthetic
2026-04-17,Indonesia-Chennai,Handymax,24.09,1741.8,market_synthetic
2026-04-24,Indonesia-Paradip,Supramax,21.01,1737.8,market_synthetic
2026-04-24,Indonesia-Paradip,Panamax,17.01,1737.8,market_synthetic
2026-04-24,Indonesia-Vizag,Supramax,21.75,1737.8,market_synthetic
2026-04-24,Indonesia-Vizag,Panamax,18.02,1737.8,market_synthetic
2026-04-24,Indonesia-Gangavaram,Capesize,19.67,1737.8,market_synthetic
2026-04-24,SouthAfrica-Krishnapatnam,Capesize,20.53,1737.8,market_synthetic
2026-04-24,SouthAfrica-Vizag,Panamax,22.31,1737.8,market_synthetic
2026-04-24,Australia-Paradip,Capesize,21.08,1737.8,market_synthetic
2026-04-24,Australia-Gangavaram,Capesize,21.53,1737.8,market_synthetic
2026-04-24,Indonesia-Haldia,Handymax,22.98,1737.8,market_synthetic
2026-04-24,Indonesia-Ennore,Supramax,21.67,1737.8,market_synthetic
2026-04-24,Indonesia-Chennai,Handymax,21.93,1737.8,market_synthetic
2026-05-01,Indonesia-Paradip,Supramax,21.07,1804.6,market_synthetic
2026-05-01,Indonesia-Paradip,Panamax,17.41,1804.6,market_synthetic
2026-05-01,Indonesia-Vizag,Supramax,22.0,1804.6,market_synthetic
2026-05-01,Indonesia-Vizag,Panamax,18.49,1804.6,market_synthetic
2026-05-01,Indonesia-Gangavaram,Capesize,18.61,1804.6,market_synthetic
2026-05-01,SouthAfrica-Krishnapatnam,Capesize,19.52,1804.6,market_synthetic
2026-05-01,SouthAfrica-Vizag,Panamax,22.81,1804.6,market_synthetic
2026-05-01,Australia-Paradip,Capesize,20.8,1804.6,market_synthetic
2026-05-01,Australia-Gangavaram,Capesize,21.42,1804.6,market_synthetic
2026-05-01,Indonesia-Haldia,Handymax,22.83,1804.6,market_synthetic
2026-05-01,Indonesia-Ennore,Supramax,22.52,1804.6,market_synthetic
2026-05-01,Indonesia-Chennai,Handymax,22.83,1804.6,market_synthetic
2026-05-08,Indonesia-Paradip,Supramax,22.62,1867.4,market_synthetic
2026-05-08,Indonesia-Paradip,Panamax,16.15,1867.4,market_synthetic
2026-05-08,Indonesia-Vizag,Supramax,21.5,1867.4,market_synthetic
2026-05-08,Indonesia-Vizag,Panamax,19.91,1867.4,market_synthetic
2026-05-08,Indonesia-Gangavaram,Capesize,18.37,1867.4,market_synthetic
2026-05-08,SouthAfrica-Krishnapatnam,Capesize,20.93,1867.4,market_synthetic
2026-05-08,SouthAfrica-Vizag,Panamax,23.09,1867.4,market_synthetic
2026-05-08,Australia-Paradip,Capesize,20.6,1867.4,market_synthetic
2026-05-08,Australia-Gangavaram,Capesize,21.61,1867.4,market_synthetic
2026-05-08,Indonesia-Haldia,Handymax,22.04,1867.4,market_synthetic
2026-05-08,Indonesia-Ennore,Supramax,22.11,1867.4,market_synthetic
2026-05-08,Indonesia-Chennai,Handymax,23.54,1867.4,market_synthetic
2026-05-15,Indonesia-Paradip,Supramax,20.83,1800.6,market_synthetic
2026-05-15,Indonesia-Paradip,Panamax,16.21,1800.6,market_synthetic
2026-05-15,Indonesia-Vizag,Supramax,21.39,1800.6,market_synthetic
2026-05-15,Indonesia-Vizag,Panamax,16.75,1800.6,market_synthetic
2026-05-15,Indonesia-Gangavaram,Capesize,20.17,1800.6,market_synthetic
2026-05-15,SouthAfrica-Krishnapatnam,Capesize,19.52,1800.6,market_synthetic
2026-05-15,SouthAfrica-Vizag,Panamax,22.99,1800.6,market_synthetic
2026-05-15,Australia-Paradip,Capesize,21.51,1800.6,market_synthetic
2026-05-15,Australia-Gangavaram,Capesize,20.37,1800.6,market_synthetic
2026-05-15,Indonesia-Haldia,Handymax,22.43,1800.6,market_synthetic
2026-05-15,Indonesia-Ennore,Supramax,22.04,1800.6,market_synthetic
2026-05-15,Indonesia-Chennai,Handymax,23.51,1800.6,market_synthetic
2026-05-22,Indonesia-Paradip,Supramax,20.02,1884.4,market_synthetic
2026-05-22,Indonesia-Paradip,Panamax,16.26,1884.4,market_synthetic
2026-05-22,Indonesia-Vizag,Supramax,20.03,1884.4,market_synthetic
2026-05-22,Indonesia-Vizag,Panamax,17.38,1884.4,market_synthetic
2026-05-22,Indonesia-Gangavaram,Capesize,18.88,1884.4,market_synthetic
2026-05-22,SouthAfrica-Krishnapatnam,Capesize,18.92,1884.4,market_synthetic
2026-05-22,SouthAfrica-Vizag,Panamax,22.13,1884.4,market_synthetic
2026-05-22,Australia-Paradip,Capesize,22.46,1884.4,market_synthetic
2026-05-22,Australia-Gangavaram,Capesize,20.7,1884.4,market_synthetic
2026-05-22,Indonesia-Haldia,Handymax,21.93,1884.4,market_synthetic
2026-05-22,Indonesia-Ennore,Supramax,23.04,1884.4,market_synthetic
2026-05-22,Indonesia-Chennai,Handymax,22.86,1884.4,market_synthetic
2026-05-29,Indonesia-Paradip,Supramax,21.57,1775.5,market_synthetic
2026-05-29,Indonesia-Paradip,Panamax,16.26,1775.5,market_synthetic
2026-05-29,Indonesia-Vizag,Supramax,21.33,1775.5,market_synthetic
2026-05-29,Indonesia-Vizag,Panamax,16.67,1775.5,market_synthetic
2026-05-29,Indonesia-Gangavaram,Capesize,17.88,1775.5,market_synthetic
2026-05-29,SouthAfrica-Krishnapatnam,Capesize,19.26,1775.5,market_synthetic
2026-05-29,SouthAfrica-Vizag,Panamax,22.09,1775.5,market_synthetic
2026-05-29,Australia-Paradip,Capesize,20.71,1775.5,market_synthetic
2026-05-29,Australia-Gangavaram,Capesize,20.82,1775.5,market_synthetic
2026-05-29,Indonesia-Haldia,Handymax,20.95,1775.5,market_synthetic
2026-05-29,Indonesia-Ennore,Supramax,22.17,1775.5,market_synthetic
2026-05-29,Indonesia-Chennai,Handymax,22.14,1775.5,market_synthetic
2026-06-05,Indonesia-Paradip,Supramax,21.03,1893.6,market_synthetic
2026-06-05,Indonesia-Paradip,Panamax,15.82,1893.6,market_synthetic
2026-06-05,Indonesia-Vizag,Supramax,21.75,1893.6,market_synthetic
2026-06-05,Indonesia-Vizag,Panamax,16.52,1893.6,market_synthetic
2026-06-05,Indonesia-Gangavaram,Capesize,17.85,1893.6,market_synthetic
2026-06-05,SouthAfrica-Krishnapatnam,Capesize,21.0,1893.6,market_synthetic
2026-06-05,SouthAfrica-Vizag,Panamax,22.01,1893.6,market_synthetic
2026-06-05,Australia-Paradip,Capesize,21.7,1893.6,market_synthetic
2026-06-05,Australia-Gangavaram,Capesize,21.08,1893.6,market_synthetic
2026-06-05,Indonesia-Haldia,Handymax,21.85,1893.6,market_synthetic
2026-06-05,Indonesia-Ennore,Supramax,22.85,1893.6,market_synthetic
2026-06-05,Indonesia-Chennai,Handymax,23.17,1893.6,market_synthetic
2026-06-12,Indonesia-Paradip,Supramax,19.54,1910.5,market_synthetic
2026-06-12,Indonesia-Paradip,Panamax,16.18,1910.5,market_synthetic
2026-06-12,Indonesia-Vizag,Supramax,21.53,1910.5,market_synthetic
2026-06-12,Indonesia-Vizag,Panamax,15.91,1910.5,market_synthetic
2026-06-12,Indonesia-Gangavaram,Capesize,17.79,1910.5,market_synthetic
2026-06-12,SouthAfrica-Krishnapatnam,Capesize,19.38,1910.5,market_synthetic
2026-06-12,SouthAfrica-Vizag,Panamax,21.36,1910.5,market_synthetic
2026-06-12,Australia-Paradip,Capesize,20.59,1910.5,market_synthetic
2026-06-12,Australia-Gangavaram,Capesize,20.89,1910.5,market_synthetic
2026-06-12,Indonesia-Haldia,Handymax,21.92,1910.5,market_synthetic
2026-06-12,Indonesia-Ennore,Supramax,21.22,1910.5,market_synthetic
2026-06-12,Indonesia-Chennai,Handymax,22.79,1910.5,market_synthetic
2026-06-19,Indonesia-Paradip,Supramax,20.71,1882.1,market_synthetic
2026-06-19,Indonesia-Paradip,Panamax,17.71,1882.1,market_synthetic
2026-06-19,Indonesia-Vizag,Supramax,21.74,1882.1,market_synthetic
2026-06-19,Indonesia-Vizag,Panamax,15.56,1882.1,market_synthetic
2026-06-19,Indonesia-Gangavaram,Capesize,19.56,1882.1,market_synthetic
2026-06-19,SouthAfrica-Krishnapatnam,Capesize,18.85,1882.1,market_synthetic
2026-06-19,SouthAfrica-Vizag,Panamax,21.23,1882.1,market_synthetic
2026-06-19,Australia-Paradip,Capesize,20.22,1882.1,market_synthetic
2026-06-19,Australia-Gangavaram,Capesize,20.38,1882.1,market_synthetic
2026-06-19,Indonesia-Haldia,Handymax,20.36,1882.1,market_synthetic
2026-06-19,Indonesia-Ennore,Supramax,20.77,1882.1,market_synthetic
2026-06-19,Indonesia-Chennai,Handymax,22.64,1882.1,market_synthetic
2026-06-26,Indonesia-Paradip,Supramax,19.22,1836.2,market_synthetic
2026-06-26,Indonesia-Paradip,Panamax,15.69,1836.2,market_synthetic
2026-06-26,Indonesia-Vizag,Supramax,19.02,1836.2,market_synthetic
2026-06-26,Indonesia-Vizag,Panamax,15.68,1836.2,market_synthetic
2026-06-26,Indonesia-Gangavaram,Capesize,17.46,1836.2,market_synthetic
2026-06-26,SouthAfrica-Krishnapatnam,Capesize,18.8,1836.2,market_synthetic
2026-06-26,SouthAfrica-Vizag,Panamax,22.12,1836.2,market_synthetic
2026-06-26,Australia-Paradip,Capesize,21.73,1836.2,market_synthetic
2026-06-26,Australia-Gangavaram,Capesize,20.07,1836.2,market_synthetic
2026-06-26,Indonesia-Haldia,Handymax,20.69,1836.2,market_synthetic
2026-06-26,Indonesia-Ennore,Supramax,22.12,1836.2,market_synthetic
2026-06-26,Indonesia-Chennai,Handymax,22.56,1836.2,market_synthetic
2026-07-03,Indonesia-Paradip,Supramax,20.53,1941.0,market_synthetic
2026-07-03,Indonesia-Paradip,Panamax,16.04,1941.0,market_synthetic
2026-07-03,Indonesia-Vizag,Supramax,19.22,1941.0,market_synthetic
2026-07-03,Indonesia-Vizag,Panamax,15.23,1941.0,market_synthetic
2026-07-03,Indonesia-Gangavaram,Capesize,17.68,1941.0,market_synthetic
2026-07-03,SouthAfrica-Krishnapatnam,Capesize,19.93,1941.0,market_synthetic
2026-07-03,SouthAfrica-Vizag,Panamax,20.48,1941.0,market_synthetic
2026-07-03,Australia-Paradip,Capesize,20.87,1941.0,market_synthetic
2026-07-03,Australia-Gangavaram,Capesize,20.1,1941.0,market_synthetic
2026-07-03,Indonesia-Haldia,Handymax,21.42,1941.0,market_synthetic
2026-07-03,Indonesia-Ennore,Supramax,21.61,1941.0,market_synthetic
2026-07-03,Indonesia-Chennai,Handymax,21.72,1941.0,market_synthetic
2026-07-10,Indonesia-Paradip,Supramax,19.53,1862.4,market_synthetic
2026-07-10,Indonesia-Paradip,Panamax,14.48,1862.4,market_synthetic
2026-07-10,Indonesia-Vizag,Supramax,21.27,1862.4,market_synthetic
2026-07-10,Indonesia-Vizag,Panamax,15.82,1862.4,market_synthetic
2026-07-10,Indonesia-Gangavaram,Capesize,17.19,1862.4,market_synthetic
2026-07-10,SouthAfrica-Krishnapatnam,Capesize,19.27,1862.4,market_synthetic
2026-07-10,SouthAfrica-Vizag,Panamax,21.27,1862.4,market_synthetic
2026-07-10,Australia-Paradip,Capesize,19.61,1862.4,market_synthetic
2026-07-10,Australia-Gangavaram,Capesize,20.17,1862.4,market_synthetic
2026-07-10,Indonesia-Haldia,Handymax,20.54,1862.4,market_synthetic
2026-07-10,Indonesia-Ennore,Supramax,21.03,1862.4,market_synthetic
2026-07-10,Indonesia-Chennai,Handymax,21.47,1862.4,market_synthetic
2026-07-17,Indonesia-Paradip,Supramax,18.12,1877.2,market_synthetic
2026-07-17,Indonesia-Paradip,Panamax,14.88,1877.2,market_synthetic
2026-07-17,Indonesia-Vizag,Supramax,19.75,1877.2,market_synthetic
2026-07-17,Indonesia-Vizag,Panamax,16.57,1877.2,market_synthetic
2026-07-17,Indonesia-Gangavaram,Capesize,16.98,1877.2,market_synthetic
2026-07-17,SouthAfrica-Krishnapatnam,Capesize,19.15,1877.2,market_synthetic
2026-07-17,SouthAfrica-Vizag,Panamax,19.47,1877.2,market_synthetic
2026-07-17,Australia-Paradip,Capesize,20.08,1877.2,market_synthetic
2026-07-17,Australia-Gangavaram,Capesize,18.21,1877.2,market_synthetic
2026-07-17,Indonesia-Haldia,Handymax,19.41,1877.2,market_synthetic
2026-07-17,Indonesia-Ennore,Supramax,20.07,1877.2,market_synthetic
2026-07-17,Indonesia-Chennai,Handymax,21.37,1877.2,market_synthetic
2026-07-24,Indonesia-Paradip,Supramax,18.95,1881.8,market_synthetic
2026-07-24,Indonesia-Paradip,Panamax,13.01,1881.8,market_synthetic
2026-07-24,Indonesia-Vizag,Supramax,19.03,1881.8,market_synthetic
2026-07-24,Indonesia-Vizag,Panamax,14.8,1881.8,market_synthetic
2026-07-24,Indonesia-Gangavaram,Capesize,17.44,1881.8,market_synthetic
2026-07-24,SouthAfrica-Krishnapatnam,Capesize,18.54,1881.8,market_synthetic
2026-07-24,SouthAfrica-Vizag,Panamax,20.35,1881.8,market_synthetic
2026-07-24,Australia-Paradip,Capesize,20.37,1881.8,market_synthetic
2026-07-24,Australia-Gangavaram,Capesize,20.71,1881.8,market_synthetic
2026-07-24,Indonesia-Haldia,Handymax,20.91,1881.8,market_synthetic
2026-07-24,Indonesia-Ennore,Supramax,19.74,1881.8,market_synthetic
2026-07-24,Indonesia-Chennai,Handymax,19.4,1881.8,market_synthetic
2026-07-31,Indonesia-Paradip,Supramax,18.79,1881.8,market_synthetic
2026-07-31,Indonesia-Paradip,Panamax,15.6,1881.8,market_synthetic
2026-07-31,Indonesia-Vizag,Supramax,18.45,1881.8,market_synthetic
2026-07-31,Indonesia-Vizag,Panamax,15.9,1881.8,market_synthetic
2026-07-31,Indonesia-Gangavaram,Capesize,16.98,1881.8,market_synthetic
2026-07-31,SouthAfrica-Krishnapatnam,Capesize,16.95,1881.8,market_synthetic
2026-07-31,SouthAfrica-Vizag,Panamax,20.68,1881.8,market_synthetic
2026-07-31,Australia-Paradip,Capesize,18.72,1881.8,market_synthetic
2026-07-31,Australia-Gangavaram,Capesize,18.13,1881.8,market_synthetic
2026-07-31,Indonesia-Haldia,Handymax,19.71,1881.8,market_synthetic
2026-07-31,Indonesia-Ennore,Supramax,18.75,1881.8,market_synthetic
2026-07-31,Indonesia-Chennai,Handymax,21.23,1881.8,market_synthetic
2026-08-07,Indonesia-Paradip,Supramax,20.28,1944.8,market_synthetic
2026-08-07,Indonesia-Paradip,Panamax,15.01,1944.8,market_synthetic
2026-08-07,Indonesia-Vizag,Supramax,19.92,1944.8,market_synthetic
2026-08-07,Indonesia-Vizag,Panamax,15.44,1944.8,market_synthetic
2026-08-07,Indonesia-Gangavaram,Capesize,16.58,1944.8,market_synthetic
2026-08-07,SouthAfrica-Krishnapatnam,Capesize,17.9,1944.8,market_synthetic
2026-08-07,SouthAfrica-Vizag,Panamax,21.11,1944.8,market_synthetic
2026-08-07,Australia-Paradip,Capesize,19.69,1944.8,market_synthetic
2026-08-07,Australia-Gangavaram,Capesize,20.02,1944.8,market_synthetic
2026-08-07,Indonesia-Haldia,Handymax,19.6,1944.8,market_synthetic
2026-08-07,Indonesia-Ennore,Supramax,20.33,1944.8,market_synthetic
2026-08-07,Indonesia-Chennai,Handymax,21.42,1944.8,market_synthetic
2026-08-14,Indonesia-Paradip,Supramax,19.09,1922.7,market_synthetic
2026-08-14,Indonesia-Paradip,Panamax,14.18,1922.7,market_synthetic
2026-08-14,Indonesia-Vizag,Supramax,19.46,1922.7,market_synthetic
2026-08-14,Indonesia-Vizag,Panamax,14.77,1922.7,market_synthetic
2026-08-14,Indonesia-Gangavaram,Capesize,16.75,1922.7,market_synthetic
2026-08-14,SouthAfrica-Krishnapatnam,Capesize,18.48,1922.7,market_synthetic
2026-08-14,SouthAfrica-Vizag,Panamax,19.76,1922.7,market_synthetic
2026-08-14,Australia-Paradip,Capesize,20.45,1922.7,market_synthetic
2026-08-14,Australia-Gangavaram,Capesize,19.15,1922.7,market_synthetic
2026-08-14,Indonesia-Haldia,Handymax,19.7,1922.7,market_synthetic
2026-08-14,Indonesia-Ennore,Supramax,20.16,1922.7,market_synthetic
2026-08-14,Indonesia-Chennai,Handymax,22.08,1922.7,market_synthetic
2026-08-21,Indonesia-Paradip,Supramax,17.62,1890.6,market_synthetic
2026-08-21,Indonesia-Paradip,Panamax,15.31,1890.6,market_synthetic
2026-08-21,Indonesia-Vizag,Supramax,18.53,1890.6,market_synthetic
2026-08-21,Indonesia-Vizag,Panamax,14.61,1890.6,market_synthetic
2026-08-21,Indonesia-Gangavaram,Capesize,15.1,1890.6,market_synthetic
2026-08-21,SouthAfrica-Krishnapatnam,Capesize,17.02,1890.6,market_synthetic
2026-08-21,SouthAfrica-Vizag,Panamax,20.52,1890.6,market_synthetic
2026-08-21,Australia-Paradip,Capesize,18.24,1890.6,market_synthetic
2026-08-21,Australia-Gangavaram,Capesize,16.83,1890.6,market_synthetic
2026-08-21,Indonesia-Haldia,Handymax,18.49,1890.6,market_synthetic
2026-08-21,Indonesia-Ennore,Supramax,17.87,1890.6,market_synthetic
2026-08-21,Indonesia-Chennai,Handymax,18.56,1890.6,market_synthetic
2026-08-28,Indonesia-Paradip,Supramax,18.61,1863.2,market_synthetic
2026-08-28,Indonesia-Paradip,Panamax,13.34,1863.2,market_synthetic
2026-08-28,Indonesia-Vizag,Supramax,19.17,1863.2,market_synthetic
2026-08-28,Indonesia-Vizag,Panamax,14.33,1863.2,market_synthetic
2026-08-28,Indonesia-Gangavaram,Capesize,15.31,1863.2,market_synthetic
2026-08-28,SouthAfrica-Krishnapatnam,Capesize,18.1,1863.2,market_synthetic
2026-08-28,SouthAfrica-Vizag,Panamax,20.41,1863.2,market_synthetic
2026-08-28,Australia-Paradip,Capesize,16.41,1863.2,market_synthetic
2026-08-28,Australia-Gangavaram,Capesize,18.28,1863.2,market_synthetic
2026-08-28,Indonesia-Haldia,Handymax,18.2,1863.2,market_synthetic
2026-08-28,Indonesia-Ennore,Supramax,19.41,1863.2,market_synthetic
2026-08-28,Indonesia-Chennai,Handymax,21.51,1863.2,market_synthetic
