date,route,vessel_type,rate_usd_per_ton,year,month,day,day_of_week,freight_lag_1,freight_lag_7,bdi_index,bdi_lag_1,bdi_lag_7
2018-02-23,Australia-Gangavaram,Capesize,23.47,2018,2,23,4,21.7,18.44,2306.9,2170.6,2171.5
2018-03-02,Australia-Gangavaram,Capesize,24.56,2018,3,2,4,23.47,19.67,2308.2,2272.3,2306.9
2018-03-09,Australia-Gangavaram,Capesize,24.7,2018,3,9,4,24.56,19.83,2291.4,2274.8,2308.2
2018-03-16,Australia-Gangavaram,Capesize,23.86,2018,3,16,4,24.7,21.77,2287.3,2280.0,2291.4
2018-03-23,Australia-Gangavaram,Capesize,22.89,2018,3,23,4,23.86,21.15,2331.8,2306.2,2287.3
2018-03-30,Australia-Gangavaram,Capesize,25.3,2018,3,30,4,22.89,21.68,2384.8,2367.6,2331.8
2018-04-06,Australia-Gangavaram,Capesize,24.42,2018,4,6,4,25.3,21.7,2410.1,2433.8,2384.8
2018-04-13,Australia-Gangavaram,Capesize,25.3,2018,4,13,4,24.42,23.47,2378.3,2408.3,2410.1
2018-04-20,Australia-Gangavaram,Capesize,23.98,2018,4,20,4,25.3,24.56,2446.4,2291.5,2378.3
2018-04-27,Australia-Gangavaram,Capesize,23.42,2018,4,27,4,23.98,24.7,2390.1,2359.0,2446.4
2018-05-04,Australia-Gangavaram,Capesize,23.9,2018,5,4,4,23.42,23.86,2345.4,2418.0,2390.1
2018-05-11,Australia-Gangavaram,Capesize,24.34,2018,5,11,4,23.9,22.89,2388.1,2331.1,2345.4
2018-05-18,Australia-Gangavaram,Capesize,23.73,2018,5,18,4,24.34,25.3,2412.5,2456.3,2388.1
2018-05-25,Australia-Gangavaram,Capesize,22.29,2018,5,25,4,23.73,24.42,2323.4,2458.5,2412.5
2018-06-01,Australia-Gangavaram,Capesize,22.37,2018,6,1,4,22.29,25.3,2323.7,2402.6,2323.4
2018-06-08,Australia-Gangavaram,Capesize,23.47,2018,6,8,4,22.37,23.98,2297.5,2354.7,2323.7
2018-06-15,Australia-Gangavaram,Capesize,23.68,2018,6,15,4,23.47,23.42,2241.2,2273.7,2297.5
2018-06-22,Australia-Gangavaram,Capesize,21.98,2018,6,22,4,23.68,23.9,2128.9,2195.7,2241.2
2018-06-29,Australia-Gangavaram,Capesize,20.36,2018,6,29,4,21.98,24.34,2197.3,2128.1,2128.9
2018-07-06,Australia-Gangavaram,Capesize,21.68,2018,7,6,4,20.36,23.73,2149.3,2157.8,2197.3
2018-07-13,Australia-Gangavaram,Capesize,21.64,2018,7,13,4,21.68,22.29,2189.9,2083.8,2149.3
2018-07-20,Australia-Gangavaram,Capesize,19.61,2018,7,20,4,21.64,22.37,2139.2,2033.8,2189.9
2018-07-27,Australia-Gangavaram,Capesize,19.41,2018,7,27,4,19.61,23.47,1987.2,1970.1,2139.2
2018-08-03,Australia-Gangavaram,Capesize,19.65,2018,8,3,4,19.41,23.68,2085.5,1949.0,1987.2
2018-08-10,Australia-Gangavaram,Capesize,17.17,2018,8,10,4,19.65,21.98,1865.5,1949.7,2085.5
2018-08-17,Australia-Gangavaram,Capesize,19.28,2018,8,17,4,17.17,20.36,1900.8,1835.8,1865.5
2018-08-24,Australia-Gangavaram,Capesize,19.41,2018,8,24,4,19.28,21.68,1810.9,1794.4,1900.8
2018-08-31,Australia-Gangavaram,Capesize,17.09,2018,8,31,4,19.41,21.64,1627.8,1781.5,1810.9
2018-09-07,Australia-Gangavaram,Capesize,16.99,2018,9,7,4,17.09,19.61,1667.4,1690.0,1627.8
2018-09-14,Australia-Gangavaram,Capesize,17.71,2018,9,14,4,16.99,19.41,1700.8,1672.9,1667.4
2018-09-21,Australia-Gangavaram,Capesize,16.01,2018,9,21,4,17.71,19.65,1661.0,1623.6,1700.8
2018-09-28,Australia-Gangavaram,Capesize,16.54,2018,9,28,4,16.01,17.17,1631.5,1612.4,1661.0
2018-10-05,Australia-Gangavaram,Capesize,16.98,2018,10,5,4,16.54,19.28,1633.9,1646.5,1631.5
2018-10-12,Australia-Gangavaram,Capesize,15.88,2018,10,12,4,16.98,19.41,1471.8,1552.6,1633.9
2018-10-19,Australia-Gangavaram,Capesize,16.49,2018,10,19,4,15.88,17.09,1573.8,1658.5,1471.8
2018-10-26,Australia-Gangavaram,Capesize,15.16,2018,10,26,4,16.49,16.99,1661.9,1572.7,1573.8
2018-11-02,Australia-Gangavaram,Capesize,18.07,2018,11,2,4,15.16,17.71,1594.7,1588.4,1661.9
2018-11-09,Australia-Gangavaram,Capesize,16.47,2018,11,9,4,18.07,16.01,1584.1,1561.8,1594.7
2018-11-16,Australia-Gangavaram,Capesize,17.55,2018,11,16,4,16.47,16.54,1695.6,1662.8,1584.1
2018-11-23,Australia-Gangavaram,Capesize,16.43,2018,11,23,4,17.55,16.98,1565.8,1632.0,1695.6
2018-11-30,Australia-Gangavaram,Capesize,16.52,2018,11,30,4,16.43,15.88,1627.9,1652.3,1565.8
2018-12-07,Australia-Gangavaram,Capesize,19.79,2018,12,7,4,16.52,16.49,1695.0,1690.3,1627.9
2018-12-14,Australia-Gangavaram,Capesize,18.68,2018,12,14,4,19.79,15.16,1715.5,1757.6,1695.0
2018-12-21,Australia-Gangavaram,Capesize,19.71,2018,12,21,4,18.68,18.07,1798.3,1751.8,1715.5
2018-12-28,Australia-Gangavaram,Capesize,18.54,2018,12,28,4,19.71,16.47,1772.4,1802.5,1798.3
2019-01-04,Australia-Gangavaram,Capesize,19.77,2019,1,4,4,18.54,17.55,1980.9,1937.9,1772.4
2019-01-11,Australia-Gangavaram,Capesize,19.63,2019,1,11,4,19.77,16.43,1936.0,1901.2,1980.9
2019-01-18,Australia-Gangavaram,Capesize,20.91,2019,1,18,4,19.63,16.52,1960.2,1929.1,1936.0
2019-01-25,Australia-Gangavaram,Capesize,21.12,2019,1,25,4,20.91,19.79,2010.3,2099.3,1960.2
2019-02-01,Australia-Gangavaram,Capesize,21.56,2019,2,1,4,21.12,18.68,2038.5,2089.5,2010.3
2019-02-08,Australia-Gangavaram,Capesize,23.0,2019,2,8,4,21.56,19.71,2176.7,2043.9,2038.5
2019-02-15,Australia-Gangavaram,Capesize,22.51,2019,2,15,4,23.0,18.54,2253.8,2176.9,2176.7
2019-02-22,Australia-Gangavaram,Capesize,24.12,2019,2,22,4,22.51,19.77,2335.2,2271.9,2253.8
2019-03-01,Australia-Gangavaram,Capesize,23.37,2019,3,1,4,24.12,19.63,2298.9,2400.7,2335.2
2019-03-08,Australia-Gangavaram,Capesize,24.14,2019,3,8,4,23.37,20.91,2424.4,2425.2,2298.9
2019-03-15,Australia-Gangavaram,Capesize,23.3,2019,3,15,4,24.14,21.12,2357.8,2534.1,2424.4
2019-03-22,Australia-Gangavaram,Capesize,24.56,2019,3,22,4,23.3,21.56,2449.9,2540.0,2357.8
2019-03-29,Australia-Gangavaram,Capesize,24.43,2019,3,29,4,24.56,23.0,2500.1,2482.5,2449.9
2019-04-05,Australia-Gangavaram,Capesize,24.36,2019,4,5,4,24.43,22.51,2550.0,2545.2,2500.1
2019-04-12,Australia-Gangavaram,Capesize,26.9,2019,4,12,4,24.36,24.12,2623.0,2602.4,2550.0
2019-04-19,Australia-Gangavaram,Capesize,26.14,2019,4,19,4,26.9,23.37,2661.0,2610.5,2623.0
2019-04-26,Australia-Gangavaram,Capesize,24.71,2019,4,26,4,26.14,24.14,2663.9,2598.0,2661.0
2019-05-03,Australia-Gangavaram,Capesize,26.18,2019,5,3,4,24.71,23.3,2726.3,2611.2,2663.9
2019-05-10,Australia-Gangavaram,Capesize,24.3,2019,5,10,4,26.18,24.56,2658.8,2701.1,2726.3
2019-05-17,Australia-Gangavaram,Capesize,25.18,2019,5,17,4,24.3,24.43,2695.0,2694.3,2658.8
2019-05-24,Australia-Gangavaram,Capesize,25.94,2019,5,24,4,25.18,24.36,2748.6,2744.6,2695.0
2019-05-31,Australia-Gangavaram,Capesize,25.24,2019,5,31,4,25.94,26.9,2600.5,2697.5,2748.6
2019-06-07,Australia-Gangavaram,Capesize,23.3,2019,6,7,4,25.24,26.14,2630.2,2683.6,2600.5
2019-06-14,Australia-Gangavaram,Capesize,25.72,2019,6,14,4,23.3,24.71,2665.3,2693.3,2630.2
2019-06-21,Australia-Gangavaram,Capesize,24.42,2019,6,21,4,25.72,26.18,2669.9,2559.0,2665.3
2019-06-28,Australia-Gangavaram,Capesize,23.61,2019,6,28,4,24.42,24.3,2612.1,2618.6,2669.9
2019-07-05,Australia-Gangavaram,Capesize,24.49,2019,7,5,4,23.61,25.18,2542.9,2554.6,2612.1
2019-07-12,Australia-Gangavaram,Capesize,22.29,2019,7,12,4,24.49,25.94,2626.3,2637.5,2542.9
2019-07-19,Australia-Gangavaram,Capesize,22.23,2019,7,19,4,22.29,25.24,2536.0,2486.7,2626.3
2019-07-26,Australia-Gangavaram,Capesize,22.52,2019,7,26,4,22.23,23.3,2380.4,2425.1,2536.0
2019-08-02,Australia-Gangavaram,Capesize,21.05,2019,8,2,4,22.52,25.72,2304.5,2373.1,2380.4
2019-08-09,Australia-Gangavaram,Capesize,21.04,2019,8,9,4,21.05,24.42,2297.7,2358.7,2304.5
2019-08-16,Australia-Gangavaram,Capesize,20.27,2019,8,16,4,21.04,23.61,2285.7,2247.6,2297.7
2019-08-23,Australia-Gangavaram,Capesize,18.44,2019,8,23,4,20.27,24.49,2212.3,2334.6,2285.7
2019-08-30,Australia-Gangavaram,Capesize,19.71,2019,8,30,4,18.44,22.29,2054.5,2084.9,2212.3
2019-09-06,Australia-Gangavaram,Capesize,19.84,2019,9,6,4,19.71,22.23,2053.2,2040.6,2054.5
2019-09-13,Australia-Gangavaram,Capesize,18.56,2019,9,13,4,19.84,22.52,2018.5,1989.6,2053.2
2019-09-20,Australia-Gangavaram,Capesize,17.83,2019,9,20,4,18.56,21.05,1988.8,1979.4,2018.5
2019-09-27,Australia-Gangavaram,Capesize,17.34,2019,9,27,4,17.83,21.04,1907.9,1926.7,1988.8
2019-10-04,Australia-Gangavaram,Capesize,17.98,2019,10,4,4,17.34,20.27,1825.4,1906.7,1907.9
2019-10-11,Australia-Gangavaram,Capesize,17.22,2019,10,11,4,17.98,18.44,1724.4,1738.7,1825.4
2019-10-18,Australia-Gangavaram,Capesize,16.3,2019,10,18,4,17.22,19.71,1675.6,1751.1,1724.4
2019-10-25,Australia-Gangavaram,Capesize,17.15,2019,10,25,4,16.3,19.84,1692.2,1658.3,1675.6
2019-11-01,Australia-Gangavaram,Capesize,16.05,2019,11,1,4,17.15,18.56,1608.1,1568.8,1692.2
2019-11-08,Australia-Gangavaram,Capesize,16.18,2019,11,8,4,16.05,17.83,1559.8,1526.8,1608.1
2019-11-15,Australia-Gangavaram,Capesize,15.29,2019,11,15,4,16.18,17.34,1539.3,1537.2,1559.8
2019-11-22,Australia-Gangavaram,Capesize,17.41,2019,11,22,4,15.29,17.98,1463.3,1563.0,1539.3
2019-11-29,Australia-Gangavaram,Capesize,15.78,2019,11,29,4,17.41,17.22,1341.3,1383.8,1463.3
2019-12-06,Australia-Gangavaram,Capesize,17.1,2019,12,6,4,15.78,16.3,1425.5,1391.8,1341.3
2019-12-13,Australia-Gangavaram,Capesize,16.89,2019,12,13,4,17.1,17.15,1298.9,1346.2,1425.5
2019-12-20,Australia-Gangavaram,Capesize,16.38,2019,12,20,4,16.89,16.05,1324.0,1358.0,1298.9
2019-12-27,Australia-Gangavaram,Capesize,17.72,2019,12,27,4,16.38,16.18,1253.4,1504.7,1324.0
2020-01-03,Australia-Gangavaram,Capesize,17.08,2020,1,3,4,17.72,15.29,1316.1,1305.5,1253.4
2020-01-10,Australia-Gangavaram,Capesize,17.36,2020,1,10,4,17.08,17.41,1303.2,1243.5,1316.1
2020-01-17,Australia-Gangavaram,Capesize,17.29,2020,1,17,4,17.36,15.78,1270.9,1366.1,1303.2
2020-01-24,Australia-Gangavaram,Capesize,16.71,2020,1,24,4,17.29,17.1,1262.1,1181.1,1270.9
2020-01-31,Australia-Gangavaram,Capesize,16.24,2020,1,31,4,16.71,16.89,1214.3,1257.5,1262.1
2020-02-07,Australia-Gangavaram,Capesize,18.25,2020,2,7,4,16.24,16.38,1225.3,1126.5,1214.3
2020-02-14,Australia-Gangavaram,Capesize,18.13,2020,2,14,4,18.25,17.72,1160.6,1236.6,1225.3
2020-02-21,Australia-Gangavaram,Capesize,17.53,2020,2,21,4,18.13,17.08,1116.5,1198.5,1160.6
2020-02-28,Australia-Gangavaram,Capesize,19.07,2020,2,28,4,17.53,17.36,1107.3,1151.3,1116.5
2020-03-06,Australia-Gangavaram,Capesize,15.47,2020,3,6,4,19.07,17.29,627.5,527.8,1107.3
2020-03-13,Australia-Gangavaram,Capesize,14.04,2020,3,13,4,15.47,16.71,368.7,569.6,627.5
2020-03-20,Australia-Gangavaram,Capesize,14.39,2020,3,20,4,14.04,16.24,491.8,454.7,368.7
2020-03-27,Australia-Gangavaram,Capesize,15.08,2020,3,27,4,14.39,18.25,499.0,482.9,491.8
2020-04-03,Australia-Gangavaram,Capesize,15.72,2020,4,3,4,15.08,18.13,400.8,434.8,499.0
2020-04-10,Australia-Gangavaram,Capesize,15.04,2020,4,10,4,15.72,17.53,500.6,411.1,400.8
2020-04-17,Australia-Gangavaram,Capesize,13.86,2020,4,17,4,15.04,19.07,420.0,430.4,500.6
2020-04-24,Australia-Gangavaram,Capesize,16.23,2020,4,24,4,13.86,15.47,483.1,347.7,420.0
2020-05-01,Australia-Gangavaram,Capesize,14.33,2020,5,1,4,16.23,14.04,392.4,414.7,483.1
2020-05-08,Australia-Gangavaram,Capesize,14.32,2020,5,8,4,14.33,14.39,436.9,329.2,392.4
2020-05-15,Australia-Gangavaram,Capesize,13.47,2020,5,15,4,14.32,15.08,380.2,443.8,436.9
2020-05-22,Australia-Gangavaram,Capesize,14.29,2020,5,22,4,13.47,15.72,338.9,300.0,380.2
2020-05-29,Australia-Gangavaram,Capesize,14.28,2020,5,29,4,14.29,15.04,345.9,340.9,338.9
2020-06-05,Australia-Gangavaram,Capesize,14.84,2020,6,5,4,14.28,13.86,304.2,300.0,345.9
2020-06-12,Australia-Gangavaram,Capesize,13.54,2020,6,12,4,14.84,16.23,343.0,300.0,304.2
2020-06-19,Australia-Gangavaram,Capesize,11.25,2020,6,19,4,13.54,14.33,300.0,300.0,343.0
2020-06-26,Australia-Gangavaram,Capesize,11.95,2020,6,26,4,11.25,14.32,300.0,300.0,300.0
2020-07-03,Australia-Gangavaram,Capesize,11.15,2020,7,3,4,11.95,13.47,300.0,300.0,300.0
2020-07-10,Australia-Gangavaram,Capesize,11.16,2020,7,10,4,11.15,14.29,300.0,300.0,300.0
2020-07-17,Australia-Gangavaram,Capesize,11.11,2020,7,17,4,11.16,14.28,300.0,300.0,300.0
2020-07-24,Australia-Gangavaram,Capesize,12.34,2020,7,24,4,11.11,14.84,300.0,300.0,300.0
2020-07-31,Australia-Gangavaram,Capesize,10.05,2020,7,31,4,12.34,13.54,300.0,300.0,300.0
2020-08-07,Australia-Gangavaram,Capesize,10.16,2020,8,7,4,10.05,11.25,300.0,300.0,300.0
2020-08-14,Australia-Gangavaram,Capesize,10.48,2020,8,14,4,10.16,11.95,300.0,300.0,300.0
2020-08-21,Australia-Gangavaram,Capesize,10.15,2020,8,21,4,10.48,11.15,300.0,300.0,300.0
2020-08-28,Australia-Gangavaram,Capesize,9.03,2020,8,28,4,10.15,11.16,300.0,300.0,300.0
2020-09-04,Australia-Gangavaram,Capesize,12.61,2020,9,4,4,9.03,11.11,660.4,646.0,300.0
2020-09-11,Australia-Gangavaram,Capesize,13.33,2020,9,11,4,12.61,12.34,520.1,601.9,660.4
2020-09-18,Australia-Gangavaram,Capesize,10.92,2020,9,18,4,13.33,10.05,567.2,536.3,520.1
2020-09-25,Australia-Gangavaram,Capesize,13.06,2020,9,25,4,10.92,10.16,649.1,594.6,567.2
2020-10-02,Australia-Gangavaram,Capesize,11.94,2020,10,2,4,13.06,10.48,598.5,526.8,649.1
2020-10-09,Australia-Gangavaram,Capesize,10.59,2020,10,9,4,11.94,10.15,558.9,504.9,598.5
2020-10-16,Australia-Gangavaram,Capesize,12.3,2020,10,16,4,10.59,9.03,615.1,654.9,558.9
2020-10-23,Australia-Gangavaram,Capesize,13.8,2020,10,23,4,12.3,12.61,694.6,679.2,615.1
2020-10-30,Australia-Gangavaram,Capesize,11.41,2020,10,30,4,13.8,13.33,606.3,606.8,694.6
2020-11-06,Australia-Gangavaram,Capesize,13.67,2020,11,6,4,11.41,10.92,636.9,651.0,606.3
2020-11-13,Australia-Gangavaram,Capesize,12.48,2020,11,13,4,13.67,13.06,705.3,709.5,636.9
2020-11-20,Australia-Gangavaram,Capesize,12.69,2020,11,20,4,12.48,11.94,716.1,686.8,705.3
2020-11-27,Australia-Gangavaram,Capesize,14.57,2020,11,27,4,12.69,10.59,722.5,744.4,716.1
2020-12-04,Australia-Gangavaram,Capesize,13.51,2020,12,4,4,14.57,12.3,696.3,717.6,722.5
2020-12-11,Australia-Gangavaram,Capesize,13.39,2020,12,11,4,13.51,13.8,715.5,774.0,696.3
2020-12-18,Australia-Gangavaram,Capesize,14.12,2020,12,18,4,13.39,11.41,820.8,854.7,715.5
2020-12-25,Australia-Gangavaram,Capesize,15.37,2020,12,25,4,14.12,13.67,912.7,865.8,820.8
2021-01-01,Australia-Gangavaram,Capesize,14.87,2021,1,1,4,15.37,12.48,955.0,975.9,912.7
2021-01-08,Australia-Gangavaram,Capesize,15.65,2021,1,8,4,14.87,12.69,1032.9,923.1,955.0
2021-01-15,Australia-Gangavaram,Capesize,15.89,2021,1,15,4,15.65,14.57,986.7,983.6,1032.9
2021-01-22,Australia-Gangavaram,Capesize,16.99,2021,1,22,4,15.89,13.51,1122.3,996.5,986.7
2021-01-29,Australia-Gangavaram,Capesize,16.57,2021,1,29,4,16.99,13.39,1093.6,1032.3,1122.3
2021-02-05,Australia-Gangavaram,Capesize,18.21,2021,2,5,4,16.57,14.12,1099.1,1122.1,1093.6
2021-02-12,Australia-Gangavaram,Capesize,15.73,2021,2,12,4,18.21,15.37,1168.9,1188.2,1099.1
2021-02-19,Australia-Gangavaram,Capesize,17.45,2021,2,19,4,15.73,14.87,1269.8,1152.0,1168.9
2021-02-26,Australia-Gangavaram,Capesize,18.53,2021,2,26,4,17.45,15.65,1224.1,1296.2,1269.8
2021-03-05,Australia-Gangavaram,Capesize,18.65,2021,3,5,4,18.53,15.89,1245.2,1266.8,1224.1
2021-03-12,Australia-Gangavaram,Capesize,17.03,2021,3,12,4,18.65,16.99,1239.4,1276.6,1245.2
2021-03-19,Australia-Gangavaram,Capesize,17.49,2021,3,19,4,17.03,16.57,1356.1,1307.6,1239.4
2021-03-26,Australia-Gangavaram,Capesize,18.72,2021,3,26,4,17.49,18.21,1370.8,1267.4,1356.1
2021-04-02,Australia-Gangavaram,Capesize,18.77,2021,4,2,4,18.72,15.73,1287.1,1421.0,1370.8
2021-04-09,Australia-Gangavaram,Capesize,18.56,2021,4,9,4,18.77,17.45,1297.5,1344.8,1287.1
2021-04-16,Australia-Gangavaram,Capesize,18.8,2021,4,16,4,18.56,18.53,1305.9,1358.2,1297.5
2021-04-23,Australia-Gangavaram,Capesize,19.44,2021,4,23,4,18.8,18.65,1359.5,1369.5,1305.9
2021-04-30,Australia-Gangavaram,Capesize,18.22,2021,4,30,4,19.44,17.03,1226.7,1307.2,1359.5
2021-05-07,Australia-Gangavaram,Capesize,26.91,2021,5,7,4,18.22,17.49,2783.8,2753.3,1226.7
2021-05-14,Australia-Gangavaram,Capesize,26.25,2021,5,14,4,26.91,18.72,2815.2,2675.0,2783.8
2021-05-21,Australia-Gangavaram,Capesize,24.25,2021,5,21,4,26.25,18.77,2801.9,2736.3,2815.2
2021-05-28,Australia-Gangavaram,Capesize,25.4,2021,5,28,4,24.25,18.56,2772.8,2706.3,2801.9
2021-06-04,Australia-Gangavaram,Capesize,24.7,2021,6,4,4,25.4,18.8,2631.4,2637.8,2772.8
2021-06-11,Australia-Gangavaram,Capesize,24.28,2021,6,11,4,24.7,19.44,2581.2,2681.1,2631.4
2021-06-18,Australia-Gangavaram,Capesize,23.51,2021,6,18,4,24.28,18.22,2563.7,2678.4,2581.2
2021-06-25,Australia-Gangavaram,Capesize,23.87,2021,6,25,4,23.51,26.91,2586.4,2513.7,2563.7
2021-07-02,Australia-Gangavaram,Capesize,23.16,2021,7,2,4,23.87,26.25,2535.9,2582.2,2586.4
2021-07-09,Australia-Gangavaram,Capesize,22.71,2021,7,9,4,23.16,24.25,2399.4,2466.2,2535.9
2021-07-16,Australia-Gangavaram,Capesize,23.12,2021,7,16,4,22.71,25.4,2500.1,2467.0,2399.4
2021-07-23,Australia-Gangavaram,Capesize,22.49,2021,7,23,4,23.12,24.7,2439.1,2320.6,2500.1
2021-07-30,Australia-Gangavaram,Capesize,21.33,2021,7,30,4,22.49,24.28,2299.0,2281.2,2439.1
2021-08-06,Australia-Gangavaram,Capesize,22.27,2021,8,6,4,21.33,23.51,2267.5,2347.0,2299.0
2021-08-13,Australia-Gangavaram,Capesize,21.34,2021,8,13,4,22.27,23.87,2296.4,2300.4,2267.5
2021-08-20,Australia-Gangavaram,Capesize,19.69,2021,8,20,4,21.34,23.16,2224.7,2188.1,2296.4
2021-08-27,Australia-Gangavaram,Capesize,19.91,2021,8,27,4,19.69,22.71,2151.3,2192.3,2224.7
2021-09-03,Australia-Gangavaram,Capesize,17.89,2021,9,3,4,19.91,23.12,2126.6,2098.0,2151.3
2021-09-10,Australia-Gangavaram,Capesize,19.13,2021,9,10,4,17.89,22.49,2068.9,2065.0,2126.6
2021-09-17,Australia-Gangavaram,Capesize,18.08,2021,9,17,4,19.13,21.33,2060.5,2097.9,2068.9
2021-09-24,Australia-Gangavaram,Capesize,19.31,2021,9,24,4,18.08,22.27,2094.4,2130.2,2060.5
2021-10-01,Australia-Gangavaram,Capesize,19.16,2021,10,1,4,19.31,21.34,2106.2,1949.2,2094.4
2021-10-08,Australia-Gangavaram,Capesize,17.34,2021,10,8,4,19.16,19.69,2070.6,2075.7,2106.2
2021-10-15,Australia-Gangavaram,Capesize,17.08,2021,10,15,4,17.34,19.91,1987.6,2006.3,2070.6
2021-10-22,Australia-Gangavaram,Capesize,18.96,2021,10,22,4,17.08,17.89,2064.4,2127.2,1987.6
2021-10-29,Australia-Gangavaram,Capesize,18.44,2021,10,29,4,18.96,19.13,2025.7,2074.7,2064.4
2021-11-05,Australia-Gangavaram,Capesize,20.21,2021,11,5,4,18.44,18.08,2087.2,2149.5,2025.7
2021-11-12,Australia-Gangavaram,Capesize,20.48,2021,11,12,4,20.21,19.31,2169.6,2138.3,2087.2
2021-11-19,Australia-Gangavaram,Capesize,20.03,2021,11,19,4,20.48,19.16,2198.5,2156.0,2169.6
2021-11-26,Australia-Gangavaram,Capesize,20.32,2021,11,26,4,20.03,17.34,2260.9,2174.7,2198.5
2021-12-03,Australia-Gangavaram,Capesize,13.48,2021,12,3,4,20.32,17.08,769.1,724.2,2260.9
2021-12-10,Australia-Gangavaram,Capesize,14.26,2021,12,10,4,13.48,18.96,808.2,737.9,769.1
2021-12-17,Australia-Gangavaram,Capesize,14.95,2021,12,17,4,14.26,18.44,977.5,821.1,808.2
2021-12-24,Australia-Gangavaram,Capesize,14.44,2021,12,24,4,14.95,20.21,996.8,1068.7,977.5
2021-12-31,Australia-Gangavaram,Capesize,14.39,2021,12,31,4,14.44,20.48,985.7,996.6,996.8
2022-01-07,Australia-Gangavaram,Capesize,17.09,2022,1,7,4,14.39,20.03,1064.8,1169.6,985.7
2022-01-14,Australia-Gangavaram,Capesize,17.12,2022,1,14,4,17.09,20.32,1109.5,1188.7,1064.8
2022-01-21,Australia-Gangavaram,Capesize,16.96,2022,1,21,4,17.12,13.48,1270.3,1228.4,1109.5
2022-01-28,Australia-Gangavaram,Capesize,18.03,2022,1,28,4,16.96,14.26,1360.2,1390.8,1270.3
2022-02-04,Australia-Gangavaram,Capesize,19.52,2022,2,4,4,18.03,14.95,1441.4,1564.6,1360.2
2022-02-11,Australia-Gangavaram,Capesize,20.67,2022,2,11,4,19.52,14.44,1587.7,1420.8,1441.4
2022-02-18,Australia-Gangavaram,Capesize,20.85,2022,2,18,4,20.67,14.39,1670.0,1588.0,1587.7
2022-02-25,Australia-Gangavaram,Capesize,21.07,2022,2,25,4,20.85,17.09,1666.2,1769.8,1670.0
2022-03-04,Australia-Gangavaram,Capesize,20.26,2022,3,4,4,21.07,17.12,1748.9,1789.9,1666.2
2022-03-11,Australia-Gangavaram,Capesize,20.53,2022,3,11,4,20.26,16.96,1866.9,1935.3,1748.9
2022-03-18,Australia-Gangavaram,Capesize,23.54,2022,3,18,4,20.53,18.03,1940.8,2005.3,1866.9
2022-03-25,Australia-Gangavaram,Capesize,21.21,2022,3,25,4,23.54,19.52,1949.5,2055.2,1940.8
2022-04-01,Australia-Gangavaram,Capesize,23.14,2022,4,1,4,21.21,20.67,2068.0,2131.2,1949.5
2022-04-08,Australia-Gangavaram,Capesize,23.71,2022,4,8,4,23.14,20.85,2133.8,2195.8,2068.0
2022-04-15,Australia-Gangavaram,Capesize,23.71,2022,4,15,4,23.71,21.07,2259.7,2330.6,2133.8
2022-04-22,Australia-Gangavaram,Capesize,22.53,2022,4,22,4,23.71,20.26,2247.7,2298.9,2259.7
2022-04-29,Australia-Gangavaram,Capesize,23.7,2022,4,29,4,22.53,20.53,2491.9,2420.0,2247.7
2022-05-06,Australia-Gangavaram,Capesize,25.21,2022,5,6,4,23.7,23.54,2386.8,2439.6,2491.9
2022-05-13,Australia-Gangavaram,Capesize,24.6,2022,5,13,4,25.21,21.21,2534.5,2457.6,2386.8
2022-05-20,Australia-Gangavaram,Capesize,23.55,2022,5,20,4,24.6,23.14,2526.3,2494.1,2534.5
2022-05-27,Australia-Gangavaram,Capesize,25.07,2022,5,27,4,23.55,23.71,2492.5,2439.0,2526.3
2022-06-03,Australia-Gangavaram,Capesize,21.7,2022,6,3,4,25.07,23.71,2490.5,2479.9,2492.5
2022-06-10,Australia-Gangavaram,Capesize,24.22,2022,6,10,4,21.7,22.53,2579.3,2477.6,2490.5
2022-06-17,Australia-Gangavaram,Capesize,22.82,2022,6,17,4,24.22,23.7,2600.4,2601.0,2579.3
2022-06-24,Australia-Gangavaram,Capesize,24.46,2022,6,24,4,22.82,25.21,2582.5,2612.3,2600.4
2022-07-01,Australia-Gangavaram,Capesize,23.31,2022,7,1,4,24.46,24.6,2620.8,2624.6,2582.5
2022-07-08,Australia-Gangavaram,Capesize,23.21,2022,7,8,4,23.31,23.55,2619.5,2606.9,2620.8
2022-07-15,Australia-Gangavaram,Capesize,24.48,2022,7,15,4,23.21,25.07,2568.5,2568.6,2619.5
2022-07-22,Australia-Gangavaram,Capesize,22.74,2022,7,22,4,24.48,21.7,2571.4,2551.0,2568.5
2022-07-29,Australia-Gangavaram,Capesize,21.85,2022,7,29,4,22.74,24.22,2446.9,2521.4,2571.4
2022-08-05,Australia-Gangavaram,Capesize,21.2,2022,8,5,4,21.85,22.82,2505.7,2493.2,2446.9
2022-08-12,Australia-Gangavaram,Capesize,21.81,2022,8,12,4,21.2,24.46,2485.3,2647.2,2505.7
2022-08-19,Australia-Gangavaram,Capesize,20.57,2022,8,19,4,21.81,23.31,2438.4,2551.4,2485.3
2022-08-26,Australia-Gangavaram,Capesize,20.43,2022,8,26,4,20.57,23.21,2387.4,2480.1,2438.4
2022-09-02,Australia-Gangavaram,Capesize,23.26,2022,9,2,4,20.43,24.48,2543.0,2496.7,2387.4
2022-09-09,Australia-Gangavaram,Capesize,20.76,2022,9,9,4,23.26,22.74,2354.4,2371.2,2543.0
2022-09-16,Australia-Gangavaram,Capesize,19.97,2022,9,16,4,20.76,21.85,2275.6,2380.1,2354.4
2022-09-23,Australia-Gangavaram,Capesize,19.47,2022,9,23,4,19.97,21.2,2252.0,2242.2,2275.6
2022-09-30,Australia-Gangavaram,Capesize,20.88,2022,9,30,4,19.47,21.81,2269.5,2312.7,2252.0
2022-10-07,Australia-Gangavaram,Capesize,20.94,2022,10,7,4,20.88,20.57,2309.4,2274.1,2269.5
2022-10-14,Australia-Gangavaram,Capesize,19.54,2022,10,14,4,20.94,20.43,2220.3,2240.3,2309.4
2022-10-21,Australia-Gangavaram,Capesize,19.21,2022,10,21,4,19.54,23.26,2264.2,2209.6,2220.3
2022-10-28,Australia-Gangavaram,Capesize,19.92,2022,10,28,4,19.21,20.76,2129.7,2145.4,2264.2
2022-11-04,Australia-Gangavaram,Capesize,19.23,2022,11,4,4,19.92,19.97,2156.9,2304.6,2129.7
2022-11-11,Australia-Gangavaram,Capesize,18.4,2022,11,11,4,19.23,19.47,2114.6,2234.6,2156.9
2022-11-18,Australia-Gangavaram,Capesize,18.68,2022,11,18,4,18.4,20.88,2221.4,2125.3,2114.6
2022-11-25,Australia-Gangavaram,Capesize,21.6,2022,11,25,4,18.68,20.94,2134.9,2087.0,2221.4
2022-12-02,Australia-Gangavaram,Capesize,18.55,2022,12,2,4,21.6,19.54,2060.8,2086.2,2134.9
2022-12-09,Australia-Gangavaram,Capesize,20.91,2022,12,9,4,18.55,19.21,2118.9,2152.0,2060.8
2022-12-16,Australia-Gangavaram,Capesize,19.41,2022,12,16,4,20.91,19.92,1998.8,2061.1,2118.9
2022-12-23,Australia-Gangavaram,Capesize,19.49,2022,12,23,4,19.41,19.23,2157.6,2061.8,1998.8
2022-12-30,Australia-Gangavaram,Capesize,21.74,2022,12,30,4,19.49,18.4,2117.6,1975.4,2157.6
2023-01-06,Australia-Gangavaram,Capesize,21.57,2023,1,6,4,21.74,18.68,2126.6,2044.5,2117.6
2023-01-13,Australia-Gangavaram,Capesize,21.97,2023,1,13,4,21.57,21.6,2204.7,2096.6,2126.6
2023-01-20,Australia-Gangavaram,Capesize,21.32,2023,1,20,4,21.97,18.55,2059.7,2186.3,2204.7
2023-01-27,Australia-Gangavaram,Capesize,21.18,2023,1,27,4,21.32,20.91,2132.5,2109.8,2059.7
2023-02-03,Australia-Gangavaram,Capesize,21.96,2023,2,3,4,21.18,19.41,2021.6,2170.6,2132.5
2023-02-10,Australia-Gangavaram,Capesize,22.89,2023,2,10,4,21.96,19.49,2093.7,2135.1,2021.6
2023-02-17,Australia-Gangavaram,Capesize,24.58,2023,2,17,4,22.89,21.74,2191.5,2089.3,2093.7
2023-02-24,Australia-Gangavaram,Capesize,22.08,2023,2,24,4,24.58,21.57,2071.5,2148.7,2191.5
2023-03-03,Australia-Gangavaram,Capesize,23.99,2023,3,3,4,22.08,21.97,2103.4,2160.1,2071.5
2023-03-10,Australia-Gangavaram,Capesize,22.53,2023,3,10,4,23.99,21.32,2073.0,2058.9,2103.4
2023-03-17,Australia-Gangavaram,Capesize,23.38,2023,3,17,4,22.53,21.18,2213.0,2130.4,2073.0
2023-03-24,Australia-Gangavaram,Capesize,22.91,2023,3,24,4,23.38,21.96,2187.6,2159.8,2213.0
2023-03-31,Australia-Gangavaram,Capesize,23.51,2023,3,31,4,22.91,22.89,2124.5,2103.4,2187.6
2023-04-07,Australia-Gangavaram,Capesize,23.67,2023,4,7,4,23.51,24.58,2068.9,2073.4,2124.5
2023-04-14,Australia-Gangavaram,Capesize,23.82,2023,4,14,4,23.67,22.08,2174.1,2046.0,2068.9
2023-04-21,Australia-Gangavaram,Capesize,23.15,2023,4,21,4,23.82,23.99,2127.3,2173.7,2174.1
2023-04-28,Australia-Gangavaram,Capesize,21.96,2023,4,28,4,23.15,22.53,1961.7,2114.8,2127.3
2023-05-05,Australia-Gangavaram,Capesize,22.78,2023,5,5,4,21.96,23.38,2032.7,2008.9,1961.7
2023-05-12,Australia-Gangavaram,Capesize,22.83,2023,5,12,4,22.78,22.91,2127.0,2100.4,2032.7
2023-05-19,Australia-Gangavaram,Capesize,20.55,2023,5,19,4,22.83,23.51,2024.5,2062.1,2127.0
2023-05-26,Australia-Gangavaram,Capesize,22.19,2023,5,26,4,20.55,23.67,2149.8,2017.7,2024.5
2023-06-02,Australia-Gangavaram,Capesize,21.86,2023,6,2,4,22.19,23.82,2045.5,1911.7,2149.8
2023-06-09,Australia-Gangavaram,Capesize,19.87,2023,6,9,4,21.86,23.15,2012.6,2069.7,2045.5
2023-06-16,Australia-Gangavaram,Capesize,19.42,2023,6,16,4,19.87,21.96,1940.0,1986.8,2012.6
2023-06-23,Australia-Gangavaram,Capesize,19.95,2023,6,23,4,19.42,22.78,1974.0,1921.4,1940.0
2023-06-30,Australia-Gangavaram,Capesize,21.64,2023,6,30,4,19.95,22.83,1988.1,1957.5,1974.0
2023-07-07,Australia-Gangavaram,Capesize,20.21,2023,7,7,4,21.64,20.55,1852.7,1953.2,1988.1
2023-07-14,Australia-Gangavaram,Capesize,19.39,2023,7,14,4,20.21,22.19,1754.6,1913.4,1852.7
2023-07-21,Australia-Gangavaram,Capesize,19.54,2023,7,21,4,19.39,21.86,1771.6,1704.6,1754.6
2023-07-28,Australia-Gangavaram,Capesize,18.68,2023,7,28,4,19.54,19.87,1805.7,1707.1,1771.6
2023-08-04,Australia-Gangavaram,Capesize,16.74,2023,8,4,4,18.68,19.42,1704.0,1688.0,1805.7
2023-08-11,Australia-Gangavaram,Capesize,17.98,2023,8,11,4,16.74,19.95,1676.0,1755.2,1704.0
2023-08-18,Australia-Gangavaram,Capesize,17.25,2023,8,18,4,17.98,21.64,1713.0,1773.8,1676.0
2023-08-25,Australia-Gangavaram,Capesize,17.55,2023,8,25,4,17.25,20.21,1644.4,1665.1,1713.0
2023-09-01,Australia-Gangavaram,Capesize,16.78,2023,9,1,4,17.55,19.39,1750.1,1786.0,1644.4
2023-09-08,Australia-Gangavaram,Capesize,16.15,2023,9,8,4,16.78,19.54,1654.2,1684.8,1750.1
2023-09-15,Australia-Gangavaram,Capesize,17.17,2023,9,15,4,16.15,18.68,1669.2,1660.6,1654.2
2023-09-22,Australia-Gangavaram,Capesize,16.86,2023,9,22,4,17.17,16.74,1675.7,1585.4,1669.2
2023-09-29,Australia-Gangavaram,Capesize,17.72,2023,9,29,4,16.86,17.98,1678.1,1648.4,1675.7
2023-10-06,Australia-Gangavaram,Capesize,16.83,2023,10,6,4,17.72,17.25,1669.6,1606.4,1678.1
2023-10-13,Australia-Gangavaram,Capesize,18.62,2023,10,13,4,16.83,17.55,1674.2,1605.9,1669.6
2023-10-20,Australia-Gangavaram,Capesize,15.76,2023,10,20,4,18.62,16.78,1537.6,1535.1,1674.2
2023-10-27,Australia-Gangavaram,Capesize,18.02,2023,10,27,4,15.76,16.15,1733.0,1575.2,1537.6
2023-11-03,Australia-Gangavaram,Capesize,15.35,2023,11,3,4,18.02,17.17,1625.2,1588.2,1733.0
2023-11-10,Australia-Gangavaram,Capesize,18.18,2023,11,10,4,15.35,16.86,1638.7,1569.7,1625.2
2023-11-17,Australia-Gangavaram,Capesize,16.89,2023,11,17,4,18.18,17.72,1563.7,1529.4,1638.7
2023-11-24,Australia-Gangavaram,Capesize,16.94,2023,11,24,4,16.89,16.83,1635.0,1637.1,1563.7
2023-12-01,Australia-Gangavaram,Capesize,16.54,2023,12,1,4,16.94,18.62,1698.0,1605.4,1635.0
2023-12-08,Australia-Gangavaram,Capesize,19.48,2023,12,8,4,16.54,15.76,1666.2,1646.2,1698.0
2023-12-15,Australia-Gangavaram,Capesize,18.18,2023,12,15,4,19.48,18.02,1631.3,1702.6,1666.2
2023-12-22,Australia-Gangavaram,Capesize,18.54,2023,12,22,4,18.18,15.35,1714.1,1723.9,1631.3
2023-12-29,Australia-Gangavaram,Capesize,20.72,2023,12,29,4,18.54,18.18,1814.5,1789.6,1714.1
2024-01-05,Australia-Gangavaram,Capesize,20.44,2024,1,5,4,20.72,16.89,1774.9,1647.3,1814.5
2024-01-12,Australia-Gangavaram,Capesize,19.79,2024,1,12,4,20.44,16.94,1733.5,1741.7,1774.9
2024-01-19,Australia-Gangavaram,Capesize,18.79,2024,1,19,4,19.79,16.54,1707.1,1739.8,1733.5
2024-01-26,Australia-Gangavaram,Capesize,20.1,2024,1,26,4,18.79,19.48,1772.1,1801.2,1707.1
2024-02-02,Australia-Gangavaram,Capesize,21.95,2024,2,2,4,20.1,18.18,1846.3,1783.6,1772.1
2024-02-09,Australia-Gangavaram,Capesize,21.91,2024,2,9,4,21.95,18.54,1858.9,1794.2,1846.3
2024-02-16,Australia-Gangavaram,Capesize,20.65,2024,2,16,4,21.91,20.72,1868.0,1806.4,1858.9
2024-02-23,Australia-Gangavaram,Capesize,21.47,2024,2,23,4,20.65,20.44,1803.9,1810.3,1868.0
2024-03-01,Australia-Gangavaram,Capesize,20.95,2024,3,1,4,21.47,19.79,1850.9,1773.2,1803.9
2024-03-08,Australia-Gangavaram,Capesize,21.92,2024,3,8,4,20.95,18.79,1852.0,1801.3,1850.9
2024-03-15,Australia-Gangavaram,Capesize,21.82,2024,3,15,4,21.92,20.1,1848.7,1789.1,1852.0
2024-03-22,Australia-Gangavaram,Capesize,21.14,2024,3,22,4,21.82,21.95,1807.5,1906.3,1848.7
2024-03-29,Australia-Gangavaram,Capesize,22.28,2024,3,29,4,21.14,21.91,1778.0,1712.1,1807.5
2024-04-05,Australia-Gangavaram,Capesize,20.79,2024,4,5,4,22.28,20.65,1696.2,1795.0,1778.0
2024-04-12,Australia-Gangavaram,Capesize,20.46,2024,4,12,4,20.79,21.47,1665.8,1708.5,1696.2
2024-04-19,Australia-Gangavaram,Capesize,20.12,2024,4,19,4,20.46,20.95,1656.0,1718.3,1665.8
2024-04-26,Australia-Gangavaram,Capesize,19.79,2024,4,26,4,20.12,21.92,1635.3,1702.1,1656.0
2024-05-03,Australia-Gangavaram,Capesize,19.07,2024,5,3,4,19.79,21.82,1523.5,1574.2,1635.3
2024-05-10,Australia-Gangavaram,Capesize,20.14,2024,5,10,4,19.07,21.14,1498.9,1520.2,1523.5
2024-05-17,Australia-Gangavaram,Capesize,19.41,2024,5,17,4,20.14,22.28,1531.9,1537.9,1498.9
2024-05-24,Australia-Gangavaram,Capesize,19.42,2024,5,24,4,19.41,20.79,1385.7,1369.4,1531.9
2024-05-31,Australia-Gangavaram,Capesize,18.07,2024,5,31,4,19.42,20.46,1373.8,1360.2,1385.7
2024-06-07,Australia-Gangavaram,Capesize,17.64,2024,6,7,4,18.07,20.12,1313.4,1317.3,1373.8
2024-06-14,Australia-Gangavaram,Capesize,16.89,2024,6,14,4,17.64,19.79,1188.1,1245.8,1313.4
2024-06-21,Australia-Gangavaram,Capesize,17.44,2024,6,21,4,16.89,19.07,1102.2,1126.9,1188.1
2024-06-28,Australia-Gangavaram,Capesize,16.33,2024,6,28,4,17.44,20.14,1055.9,1015.2,1102.2
2024-07-05,Australia-Gangavaram,Capesize,14.26,2024,7,5,4,16.33,19.41,948.0,956.3,1055.9
2024-07-12,Australia-Gangavaram,Capesize,15.23,2024,7,12,4,14.26,19.42,910.0,809.3,948.0
2024-07-19,Australia-Gangavaram,Capesize,14.26,2024,7,19,4,15.23,18.07,906.6,811.2,910.0
2024-07-26,Australia-Gangavaram,Capesize,12.8,2024,7,26,4,14.26,17.64,765.8,714.1,906.6
2024-08-02,Australia-Gangavaram,Capesize,12.08,2024,8,2,4,12.8,16.89,660.9,681.6,765.8
2024-08-09,Australia-Gangavaram,Capesize,13.88,2024,8,9,4,12.08,17.44,601.9,577.4,660.9
2024-08-16,Australia-Gangavaram,Capesize,12.65,2024,8,16,4,13.88,16.33,495.5,569.6,601.9
2024-08-23,Australia-Gangavaram,Capesize,11.1,2024,8,23,4,12.65,14.26,451.6,450.0,495.5
2024-08-30,Australia-Gangavaram,Capesize,11.9,2024,8,30,4,11.1,15.23,310.1,346.2,451.6
2024-09-06,Australia-Gangavaram,Capesize,10.69,2024,9,6,4,11.9,14.26,300.0,300.0,310.1
2024-09-13,Australia-Gangavaram,Capesize,8.69,2024,9,13,4,10.69,12.8,300.0,300.0,300.0
2024-09-20,Australia-Gangavaram,Capesize,10.02,2024,9,20,4,8.69,12.08,300.0,300.0,300.0
2024-09-27,Australia-Gangavaram,Capesize,9.47,2024,9,27,4,10.02,13.88,325.3,300.0,300.0
2024-10-04,Australia-Gangavaram,Capesize,9.6,2024,10,4,4,9.47,12.65,300.0,300.0,325.3
2024-10-11,Australia-Gangavaram,Capesize,11.88,2024,10,11,4,9.6,11.1,300.0,300.0,300.0
2024-10-18,Australia-Gangavaram,Capesize,9.19,2024,10,18,4,11.88,11.9,300.0,300.0,300.0
2024-10-25,Australia-Gangavaram,Capesize,10.16,2024,10,25,4,9.19,10.69,300.0,300.0,300.0
2024-11-01,Australia-Gangavaram,Capesize,10.91,2024,11,1,4,10.16,8.69,300.0,300.0,300.0
2024-11-08,Australia-Gangavaram,Capesize,9.98,2024,11,8,4,10.91,10.02,300.0,300.0,300.0
2024-11-15,Australia-Gangavaram,Capesize,10.96,2024,11,15,4,9.98,9.47,300.0,300.0,300.0
2024-11-22,Australia-Gangavaram,Capesize,10.49,2024,11,22,4,10.96,9.6,300.0,300.0,300.0
2024-11-29,Australia-Gangavaram,Capesize,11.58,2024,11,29,4,10.49,11.88,300.0,300.0,300.0
2024-12-06,Australia-Gangavaram,Capesize,11.68,2024,12,6,4,11.58,9.19,300.0,300.0,300.0
2024-12-13,Australia-Gangavaram,Capesize,11.62,2024,12,13,4,11.68,10.16,300.0,300.0,300.0
2024-12-20,Australia-Gangavaram,Capesize,11.62,2024,12,20,4,11.62,10.91,300.0,300.0,300.0
2024-12-27,Australia-Gangavaram,Capesize,12.41,2024,12,27,4,11.62,9.98,300.0,300.0,300.0
2025-01-03,Australia-Gangavaram,Capesize,12.05,2025,1,3,4,12.41,10.96,338.4,300.0,300.0
2025-01-10,Australia-Gangavaram,Capesize,14.28,2025,1,10,4,12.05,10.49,333.0,317.3,338.4
2025-01-17,Australia-Gangavaram,Capesize,12.4,2025,1,17,4,14.28,11.58,394.4,349.6,333.0
2025-01-24,Australia-Gangavaram,Capesize,11.85,2025,1,24,4,12.4,11.68,501.5,531.2,394.4
2025-01-31,Australia-Gangavaram,Capesize,13.96,2025,1,31,4,11.85,11.62,510.3,495.5,501.5
2025-02-07,Australia-Gangavaram,Capesize,14.2,2025,2,7,4,13.96,11.62,541.1,611.7,510.3
2025-02-14,Australia-Gangavaram,Capesize,15.85,2025,2,14,4,14.2,12.41,734.5,543.1,541.1
2025-02-21,Australia-Gangavaram,Capesize,16.26,2025,2,21,4,15.85,12.05,651.0,686.5,734.5
2025-02-28,Australia-Gangavaram,Capesize,16.1,2025,2,28,4,16.26,14.28,781.7,719.2,651.0
2025-03-07,Australia-Gangavaram,Capesize,17.72,2025,3,7,4,16.1,12.4,901.9,831.0,781.7
2025-03-14,Australia-Gangavaram,Capesize,15.38,2025,3,14,4,17.72,11.85,913.8,939.3,901.9
2025-03-21,Australia-Gangavaram,Capesize,17.84,2025,3,21,4,15.38,13.96,990.8,856.6,913.8
2025-03-28,Australia-Gangavaram,Capesize,15.67,2025,3,28,4,17.84,14.2,994.5,1057.9,990.8
2025-04-04,Australia-Gangavaram,Capesize,18.14,2025,4,4,4,15.67,15.85,1081.3,1133.8,994.5
2025-04-11,Australia-Gangavaram,Capesize,18.81,2025,4,11,4,18.14,16.26,1155.6,1110.7,1081.3
2025-04-18,Australia-Gangavaram,Capesize,18.76,2025,4,18,4,18.81,16.1,1228.1,1134.4,1155.6
2025-04-25,Australia-Gangavaram,Capesize,19.6,2025,4,25,4,18.76,17.72,1341.8,1228.8,1228.1
2025-05-02,Australia-Gangavaram,Capesize,19.34,2025,5,2,4,19.6,15.38,1220.7,1407.5,1341.8
2025-05-09,Australia-Gangavaram,Capesize,19.52,2025,5,9,4,19.34,17.84,1447.9,1327.1,1220.7
2025-05-16,Australia-Gangavaram,Capesize,18.98,2025,5,16,4,19.52,15.67,1358.5,1402.9,1447.9
2025-05-23,Australia-Gangavaram,Capesize,18.86,2025,5,23,4,18.98,18.14,1431.4,1373.7,1358.5
2025-05-30,Australia-Gangavaram,Capesize,19.28,2025,5,30,4,18.86,18.81,1448.9,1420.9,1431.4
2025-06-06,Australia-Gangavaram,Capesize,19.07,2025,6,6,4,19.28,18.76,1391.3,1478.5,1448.9
2025-06-13,Australia-Gangavaram,Capesize,19.17,2025,6,13,4,19.07,19.6,1449.4,1490.9,1391.3
2025-06-20,Australia-Gangavaram,Capesize,17.03,2025,6,20,4,19.17,19.34,1325.6,1505.2,1449.4
2025-06-27,Australia-Gangavaram,Capesize,19.21,2025,6,27,4,17.03,19.52,1454.5,1423.6,1325.6
2025-07-04,Australia-Gangavaram,Capesize,17.14,2025,7,4,4,19.21,18.98,1473.0,1393.4,1454.5
2025-07-11,Australia-Gangavaram,Capesize,17.64,2025,7,11,4,17.14,18.86,1503.0,1415.4,1473.0
2025-07-18,Australia-Gangavaram,Capesize,16.3,2025,7,18,4,17.64,19.28,1441.0,1446.0,1503.0
2025-07-25,Australia-Gangavaram,Capesize,15.77,2025,7,25,4,16.3,19.07,1411.3,1424.0,1441.0
2025-08-01,Australia-Gangavaram,Capesize,16.35,2025,8,1,4,15.77,19.17,1376.9,1464.1,1411.3
2025-08-08,Australia-Gangavaram,Capesize,15.0,2025,8,8,4,16.35,17.03,1404.1,1413.5,1376.9
2025-08-15,Australia-Gangavaram,Capesize,17.75,2025,8,15,4,15.0,19.21,1419.9,1376.3,1404.1
2025-08-22,Australia-Gangavaram,Capesize,16.15,2025,8,22,4,17.75,17.14,1381.7,1378.7,1419.9
2025-08-29,Australia-Gangavaram,Capesize,14.64,2025,8,29,4,16.15,17.64,1369.7,1286.8,1381.7
2025-09-05,Australia-Gangavaram,Capesize,15.24,2025,9,5,4,14.64,16.3,1277.9,1337.5,1369.7
2025-09-12,Australia-Gangavaram,Capesize,15.24,2025,9,12,4,15.24,15.77,1314.5,1328.7,1277.9
2025-09-19,Australia-Gangavaram,Capesize,14.18,2025,9,19,4,15.24,16.35,1229.3,1276.5,1314.5
2025-09-26,Australia-Gangavaram,Capesize,14.39,2025,9,26,4,14.18,15.0,1262.4,1263.9,1229.3
2025-10-03,Australia-Gangavaram,Capesize,13.16,2025,10,3,4,14.39,17.75,1199.6,1293.1,1262.4
2025-10-10,Australia-Gangavaram,Capesize,14.1,2025,10,10,4,13.16,16.15,1194.9,1272.2,1199.6
2025-10-17,Australia-Gangavaram,Capesize,16.11,2025,10,17,4,14.1,14.64,1246.7,1230.7,1194.9
2025-10-24,Australia-Gangavaram,Capesize,16.27,2025,10,24,4,16.11,15.24,1236.4,1223.0,1246.7
2025-10-31,Australia-Gangavaram,Capesize,14.65,2025,10,31,4,16.27,15.24,1185.5,1175.0,1236.4
2025-11-07,Australia-Gangavaram,Capesize,14.69,2025,11,7,4,14.65,14.18,1296.1,1230.0,1185.5
2025-11-14,Australia-Gangavaram,Capesize,13.71,2025,11,14,4,14.69,14.39,1158.5,1192.1,1296.1
2025-11-21,Australia-Gangavaram,Capesize,15.04,2025,11,21,4,13.71,13.16,1242.0,1220.3,1158.5
2025-11-28,Australia-Gangavaram,Capesize,17.09,2025,11,28,4,15.04,14.1,1231.0,1205.5,1242.0
2025-12-05,Australia-Gangavaram,Capesize,15.29,2025,12,5,4,17.09,16.11,1119.0,1264.5,1231.0
2025-12-12,Australia-Gangavaram,Capesize,15.67,2025,12,12,4,15.29,16.27,1286.9,1188.5,1119.0
2025-12-19,Australia-Gangavaram,Capesize,16.81,2025,12,19,4,15.67,14.65,1246.9,1260.6,1286.9
2025-12-26,Australia-Gangavaram,Capesize,16.97,2025,12,26,4,16.81,14.69,1316.4,1408.1,1246.9
2026-01-02,Australia-Gangavaram,Capesize,17.06,2026,1,2,4,16.97,13.71,1356.8,1305.2,1316.4
2026-01-09,Australia-Gangavaram,Capesize,18.41,2026,1,9,4,17.06,15.04,1347.2,1209.1,1356.8
2026-01-16,Australia-Gangavaram,Capesize,17.84,2026,1,16,4,18.41,17.09,1268.9,1403.0,1347.2
2026-01-23,Australia-Gangavaram,Capesize,17.02,2026,1,23,4,17.84,15.29,1399.5,1401.1,1268.9
2026-01-30,Australia-Gangavaram,Capesize,19.61,2026,1,30,4,17.02,15.67,1528.6,1467.4,1399.5
2026-02-06,Australia-Gangavaram,Capesize,19.29,2026,2,6,4,19.61,16.81,1417.4,1423.0,1528.6
2026-02-13,Australia-Gangavaram,Capesize,18.98,2026,2,13,4,19.29,16.97,1578.6,1347.8,1417.4
2026-02-20,Australia-Gangavaram,Capesize,18.97,2026,2,20,4,18.98,17.06,1403.5,1499.1,1578.6
2026-02-27,Australia-Gangavaram,Capesize,20.57,2026,2,27,4,18.97,18.41,1635.4,1591.4,1403.5
2026-03-06,Australia-Gangavaram,Capesize,20.03,2026,3,6,4,20.57,17.84,1578.4,1586.5,1635.4
2026-03-13,Australia-Gangavaram,Capesize,19.52,2026,3,13,4,20.03,17.02,1480.1,1592.1,1578.4
2026-03-20,Australia-Gangavaram,Capesize,20.5,2026,3,20,4,19.52,19.61,1690.7,1672.6,1480.1
2026-03-27,Australia-Gangavaram,Capesize,20.08,2026,3,27,4,20.5,19.29,1715.8,1657.2,1690.7
2026-04-03,Australia-Gangavaram,Capesize,20.07,2026,4,3,4,20.08,18.98,1720.6,1636.3,1715.8
2026-04-10,Australia-Gangavaram,Capesize,19.9,2026,4,10,4,20.07,18.97,1719.7,1754.6,1720.6
2026-04-17,Australia-Gangavaram,Capesize,22.01,2026,4,17,4,19.9,20.57,1741.8,1824.3,1719.7
2026-04-24,Australia-Gangavaram,Capesize,21.53,2026,4,24,4,22.01,20.03,1737.8,1690.2,1741.8
2026-05-01,Australia-Gangavaram,Capesize,21.42,2026,5,1,4,21.53,19.52,1804.6,1740.5,1737.8
2026-05-08,Australia-Gangavaram,Capesize,21.61,2026,5,8,4,21.42,20.5,1867.4,1799.7,1804.6
2026-05-15,Australia-Gangavaram,Capesize,20.37,2026,5,15,4,21.61,20.08,1800.6,1930.8,1867.4
2026-05-22,Australia-Gangavaram,Capesize,20.7,2026,5,22,4,20.37,20.07,1884.4,1928.1,1800.6
2026-05-29,Australia-Gangavaram,Capesize,20.82,2026,5,29,4,20.7,19.9,1775.5,1852.0,1884.4
2026-06-05,Australia-Gangavaram,Capesize,21.08,2026,6,5,4,20.82,22.01,1893.6,1773.8,1775.5
2026-06-12,Australia-Gangavaram,Capesize,20.89,2026,6,12,4,21.08,21.53,1910.5,1884.3,1893.6
2026-06-19,Australia-Gangavaram,Capesize,20.38,2026,6,19,4,20.89,21.42,1882.1,2027.3,1910.5
2026-06-26,Australia-Gangavaram,Capesize,20.07,2026,6,26,4,20.38,21.61,1836.2,1969.2,1882.1
2026-07-03,Australia-Gangavaram,Capesize,20.1,2026,7,3,4,20.07,20.37,1941.0,1869.2,1836.2
2026-07-10,Australia-Gangavaram,Capesize,20.17,2026,7,10,4,20.1,20.7,1862.4,1845.2,1941.0
2026-07-17,Australia-Gangavaram,Capesize,18.21,2026,7,17,4,20.17,20.82,1877.2,2024.2,1862.4
2026-07-24,Australia-Gangavaram,Capesize,20.71,2026,7,24,4,18.21,21.08,1881.8,1966.6,1877.2
2026-07-31,Australia-Gangavaram,Capesize,18.13,2026,7,31,4,20.71,20.89,1881.8,1869.8,1881.8
2026-08-07,Australia-Gangavaram,Capesize,20.02,2026,8,7,4,18.13,20.38,1944.8,1823.2,1881.8
2026-08-14,Australia-Gangavaram,Capesize,19.15,2026,8,14,4,20.02,20.07,1922.7,1935.5,1944.8
2026-08-21,Australia-Gangavaram,Capesize,16.83,2026,8,21,4,19.15,20.1,1890.6,1916.5,1922.7
2026-08-28,Australia-Gangavaram,Capesize,18.28,2026,8,28,4,16.83,20.17,1863.2,1967.9,1890.6
2018-02-23,Australia-Paradip,Capesize,25.24,2018,2,23,4,23.13,20.11,2306.9,2170.6,2171.5
2018-03-02,Australia-Paradip,Capesize,23.54,2018,3,2,4,25.24,20.29,2308.2,2272.3,2306.9
2018-03-09,Australia-Paradip,Capesize,24.04,2018,3,9,4,23.54,21.49,2291.4,2274.8,2308.2
2018-03-16,Australia-Paradip,Capesize,23.9,2018,3,16,4,24.04,23.27,2287.3,2280.0,2291.4
2018-03-23,Australia-Paradip,Capesize,25.86,2018,3,23,4,23.9,20.62,2331.8,2306.2,2287.3
2018-03-30,Australia-Paradip,Capesize,23.36,2018,3,30,4,25.86,23.21,2384.8,2367.6,2331.8
2018-04-06,Australia-Paradip,Capesize,25.05,2018,4,6,4,23.36,23.13,2410.1,2433.8,2384.8
2018-04-13,Australia-Paradip,Capesize,24.33,2018,4,13,4,25.05,25.24,2378.3,2408.3,2410.1
2018-04-20,Australia-Paradip,Capesize,25.04,2018,4,20,4,24.33,23.54,2446.4,2291.5,2378.3
2018-04-27,Australia-Paradip,Capesize,26.45,2018,4,27,4,25.04,24.04,2390.1,2359.0,2446.4
2018-05-04,Australia-Paradip,Capesize,25.21,2018,5,4,4,26.45,23.9,2345.4,2418.0,2390.1
2018-05-11,Australia-Paradip,Capesize,27.12,2018,5,11,4,25.21,25.86,2388.1,2331.1,2345.4
2018-05-18,Australia-Paradip,Capesize,24.81,2018,5,18,4,27.12,23.36,2412.5,2456.3,2388.1
2018-05-25,Australia-Paradip,Capesize,24.14,2018,5,25,4,24.81,25.05,2323.4,2458.5,2412.5
2018-06-01,Australia-Paradip,Capesize,22.75,2018,6,1,4,24.14,24.33,2323.7,2402.6,2323.4
2018-06-08,Australia-Paradip,Capesize,24.23,2018,6,8,4,22.75,25.04,2297.5,2354.7,2323.7
2018-06-15,Australia-Paradip,Capesize,22.83,2018,6,15,4,24.23,26.45,2241.2,2273.7,2297.5
2018-06-22,Australia-Paradip,Capesize,20.8,2018,6,22,4,22.83,25.21,2128.9,2195.7,2241.2
2018-06-29,Australia-Paradip,Capesize,22.07,2018,6,29,4,20.8,27.12,2197.3,2128.1,2128.9
2018-07-06,Australia-Paradip,Capesize,21.69,2018,7,6,4,22.07,24.81,2149.3,2157.8,2197.3
2018-07-13,Australia-Paradip,Capesize,22.03,2018,7,13,4,21.69,24.14,2189.9,2083.8,2149.3
2018-07-20,Australia-Paradip,Capesize,21.12,2018,7,20,4,22.03,22.75,2139.2,2033.8,2189.9
2018-07-27,Australia-Paradip,Capesize,18.75,2018,7,27,4,21.12,24.23,1987.2,1970.1,2139.2
2018-08-03,Australia-Paradip,Capesize,20.35,2018,8,3,4,18.75,22.83,2085.5,1949.0,1987.2
2018-08-10,Australia-Paradip,Capesize,18.39,2018,8,10,4,20.35,20.8,1865.5,1949.7,2085.5
2018-08-17,Australia-Paradip,Capesize,19.58,2018,8,17,4,18.39,22.07,1900.8,1835.8,1865.5
2018-08-24,Australia-Paradip,Capesize,18.66,2018,8,24,4,19.58,21.69,1810.9,1794.4,1900.8
2018-08-31,Australia-Paradip,Capesize,17.16,2018,8,31,4,18.66,22.03,1627.8,1781.5,1810.9
2018-09-07,Australia-Paradip,Capesize,17.26,2018,9,7,4,17.16,21.12,1667.4,1690.0,1627.8
2018-09-14,Australia-Paradip,Capesize,17.12,2018,9,14,4,17.26,18.75,1700.8,1672.9,1667.4
2018-09-21,Australia-Paradip,Capesize,17.37,2018,9,21,4,17.12,20.35,1661.0,1623.6,1700.8
2018-09-28,Australia-Paradip,Capesize,17.82,2018,9,28,4,17.37,18.39,1631.5,1612.4,1661.0
2018-10-05,Australia-Paradip,Capesize,17.85,2018,10,5,4,17.82,19.58,1633.9,1646.5,1631.5
2018-10-12,Australia-Paradip,Capesize,16.72,2018,10,12,4,17.85,18.66,1471.8,1552.6,1633.9
2018-10-19,Australia-Paradip,Capesize,15.56,2018,10,19,4,16.72,17.16,1573.8,1658.5,1471.8
2018-10-26,Australia-Paradip,Capesize,17.28,2018,10,26,4,15.56,17.26,1661.9,1572.7,1573.8
2018-11-02,Australia-Paradip,Capesize,17.24,2018,11,2,4,17.28,17.12,1594.7,1588.4,1661.9
2018-11-09,Australia-Paradip,Capesize,16.56,2018,11,9,4,17.24,17.37,1584.1,1561.8,1594.7
2018-11-16,Australia-Paradip,Capesize,17.78,2018,11,16,4,16.56,17.82,1695.6,1662.8,1584.1
2018-11-23,Australia-Paradip,Capesize,17.83,2018,11,23,4,17.78,17.85,1565.8,1632.0,1695.6
2018-11-30,Australia-Paradip,Capesize,18.16,2018,11,30,4,17.83,16.72,1627.9,1652.3,1565.8
2018-12-07,Australia-Paradip,Capesize,17.78,2018,12,7,4,18.16,15.56,1695.0,1690.3,1627.9
2018-12-14,Australia-Paradip,Capesize,19.75,2018,12,14,4,17.78,17.28,1715.5,1757.6,1695.0
2018-12-21,Australia-Paradip,Capesize,20.65,2018,12,21,4,19.75,17.24,1798.3,1751.8,1715.5
2018-12-28,Australia-Paradip,Capesize,19.98,2018,12,28,4,20.65,16.56,1772.4,1802.5,1798.3
2019-01-04,Australia-Paradip,Capesize,22.31,2019,1,4,4,19.98,17.78,1980.9,1937.9,1772.4
2019-01-11,Australia-Paradip,Capesize,20.72,2019,1,11,4,22.31,17.83,1936.0,1901.2,1980.9
2019-01-18,Australia-Paradip,Capesize,21.31,2019,1,18,4,20.72,18.16,1960.2,1929.1,1936.0
2019-01-25,Australia-Paradip,Capesize,22.62,2019,1,25,4,21.31,17.78,2010.3,2099.3,1960.2
2019-02-01,Australia-Paradip,Capesize,22.92,2019,2,1,4,22.62,19.75,2038.5,2089.5,2010.3
2019-02-08,Australia-Paradip,Capesize,24.01,2019,2,8,4,22.92,20.65,2176.7,2043.9,2038.5
2019-02-15,Australia-Paradip,Capesize,24.31,2019,2,15,4,24.01,19.98,2253.8,2176.9,2176.7
2019-02-22,Australia-Paradip,Capesize,24.94,2019,2,22,4,24.31,22.31,2335.2,2271.9,2253.8
2019-03-01,Australia-Paradip,Capesize,24.61,2019,3,1,4,24.94,20.72,2298.9,2400.7,2335.2
2019-03-08,Australia-Paradip,Capesize,24.9,2019,3,8,4,24.61,21.31,2424.4,2425.2,2298.9
2019-03-15,Australia-Paradip,Capesize,25.64,2019,3,15,4,24.9,22.62,2357.8,2534.1,2424.4
2019-03-22,Australia-Paradip,Capesize,26.73,2019,3,22,4,25.64,22.92,2449.9,2540.0,2357.8
2019-03-29,Australia-Paradip,Capesize,24.98,2019,3,29,4,26.73,24.01,2500.1,2482.5,2449.9
2019-04-05,Australia-Paradip,Capesize,25.42,2019,4,5,4,24.98,24.31,2550.0,2545.2,2500.1
2019-04-12,Australia-Paradip,Capesize,25.06,2019,4,12,4,25.42,24.94,2623.0,2602.4,2550.0
2019-04-19,Australia-Paradip,Capesize,26.72,2019,4,19,4,25.06,24.61,2661.0,2610.5,2623.0
2019-04-26,Australia-Paradip,Capesize,25.11,2019,4,26,4,26.72,24.9,2663.9,2598.0,2661.0
2019-05-03,Australia-Paradip,Capesize,27.22,2019,5,3,4,25.11,25.64,2726.3,2611.2,2663.9
2019-05-10,Australia-Paradip,Capesize,26.46,2019,5,10,4,27.22,26.73,2658.8,2701.1,2726.3
2019-05-17,Australia-Paradip,Capesize,26.2,2019,5,17,4,26.46,24.98,2695.0,2694.3,2658.8
2019-05-24,Australia-Paradip,Capesize,26.36,2019,5,24,4,26.2,25.42,2748.6,2744.6,2695.0
2019-05-31,Australia-Paradip,Capesize,25.46,2019,5,31,4,26.36,25.06,2600.5,2697.5,2748.6
2019-06-07,Australia-Paradip,Capesize,26.8,2019,6,7,4,25.46,26.72,2630.2,2683.6,2600.5
2019-06-14,Australia-Paradip,Capesize,26.51,2019,6,14,4,26.8,25.11,2665.3,2693.3,2630.2
2019-06-21,Australia-Paradip,Capesize,24.01,2019,6,21,4,26.51,27.22,2669.9,2559.0,2665.3
2019-06-28,Australia-Paradip,Capesize,24.03,2019,6,28,4,24.01,26.46,2612.1,2618.6,2669.9
2019-07-05,Australia-Paradip,Capesize,24.12,2019,7,5,4,24.03,26.2,2542.9,2554.6,2612.1
2019-07-12,Australia-Paradip,Capesize,24.55,2019,7,12,4,24.12,26.36,2626.3,2637.5,2542.9
2019-07-19,Australia-Paradip,Capesize,23.56,2019,7,19,4,24.55,25.46,2536.0,2486.7,2626.3
2019-07-26,Australia-Paradip,Capesize,22.24,2019,7,26,4,23.56,26.8,2380.4,2425.1,2536.0
2019-08-02,Australia-Paradip,Capesize,21.41,2019,8,2,4,22.24,26.51,2304.5,2373.1,2380.4
2019-08-09,Australia-Paradip,Capesize,20.54,2019,8,9,4,21.41,24.01,2297.7,2358.7,2304.5
2019-08-16,Australia-Paradip,Capesize,20.92,2019,8,16,4,20.54,24.03,2285.7,2247.6,2297.7
2019-08-23,Australia-Paradip,Capesize,20.93,2019,8,23,4,20.92,24.12,2212.3,2334.6,2285.7
2019-08-30,Australia-Paradip,Capesize,19.8,2019,8,30,4,20.93,24.55,2054.5,2084.9,2212.3
2019-09-06,Australia-Paradip,Capesize,18.3,2019,9,6,4,19.8,23.56,2053.2,2040.6,2054.5
2019-09-13,Australia-Paradip,Capesize,18.9,2019,9,13,4,18.3,22.24,2018.5,1989.6,2053.2
2019-09-20,Australia-Paradip,Capesize,20.14,2019,9,20,4,18.9,21.41,1988.8,1979.4,2018.5
2019-09-27,Australia-Paradip,Capesize,18.56,2019,9,27,4,20.14,20.54,1907.9,1926.7,1988.8
2019-10-04,Australia-Paradip,Capesize,19.4,2019,10,4,4,18.56,20.92,1825.4,1906.7,1907.9
2019-10-11,Australia-Paradip,Capesize,17.42,2019,10,11,4,19.4,20.93,1724.4,1738.7,1825.4
2019-10-18,Australia-Paradip,Capesize,16.04,2019,10,18,4,17.42,19.8,1675.6,1751.1,1724.4
2019-10-25,Australia-Paradip,Capesize,16.9,2019,10,25,4,16.04,18.3,1692.2,1658.3,1675.6
2019-11-01,Australia-Paradip,Capesize,17.43,2019,11,1,4,16.9,18.9,1608.1,1568.8,1692.2
2019-11-08,Australia-Paradip,Capesize,16.86,2019,11,8,4,17.43,20.14,1559.8,1526.8,1608.1
2019-11-15,Australia-Paradip,Capesize,16.93,2019,11,15,4,16.86,18.56,1539.3,1537.2,1559.8
2019-11-22,Australia-Paradip,Capesize,16.9,2019,11,22,4,16.93,19.4,1463.3,1563.0,1539.3
2019-11-29,Australia-Paradip,Capesize,15.88,2019,11,29,4,16.9,17.42,1341.3,1383.8,1463.3
2019-12-06,Australia-Paradip,Capesize,17.66,2019,12,6,4,15.88,16.04,1425.5,1391.8,1341.3
2019-12-13,Australia-Paradip,Capesize,16.97,2019,12,13,4,17.66,16.9,1298.9,1346.2,1425.5
2019-12-20,Australia-Paradip,Capesize,17.18,2019,12,20,4,16.97,17.43,1324.0,1358.0,1298.9
2019-12-27,Australia-Paradip,Capesize,16.81,2019,12,27,4,17.18,16.86,1253.4,1504.7,1324.0
2020-01-03,Australia-Paradip,Capesize,17.38,2020,1,3,4,16.81,16.93,1316.1,1305.5,1253.4
2020-01-10,Australia-Paradip,Capesize,18.2,2020,1,10,4,17.38,16.9,1303.2,1243.5,1316.1
2020-01-17,Australia-Paradip,Capesize,17.8,2020,1,17,4,18.2,15.88,1270.9,1366.1,1303.2
2020-01-24,Australia-Paradip,Capesize,18.09,2020,1,24,4,17.8,17.66,1262.1,1181.1,1270.9
2020-01-31,Australia-Paradip,Capesize,17.78,2020,1,31,4,18.09,16.97,1214.3,1257.5,1262.1
2020-02-07,Australia-Paradip,Capesize,18.5,2020,2,7,4,17.78,17.18,1225.3,1126.5,1214.3
2020-02-14,Australia-Paradip,Capesize,17.95,2020,2,14,4,18.5,16.81,1160.6,1236.6,1225.3
2020-02-21,Australia-Paradip,Capesize,18.09,2020,2,21,4,17.95,17.38,1116.5,1198.5,1160.6
2020-02-28,Australia-Paradip,Capesize,19.22,2020,2,28,4,18.09,18.2,1107.3,1151.3,1116.5
2020-03-06,Australia-Paradip,Capesize,15.65,2020,3,6,4,19.22,17.8,627.5,527.8,1107.3
2020-03-13,Australia-Paradip,Capesize,15.35,2020,3,13,4,15.65,18.09,368.7,569.6,627.5
2020-03-20,Australia-Paradip,Capesize,14.74,2020,3,20,4,15.35,17.78,491.8,454.7,368.7
2020-03-27,Australia-Paradip,Capesize,15.15,2020,3,27,4,14.74,18.5,499.0,482.9,491.8
2020-04-03,Australia-Paradip,Capesize,15.74,2020,4,3,4,15.15,17.95,400.8,434.8,499.0
2020-04-10,Australia-Paradip,Capesize,16.32,2020,4,10,4,15.74,18.09,500.6,411.1,400.8
2020-04-17,Australia-Paradip,Capesize,16.04,2020,4,17,4,16.32,19.22,420.0,430.4,500.6
2020-04-24,Australia-Paradip,Capesize,15.42,2020,4,24,4,16.04,15.65,483.1,347.7,420.0
2020-05-01,Australia-Paradip,Capesize,14.56,2020,5,1,4,15.42,15.35,392.4,414.7,483.1
2020-05-08,Australia-Paradip,Capesize,15.11,2020,5,8,4,14.56,14.74,436.9,329.2,392.4
2020-05-15,Australia-Paradip,Capesize,13.02,2020,5,15,4,15.11,15.15,380.2,443.8,436.9
2020-05-22,Australia-Paradip,Capesize,14.32,2020,5,22,4,13.02,15.74,338.9,300.0,380.2
2020-05-29,Australia-Paradip,Capesize,12.94,2020,5,29,4,14.32,16.32,345.9,340.9,338.9
2020-06-05,Australia-Paradip,Capesize,14.34,2020,6,5,4,12.94,16.04,304.2,300.0,345.9
2020-06-12,Australia-Paradip,Capesize,12.24,2020,6,12,4,14.34,15.42,343.0,300.0,304.2
2020-06-19,Australia-Paradip,Capesize,14.03,2020,6,19,4,12.24,14.56,300.0,300.0,343.0
2020-06-26,Australia-Paradip,Capesize,12.5,2020,6,26,4,14.03,15.11,300.0,300.0,300.0
2020-07-03,Australia-Paradip,Capesize,12.81,2020,7,3,4,12.5,13.02,300.0,300.0,300.0
2020-07-10,Australia-Paradip,Capesize,12.29,2020,7,10,4,12.81,14.32,300.0,300.0,300.0
2020-07-17,Australia-Paradip,Capesize,11.31,2020,7,17,4,12.29,12.94,300.0,300.0,300.0
2020-07-24,Australia-Paradip,Capesize,12.04,2020,7,24,4,11.31,14.34,300.0,300.0,300.0
2020-07-31,Australia-Paradip,Capesize,11.31,2020,7,31,4,12.04,12.24,300.0,300.0,300.0
2020-08-07,Australia-Paradip,Capesize,12.73,2020,8,7,4,11.31,14.03,300.0,300.0,300.0
2020-08-14,Australia-Paradip,Capesize,10.54,2020,8,14,4,12.73,12.5,300.0,300.0,300.0
2020-08-21,Australia-Paradip,Capesize,11.21,2020,8,21,4,10.54,12.81,300.0,300.0,300.0
2020-08-28,Australia-Paradip,Capesize,11.52,2020,8,28,4,11.21,12.29,300.0,300.0,300.0
2020-09-04,Australia-Paradip,Capesize,12.22,2020,9,4,4,11.52,11.31,660.4,646.0,300.0
2020-09-11,Australia-Paradip,Capesize,12.81,2020,9,11,4,12.22,12.04,520.1,601.9,660.4
2020-09-18,Australia-Paradip,Capesize,14.32,2020,9,18,4,12.81,11.31,567.2,536.3,520.1
2020-09-25,Australia-Paradip,Capesize,12.94,2020,9,25,4,14.32,12.73,649.1,594.6,567.2
2020-10-02,Australia-Paradip,Capesize,11.22,2020,10,2,4,12.94,10.54,598.5,526.8,649.1
2020-10-09,Australia-Paradip,Capesize,11.69,2020,10,9,4,11.22,11.21,558.9,504.9,598.5
2020-10-16,Australia-Paradip,Capesize,11.77,2020,10,16,4,11.69,11.52,615.1,654.9,558.9
2020-10-23,Australia-Paradip,Capesize,12.28,2020,10,23,4,11.77,12.22,694.6,679.2,615.1
2020-10-30,Australia-Paradip,Capesize,10.24,2020,10,30,4,12.28,12.81,606.3,606.8,694.6
2020-11-06,Australia-Paradip,Capesize,11.14,2020,11,6,4,10.24,14.32,636.9,651.0,606.3
2020-11-13,Australia-Paradip,Capesize,13.22,2020,11,13,4,11.14,12.94,705.3,709.5,636.9
2020-11-20,Australia-Paradip,Capesize,13.63,2020,11,20,4,13.22,11.22,716.1,686.8,705.3
2020-11-27,Australia-Paradip,Capesize,14.19,2020,11,27,4,13.63,11.69,722.5,744.4,716.1
2020-12-04,Australia-Paradip,Capesize,12.86,2020,12,4,4,14.19,11.77,696.3,717.6,722.5
2020-12-11,Australia-Paradip,Capesize,14.18,2020,12,11,4,12.86,12.28,715.5,774.0,696.3
2020-12-18,Australia-Paradip,Capesize,15.97,2020,12,18,4,14.18,10.24,820.8,854.7,715.5
2020-12-25,Australia-Paradip,Capesize,14.7,2020,12,25,4,15.97,11.14,912.7,865.8,820.8
2021-01-01,Australia-Paradip,Capesize,14.42,2021,1,1,4,14.7,13.22,955.0,975.9,912.7
2021-01-08,Australia-Paradip,Capesize,17.57,2021,1,8,4,14.42,13.63,1032.9,923.1,955.0
2021-01-15,Australia-Paradip,Capesize,16.2,2021,1,15,4,17.57,14.19,986.7,983.6,1032.9
2021-01-22,Australia-Paradip,Capesize,17.63,2021,1,22,4,16.2,12.86,1122.3,996.5,986.7
2021-01-29,Australia-Paradip,Capesize,16.74,2021,1,29,4,17.63,14.18,1093.6,1032.3,1122.3
2021-02-05,Australia-Paradip,Capesize,17.36,2021,2,5,4,16.74,15.97,1099.1,1122.1,1093.6
2021-02-12,Australia-Paradip,Capesize,19.05,2021,2,12,4,17.36,14.7,1168.9,1188.2,1099.1
2021-02-19,Australia-Paradip,Capesize,18.56,2021,2,19,4,19.05,14.42,1269.8,1152.0,1168.9
2021-02-26,Australia-Paradip,Capesize,18.66,2021,2,26,4,18.56,17.57,1224.1,1296.2,1269.8
2021-03-05,Australia-Paradip,Capesize,19.4,2021,3,5,4,18.66,16.2,1245.2,1266.8,1224.1
2021-03-12,Australia-Paradip,Capesize,20.92,2021,3,12,4,19.4,17.63,1239.4,1276.6,1245.2
2021-03-19,Australia-Paradip,Capesize,20.4,2021,3,19,4,20.92,16.74,1356.1,1307.6,1239.4
2021-03-26,Australia-Paradip,Capesize,20.59,2021,3,26,4,20.4,17.36,1370.8,1267.4,1356.1
2021-04-02,Australia-Paradip,Capesize,20.25,2021,4,2,4,20.59,19.05,1287.1,1421.0,1370.8
2021-04-09,Australia-Paradip,Capesize,19.73,2021,4,9,4,20.25,18.56,1297.5,1344.8,1287.1
2021-04-16,Australia-Paradip,Capesize,19.84,2021,4,16,4,19.73,18.66,1305.9,1358.2,1297.5
2021-04-23,Australia-Paradip,Capesize,19.36,2021,4,23,4,19.84,19.4,1359.5,1369.5,1305.9
2021-04-30,Australia-Paradip,Capesize,19.94,2021,4,30,4,19.36,20.92,1226.7,1307.2,1359.5
2021-05-07,Australia-Paradip,Capesize,26.05,2021,5,7,4,19.94,20.4,2783.8,2753.3,1226.7
2021-05-14,Australia-Paradip,Capesize,25.7,2021,5,14,4,26.05,20.59,2815.2,2675.0,2783.8
2021-05-21,Australia-Paradip,Capesize,26.59,2021,5,21,4,25.7,20.25,2801.9,2736.3,2815.2
2021-05-28,Australia-Paradip,Capesize,26.05,2021,5,28,4,26.59,19.73,2772.8,2706.3,2801.9
2021-06-04,Australia-Paradip,Capesize,25.38,2021,6,4,4,26.05,19.84,2631.4,2637.8,2772.8
2021-06-11,Australia-Paradip,Capesize,23.67,2021,6,11,4,25.38,19.36,2581.2,2681.1,2631.4
2021-06-18,Australia-Paradip,Capesize,24.06,2021,6,18,4,23.67,19.94,2563.7,2678.4,2581.2
2021-06-25,Australia-Paradip,Capesize,24.42,2021,6,25,4,24.06,26.05,2586.4,2513.7,2563.7
2021-07-02,Australia-Paradip,Capesize,23.74,2021,7,2,4,24.42,25.7,2535.9,2582.2,2586.4
2021-07-09,Australia-Paradip,Capesize,21.98,2021,7,9,4,23.74,26.59,2399.4,2466.2,2535.9
2021-07-16,Australia-Paradip,Capesize,23.58,2021,7,16,4,21.98,26.05,2500.1,2467.0,2399.4
2021-07-23,Australia-Paradip,Capesize,22.19,2021,7,23,4,23.58,25.38,2439.1,2320.6,2500.1
2021-07-30,Australia-Paradip,Capesize,21.08,2021,7,30,4,22.19,23.67,2299.0,2281.2,2439.1
2021-08-06,Australia-Paradip,Capesize,22.65,2021,8,6,4,21.08,24.06,2267.5,2347.0,2299.0
2021-08-13,Australia-Paradip,Capesize,22.45,2021,8,13,4,22.65,24.42,2296.4,2300.4,2267.5
2021-08-20,Australia-Paradip,Capesize,20.38,2021,8,20,4,22.45,23.74,2224.7,2188.1,2296.4
2021-08-27,Australia-Paradip,Capesize,19.9,2021,8,27,4,20.38,21.98,2151.3,2192.3,2224.7
2021-09-03,Australia-Paradip,Capesize,19.01,2021,9,3,4,19.9,23.58,2126.6,2098.0,2151.3
2021-09-10,Australia-Paradip,Capesize,19.64,2021,9,10,4,19.01,22.19,2068.9,2065.0,2126.6
2021-09-17,Australia-Paradip,Capesize,18.29,2021,9,17,4,19.64,21.08,2060.5,2097.9,2068.9
2021-09-24,Australia-Paradip,Capesize,19.1,2021,9,24,4,18.29,22.65,2094.4,2130.2,2060.5
2021-10-01,Australia-Paradip,Capesize,19.44,2021,10,1,4,19.1,22.45,2106.2,1949.2,2094.4
2021-10-08,Australia-Paradip,Capesize,18.66,2021,10,8,4,19.44,20.38,2070.6,2075.7,2106.2
2021-10-15,Australia-Paradip,Capesize,20.29,2021,10,15,4,18.66,19.9,1987.6,2006.3,2070.6
2021-10-22,Australia-Paradip,Capesize,18.41,2021,10,22,4,20.29,19.01,2064.4,2127.2,1987.6
2021-10-29,Australia-Paradip,Capesize,19.06,2021,10,29,4,18.41,19.64,2025.7,2074.7,2064.4
2021-11-05,Australia-Paradip,Capesize,20.09,2021,11,5,4,19.06,18.29,2087.2,2149.5,2025.7
2021-11-12,Australia-Paradip,Capesize,20.09,2021,11,12,4,20.09,19.1,2169.6,2138.3,2087.2
2021-11-19,Australia-Paradip,Capesize,20.7,2021,11,19,4,20.09,19.44,2198.5,2156.0,2169.6
2021-11-26,Australia-Paradip,Capesize,20.94,2021,11,26,4,20.7,18.66,2260.9,2174.7,2198.5
2021-12-03,Australia-Paradip,Capesize,12.62,2021,12,3,4,20.94,20.29,769.1,724.2,2260.9
2021-12-10,Australia-Paradip,Capesize,14.87,2021,12,10,4,12.62,18.41,808.2,737.9,769.1
2021-12-17,Australia-Paradip,Capesize,16.27,2021,12,17,4,14.87,19.06,977.5,821.1,808.2
2021-12-24,Australia-Paradip,Capesize,15.53,2021,12,24,4,16.27,20.09,996.8,1068.7,977.5
2021-12-31,Australia-Paradip,Capesize,15.45,2021,12,31,4,15.53,20.09,985.7,996.6,996.8
2022-01-07,Australia-Paradip,Capesize,15.39,2022,1,7,4,15.45,20.7,1064.8,1169.6,985.7
2022-01-14,Australia-Paradip,Capesize,16.36,2022,1,14,4,15.39,20.94,1109.5,1188.7,1064.8
2022-01-21,Australia-Paradip,Capesize,17.85,2022,1,21,4,16.36,12.62,1270.3,1228.4,1109.5
2022-01-28,Australia-Paradip,Capesize,18.4,2022,1,28,4,17.85,14.87,1360.2,1390.8,1270.3
2022-02-04,Australia-Paradip,Capesize,18.52,2022,2,4,4,18.4,16.27,1441.4,1564.6,1360.2
2022-02-11,Australia-Paradip,Capesize,19.76,2022,2,11,4,18.52,15.53,1587.7,1420.8,1441.4
2022-02-18,Australia-Paradip,Capesize,20.44,2022,2,18,4,19.76,15.45,1670.0,1588.0,1587.7
2022-02-25,Australia-Paradip,Capesize,21.03,2022,2,25,4,20.44,15.39,1666.2,1769.8,1670.0
2022-03-04,Australia-Paradip,Capesize,22.03,2022,3,4,4,21.03,16.36,1748.9,1789.9,1666.2
2022-03-11,Australia-Paradip,Capesize,21.61,2022,3,11,4,22.03,17.85,1866.9,1935.3,1748.9
2022-03-18,Australia-Paradip,Capesize,22.54,2022,3,18,4,21.61,18.4,1940.8,2005.3,1866.9
2022-03-25,Australia-Paradip,Capesize,21.96,2022,3,25,4,22.54,18.52,1949.5,2055.2,1940.8
2022-04-01,Australia-Paradip,Capesize,23.6,2022,4,1,4,21.96,19.76,2068.0,2131.2,1949.5
2022-04-08,Australia-Paradip,Capesize,21.82,2022,4,8,4,23.6,20.44,2133.8,2195.8,2068.0
2022-04-15,Australia-Paradip,Capesize,23.94,2022,4,15,4,21.82,21.03,2259.7,2330.6,2133.8
2022-04-22,Australia-Paradip,Capesize,23.51,2022,4,22,4,23.94,22.03,2247.7,2298.9,2259.7
2022-04-29,Australia-Paradip,Capesize,24.99,2022,4,29,4,23.51,21.61,2491.9,2420.0,2247.7
2022-05-06,Australia-Paradip,Capesize,24.92,2022,5,6,4,24.99,22.54,2386.8,2439.6,2491.9
2022-05-13,Australia-Paradip,Capesize,26.97,2022,5,13,4,24.92,21.96,2534.5,2457.6,2386.8
2022-05-20,Australia-Paradip,Capesize,25.48,2022,5,20,4,26.97,23.6,2526.3,2494.1,2534.5
2022-05-27,Australia-Paradip,Capesize,24.43,2022,5,27,4,25.48,21.82,2492.5,2439.0,2526.3
2022-06-03,Australia-Paradip,Capesize,23.84,2022,6,3,4,24.43,23.94,2490.5,2479.9,2492.5
2022-06-10,Australia-Paradip,Capesize,25.27,2022,6,10,4,23.84,23.51,2579.3,2477.6,2490.5
2022-06-17,Australia-Paradip,Capesize,24.19,2022,6,17,4,25.27,24.99,2600.4,2601.0,2579.3
2022-06-24,Australia-Paradip,Capesize,24.34,2022,6,24,4,24.19,24.92,2582.5,2612.3,2600.4
2022-07-01,Australia-Paradip,Capesize,22.76,2022,7,1,4,24.34,26.97,2620.8,2624.6,2582.5
2022-07-08,Australia-Paradip,Capesize,23.82,2022,7,8,4,22.76,25.48,2619.5,2606.9,2620.8
2022-07-15,Australia-Paradip,Capesize,21.71,2022,7,15,4,23.82,24.43,2568.5,2568.6,2619.5
2022-07-22,Australia-Paradip,Capesize,24.34,2022,7,22,4,21.71,23.84,2571.4,2551.0,2568.5
2022-07-29,Australia-Paradip,Capesize,22.45,2022,7,29,4,24.34,25.27,2446.9,2521.4,2571.4
2022-08-05,Australia-Paradip,Capesize,23.62,2022,8,5,4,22.45,24.19,2505.7,2493.2,2446.9
2022-08-12,Australia-Paradip,Capesize,22.49,2022,8,12,4,23.62,24.34,2485.3,2647.2,2505.7
2022-08-19,Australia-Paradip,Capesize,21.37,2022,8,19,4,22.49,22.76,2438.4,2551.4,2485.3
2022-08-26,Australia-Paradip,Capesize,23.19,2022,8,26,4,21.37,23.82,2387.4,2480.1,2438.4
2022-09-02,Australia-Paradip,Capesize,22.8,2022,9,2,4,23.19,21.71,2543.0,2496.7,2387.4
2022-09-09,Australia-Paradip,Capesize,20.56,2022,9,9,4,22.8,24.34,2354.4,2371.2,2543.0
2022-09-16,Australia-Paradip,Capesize,20.22,2022,9,16,4,20.56,22.45,2275.6,2380.1,2354.4
2022-09-23,Australia-Paradip,Capesize,21.91,2022,9,23,4,20.22,23.62,2252.0,2242.2,2275.6
2022-09-30,Australia-Paradip,Capesize,19.6,2022,9,30,4,21.91,22.49,2269.5,2312.7,2252.0
2022-10-07,Australia-Paradip,Capesize,20.08,2022,10,7,4,19.6,21.37,2309.4,2274.1,2269.5
2022-10-14,Australia-Paradip,Capesize,20.14,2022,10,14,4,20.08,23.19,2220.3,2240.3,2309.4
2022-10-21,Australia-Paradip,Capesize,21.96,2022,10,21,4,20.14,22.8,2264.2,2209.6,2220.3
2022-10-28,Australia-Paradip,Capesize,20.37,2022,10,28,4,21.96,20.56,2129.7,2145.4,2264.2
2022-11-04,Australia-Paradip,Capesize,20.42,2022,11,4,4,20.37,20.22,2156.9,2304.6,2129.7
2022-11-11,Australia-Paradip,Capesize,20.0,2022,11,11,4,20.42,21.91,2114.6,2234.6,2156.9
2022-11-18,Australia-Paradip,Capesize,21.54,2022,11,18,4,20.0,19.6,2221.4,2125.3,2114.6
2022-11-25,Australia-Paradip,Capesize,20.18,2022,11,25,4,21.54,20.08,2134.9,2087.0,2221.4
2022-12-02,Australia-Paradip,Capesize,21.68,2022,12,2,4,20.18,20.14,2060.8,2086.2,2134.9
2022-12-09,Australia-Paradip,Capesize,20.63,2022,12,9,4,21.68,21.96,2118.9,2152.0,2060.8
2022-12-16,Australia-Paradip,Capesize,20.05,2022,12,16,4,20.63,20.37,1998.8,2061.1,2118.9
2022-12-23,Australia-Paradip,Capesize,21.15,2022,12,23,4,20.05,20.42,2157.6,2061.8,1998.8
2022-12-30,Australia-Paradip,Capesize,20.4,2022,12,30,4,21.15,20.0,2117.6,1975.4,2157.6
2023-01-06,Australia-Paradip,Capesize,23.2,2023,1,6,4,20.4,21.54,2126.6,2044.5,2117.6
2023-01-13,Australia-Paradip,Capesize,22.56,2023,1,13,4,23.2,20.18,2204.7,2096.6,2126.6
2023-01-20,Australia-Paradip,Capesize,23.16,2023,1,20,4,22.56,21.68,2059.7,2186.3,2204.7
2023-01-27,Australia-Paradip,Capesize,22.11,2023,1,27,4,23.16,20.63,2132.5,2109.8,2059.7
2023-02-03,Australia-Paradip,Capesize,20.87,2023,2,3,4,22.11,20.05,2021.6,2170.6,2132.5
2023-02-10,Australia-Paradip,Capesize,21.96,2023,2,10,4,20.87,21.15,2093.7,2135.1,2021.6
2023-02-17,Australia-Paradip,Capesize,23.1,2023,2,17,4,21.96,20.4,2191.5,2089.3,2093.7
2023-02-24,Australia-Paradip,Capesize,25.23,2023,2,24,4,23.1,23.2,2071.5,2148.7,2191.5
2023-03-03,Australia-Paradip,Capesize,24.05,2023,3,3,4,25.23,22.56,2103.4,2160.1,2071.5
2023-03-10,Australia-Paradip,Capesize,22.65,2023,3,10,4,24.05,23.16,2073.0,2058.9,2103.4
2023-03-17,Australia-Paradip,Capesize,24.28,2023,3,17,4,22.65,22.11,2213.0,2130.4,2073.0
2023-03-24,Australia-Paradip,Capesize,23.54,2023,3,24,4,24.28,20.87,2187.6,2159.8,2213.0
2023-03-31,Australia-Paradip,Capesize,26.38,2023,3,31,4,23.54,21.96,2124.5,2103.4,2187.6
2023-04-07,Australia-Paradip,Capesize,22.81,2023,4,7,4,26.38,23.1,2068.9,2073.4,2124.5
2023-04-14,Australia-Paradip,Capesize,22.68,2023,4,14,4,22.81,25.23,2174.1,2046.0,2068.9
2023-04-21,Australia-Paradip,Capesize,23.24,2023,4,21,4,22.68,24.05,2127.3,2173.7,2174.1
2023-04-28,Australia-Paradip,Capesize,23.42,2023,4,28,4,23.24,22.65,1961.7,2114.8,2127.3
2023-05-05,Australia-Paradip,Capesize,23.01,2023,5,5,4,23.42,24.28,2032.7,2008.9,1961.7
2023-05-12,Australia-Paradip,Capesize,23.85,2023,5,12,4,23.01,23.54,2127.0,2100.4,2032.7
2023-05-19,Australia-Paradip,Capesize,22.99,2023,5,19,4,23.85,26.38,2024.5,2062.1,2127.0
2023-05-26,Australia-Paradip,Capesize,23.68,2023,5,26,4,22.99,22.81,2149.8,2017.7,2024.5
2023-06-02,Australia-Paradip,Capesize,22.64,2023,6,2,4,23.68,22.68,2045.5,1911.7,2149.8
2023-06-09,Australia-Paradip,Capesize,21.72,2023,6,9,4,22.64,23.24,2012.6,2069.7,2045.5
2023-06-16,Australia-Paradip,Capesize,22.61,2023,6,16,4,21.72,23.42,1940.0,1986.8,2012.6
2023-06-23,Australia-Paradip,Capesize,20.92,2023,6,23,4,22.61,23.01,1974.0,1921.4,1940.0
2023-06-30,Australia-Paradip,Capesize,22.44,2023,6,30,4,20.92,23.85,1988.1,1957.5,1974.0
2023-07-07,Australia-Paradip,Capesize,21.42,2023,7,7,4,22.44,22.99,1852.7,1953.2,1988.1
2023-07-14,Australia-Paradip,Capesize,20.14,2023,7,14,4,21.42,23.68,1754.6,1913.4,1852.7
2023-07-21,Australia-Paradip,Capesize,18.57,2023,7,21,4,20.14,22.64,1771.6,1704.6,1754.6
2023-07-28,Australia-Paradip,Capesize,19.65,2023,7,28,4,18.57,21.72,1805.7,1707.1,1771.6
2023-08-04,Australia-Paradip,Capesize,18.59,2023,8,4,4,19.65,22.61,1704.0,1688.0,1805.7
2023-08-11,Australia-Paradip,Capesize,17.72,2023,8,11,4,18.59,20.92,1676.0,1755.2,1704.0
2023-08-18,Australia-Paradip,Capesize,19.15,2023,8,18,4,17.72,22.44,1713.0,1773.8,1676.0
2023-08-25,Australia-Paradip,Capesize,17.82,2023,8,25,4,19.15,21.42,1644.4,1665.1,1713.0
2023-09-01,Australia-Paradip,Capesize,18.21,2023,9,1,4,17.82,20.14,1750.1,1786.0,1644.4
2023-09-08,Australia-Paradip,Capesize,16.17,2023,9,8,4,18.21,18.57,1654.2,1684.8,1750.1
2023-09-15,Australia-Paradip,Capesize,17.43,2023,9,15,4,16.17,19.65,1669.2,1660.6,1654.2
2023-09-22,Australia-Paradip,Capesize,15.71,2023,9,22,4,17.43,18.59,1675.7,1585.4,1669.2
2023-09-29,Australia-Paradip,Capesize,17.21,2023,9,29,4,15.71,17.72,1678.1,1648.4,1675.7
2023-10-06,Australia-Paradip,Capesize,16.55,2023,10,6,4,17.21,19.15,1669.6,1606.4,1678.1
2023-10-13,Australia-Paradip,Capesize,17.52,2023,10,13,4,16.55,17.82,1674.2,1605.9,1669.6
2023-10-20,Australia-Paradip,Capesize,16.68,2023,10,20,4,17.52,18.21,1537.6,1535.1,1674.2
2023-10-27,Australia-Paradip,Capesize,17.21,2023,10,27,4,16.68,16.17,1733.0,1575.2,1537.6
2023-11-03,Australia-Paradip,Capesize,18.03,2023,11,3,4,17.21,17.43,1625.2,1588.2,1733.0
2023-11-10,Australia-Paradip,Capesize,18.09,2023,11,10,4,18.03,15.71,1638.7,1569.7,1625.2
2023-11-17,Australia-Paradip,Capesize,18.39,2023,11,17,4,18.09,17.21,1563.7,1529.4,1638.7
2023-11-24,Australia-Paradip,Capesize,17.72,2023,11,24,4,18.39,16.55,1635.0,1637.1,1563.7
2023-12-01,Australia-Paradip,Capesize,19.85,2023,12,1,4,17.72,17.52,1698.0,1605.4,1635.0
2023-12-08,Australia-Paradip,Capesize,18.24,2023,12,8,4,19.85,16.68,1666.2,1646.2,1698.0
2023-12-15,Australia-Paradip,Capesize,18.52,2023,12,15,4,18.24,17.21,1631.3,1702.6,1666.2
2023-12-22,Australia-Paradip,Capesize,19.9,2023,12,22,4,18.52,18.03,1714.1,1723.9,1631.3
2023-12-29,Australia-Paradip,Capesize,20.14,2023,12,29,4,19.9,18.09,1814.5,1789.6,1714.1
2024-01-05,Australia-Paradip,Capesize,20.06,2024,1,5,4,20.14,18.39,1774.9,1647.3,1814.5
2024-01-12,Australia-Paradip,Capesize,19.48,2024,1,12,4,20.06,17.72,1733.5,1741.7,1774.9
2024-01-19,Australia-Paradip,Capesize,18.34,2024,1,19,4,19.48,19.85,1707.1,1739.8,1733.5
2024-01-26,Australia-Paradip,Capesize,20.82,2024,1,26,4,18.34,18.24,1772.1,1801.2,1707.1
2024-02-02,Australia-Paradip,Capesize,19.88,2024,2,2,4,20.82,18.52,1846.3,1783.6,1772.1
2024-02-09,Australia-Paradip,Capesize,21.37,2024,2,9,4,19.88,19.9,1858.9,1794.2,1846.3
2024-02-16,Australia-Paradip,Capesize,21.5,2024,2,16,4,21.37,20.14,1868.0,1806.4,1858.9
2024-02-23,Australia-Paradip,Capesize,20.72,2024,2,23,4,21.5,20.06,1803.9,1810.3,1868.0
2024-03-01,Australia-Paradip,Capesize,22.75,2024,3,1,4,20.72,19.48,1850.9,1773.2,1803.9
2024-03-08,Australia-Paradip,Capesize,22.05,2024,3,8,4,22.75,18.34,1852.0,1801.3,1850.9
2024-03-15,Australia-Paradip,Capesize,21.42,2024,3,15,4,22.05,20.82,1848.7,1789.1,1852.0
2024-03-22,Australia-Paradip,Capesize,20.48,2024,3,22,4,21.42,19.88,1807.5,1906.3,1848.7
2024-03-29,Australia-Paradip,Capesize,22.58,2024,3,29,4,20.48,21.37,1778.0,1712.1,1807.5
2024-04-05,Australia-Paradip,Capesize,22.81,2024,4,5,4,22.58,21.5,1696.2,1795.0,1778.0
2024-04-12,Australia-Paradip,Capesize,19.62,2024,4,12,4,22.81,20.72,1665.8,1708.5,1696.2
2024-04-19,Australia-Paradip,Capesize,20.67,2024,4,19,4,19.62,22.75,1656.0,1718.3,1665.8
2024-04-26,Australia-Paradip,Capesize,21.64,2024,4,26,4,20.67,22.05,1635.3,1702.1,1656.0
2024-05-03,Australia-Paradip,Capesize,21.14,2024,5,3,4,21.64,21.42,1523.5,1574.2,1635.3
2024-05-10,Australia-Paradip,Capesize,19.04,2024,5,10,4,21.14,20.48,1498.9,1520.2,1523.5
2024-05-17,Australia-Paradip,Capesize,20.97,2024,5,17,4,19.04,22.58,1531.9,1537.9,1498.9
2024-05-24,Australia-Paradip,Capesize,20.86,2024,5,24,4,20.97,22.81,1385.7,1369.4,1531.9
2024-05-31,Australia-Paradip,Capesize,18.36,2024,5,31,4,20.86,19.62,1373.8,1360.2,1385.7
2024-06-07,Australia-Paradip,Capesize,16.57,2024,6,7,4,18.36,20.67,1313.4,1317.3,1373.8
2024-06-14,Australia-Paradip,Capesize,16.8,2024,6,14,4,16.57,21.64,1188.1,1245.8,1313.4
2024-06-21,Australia-Paradip,Capesize,15.51,2024,6,21,4,16.8,21.14,1102.2,1126.9,1188.1
2024-06-28,Australia-Paradip,Capesize,16.87,2024,6,28,4,15.51,19.04,1055.9,1015.2,1102.2
2024-07-05,Australia-Paradip,Capesize,16.05,2024,7,5,4,16.87,20.97,948.0,956.3,1055.9
2024-07-12,Australia-Paradip,Capesize,15.16,2024,7,12,4,16.05,20.86,910.0,809.3,948.0
2024-07-19,Australia-Paradip,Capesize,15.25,2024,7,19,4,15.16,18.36,906.6,811.2,910.0
2024-07-26,Australia-Paradip,Capesize,14.45,2024,7,26,4,15.25,16.57,765.8,714.1,906.6
2024-08-02,Australia-Paradip,Capesize,14.61,2024,8,2,4,14.45,16.8,660.9,681.6,765.8
2024-08-09,Australia-Paradip,Capesize,12.51,2024,8,9,4,14.61,15.51,601.9,577.4,660.9
2024-08-16,Australia-Paradip,Capesize,12.39,2024,8,16,4,12.51,16.87,495.5,569.6,601.9
2024-08-23,Australia-Paradip,Capesize,11.17,2024,8,23,4,12.39,16.05,451.6,450.0,495.5
2024-08-30,Australia-Paradip,Capesize,10.58,2024,8,30,4,11.17,15.16,310.1,346.2,451.6
2024-09-06,Australia-Paradip,Capesize,11.84,2024,9,6,4,10.58,15.25,300.0,300.0,310.1
2024-09-13,Australia-Paradip,Capesize,10.6,2024,9,13,4,11.84,14.45,300.0,300.0,300.0
2024-09-20,Australia-Paradip,Capesize,9.74,2024,9,20,4,10.6,14.61,300.0,300.0,300.0
2024-09-27,Australia-Paradip,Capesize,11.67,2024,9,27,4,9.74,12.51,325.3,300.0,300.0
2024-10-04,Australia-Paradip,Capesize,9.22,2024,10,4,4,11.67,12.39,300.0,300.0,325.3
2024-10-11,Australia-Paradip,Capesize,10.73,2024,10,11,4,9.22,11.17,300.0,300.0,300.0
2024-10-18,Australia-Paradip,Capesize,10.16,2024,10,18,4,10.73,10.58,300.0,300.0,300.0
2024-10-25,Australia-Paradip,Capesize,11.69,2024,10,25,4,10.16,11.84,300.0,300.0,300.0
2024-11-01,Australia-Paradip,Capesize,11.1,2024,11,1,4,11.69,10.6,300.0,300.0,300.0
2024-11-08,Australia-Paradip,Capesize,10.62,2024,11,8,4,11.1,9.74,300.0,300.0,300.0
2024-11-15,Australia-Paradip,Capesize,12.97,2024,11,15,4,10.62,11.67,300.0,300.0,300.0
2024-11-22,Australia-Paradip,Capesize,10.8,2024,11,22,4,12.97,9.22,300.0,300.0,300.0
2024-11-29,Australia-Paradip,Capesize,11.28,2024,11,29,4,10.8,10.73,300.0,300.0,300.0
2024-12-06,Australia-Paradip,Capesize,11.05,2024,12,6,4,11.28,10.16,300.0,300.0,300.0
2024-12-13,Australia-Paradip,Capesize,12.26,2024,12,13,4,11.05,11.69,300.0,300.0,300.0
2024-12-20,Australia-Paradip,Capesize,11.96,2024,12,20,4,12.26,11.1,300.0,300.0,300.0
2024-12-27,Australia-Paradip,Capesize,12.98,2024,12,27,4,11.96,10.62,300.0,300.0,300.0
2025-01-03,Australia-Paradip,Capesize,13.67,2025,1,3,4,12.98,12.97,338.4,300.0,300.0
2025-01-10,Australia-Paradip,Capesize,12.77,2025,1,10,4,13.67,10.8,333.0,317.3,338.4
2025-01-17,Australia-Paradip,Capesize,12.17,2025,1,17,4,12.77,11.28,394.4,349.6,333.0
2025-01-24,Australia-Paradip,Capesize,14.77,2025,1,24,4,12.17,11.05,501.5,531.2,394.4
2025-01-31,Australia-Paradip,Capesize,15.72,2025,1,31,4,14.77,12.26,510.3,495.5,501.5
2025-02-07,Australia-Paradip,Capesize,14.89,2025,2,7,4,15.72,11.96,541.1,611.7,510.3
2025-02-14,Australia-Paradip,Capesize,16.58,2025,2,14,4,14.89,12.98,734.5,543.1,541.1
2025-02-21,Australia-Paradip,Capesize,16.62,2025,2,21,4,16.58,13.67,651.0,686.5,734.5
2025-02-28,Australia-Paradip,Capesize,16.92,2025,2,28,4,16.62,12.77,781.7,719.2,651.0
2025-03-07,Australia-Paradip,Capesize,17.65,2025,3,7,4,16.92,12.17,901.9,831.0,781.7
2025-03-14,Australia-Paradip,Capesize,17.08,2025,3,14,4,17.65,14.77,913.8,939.3,901.9
2025-03-21,Australia-Paradip,Capesize,17.93,2025,3,21,4,17.08,15.72,990.8,856.6,913.8
2025-03-28,Australia-Paradip,Capesize,17.25,2025,3,28,4,17.93,14.89,994.5,1057.9,990.8
2025-04-04,Australia-Paradip,Capesize,19.02,2025,4,4,4,17.25,16.58,1081.3,1133.8,994.5
2025-04-11,Australia-Paradip,Capesize,19.85,2025,4,11,4,19.02,16.62,1155.6,1110.7,1081.3
2025-04-18,Australia-Paradip,Capesize,19.92,2025,4,18,4,19.85,16.92,1228.1,1134.4,1155.6
2025-04-25,Australia-Paradip,Capesize,19.39,2025,4,25,4,19.92,17.65,1341.8,1228.8,1228.1
2025-05-02,Australia-Paradip,Capesize,19.99,2025,5,2,4,19.39,17.08,1220.7,1407.5,1341.8
2025-05-09,Australia-Paradip,Capesize,19.53,2025,5,9,4,19.99,17.93,1447.9,1327.1,1220.7
2025-05-16,Australia-Paradip,Capesize,19.24,2025,5,16,4,19.53,17.25,1358.5,1402.9,1447.9
2025-05-23,Australia-Paradip,Capesize,20.24,2025,5,23,4,19.24,19.02,1431.4,1373.7,1358.5
2025-05-30,Australia-Paradip,Capesize,19.05,2025,5,30,4,20.24,19.85,1448.9,1420.9,1431.4
2025-06-06,Australia-Paradip,Capesize,19.67,2025,6,6,4,19.05,19.92,1391.3,1478.5,1448.9
2025-06-13,Australia-Paradip,Capesize,20.03,2025,6,13,4,19.67,19.39,1449.4,1490.9,1391.3
2025-06-20,Australia-Paradip,Capesize,17.88,2025,6,20,4,20.03,19.99,1325.6,1505.2,1449.4
2025-06-27,Australia-Paradip,Capesize,19.13,2025,6,27,4,17.88,19.53,1454.5,1423.6,1325.6
2025-07-04,Australia-Paradip,Capesize,18.07,2025,7,4,4,19.13,19.24,1473.0,1393.4,1454.5
2025-07-11,Australia-Paradip,Capesize,18.5,2025,7,11,4,18.07,20.24,1503.0,1415.4,1473.0
2025-07-18,Australia-Paradip,Capesize,18.0,2025,7,18,4,18.5,19.05,1441.0,1446.0,1503.0
2025-07-25,Australia-Paradip,Capesize,16.14,2025,7,25,4,18.0,19.67,1411.3,1424.0,1441.0
2025-08-01,Australia-Paradip,Capesize,17.45,2025,8,1,4,16.14,20.03,1376.9,1464.1,1411.3
2025-08-08,Australia-Paradip,Capesize,17.88,2025,8,8,4,17.45,17.88,1404.1,1413.5,1376.9
2025-08-15,Australia-Paradip,Capesize,16.24,2025,8,15,4,17.88,19.13,1419.9,1376.3,1404.1
2025-08-22,Australia-Paradip,Capesize,16.28,2025,8,22,4,16.24,18.07,1381.7,1378.7,1419.9
2025-08-29,Australia-Paradip,Capesize,15.83,2025,8,29,4,16.28,18.5,1369.7,1286.8,1381.7
2025-09-05,Australia-Paradip,Capesize,16.4,2025,9,5,4,15.83,18.0,1277.9,1337.5,1369.7
2025-09-12,Australia-Paradip,Capesize,14.64,2025,9,12,4,16.4,16.14,1314.5,1328.7,1277.9
2025-09-19,Australia-Paradip,Capesize,14.17,2025,9,19,4,14.64,17.45,1229.3,1276.5,1314.5
2025-09-26,Australia-Paradip,Capesize,15.55,2025,9,26,4,14.17,17.88,1262.4,1263.9,1229.3
2025-10-03,Australia-Paradip,Capesize,16.23,2025,10,3,4,15.55,16.24,1199.6,1293.1,1262.4
2025-10-10,Australia-Paradip,Capesize,15.91,2025,10,10,4,16.23,16.28,1194.9,1272.2,1199.6
2025-10-17,Australia-Paradip,Capesize,15.76,2025,10,17,4,15.91,15.83,1246.7,1230.7,1194.9
2025-10-24,Australia-Paradip,Capesize,17.35,2025,10,24,4,15.76,16.4,1236.4,1223.0,1246.7
2025-10-31,Australia-Paradip,Capesize,14.25,2025,10,31,4,17.35,14.64,1185.5,1175.0,1236.4
2025-11-07,Australia-Paradip,Capesize,14.1,2025,11,7,4,14.25,14.17,1296.1,1230.0,1185.5
2025-11-14,Australia-Paradip,Capesize,15.38,2025,11,14,4,14.1,15.55,1158.5,1192.1,1296.1
2025-11-21,Australia-Paradip,Capesize,13.96,2025,11,21,4,15.38,16.23,1242.0,1220.3,1158.5
2025-11-28,Australia-Paradip,Capesize,15.0,2025,11,28,4,13.96,15.91,1231.0,1205.5,1242.0
2025-12-05,Australia-Paradip,Capesize,16.21,2025,12,5,4,15.0,15.76,1119.0,1264.5,1231.0
2025-12-12,Australia-Paradip,Capesize,16.79,2025,12,12,4,16.21,17.35,1286.9,1188.5,1119.0
2025-12-19,Australia-Paradip,Capesize,16.3,2025,12,19,4,16.79,14.25,1246.9,1260.6,1286.9
2025-12-26,Australia-Paradip,Capesize,16.66,2025,12,26,4,16.3,14.1,1316.4,1408.1,1246.9
2026-01-02,Australia-Paradip,Capesize,19.22,2026,1,2,4,16.66,15.38,1356.8,1305.2,1316.4
2026-01-09,Australia-Paradip,Capesize,17.39,2026,1,9,4,19.22,13.96,1347.2,1209.1,1356.8
2026-01-16,Australia-Paradip,Capesize,18.04,2026,1,16,4,17.39,15.0,1268.9,1403.0,1347.2
2026-01-23,Australia-Paradip,Capesize,18.85,2026,1,23,4,18.04,16.21,1399.5,1401.1,1268.9
2026-01-30,Australia-Paradip,Capesize,18.2,2026,1,30,4,18.85,16.79,1528.6,1467.4,1399.5
2026-02-06,Australia-Paradip,Capesize,19.77,2026,2,6,4,18.2,16.3,1417.4,1423.0,1528.6
2026-02-13,Australia-Paradip,Capesize,20.51,2026,2,13,4,19.77,16.66,1578.6,1347.8,1417.4
2026-02-20,Australia-Paradip,Capesize,19.57,2026,2,20,4,20.51,19.22,1403.5,1499.1,1578.6
2026-02-27,Australia-Paradip,Capesize,20.75,2026,2,27,4,19.57,17.39,1635.4,1591.4,1403.5
2026-03-06,Australia-Paradip,Capesize,19.78,2026,3,6,4,20.75,18.04,1578.4,1586.5,1635.4
2026-03-13,Australia-Paradip,Capesize,21.5,2026,3,13,4,19.78,18.85,1480.1,1592.1,1578.4
2026-03-20,Australia-Paradip,Capesize,22.15,2026,3,20,4,21.5,18.2,1690.7,1672.6,1480.1
2026-03-27,Australia-Paradip,Capesize,22.63,2026,3,27,4,22.15,19.77,1715.8,1657.2,1690.7
2026-04-03,Australia-Paradip,Capesize,20.8,2026,4,3,4,22.63,20.51,1720.6,1636.3,1715.8
2026-04-10,Australia-Paradip,Capesize,21.69,2026,4,10,4,20.8,19.57,1719.7,1754.6,1720.6
2026-04-17,Australia-Paradip,Capesize,21.34,2026,4,17,4,21.69,20.75,1741.8,1824.3,1719.7
2026-04-24,Australia-Paradip,Capesize,21.08,2026,4,24,4,21.34,19.78,1737.8,1690.2,1741.8
2026-05-01,Australia-Paradip,Capesize,20.8,2026,5,1,4,21.08,21.5,1804.6,1740.5,1737.8
2026-05-08,Australia-Paradip,Capesize,20.6,2026,5,8,4,20.8,22.15,1867.4,1799.7,1804.6
2026-05-15,Australia-Paradip,Capesize,21.51,2026,5,15,4,20.6,22.63,1800.6,1930.8,1867.4
2026-05-22,Australia-Paradip,Capesize,22.46,2026,5,22,4,21.51,20.8,1884.4,1928.1,1800.6
2026-05-29,Australia-Paradip,Capesize,20.71,2026,5,29,4,22.46,21.69,1775.5,1852.0,1884.4
2026-06-05,Australia-Paradip,Capesize,21.7,2026,6,5,4,20.71,21.34,1893.6,1773.8,1775.5
2026-06-12,Australia-Paradip,Capesize,20.59,2026,6,12,4,21.7,21.08,1910.5,1884.3,1893.6
2026-06-19,Australia-Paradip,Capesize,20.22,2026,6,19,4,20.59,20.8,1882.1,2027.3,1910.5
2026-06-26,Australia-Paradip,Capesize,21.73,2026,6,26,4,20.22,20.6,1836.2,1969.2,1882.1
2026-07-03,Australia-Paradip,Capesize,20.87,2026,7,3,4,21.73,21.51,1941.0,1869.2,1836.2
2026-07-10,Australia-Paradip,Capesize,19.61,2026,7,10,4,20.87,22.46,1862.4,1845.2,1941.0
2026-07-17,Australia-Paradip,Capesize,20.08,2026,7,17,4,19.61,20.71,1877.2,2024.2,1862.4
2026-07-24,Australia-Paradip,Capesize,20.37,2026,7,24,4,20.08,21.7,1881.8,1966.6,1877.2
2026-07-31,Australia-Paradip,Capesize,18.72,2026,7,31,4,20.37,20.59,1881.8,1869.8,1881.8
2026-08-07,Australia-Paradip,Capesize,19.69,2026,8,7,4,18.72,20.22,1944.8,1823.2,1881.8
2026-08-14,Australia-Paradip,Capesize,20.45,2026,8,14,4,19.69,21.73,1922.7,1935.5,1944.8
2026-08-21,Australia-Paradip,Capesize,18.24,2026,8,21,4,20.45,20.87,1890.6,1916.5,1922.7
2026-08-28,Australia-Paradip,Capesize,16.41,2026,8,28,4,18.24,19.61,1863.2,1967.9,1890.6
2018-02-23,Indonesia-Chennai,Handymax,25.3,2018,2,23,4,22.35,19.6,2306.9,2170.6,2171.5
2018-03-02,Indonesia-Chennai,Handymax,23.79,2018,3,2,4,25.3,22.4,2308.2,2272.3,2306.9
2018-03-09,Indonesia-Chennai,Handymax,25.15,2018,3,9,4,23.79,21.3,2291.4,2274.8,2308.2
2018-03-16,Indonesia-Chennai,Handymax,23.84,2018,3,16,4,25.15,22.21,2287.3,2280.0,2291.4
2018-03-23,Indonesia-Chennai,Handymax,24.93,2018,3,23,4,23.84,22.94,2331.8,2306.2,2287.3
2018-03-30,Indonesia-Chennai,Handymax,25.94,2018,3,30,4,24.93,23.73,2384.8,2367.6,2331.8
2018-04-06,Indonesia-Chennai,Handymax,26.24,2018,4,6,4,25.94,22.35,2410.1,2433.8,2384.8
2018-04-13,Indonesia-Chennai,Handymax,26.29,2018,4,13,4,26.24,25.3,2378.3,2408.3,2410.1
2018-04-20,Indonesia-Chennai,Handymax,25.82,2018,4,20,4,26.29,23.79,2446.4,2291.5,2378.3
2018-04-27,Indonesia-Chennai,Handymax,25.6,2018,4,27,4,25.82,25.15,2390.1,2359.0,2446.4
2018-05-04,Indonesia-Chennai,Handymax,25.47,2018,5,4,4,25.6,23.84,2345.4,2418.0,2390.1
2018-05-11,Indonesia-Chennai,Handymax,24.99,2018,5,11,4,25.47,24.93,2388.1,2331.1,2345.4
2018-05-18,Indonesia-Chennai,Handymax,24.15,2018,5,18,4,24.99,25.94,2412.5,2456.3,2388.1
2018-05-25,Indonesia-Chennai,Handymax,23.95,2018,5,25,4,24.15,26.24,2323.4,2458.5,2412.5
2018-06-01,Indonesia-Chennai,Handymax,24.07,2018,6,1,4,23.95,26.29,2323.7,2402.6,2323.4
2018-06-08,Indonesia-Chennai,Handymax,23.41,2018,6,8,4,24.07,25.82,2297.5,2354.7,2323.7
2018-06-15,Indonesia-Chennai,Handymax,22.7,2018,6,15,4,23.41,25.6,2241.2,2273.7,2297.5
2018-06-22,Indonesia-Chennai,Handymax,23.75,2018,6,22,4,22.7,25.47,2128.9,2195.7,2241.2
2018-06-29,Indonesia-Chennai,Handymax,22.68,2018,6,29,4,23.75,24.99,2197.3,2128.1,2128.9
2018-07-06,Indonesia-Chennai,Handymax,22.13,2018,7,6,4,22.68,24.15,2149.3,2157.8,2197.3
2018-07-13,Indonesia-Chennai,Handymax,21.77,2018,7,13,4,22.13,23.95,2189.9,2083.8,2149.3
2018-07-20,Indonesia-Chennai,Handymax,22.31,2018,7,20,4,21.77,24.07,2139.2,2033.8,2189.9
2018-07-27,Indonesia-Chennai,Handymax,19.98,2018,7,27,4,22.31,23.41,1987.2,1970.1,2139.2
2018-08-03,Indonesia-Chennai,Handymax,21.64,2018,8,3,4,19.98,22.7,2085.5,1949.0,1987.2
2018-08-10,Indonesia-Chennai,Handymax,19.72,2018,8,10,4,21.64,23.75,1865.5,1949.7,2085.5
2018-08-17,Indonesia-Chennai,Handymax,19.72,2018,8,17,4,19.72,22.68,1900.8,1835.8,1865.5
2018-08-24,Indonesia-Chennai,Handymax,19.26,2018,8,24,4,19.72,22.13,1810.9,1794.4,1900.8
2018-08-31,Indonesia-Chennai,Handymax,18.07,2018,8,31,4,19.26,21.77,1627.8,1781.5,1810.9
2018-09-07,Indonesia-Chennai,Handymax,19.69,2018,9,7,4,18.07,22.31,1667.4,1690.0,1627.8
2018-09-14,Indonesia-Chennai,Handymax,19.82,2018,9,14,4,19.69,19.98,1700.8,1672.9,1667.4
2018-09-21,Indonesia-Chennai,Handymax,19.9,2018,9,21,4,19.82,21.64,1661.0,1623.6,1700.8
2018-09-28,Indonesia-Chennai,Handymax,19.97,2018,9,28,4,19.9,19.72,1631.5,1612.4,1661.0
2018-10-05,Indonesia-Chennai,Handymax,18.19,2018,10,5,4,19.97,19.72,1633.9,1646.5,1631.5
2018-10-12,Indonesia-Chennai,Handymax,18.98,2018,10,12,4,18.19,19.26,1471.8,1552.6,1633.9
2018-10-19,Indonesia-Chennai,Handymax,18.26,2018,10,19,4,18.98,18.07,1573.8,1658.5,1471.8
2018-10-26,Indonesia-Chennai,Handymax,19.4,2018,10,26,4,18.26,19.69,1661.9,1572.7,1573.8
2018-11-02,Indonesia-Chennai,Handymax,18.17,2018,11,2,4,19.4,19.82,1594.7,1588.4,1661.9
2018-11-09,Indonesia-Chennai,Handymax,19.84,2018,11,9,4,18.17,19.9,1584.1,1561.8,1594.7
2018-11-16,Indonesia-Chennai,Handymax,18.69,2018,11,16,4,19.84,19.97,1695.6,1662.8,1584.1
2018-11-23,Indonesia-Chennai,Handymax,20.15,2018,11,23,4,18.69,18.19,1565.8,1632.0,1695.6
2018-11-30,Indonesia-Chennai,Handymax,21.11,2018,11,30,4,20.15,18.98,1627.9,1652.3,1565.8
2018-12-07,Indonesia-Chennai,Handymax,19.21,2018,12,7,4,21.11,18.26,1695.0,1690.3,1627.9
2018-12-14,Indonesia-Chennai,Handymax,20.4,2018,12,14,4,19.21,19.4,1715.5,1757.6,1695.0
2018-12-21,Indonesia-Chennai,Handymax,20.46,2018,12,21,4,20.4,18.17,1798.3,1751.8,1715.5
2018-12-28,Indonesia-Chennai,Handymax,21.39,2018,12,28,4,20.46,19.84,1772.4,1802.5,1798.3
2019-01-04,Indonesia-Chennai,Handymax,20.79,2019,1,4,4,21.39,18.69,1980.9,1937.9,1772.4
2019-01-11,Indonesia-Chennai,Handymax,22.13,2019,1,11,4,20.79,20.15,1936.0,1901.2,1980.9
2019-01-18,Indonesia-Chennai,Handymax,23.17,2019,1,18,4,22.13,21.11,1960.2,1929.1,1936.0
2019-01-25,Indonesia-Chennai,Handymax,23.67,2019,1,25,4,23.17,19.21,2010.3,2099.3,1960.2
2019-02-01,Indonesia-Chennai,Handymax,23.43,2019,2,1,4,23.67,20.4,2038.5,2089.5,2010.3
2019-02-08,Indonesia-Chennai,Handymax,24.07,2019,2,8,4,23.43,20.46,2176.7,2043.9,2038.5
2019-02-15,Indonesia-Chennai,Handymax,25.2,2019,2,15,4,24.07,21.39,2253.8,2176.9,2176.7
2019-02-22,Indonesia-Chennai,Handymax,23.32,2019,2,22,4,25.2,20.79,2335.2,2271.9,2253.8
2019-03-01,Indonesia-Chennai,Handymax,25.13,2019,3,1,4,23.32,22.13,2298.9,2400.7,2335.2
2019-03-08,Indonesia-Chennai,Handymax,24.92,2019,3,8,4,25.13,23.17,2424.4,2425.2,2298.9
2019-03-15,Indonesia-Chennai,Handymax,25.63,2019,3,15,4,24.92,23.67,2357.8,2534.1,2424.4
2019-03-22,Indonesia-Chennai,Handymax,26.68,2019,3,22,4,25.63,23.43,2449.9,2540.0,2357.8
2019-03-29,Indonesia-Chennai,Handymax,24.9,2019,3,29,4,26.68,24.07,2500.1,2482.5,2449.9
2019-04-05,Indonesia-Chennai,Handymax,26.12,2019,4,5,4,24.9,25.2,2550.0,2545.2,2500.1
2019-04-12,Indonesia-Chennai,Handymax,25.87,2019,4,12,4,26.12,23.32,2623.0,2602.4,2550.0
2019-04-19,Indonesia-Chennai,Handymax,24.56,2019,4,19,4,25.87,25.13,2661.0,2610.5,2623.0
2019-04-26,Indonesia-Chennai,Handymax,25.8,2019,4,26,4,24.56,24.92,2663.9,2598.0,2661.0
2019-05-03,Indonesia-Chennai,Handymax,24.11,2019,5,3,4,25.8,25.63,2726.3,2611.2,2663.9
2019-05-10,Indonesia-Chennai,Handymax,25.42,2019,5,10,4,24.11,26.68,2658.8,2701.1,2726.3
2019-05-17,Indonesia-Chennai,Handymax,26.65,2019,5,17,4,25.42,24.9,2695.0,2694.3,2658.8
2019-05-24,Indonesia-Chennai,Handymax,26.1,2019,5,24,4,26.65,26.12,2748.6,2744.6,2695.0
2019-05-31,Indonesia-Chennai,Handymax,25.13,2019,5,31,4,26.1,25.87,2600.5,2697.5,2748.6
2019-06-07,Indonesia-Chennai,Handymax,24.51,2019,6,7,4,25.13,24.56,2630.2,2683.6,2600.5
2019-06-14,Indonesia-Chennai,Handymax,25.09,2019,6,14,4,24.51,25.8,2665.3,2693.3,2630.2
2019-06-21,Indonesia-Chennai,Handymax,26.04,2019,6,21,4,25.09,24.11,2669.9,2559.0,2665.3
2019-06-28,Indonesia-Chennai,Handymax,24.55,2019,6,28,4,26.04,25.42,2612.1,2618.6,2669.9
2019-07-05,Indonesia-Chennai,Handymax,22.47,2019,7,5,4,24.55,26.65,2542.9,2554.6,2612.1
2019-07-12,Indonesia-Chennai,Handymax,23.64,2019,7,12,4,22.47,26.1,2626.3,2637.5,2542.9
2019-07-19,Indonesia-Chennai,Handymax,24.09,2019,7,19,4,23.64,25.13,2536.0,2486.7,2626.3
2019-07-26,Indonesia-Chennai,Handymax,21.0,2019,7,26,4,24.09,24.51,2380.4,2425.1,2536.0
2019-08-02,Indonesia-Chennai,Handymax,21.26,2019,8,2,4,21.0,25.09,2304.5,2373.1,2380.4
2019-08-09,Indonesia-Chennai,Handymax,22.22,2019,8,9,4,21.26,26.04,2297.7,2358.7,2304.5
2019-08-16,Indonesia-Chennai,Handymax,22.12,2019,8,16,4,22.22,24.55,2285.7,2247.6,2297.7
2019-08-23,Indonesia-Chennai,Handymax,22.49,2019,8,23,4,22.12,22.47,2212.3,2334.6,2285.7
2019-08-30,Indonesia-Chennai,Handymax,20.5,2019,8,30,4,22.49,23.64,2054.5,2084.9,2212.3
2019-09-06,Indonesia-Chennai,Handymax,20.67,2019,9,6,4,20.5,24.09,2053.2,2040.6,2054.5
2019-09-13,Indonesia-Chennai,Handymax,21.17,2019,9,13,4,20.67,21.0,2018.5,1989.6,2053.2
2019-09-20,Indonesia-Chennai,Handymax,21.15,2019,9,20,4,21.17,21.26,1988.8,1979.4,2018.5
2019-09-27,Indonesia-Chennai,Handymax,20.09,2019,9,27,4,21.15,22.22,1907.9,1926.7,1988.8
2019-10-04,Indonesia-Chennai,Handymax,20.88,2019,10,4,4,20.09,22.12,1825.4,1906.7,1907.9
2019-10-11,Indonesia-Chennai,Handymax,19.88,2019,10,11,4,20.88,22.49,1724.4,1738.7,1825.4
2019-10-18,Indonesia-Chennai,Handymax,18.54,2019,10,18,4,19.88,20.5,1675.6,1751.1,1724.4
2019-10-25,Indonesia-Chennai,Handymax,18.77,2019,10,25,4,18.54,20.67,1692.2,1658.3,1675.6
2019-11-01,Indonesia-Chennai,Handymax,19.93,2019,11,1,4,18.77,21.17,1608.1,1568.8,1692.2
2019-11-08,Indonesia-Chennai,Handymax,18.27,2019,11,8,4,19.93,21.15,1559.8,1526.8,1608.1
2019-11-15,Indonesia-Chennai,Handymax,19.25,2019,11,15,4,18.27,20.09,1539.3,1537.2,1559.8
2019-11-22,Indonesia-Chennai,Handymax,19.76,2019,11,22,4,19.25,20.88,1463.3,1563.0,1539.3
2019-11-29,Indonesia-Chennai,Handymax,19.33,2019,11,29,4,19.76,19.88,1341.3,1383.8,1463.3
2019-12-06,Indonesia-Chennai,Handymax,18.73,2019,12,6,4,19.33,18.54,1425.5,1391.8,1341.3
2019-12-13,Indonesia-Chennai,Handymax,20.07,2019,12,13,4,18.73,18.77,1298.9,1346.2,1425.5
2019-12-20,Indonesia-Chennai,Handymax,19.59,2019,12,20,4,20.07,19.93,1324.0,1358.0,1298.9
2019-12-27,Indonesia-Chennai,Handymax,19.11,2019,12,27,4,19.59,18.27,1253.4,1504.7,1324.0
2020-01-03,Indonesia-Chennai,Handymax,20.72,2020,1,3,4,19.11,19.25,1316.1,1305.5,1253.4
2020-01-10,Indonesia-Chennai,Handymax,20.6,2020,1,10,4,20.72,19.76,1303.2,1243.5,1316.1
2020-01-17,Indonesia-Chennai,Handymax,20.73,2020,1,17,4,20.6,19.33,1270.9,1366.1,1303.2
2020-01-24,Indonesia-Chennai,Handymax,19.65,2020,1,24,4,20.73,18.73,1262.1,1181.1,1270.9
2020-01-31,Indonesia-Chennai,Handymax,21.05,2020,1,31,4,19.65,20.07,1214.3,1257.5,1262.1
2020-02-07,Indonesia-Chennai,Handymax,19.21,2020,2,7,4,21.05,19.59,1225.3,1126.5,1214.3
2020-02-14,Indonesia-Chennai,Handymax,20.55,2020,2,14,4,19.21,19.11,1160.6,1236.6,1225.3
2020-02-21,Indonesia-Chennai,Handymax,21.78,2020,2,21,4,20.55,20.72,1116.5,1198.5,1160.6
2020-02-28,Indonesia-Chennai,Handymax,20.48,2020,2,28,4,21.78,20.6,1107.3,1151.3,1116.5
2020-03-06,Indonesia-Chennai,Handymax,20.11,2020,3,6,4,20.48,20.73,627.5,527.8,1107.3
2020-03-13,Indonesia-Chennai,Handymax,19.08,2020,3,13,4,20.11,19.65,368.7,569.6,627.5
2020-03-20,Indonesia-Chennai,Handymax,18.73,2020,3,20,4,19.08,21.05,491.8,454.7,368.7
2020-03-27,Indonesia-Chennai,Handymax,19.53,2020,3,27,4,18.73,19.21,499.0,482.9,491.8
2020-04-03,Indonesia-Chennai,Handymax,18.03,2020,4,3,4,19.53,20.55,400.8,434.8,499.0
2020-04-10,Indonesia-Chennai,Handymax,18.65,2020,4,10,4,18.03,21.78,500.6,411.1,400.8
2020-04-17,Indonesia-Chennai,Handymax,18.23,2020,4,17,4,18.65,20.48,420.0,430.4,500.6
2020-04-24,Indonesia-Chennai,Handymax,18.87,2020,4,24,4,18.23,20.11,483.1,347.7,420.0
2020-05-01,Indonesia-Chennai,Handymax,19.03,2020,5,1,4,18.87,19.08,392.4,414.7,483.1
2020-05-08,Indonesia-Chennai,Handymax,18.26,2020,5,8,4,19.03,18.73,436.9,329.2,392.4
2020-05-15,Indonesia-Chennai,Handymax,18.81,2020,5,15,4,18.26,19.53,380.2,443.8,436.9
2020-05-22,Indonesia-Chennai,Handymax,17.21,2020,5,22,4,18.81,18.03,338.9,300.0,380.2
2020-05-29,Indonesia-Chennai,Handymax,18.49,2020,5,29,4,17.21,18.65,345.9,340.9,338.9
2020-06-05,Indonesia-Chennai,Handymax,17.99,2020,6,5,4,18.49,18.23,304.2,300.0,345.9
2020-06-12,Indonesia-Chennai,Handymax,17.3,2020,6,12,4,17.99,18.87,343.0,300.0,304.2
2020-06-19,Indonesia-Chennai,Handymax,17.53,2020,6,19,4,17.3,19.03,300.0,300.0,343.0
2020-06-26,Indonesia-Chennai,Handymax,18.65,2020,6,26,4,17.53,18.26,300.0,300.0,300.0
2020-07-03,Indonesia-Chennai,Handymax,16.03,2020,7,3,4,18.65,18.81,300.0,300.0,300.0
2020-07-10,Indonesia-Chennai,Handymax,16.15,2020,7,10,4,16.03,17.21,300.0,300.0,300.0
2020-07-17,Indonesia-Chennai,Handymax,15.78,2020,7,17,4,16.15,18.49,300.0,300.0,300.0
2020-07-24,Indonesia-Chennai,Handymax,15.58,2020,7,24,4,15.78,17.99,300.0,300.0,300.0
2020-07-31,Indonesia-Chennai,Handymax,15.17,2020,7,31,4,15.58,17.3,300.0,300.0,300.0
2020-08-07,Indonesia-Chennai,Handymax,14.84,2020,8,7,4,15.17,17.53,300.0,300.0,300.0
2020-08-14,Indonesia-Chennai,Handymax,15.73,2020,8,14,4,14.84,18.65,300.0,300.0,300.0
2020-08-21,Indonesia-Chennai,Handymax,14.41,2020,8,21,4,15.73,16.03,300.0,300.0,300.0
2020-08-28,Indonesia-Chennai,Handymax,16.41,2020,8,28,4,14.41,16.15,300.0,300.0,300.0
2020-09-04,Indonesia-Chennai,Handymax,16.66,2020,9,4,4,16.41,15.78,660.4,646.0,300.0
2020-09-11,Indonesia-Chennai,Handymax,15.34,2020,9,11,4,16.66,15.58,520.1,601.9,660.4
2020-09-18,Indonesia-Chennai,Handymax,16.91,2020,9,18,4,15.34,15.17,567.2,536.3,520.1
2020-09-25,Indonesia-Chennai,Handymax,15.62,2020,9,25,4,16.91,14.84,649.1,594.6,567.2
2020-10-02,Indonesia-Chennai,Handymax,16.76,2020,10,2,4,15.62,15.73,598.5,526.8,649.1
2020-10-09,Indonesia-Chennai,Handymax,16.55,2020,10,9,4,16.76,14.41,558.9,504.9,598.5
2020-10-16,Indonesia-Chennai,Handymax,14.27,2020,10,16,4,16.55,16.41,615.1,654.9,558.9
2020-10-23,Indonesia-Chennai,Handymax,16.84,2020,10,23,4,14.27,16.66,694.6,679.2,615.1
2020-10-30,Indonesia-Chennai,Handymax,15.65,2020,10,30,4,16.84,15.34,606.3,606.8,694.6
2020-11-06,Indonesia-Chennai,Handymax,16.66,2020,11,6,4,15.65,16.91,636.9,651.0,606.3
2020-11-13,Indonesia-Chennai,Handymax,17.55,2020,11,13,4,16.66,15.62,705.3,709.5,636.9
2020-11-20,Indonesia-Chennai,Handymax,16.49,2020,11,20,4,17.55,16.76,716.1,686.8,705.3
2020-11-27,Indonesia-Chennai,Handymax,17.12,2020,11,27,4,16.49,16.55,722.5,744.4,716.1
2020-12-04,Indonesia-Chennai,Handymax,17.98,2020,12,4,4,17.12,14.27,696.3,717.6,722.5
2020-12-11,Indonesia-Chennai,Handymax,18.03,2020,12,11,4,17.98,16.84,715.5,774.0,696.3
2020-12-18,Indonesia-Chennai,Handymax,18.67,2020,12,18,4,18.03,15.65,820.8,854.7,715.5
2020-12-25,Indonesia-Chennai,Handymax,20.09,2020,12,25,4,18.67,16.66,912.7,865.8,820.8
2021-01-01,Indonesia-Chennai,Handymax,19.35,2021,1,1,4,20.09,17.55,955.0,975.9,912.7
2021-01-08,Indonesia-Chennai,Handymax,19.64,2021,1,8,4,19.35,16.49,1032.9,923.1,955.0
2021-01-15,Indonesia-Chennai,Handymax,18.39,2021,1,15,4,19.64,17.12,986.7,983.6,1032.9
2021-01-22,Indonesia-Chennai,Handymax,19.55,2021,1,22,4,18.39,17.98,1122.3,996.5,986.7
2021-01-29,Indonesia-Chennai,Handymax,20.46,2021,1,29,4,19.55,18.03,1093.6,1032.3,1122.3
2021-02-05,Indonesia-Chennai,Handymax,21.82,2021,2,5,4,20.46,18.67,1099.1,1122.1,1093.6
2021-02-12,Indonesia-Chennai,Handymax,22.39,2021,2,12,4,21.82,20.09,1168.9,1188.2,1099.1
2021-02-19,Indonesia-Chennai,Handymax,21.41,2021,2,19,4,22.39,19.35,1269.8,1152.0,1168.9
2021-02-26,Indonesia-Chennai,Handymax,22.25,2021,2,26,4,21.41,19.64,1224.1,1296.2,1269.8
2021-03-05,Indonesia-Chennai,Handymax,20.64,2021,3,5,4,22.25,18.39,1245.2,1266.8,1224.1
2021-03-12,Indonesia-Chennai,Handymax,22.02,2021,3,12,4,20.64,19.55,1239.4,1276.6,1245.2
2021-03-19,Indonesia-Chennai,Handymax,23.17,2021,3,19,4,22.02,20.46,1356.1,1307.6,1239.4
2021-03-26,Indonesia-Chennai,Handymax,23.01,2021,3,26,4,23.17,21.82,1370.8,1267.4,1356.1
2021-04-02,Indonesia-Chennai,Handymax,21.82,2021,4,2,4,23.01,22.39,1287.1,1421.0,1370.8
2021-04-09,Indonesia-Chennai,Handymax,23.2,2021,4,9,4,21.82,21.41,1297.5,1344.8,1287.1
2021-04-16,Indonesia-Chennai,Handymax,22.17,2021,4,16,4,23.2,22.25,1305.9,1358.2,1297.5
2021-04-23,Indonesia-Chennai,Handymax,23.38,2021,4,23,4,22.17,20.64,1359.5,1369.5,1305.9
2021-04-30,Indonesia-Chennai,Handymax,21.27,2021,4,30,4,23.38,22.02,1226.7,1307.2,1359.5
2021-05-07,Indonesia-Chennai,Handymax,26.17,2021,5,7,4,21.27,23.17,2783.8,2753.3,1226.7
2021-05-14,Indonesia-Chennai,Handymax,24.45,2021,5,14,4,26.17,23.01,2815.2,2675.0,2783.8
2021-05-21,Indonesia-Chennai,Handymax,24.56,2021,5,21,4,24.45,21.82,2801.9,2736.3,2815.2
2021-05-28,Indonesia-Chennai,Handymax,25.3,2021,5,28,4,24.56,23.2,2772.8,2706.3,2801.9
2021-06-04,Indonesia-Chennai,Handymax,26.11,2021,6,4,4,25.3,22.17,2631.4,2637.8,2772.8
2021-06-11,Indonesia-Chennai,Handymax,24.23,2021,6,11,4,26.11,23.38,2581.2,2681.1,2631.4
2021-06-18,Indonesia-Chennai,Handymax,23.64,2021,6,18,4,24.23,21.27,2563.7,2678.4,2581.2
2021-06-25,Indonesia-Chennai,Handymax,23.66,2021,6,25,4,23.64,26.17,2586.4,2513.7,2563.7
2021-07-02,Indonesia-Chennai,Handymax,25.75,2021,7,2,4,23.66,24.45,2535.9,2582.2,2586.4
2021-07-09,Indonesia-Chennai,Handymax,22.43,2021,7,9,4,25.75,24.56,2399.4,2466.2,2535.9
2021-07-16,Indonesia-Chennai,Handymax,22.44,2021,7,16,4,22.43,25.3,2500.1,2467.0,2399.4
2021-07-23,Indonesia-Chennai,Handymax,21.94,2021,7,23,4,22.44,26.11,2439.1,2320.6,2500.1
2021-07-30,Indonesia-Chennai,Handymax,22.75,2021,7,30,4,21.94,24.23,2299.0,2281.2,2439.1
2021-08-06,Indonesia-Chennai,Handymax,21.53,2021,8,6,4,22.75,23.64,2267.5,2347.0,2299.0
2021-08-13,Indonesia-Chennai,Handymax,21.39,2021,8,13,4,21.53,23.66,2296.4,2300.4,2267.5
2021-08-20,Indonesia-Chennai,Handymax,20.34,2021,8,20,4,21.39,25.75,2224.7,2188.1,2296.4
2021-08-27,Indonesia-Chennai,Handymax,21.75,2021,8,27,4,20.34,22.43,2151.3,2192.3,2224.7
2021-09-03,Indonesia-Chennai,Handymax,20.18,2021,9,3,4,21.75,22.44,2126.6,2098.0,2151.3
2021-09-10,Indonesia-Chennai,Handymax,20.5,2021,9,10,4,20.18,21.94,2068.9,2065.0,2126.6
2021-09-17,Indonesia-Chennai,Handymax,21.33,2021,9,17,4,20.5,22.75,2060.5,2097.9,2068.9
2021-09-24,Indonesia-Chennai,Handymax,19.94,2021,9,24,4,21.33,21.53,2094.4,2130.2,2060.5
2021-10-01,Indonesia-Chennai,Handymax,20.97,2021,10,1,4,19.94,21.39,2106.2,1949.2,2094.4
2021-10-08,Indonesia-Chennai,Handymax,20.22,2021,10,8,4,20.97,20.34,2070.6,2075.7,2106.2
2021-10-15,Indonesia-Chennai,Handymax,20.46,2021,10,15,4,20.22,21.75,1987.6,2006.3,2070.6
2021-10-22,Indonesia-Chennai,Handymax,19.94,2021,10,22,4,20.46,20.18,2064.4,2127.2,1987.6
2021-10-29,Indonesia-Chennai,Handymax,20.3,2021,10,29,4,19.94,20.5,2025.7,2074.7,2064.4
2021-11-05,Indonesia-Chennai,Handymax,19.17,2021,11,5,4,20.3,21.33,2087.2,2149.5,2025.7
2021-11-12,Indonesia-Chennai,Handymax,20.76,2021,11,12,4,19.17,19.94,2169.6,2138.3,2087.2
2021-11-19,Indonesia-Chennai,Handymax,20.62,2021,11,19,4,20.76,20.97,2198.5,2156.0,2169.6
2021-11-26,Indonesia-Chennai,Handymax,21.59,2021,11,26,4,20.62,20.22,2260.9,2174.7,2198.5
2021-12-03,Indonesia-Chennai,Handymax,17.36,2021,12,3,4,21.59,20.46,769.1,724.2,2260.9
2021-12-10,Indonesia-Chennai,Handymax,17.08,2021,12,10,4,17.36,19.94,808.2,737.9,769.1
2021-12-17,Indonesia-Chennai,Handymax,17.81,2021,12,17,4,17.08,20.3,977.5,821.1,808.2
2021-12-24,Indonesia-Chennai,Handymax,17.99,2021,12,24,4,17.81,19.17,996.8,1068.7,977.5
2021-12-31,Indonesia-Chennai,Handymax,20.11,2021,12,31,4,17.99,20.76,985.7,996.6,996.8
2022-01-07,Indonesia-Chennai,Handymax,19.73,2022,1,7,4,20.11,20.62,1064.8,1169.6,985.7
2022-01-14,Indonesia-Chennai,Handymax,19.89,2022,1,14,4,19.73,21.59,1109.5,1188.7,1064.8
2022-01-21,Indonesia-Chennai,Handymax,19.1,2022,1,21,4,19.89,17.36,1270.3,1228.4,1109.5
2022-01-28,Indonesia-Chennai,Handymax,21.87,2022,1,28,4,19.1,17.08,1360.2,1390.8,1270.3
2022-02-04,Indonesia-Chennai,Handymax,22.14,2022,2,4,4,21.87,17.81,1441.4,1564.6,1360.2
2022-02-11,Indonesia-Chennai,Handymax,21.52,2022,2,11,4,22.14,17.99,1587.7,1420.8,1441.4
2022-02-18,Indonesia-Chennai,Handymax,22.36,2022,2,18,4,21.52,20.11,1670.0,1588.0,1587.7
2022-02-25,Indonesia-Chennai,Handymax,23.78,2022,2,25,4,22.36,19.73,1666.2,1769.8,1670.0
2022-03-04,Indonesia-Chennai,Handymax,22.15,2022,3,4,4,23.78,19.89,1748.9,1789.9,1666.2
2022-03-11,Indonesia-Chennai,Handymax,23.2,2022,3,11,4,22.15,19.1,1866.9,1935.3,1748.9
2022-03-18,Indonesia-Chennai,Handymax,23.72,2022,3,18,4,23.2,21.87,1940.8,2005.3,1866.9
2022-03-25,Indonesia-Chennai,Handymax,24.2,2022,3,25,4,23.72,22.14,1949.5,2055.2,1940.8
2022-04-01,Indonesia-Chennai,Handymax,23.94,2022,4,1,4,24.2,21.52,2068.0,2131.2,1949.5
2022-04-08,Indonesia-Chennai,Handymax,24.68,2022,4,8,4,23.94,22.36,2133.8,2195.8,2068.0
2022-04-15,Indonesia-Chennai,Handymax,23.92,2022,4,15,4,24.68,23.78,2259.7,2330.6,2133.8
2022-04-22,Indonesia-Chennai,Handymax,25.07,2022,4,22,4,23.92,22.15,2247.7,2298.9,2259.7
2022-04-29,Indonesia-Chennai,Handymax,25.81,2022,4,29,4,25.07,23.2,2491.9,2420.0,2247.7
2022-05-06,Indonesia-Chennai,Handymax,25.94,2022,5,6,4,25.81,23.72,2386.8,2439.6,2491.9
2022-05-13,Indonesia-Chennai,Handymax,25.23,2022,5,13,4,25.94,24.2,2534.5,2457.6,2386.8
2022-05-20,Indonesia-Chennai,Handymax,24.35,2022,5,20,4,25.23,23.94,2526.3,2494.1,2534.5
2022-05-27,Indonesia-Chennai,Handymax,24.13,2022,5,27,4,24.35,24.68,2492.5,2439.0,2526.3
2022-06-03,Indonesia-Chennai,Handymax,23.51,2022,6,3,4,24.13,23.92,2490.5,2479.9,2492.5
2022-06-10,Indonesia-Chennai,Handymax,25.22,2022,6,10,4,23.51,25.07,2579.3,2477.6,2490.5
2022-06-17,Indonesia-Chennai,Handymax,25.18,2022,6,17,4,25.22,25.81,2600.4,2601.0,2579.3
2022-06-24,Indonesia-Chennai,Handymax,24.14,2022,6,24,4,25.18,25.94,2582.5,2612.3,2600.4
2022-07-01,Indonesia-Chennai,Handymax,24.38,2022,7,1,4,24.14,25.23,2620.8,2624.6,2582.5
2022-07-08,Indonesia-Chennai,Handymax,23.58,2022,7,8,4,24.38,24.35,2619.5,2606.9,2620.8
2022-07-15,Indonesia-Chennai,Handymax,22.45,2022,7,15,4,23.58,24.13,2568.5,2568.6,2619.5
2022-07-22,Indonesia-Chennai,Handymax,24.49,2022,7,22,4,22.45,23.51,2571.4,2551.0,2568.5
2022-07-29,Indonesia-Chennai,Handymax,21.86,2022,7,29,4,24.49,25.22,2446.9,2521.4,2571.4
2022-08-05,Indonesia-Chennai,Handymax,24.09,2022,8,5,4,21.86,25.18,2505.7,2493.2,2446.9
2022-08-12,Indonesia-Chennai,Handymax,23.29,2022,8,12,4,24.09,24.14,2485.3,2647.2,2505.7
2022-08-19,Indonesia-Chennai,Handymax,21.67,2022,8,19,4,23.29,24.38,2438.4,2551.4,2485.3
2022-08-26,Indonesia-Chennai,Handymax,23.03,2022,8,26,4,21.67,23.58,2387.4,2480.1,2438.4
2022-09-02,Indonesia-Chennai,Handymax,21.35,2022,9,2,4,23.03,22.45,2543.0,2496.7,2387.4
2022-09-09,Indonesia-Chennai,Handymax,21.49,2022,9,9,4,21.35,24.49,2354.4,2371.2,2543.0
2022-09-16,Indonesia-Chennai,Handymax,20.74,2022,9,16,4,21.49,21.86,2275.6,2380.1,2354.4
2022-09-23,Indonesia-Chennai,Handymax,21.13,2022,9,23,4,20.74,24.09,2252.0,2242.2,2275.6
2022-09-30,Indonesia-Chennai,Handymax,19.81,2022,9,30,4,21.13,23.29,2269.5,2312.7,2252.0
2022-10-07,Indonesia-Chennai,Handymax,20.72,2022,10,7,4,19.81,21.67,2309.4,2274.1,2269.5
2022-10-14,Indonesia-Chennai,Handymax,20.29,2022,10,14,4,20.72,23.03,2220.3,2240.3,2309.4
2022-10-21,Indonesia-Chennai,Handymax,20.05,2022,10,21,4,20.29,21.35,2264.2,2209.6,2220.3
2022-10-28,Indonesia-Chennai,Handymax,19.67,2022,10,28,4,20.05,21.49,2129.7,2145.4,2264.2
2022-11-04,Indonesia-Chennai,Handymax,19.61,2022,11,4,4,19.67,20.74,2156.9,2304.6,2129.7
2022-11-11,Indonesia-Chennai,Handymax,21.61,2022,11,11,4,19.61,21.13,2114.6,2234.6,2156.9
2022-11-18,Indonesia-Chennai,Handymax,22.67,2022,11,18,4,21.61,19.81,2221.4,2125.3,2114.6
2022-11-25,Indonesia-Chennai,Handymax,21.75,2022,11,25,4,22.67,20.72,2134.9,2087.0,2221.4
2022-12-02,Indonesia-Chennai,Handymax,21.42,2022,12,2,4,21.75,20.29,2060.8,2086.2,2134.9
2022-12-09,Indonesia-Chennai,Handymax,22.05,2022,12,9,4,21.42,20.05,2118.9,2152.0,2060.8
2022-12-16,Indonesia-Chennai,Handymax,21.63,2022,12,16,4,22.05,19.67,1998.8,2061.1,2118.9
2022-12-23,Indonesia-Chennai,Handymax,22.07,2022,12,23,4,21.63,19.61,2157.6,2061.8,1998.8
2022-12-30,Indonesia-Chennai,Handymax,20.43,2022,12,30,4,22.07,21.61,2117.6,1975.4,2157.6
2023-01-06,Indonesia-Chennai,Handymax,22.36,2023,1,6,4,20.43,22.67,2126.6,2044.5,2117.6
2023-01-13,Indonesia-Chennai,Handymax,23.14,2023,1,13,4,22.36,21.75,2204.7,2096.6,2126.6
2023-01-20,Indonesia-Chennai,Handymax,21.76,2023,1,20,4,23.14,21.42,2059.7,2186.3,2204.7
2023-01-27,Indonesia-Chennai,Handymax,25.05,2023,1,27,4,21.76,22.05,2132.5,2109.8,2059.7
2023-02-03,Indonesia-Chennai,Handymax,23.5,2023,2,3,4,25.05,21.63,2021.6,2170.6,2132.5
2023-02-10,Indonesia-Chennai,Handymax,22.94,2023,2,10,4,23.5,22.07,2093.7,2135.1,2021.6
2023-02-17,Indonesia-Chennai,Handymax,24.08,2023,2,17,4,22.94,20.43,2191.5,2089.3,2093.7
2023-02-24,Indonesia-Chennai,Handymax,25.0,2023,2,24,4,24.08,22.36,2071.5,2148.7,2191.5
2023-03-03,Indonesia-Chennai,Handymax,23.76,2023,3,3,4,25.0,23.14,2103.4,2160.1,2071.5
2023-03-10,Indonesia-Chennai,Handymax,22.91,2023,3,10,4,23.76,21.76,2073.0,2058.9,2103.4
2023-03-17,Indonesia-Chennai,Handymax,24.27,2023,3,17,4,22.91,25.05,2213.0,2130.4,2073.0
2023-03-24,Indonesia-Chennai,Handymax,24.79,2023,3,24,4,24.27,23.5,2187.6,2159.8,2213.0
2023-03-31,Indonesia-Chennai,Handymax,24.57,2023,3,31,4,24.79,22.94,2124.5,2103.4,2187.6
2023-04-07,Indonesia-Chennai,Handymax,24.28,2023,4,7,4,24.57,24.08,2068.9,2073.4,2124.5
2023-04-14,Indonesia-Chennai,Handymax,24.8,2023,4,14,4,24.28,25.0,2174.1,2046.0,2068.9
2023-04-21,Indonesia-Chennai,Handymax,23.43,2023,4,21,4,24.8,23.76,2127.3,2173.7,2174.1
2023-04-28,Indonesia-Chennai,Handymax,23.17,2023,4,28,4,23.43,22.91,1961.7,2114.8,2127.3
2023-05-05,Indonesia-Chennai,Handymax,22.34,2023,5,5,4,23.17,24.27,2032.7,2008.9,1961.7
2023-05-12,Indonesia-Chennai,Handymax,25.55,2023,5,12,4,22.34,24.79,2127.0,2100.4,2032.7
2023-05-19,Indonesia-Chennai,Handymax,24.5,2023,5,19,4,25.55,24.57,2024.5,2062.1,2127.0
2023-05-26,Indonesia-Chennai,Handymax,23.69,2023,5,26,4,24.5,24.28,2149.8,2017.7,2024.5
2023-06-02,Indonesia-Chennai,Handymax,24.24,2023,6,2,4,23.69,24.8,2045.5,1911.7,2149.8
2023-06-09,Indonesia-Chennai,Handymax,21.2,2023,6,9,4,24.24,23.43,2012.6,2069.7,2045.5
2023-06-16,Indonesia-Chennai,Handymax,22.39,2023,6,16,4,21.2,23.17,1940.0,1986.8,2012.6
2023-06-23,Indonesia-Chennai,Handymax,21.46,2023,6,23,4,22.39,22.34,1974.0,1921.4,1940.0
2023-06-30,Indonesia-Chennai,Handymax,21.77,2023,6,30,4,21.46,25.55,1988.1,1957.5,1974.0
2023-07-07,Indonesia-Chennai,Handymax,20.95,2023,7,7,4,21.77,24.5,1852.7,1953.2,1988.1
2023-07-14,Indonesia-Chennai,Handymax,18.69,2023,7,14,4,20.95,23.69,1754.6,1913.4,1852.7
2023-07-21,Indonesia-Chennai,Handymax,19.85,2023,7,21,4,18.69,24.24,1771.6,1704.6,1754.6
2023-07-28,Indonesia-Chennai,Handymax,21.11,2023,7,28,4,19.85,21.2,1805.7,1707.1,1771.6
2023-08-04,Indonesia-Chennai,Handymax,19.07,2023,8,4,4,21.11,22.39,1704.0,1688.0,1805.7
2023-08-11,Indonesia-Chennai,Handymax,20.71,2023,8,11,4,19.07,21.46,1676.0,1755.2,1704.0
2023-08-18,Indonesia-Chennai,Handymax,20.08,2023,8,18,4,20.71,21.77,1713.0,1773.8,1676.0
2023-08-25,Indonesia-Chennai,Handymax,18.94,2023,8,25,4,20.08,20.95,1644.4,1665.1,1713.0
2023-09-01,Indonesia-Chennai,Handymax,19.1,2023,9,1,4,18.94,18.69,1750.1,1786.0,1644.4
2023-09-08,Indonesia-Chennai,Handymax,17.31,2023,9,8,4,19.1,19.85,1654.2,1684.8,1750.1
2023-09-15,Indonesia-Chennai,Handymax,19.13,2023,9,15,4,17.31,21.11,1669.2,1660.6,1654.2
2023-09-22,Indonesia-Chennai,Handymax,20.19,2023,9,22,4,19.13,19.07,1675.7,1585.4,1669.2
2023-09-29,Indonesia-Chennai,Handymax,18.62,2023,9,29,4,20.19,20.71,1678.1,1648.4,1675.7
2023-10-06,Indonesia-Chennai,Handymax,18.91,2023,10,6,4,18.62,20.08,1669.6,1606.4,1678.1
2023-10-13,Indonesia-Chennai,Handymax,17.38,2023,10,13,4,18.91,18.94,1674.2,1605.9,1669.6
2023-10-20,Indonesia-Chennai,Handymax,18.72,2023,10,20,4,17.38,19.1,1537.6,1535.1,1674.2
2023-10-27,Indonesia-Chennai,Handymax,18.49,2023,10,27,4,18.72,17.31,1733.0,1575.2,1537.6
2023-11-03,Indonesia-Chennai,Handymax,18.74,2023,11,3,4,18.49,19.13,1625.2,1588.2,1733.0
2023-11-10,Indonesia-Chennai,Handymax,19.68,2023,11,10,4,18.74,20.19,1638.7,1569.7,1625.2
2023-11-17,Indonesia-Chennai,Handymax,18.33,2023,11,17,4,19.68,18.62,1563.7,1529.4,1638.7
2023-11-24,Indonesia-Chennai,Handymax,19.12,2023,11,24,4,18.33,18.91,1635.0,1637.1,1563.7
2023-12-01,Indonesia-Chennai,Handymax,20.84,2023,12,1,4,19.12,17.38,1698.0,1605.4,1635.0
2023-12-08,Indonesia-Chennai,Handymax,20.22,2023,12,8,4,20.84,18.72,1666.2,1646.2,1698.0
2023-12-15,Indonesia-Chennai,Handymax,20.43,2023,12,15,4,20.22,18.49,1631.3,1702.6,1666.2
2023-12-22,Indonesia-Chennai,Handymax,21.19,2023,12,22,4,20.43,18.74,1714.1,1723.9,1631.3
2023-12-29,Indonesia-Chennai,Handymax,20.77,2023,12,29,4,21.19,19.68,1814.5,1789.6,1714.1
2024-01-05,Indonesia-Chennai,Handymax,20.99,2024,1,5,4,20.77,18.33,1774.9,1647.3,1814.5
2024-01-12,Indonesia-Chennai,Handymax,22.9,2024,1,12,4,20.99,19.12,1733.5,1741.7,1774.9
2024-01-19,Indonesia-Chennai,Handymax,22.05,2024,1,19,4,22.9,20.84,1707.1,1739.8,1733.5
2024-01-26,Indonesia-Chennai,Handymax,22.88,2024,1,26,4,22.05,20.22,1772.1,1801.2,1707.1
2024-02-02,Indonesia-Chennai,Handymax,22.75,2024,2,2,4,22.88,20.43,1846.3,1783.6,1772.1
2024-02-09,Indonesia-Chennai,Handymax,22.51,2024,2,9,4,22.75,21.19,1858.9,1794.2,1846.3
2024-02-16,Indonesia-Chennai,Handymax,22.76,2024,2,16,4,22.51,20.77,1868.0,1806.4,1858.9
2024-02-23,Indonesia-Chennai,Handymax,22.51,2024,2,23,4,22.76,20.99,1803.9,1810.3,1868.0
2024-03-01,Indonesia-Chennai,Handymax,23.63,2024,3,1,4,22.51,22.9,1850.9,1773.2,1803.9
2024-03-08,Indonesia-Chennai,Handymax,22.64,2024,3,8,4,23.63,22.05,1852.0,1801.3,1850.9
2024-03-15,Indonesia-Chennai,Handymax,24.15,2024,3,15,4,22.64,22.88,1848.7,1789.1,1852.0
2024-03-22,Indonesia-Chennai,Handymax,23.68,2024,3,22,4,24.15,22.75,1807.5,1906.3,1848.7
2024-03-29,Indonesia-Chennai,Handymax,24.13,2024,3,29,4,23.68,22.51,1778.0,1712.1,1807.5
2024-04-05,Indonesia-Chennai,Handymax,23.22,2024,4,5,4,24.13,22.76,1696.2,1795.0,1778.0
2024-04-12,Indonesia-Chennai,Handymax,23.56,2024,4,12,4,23.22,22.51,1665.8,1708.5,1696.2
2024-04-19,Indonesia-Chennai,Handymax,22.93,2024,4,19,4,23.56,23.63,1656.0,1718.3,1665.8
2024-04-26,Indonesia-Chennai,Handymax,21.74,2024,4,26,4,22.93,22.64,1635.3,1702.1,1656.0
2024-05-03,Indonesia-Chennai,Handymax,21.98,2024,5,3,4,21.74,24.15,1523.5,1574.2,1635.3
2024-05-10,Indonesia-Chennai,Handymax,21.25,2024,5,10,4,21.98,23.68,1498.9,1520.2,1523.5
2024-05-17,Indonesia-Chennai,Handymax,21.88,2024,5,17,4,21.25,24.13,1531.9,1537.9,1498.9
2024-05-24,Indonesia-Chennai,Handymax,21.3,2024,5,24,4,21.88,23.22,1385.7,1369.4,1531.9
2024-05-31,Indonesia-Chennai,Handymax,21.81,2024,5,31,4,21.3,23.56,1373.8,1360.2,1385.7
2024-06-07,Indonesia-Chennai,Handymax,20.07,2024,6,7,4,21.81,22.93,1313.4,1317.3,1373.8
2024-06-14,Indonesia-Chennai,Handymax,19.74,2024,6,14,4,20.07,21.74,1188.1,1245.8,1313.4
2024-06-21,Indonesia-Chennai,Handymax,19.55,2024,6,21,4,19.74,21.98,1102.2,1126.9,1188.1
2024-06-28,Indonesia-Chennai,Handymax,20.24,2024,6,28,4,19.55,21.25,1055.9,1015.2,1102.2
2024-07-05,Indonesia-Chennai,Handymax,19.37,2024,7,5,4,20.24,21.88,948.0,956.3,1055.9
2024-07-12,Indonesia-Chennai,Handymax,19.23,2024,7,12,4,19.37,21.3,910.0,809.3,948.0
2024-07-19,Indonesia-Chennai,Handymax,17.56,2024,7,19,4,19.23,21.81,906.6,811.2,910.0
2024-07-26,Indonesia-Chennai,Handymax,15.72,2024,7,26,4,17.56,20.07,765.8,714.1,906.6
2024-08-02,Indonesia-Chennai,Handymax,15.48,2024,8,2,4,15.72,19.74,660.9,681.6,765.8
2024-08-09,Indonesia-Chennai,Handymax,16.74,2024,8,9,4,15.48,19.55,601.9,577.4,660.9
2024-08-16,Indonesia-Chennai,Handymax,14.11,2024,8,16,4,16.74,20.24,495.5,569.6,601.9
2024-08-23,Indonesia-Chennai,Handymax,16.64,2024,8,23,4,14.11,19.37,451.6,450.0,495.5
2024-08-30,Indonesia-Chennai,Handymax,14.25,2024,8,30,4,16.64,19.23,310.1,346.2,451.6
2024-09-06,Indonesia-Chennai,Handymax,15.66,2024,9,6,4,14.25,17.56,300.0,300.0,310.1
2024-09-13,Indonesia-Chennai,Handymax,14.26,2024,9,13,4,15.66,15.72,300.0,300.0,300.0
2024-09-20,Indonesia-Chennai,Handymax,14.81,2024,9,20,4,14.26,15.48,300.0,300.0,300.0
2024-09-27,Indonesia-Chennai,Handymax,15.47,2024,9,27,4,14.81,16.74,325.3,300.0,300.0
2024-10-04,Indonesia-Chennai,Handymax,15.05,2024,10,4,4,15.47,14.11,300.0,300.0,325.3
2024-10-11,Indonesia-Chennai,Handymax,13.85,2024,10,11,4,15.05,16.64,300.0,300.0,300.0
2024-10-18,Indonesia-Chennai,Handymax,14.35,2024,10,18,4,13.85,14.25,300.0,300.0,300.0
2024-10-25,Indonesia-Chennai,Handymax,16.04,2024,10,25,4,14.35,15.66,300.0,300.0,300.0
2024-11-01,Indonesia-Chennai,Handymax,15.31,2024,11,1,4,16.04,14.26,300.0,300.0,300.0
2024-11-08,Indonesia-Chennai,Handymax,14.72,2024,11,8,4,15.31,14.81,300.0,300.0,300.0
2024-11-15,Indonesia-Chennai,Handymax,16.24,2024,11,15,4,14.72,15.47,300.0,300.0,300.0
2024-11-22,Indonesia-Chennai,Handymax,16.13,2024,11,22,4,16.24,15.05,300.0,300.0,300.0
2024-11-29,Indonesia-Chennai,Handymax,15.28,2024,11,29,4,16.13,13.85,300.0,300.0,300.0
2024-12-06,Indonesia-Chennai,Handymax,17.57,2024,12,6,4,15.28,14.35,300.0,300.0,300.0
2024-12-13,Indonesia-Chennai,Handymax,15.41,2024,12,13,4,17.57,16.04,300.0,300.0,300.0
2024-12-20,Indonesia-Chennai,Handymax,16.84,2024,12,20,4,15.41,15.31,300.0,300.0,300.0
2024-12-27,Indonesia-Chennai,Handymax,17.16,2024,12,27,4,16.84,14.72,300.0,300.0,300.0
2025-01-03,Indonesia-Chennai,Handymax,17.52,2025,1,3,4,17.16,16.24,338.4,300.0,300.0
2025-01-10,Indonesia-Chennai,Handymax,16.26,2025,1,10,4,17.52,16.13,333.0,317.3,338.4
2025-01-17,Indonesia-Chennai,Handymax,18.19,2025,1,17,4,16.26,15.28,394.4,349.6,333.0
2025-01-24,Indonesia-Chennai,Handymax,18.98,2025,1,24,4,18.19,17.57,501.5,531.2,394.4
2025-01-31,Indonesia-Chennai,Handymax,17.79,2025,1,31,4,18.98,15.41,510.3,495.5,501.5
2025-02-07,Indonesia-Chennai,Handymax,18.29,2025,2,7,4,17.79,16.84,541.1,611.7,510.3
2025-02-14,Indonesia-Chennai,Handymax,19.75,2025,2,14,4,18.29,17.16,734.5,543.1,541.1
2025-02-21,Indonesia-Chennai,Handymax,18.53,2025,2,21,4,19.75,17.52,651.0,686.5,734.5
2025-02-28,Indonesia-Chennai,Handymax,20.06,2025,2,28,4,18.53,16.26,781.7,719.2,651.0
2025-03-07,Indonesia-Chennai,Handymax,20.43,2025,3,7,4,20.06,18.19,901.9,831.0,781.7
2025-03-14,Indonesia-Chennai,Handymax,19.94,2025,3,14,4,20.43,18.98,913.8,939.3,901.9
2025-03-21,Indonesia-Chennai,Handymax,21.63,2025,3,21,4,19.94,17.79,990.8,856.6,913.8
2025-03-28,Indonesia-Chennai,Handymax,20.14,2025,3,28,4,21.63,18.29,994.5,1057.9,990.8
2025-04-04,Indonesia-Chennai,Handymax,19.97,2025,4,4,4,20.14,19.75,1081.3,1133.8,994.5
2025-04-11,Indonesia-Chennai,Handymax,21.09,2025,4,11,4,19.97,18.53,1155.6,1110.7,1081.3
2025-04-18,Indonesia-Chennai,Handymax,20.68,2025,4,18,4,21.09,20.06,1228.1,1134.4,1155.6
2025-04-25,Indonesia-Chennai,Handymax,21.3,2025,4,25,4,20.68,20.43,1341.8,1228.8,1228.1
2025-05-02,Indonesia-Chennai,Handymax,21.33,2025,5,2,4,21.3,19.94,1220.7,1407.5,1341.8
2025-05-09,Indonesia-Chennai,Handymax,21.65,2025,5,9,4,21.33,21.63,1447.9,1327.1,1220.7
2025-05-16,Indonesia-Chennai,Handymax,20.8,2025,5,16,4,21.65,20.14,1358.5,1402.9,1447.9
2025-05-23,Indonesia-Chennai,Handymax,20.83,2025,5,23,4,20.8,19.97,1431.4,1373.7,1358.5
2025-05-30,Indonesia-Chennai,Handymax,22.22,2025,5,30,4,20.83,21.09,1448.9,1420.9,1431.4
2025-06-06,Indonesia-Chennai,Handymax,20.51,2025,6,6,4,22.22,20.68,1391.3,1478.5,1448.9
2025-06-13,Indonesia-Chennai,Handymax,20.19,2025,6,13,4,20.51,21.3,1449.4,1490.9,1391.3
2025-06-20,Indonesia-Chennai,Handymax,18.57,2025,6,20,4,20.19,21.33,1325.6,1505.2,1449.4
2025-06-27,Indonesia-Chennai,Handymax,21.46,2025,6,27,4,18.57,21.65,1454.5,1423.6,1325.6
2025-07-04,Indonesia-Chennai,Handymax,20.8,2025,7,4,4,21.46,20.8,1473.0,1393.4,1454.5
2025-07-11,Indonesia-Chennai,Handymax,20.1,2025,7,11,4,20.8,20.83,1503.0,1415.4,1473.0
2025-07-18,Indonesia-Chennai,Handymax,20.27,2025,7,18,4,20.1,22.22,1441.0,1446.0,1503.0
2025-07-25,Indonesia-Chennai,Handymax,18.82,2025,7,25,4,20.27,20.51,1411.3,1424.0,1441.0
2025-08-01,Indonesia-Chennai,Handymax,19.95,2025,8,1,4,18.82,20.19,1376.9,1464.1,1411.3
2025-08-08,Indonesia-Chennai,Handymax,19.25,2025,8,8,4,19.95,18.57,1404.1,1413.5,1376.9
2025-08-15,Indonesia-Chennai,Handymax,18.73,2025,8,15,4,19.25,21.46,1419.9,1376.3,1404.1
2025-08-22,Indonesia-Chennai,Handymax,19.51,2025,8,22,4,18.73,20.8,1381.7,1378.7,1419.9
2025-08-29,Indonesia-Chennai,Handymax,18.45,2025,8,29,4,19.51,20.1,1369.7,1286.8,1381.7
2025-09-05,Indonesia-Chennai,Handymax,18.01,2025,9,5,4,18.45,20.27,1277.9,1337.5,1369.7
2025-09-12,Indonesia-Chennai,Handymax,18.39,2025,9,12,4,18.01,18.82,1314.5,1328.7,1277.9
2025-09-19,Indonesia-Chennai,Handymax,17.32,2025,9,19,4,18.39,19.95,1229.3,1276.5,1314.5
2025-09-26,Indonesia-Chennai,Handymax,16.31,2025,9,26,4,17.32,19.25,1262.4,1263.9,1229.3
2025-10-03,Indonesia-Chennai,Handymax,17.95,2025,10,3,4,16.31,18.73,1199.6,1293.1,1262.4
2025-10-10,Indonesia-Chennai,Handymax,16.48,2025,10,10,4,17.95,19.51,1194.9,1272.2,1199.6
2025-10-17,Indonesia-Chennai,Handymax,17.75,2025,10,17,4,16.48,18.45,1246.7,1230.7,1194.9
2025-10-24,Indonesia-Chennai,Handymax,17.05,2025,10,24,4,17.75,18.01,1236.4,1223.0,1246.7
2025-10-31,Indonesia-Chennai,Handymax,18.18,2025,10,31,4,17.05,18.39,1185.5,1175.0,1236.4
2025-11-07,Indonesia-Chennai,Handymax,19.05,2025,11,7,4,18.18,17.32,1296.1,1230.0,1185.5
2025-11-14,Indonesia-Chennai,Handymax,19.06,2025,11,14,4,19.05,16.31,1158.5,1192.1,1296.1
2025-11-21,Indonesia-Chennai,Handymax,17.9,2025,11,21,4,19.06,17.95,1242.0,1220.3,1158.5
2025-11-28,Indonesia-Chennai,Handymax,18.39,2025,11,28,4,17.9,16.48,1231.0,1205.5,1242.0
2025-12-05,Indonesia-Chennai,Handymax,18.08,2025,12,5,4,18.39,17.75,1119.0,1264.5,1231.0
2025-12-12,Indonesia-Chennai,Handymax,18.2,2025,12,12,4,18.08,17.05,1286.9,1188.5,1119.0
2025-12-19,Indonesia-Chennai,Handymax,18.86,2025,12,19,4,18.2,18.18,1246.9,1260.6,1286.9
2025-12-26,Indonesia-Chennai,Handymax,19.04,2025,12,26,4,18.86,19.05,1316.4,1408.1,1246.9
2026-01-02,Indonesia-Chennai,Handymax,20.4,2026,1,2,4,19.04,19.06,1356.8,1305.2,1316.4
2026-01-09,Indonesia-Chennai,Handymax,20.1,2026,1,9,4,20.4,17.9,1347.2,1209.1,1356.8
2026-01-16,Indonesia-Chennai,Handymax,21.35,2026,1,16,4,20.1,18.39,1268.9,1403.0,1347.2
2026-01-23,Indonesia-Chennai,Handymax,21.16,2026,1,23,4,21.35,18.08,1399.5,1401.1,1268.9
2026-01-30,Indonesia-Chennai,Handymax,20.57,2026,1,30,4,21.16,18.2,1528.6,1467.4,1399.5
2026-02-06,Indonesia-Chennai,Handymax,20.99,2026,2,6,4,20.57,18.86,1417.4,1423.0,1528.6
2026-02-13,Indonesia-Chennai,Handymax,21.87,2026,2,13,4,20.99,19.04,1578.6,1347.8,1417.4
2026-02-20,Indonesia-Chennai,Handymax,21.56,2026,2,20,4,21.87,20.4,1403.5,1499.1,1578.6
2026-02-27,Indonesia-Chennai,Handymax,23.6,2026,2,27,4,21.56,20.1,1635.4,1591.4,1403.5
2026-03-06,Indonesia-Chennai,Handymax,23.38,2026,3,6,4,23.6,21.35,1578.4,1586.5,1635.4
2026-03-13,Indonesia-Chennai,Handymax,22.54,2026,3,13,4,23.38,21.16,1480.1,1592.1,1578.4
2026-03-20,Indonesia-Chennai,Handymax,22.93,2026,3,20,4,22.54,20.57,1690.7,1672.6,1480.1
2026-03-27,Indonesia-Chennai,Handymax,22.38,2026,3,27,4,22.93,20.99,1715.8,1657.2,1690.7
2026-04-03,Indonesia-Chennai,Handymax,23.28,2026,4,3,4,22.38,21.87,1720.6,1636.3,1715.8
2026-04-10,Indonesia-Chennai,Handymax,23.85,2026,4,10,4,23.28,21.56,1719.7,1754.6,1720.6
2026-04-17,Indonesia-Chennai,Handymax,24.09,2026,4,17,4,23.85,23.6,1741.8,1824.3,1719.7
2026-04-24,Indonesia-Chennai,Handymax,21.93,2026,4,24,4,24.09,23.38,1737.8,1690.2,1741.8
2026-05-01,Indonesia-Chennai,Handymax,22.83,2026,5,1,4,21.93,22.54,1804.6,1740.5,1737.8
2026-05-08,Indonesia-Chennai,Handymax,23.54,2026,5,8,4,22.83,22.93,1867.4,1799.7,1804.6
2026-05-15,Indonesia-Chennai,Handymax,23.51,2026,5,15,4,23.54,22.38,1800.6,1930.8,1867.4
2026-05-22,Indonesia-Chennai,Handymax,22.86,2026,5,22,4,23.51,23.28,1884.4,1928.1,1800.6
2026-05-29,Indonesia-Chennai,Handymax,22.14,2026,5,29,4,22.86,23.85,1775.5,1852.0,1884.4
2026-06-05,Indonesia-Chennai,Handymax,23.17,2026,6,5,4,22.14,24.09,1893.6,1773.8,1775.5
2026-06-12,Indonesia-Chennai,Handymax,22.79,2026,6,12,4,23.17,21.93,1910.5,1884.3,1893.6
2026-06-19,Indonesia-Chennai,Handymax,22.64,2026,6,19,4,22.79,22.83,1882.1,2027.3,1910.5
2026-06-26,Indonesia-Chennai,Handymax,22.56,2026,6,26,4,22.64,23.54,1836.2,1969.2,1882.1
2026-07-03,Indonesia-Chennai,Handymax,21.72,2026,7,3,4,22.56,23.51,1941.0,1869.2,1836.2
2026-07-10,Indonesia-Chennai,Handymax,21.47,2026,7,10,4,21.72,22.86,1862.4,1845.2,1941.0
2026-07-17,Indonesia-Chennai,Handymax,21.37,2026,7,17,4,21.47,22.14,1877.2,2024.2,1862.4
2026-07-24,Indonesia-Chennai,Handymax,19.4,2026,7,24,4,21.37,23.17,1881.8,1966.6,1877.2
2026-07-31,Indonesia-Chennai,Handymax,21.23,2026,7,31,4,19.4,22.79,1881.8,1869.8,1881.8
2026-08-07,Indonesia-Chennai,Handymax,21.42,2026,8,7,4,21.23,22.64,1944.8,1823.2,1881.8
2026-08-14,Indonesia-Chennai,Handymax,22.08,2026,8,14,4,21.42,22.56,1922.7,1935.5,1944.8
2026-08-21,Indonesia-Chennai,Handymax,18.56,2026,8,21,4,22.08,21.72,1890.6,1916.5,1922.7
2026-08-28,Indonesia-Chennai,Handymax,21.51,2026,8,28,4,18.56,21.47,1863.2,1967.9,1890.6
2018-02-23,Indonesia-Ennore,Supramax,25.38,2018,2,23,4,22.41,19.56,2306.9,2170.6,2171.5
2018-03-02,Indonesia-Ennore,Supramax,24.19,2018,3,2,4,25.38,21.57,2308.2,2272.3,2306.9
2018-03-09,Indonesia-Ennore,Supramax,24.26,2018,3,9,4,24.19,22.6,2291.4,2274.8,2308.2
2018-03-16,Indonesia-Ennore,Supramax,25.01,2018,3,16,4,24.26,22.27,2287.3,2280.0,2291.4
2018-03-23,Indonesia-Ennore,Supramax,25.42,2018,3,23,4,25.01,22.23,2331.8,2306.2,2287.3
2018-03-30,Indonesia-Ennore,Supramax,25.96,2018,3,30,4,25.42,22.85,2384.8,2367.6,2331.8
2018-04-06,Indonesia-Ennore,Supramax,24.3,2018,4,6,4,25.96,22.41,2410.1,2433.8,2384.8
2018-04-13,Indonesia-Ennore,Supramax,24.86,2018,4,13,4,24.3,25.38,2378.3,2408.3,2410.1
2018-04-20,Indonesia-Ennore,Supramax,23.17,2018,4,20,4,24.86,24.19,2446.4,2291.5,2378.3
2018-04-27,Indonesia-Ennore,Supramax,24.65,2018,4,27,4,23.17,24.26,2390.1,2359.0,2446.4
2018-05-04,Indonesia-Ennore,Supramax,24.57,2018,5,4,4,24.65,25.01,2345.4,2418.0,2390.1
2018-05-11,Indonesia-Ennore,Supramax,25.09,2018,5,11,4,24.57,25.42,2388.1,2331.1,2345.4
2018-05-18,Indonesia-Ennore,Supramax,23.43,2018,5,18,4,25.09,25.96,2412.5,2456.3,2388.1
2018-05-25,Indonesia-Ennore,Supramax,23.25,2018,5,25,4,23.43,24.3,2323.4,2458.5,2412.5
2018-06-01,Indonesia-Ennore,Supramax,23.64,2018,6,1,4,23.25,24.86,2323.7,2402.6,2323.4
2018-06-08,Indonesia-Ennore,Supramax,22.87,2018,6,8,4,23.64,23.17,2297.5,2354.7,2323.7
2018-06-15,Indonesia-Ennore,Supramax,22.6,2018,6,15,4,22.87,24.65,2241.2,2273.7,2297.5
2018-06-22,Indonesia-Ennore,Supramax,23.15,2018,6,22,4,22.6,24.57,2128.9,2195.7,2241.2
2018-06-29,Indonesia-Ennore,Supramax,22.38,2018,6,29,4,23.15,25.09,2197.3,2128.1,2128.9
2018-07-06,Indonesia-Ennore,Supramax,23.42,2018,7,6,4,22.38,23.43,2149.3,2157.8,2197.3
2018-07-13,Indonesia-Ennore,Supramax,21.6,2018,7,13,4,23.42,23.25,2189.9,2083.8,2149.3
2018-07-20,Indonesia-Ennore,Supramax,22.08,2018,7,20,4,21.6,23.64,2139.2,2033.8,2189.9
2018-07-27,Indonesia-Ennore,Supramax,22.31,2018,7,27,4,22.08,22.87,1987.2,1970.1,2139.2
2018-08-03,Indonesia-Ennore,Supramax,21.86,2018,8,3,4,22.31,22.6,2085.5,1949.0,1987.2
2018-08-10,Indonesia-Ennore,Supramax,19.23,2018,8,10,4,21.86,23.15,1865.5,1949.7,2085.5
2018-08-17,Indonesia-Ennore,Supramax,19.07,2018,8,17,4,19.23,22.38,1900.8,1835.8,1865.5
2018-08-24,Indonesia-Ennore,Supramax,19.09,2018,8,24,4,19.07,23.42,1810.9,1794.4,1900.8
2018-08-31,Indonesia-Ennore,Supramax,18.38,2018,8,31,4,19.09,21.6,1627.8,1781.5,1810.9
2018-09-07,Indonesia-Ennore,Supramax,18.21,2018,9,7,4,18.38,22.08,1667.4,1690.0,1627.8
2018-09-14,Indonesia-Ennore,Supramax,17.87,2018,9,14,4,18.21,22.31,1700.8,1672.9,1667.4
2018-09-21,Indonesia-Ennore,Supramax,17.51,2018,9,21,4,17.87,21.86,1661.0,1623.6,1700.8
2018-09-28,Indonesia-Ennore,Supramax,18.16,2018,9,28,4,17.51,19.23,1631.5,1612.4,1661.0
2018-10-05,Indonesia-Ennore,Supramax,16.65,2018,10,5,4,18.16,19.07,1633.9,1646.5,1631.5
2018-10-12,Indonesia-Ennore,Supramax,17.1,2018,10,12,4,16.65,19.09,1471.8,1552.6,1633.9
2018-10-19,Indonesia-Ennore,Supramax,19.53,2018,10,19,4,17.1,18.38,1573.8,1658.5,1471.8
2018-10-26,Indonesia-Ennore,Supramax,18.3,2018,10,26,4,19.53,18.21,1661.9,1572.7,1573.8
2018-11-02,Indonesia-Ennore,Supramax,18.55,2018,11,2,4,18.3,17.87,1594.7,1588.4,1661.9
2018-11-09,Indonesia-Ennore,Supramax,16.7,2018,11,9,4,18.55,17.51,1584.1,1561.8,1594.7
2018-11-16,Indonesia-Ennore,Supramax,19.16,2018,11,16,4,16.7,18.16,1695.6,1662.8,1584.1
2018-11-23,Indonesia-Ennore,Supramax,18.57,2018,11,23,4,19.16,16.65,1565.8,1632.0,1695.6
2018-11-30,Indonesia-Ennore,Supramax,19.23,2018,11,30,4,18.57,17.1,1627.9,1652.3,1565.8
2018-12-07,Indonesia-Ennore,Supramax,19.17,2018,12,7,4,19.23,19.53,1695.0,1690.3,1627.9
2018-12-14,Indonesia-Ennore,Supramax,21.01,2018,12,14,4,19.17,18.3,1715.5,1757.6,1695.0
2018-12-21,Indonesia-Ennore,Supramax,19.63,2018,12,21,4,21.01,18.55,1798.3,1751.8,1715.5
2018-12-28,Indonesia-Ennore,Supramax,21.57,2018,12,28,4,19.63,16.7,1772.4,1802.5,1798.3
2019-01-04,Indonesia-Ennore,Supramax,21.39,2019,1,4,4,21.57,19.16,1980.9,1937.9,1772.4
2019-01-11,Indonesia-Ennore,Supramax,21.15,2019,1,11,4,21.39,18.57,1936.0,1901.2,1980.9
2019-01-18,Indonesia-Ennore,Supramax,21.53,2019,1,18,4,21.15,19.23,1960.2,1929.1,1936.0
2019-01-25,Indonesia-Ennore,Supramax,22.76,2019,1,25,4,21.53,19.17,2010.3,2099.3,1960.2
2019-02-01,Indonesia-Ennore,Supramax,22.59,2019,2,1,4,22.76,21.01,2038.5,2089.5,2010.3
2019-02-08,Indonesia-Ennore,Supramax,24.63,2019,2,8,4,22.59,19.63,2176.7,2043.9,2038.5
2019-02-15,Indonesia-Ennore,Supramax,23.17,2019,2,15,4,24.63,21.57,2253.8,2176.9,2176.7
2019-02-22,Indonesia-Ennore,Supramax,23.4,2019,2,22,4,23.17,21.39,2335.2,2271.9,2253.8
2019-03-01,Indonesia-Ennore,Supramax,26.19,2019,3,1,4,23.4,21.15,2298.9,2400.7,2335.2
2019-03-08,Indonesia-Ennore,Supramax,25.13,2019,3,8,4,26.19,21.53,2424.4,2425.2,2298.9
2019-03-15,Indonesia-Ennore,Supramax,23.71,2019,3,15,4,25.13,22.76,2357.8,2534.1,2424.4
2019-03-22,Indonesia-Ennore,Supramax,25.33,2019,3,22,4,23.71,22.59,2449.9,2540.0,2357.8
2019-03-29,Indonesia-Ennore,Supramax,26.5,2019,3,29,4,25.33,24.63,2500.1,2482.5,2449.9
2019-04-05,Indonesia-Ennore,Supramax,26.1,2019,4,5,4,26.5,23.17,2550.0,2545.2,2500.1
2019-04-12,Indonesia-Ennore,Supramax,26.36,2019,4,12,4,26.1,23.4,2623.0,2602.4,2550.0
2019-04-19,Indonesia-Ennore,Supramax,27.25,2019,4,19,4,26.36,26.19,2661.0,2610.5,2623.0
2019-04-26,Indonesia-Ennore,Supramax,26.22,2019,4,26,4,27.25,25.13,2663.9,2598.0,2661.0
2019-05-03,Indonesia-Ennore,Supramax,26.29,2019,5,3,4,26.22,23.71,2726.3,2611.2,2663.9
2019-05-10,Indonesia-Ennore,Supramax,26.05,2019,5,10,4,26.29,25.33,2658.8,2701.1,2726.3
2019-05-17,Indonesia-Ennore,Supramax,26.6,2019,5,17,4,26.05,26.5,2695.0,2694.3,2658.8
2019-05-24,Indonesia-Ennore,Supramax,24.18,2019,5,24,4,26.6,26.1,2748.6,2744.6,2695.0
2019-05-31,Indonesia-Ennore,Supramax,26.64,2019,5,31,4,24.18,26.36,2600.5,2697.5,2748.6
2019-06-07,Indonesia-Ennore,Supramax,23.34,2019,6,7,4,26.64,27.25,2630.2,2683.6,2600.5
2019-06-14,Indonesia-Ennore,Supramax,25.31,2019,6,14,4,23.34,26.22,2665.3,2693.3,2630.2
2019-06-21,Indonesia-Ennore,Supramax,23.82,2019,6,21,4,25.31,26.29,2669.9,2559.0,2665.3
2019-06-28,Indonesia-Ennore,Supramax,24.58,2019,6,28,4,23.82,26.05,2612.1,2618.6,2669.9
2019-07-05,Indonesia-Ennore,Supramax,24.38,2019,7,5,4,24.58,26.6,2542.9,2554.6,2612.1
2019-07-12,Indonesia-Ennore,Supramax,22.48,2019,7,12,4,24.38,24.18,2626.3,2637.5,2542.9
2019-07-19,Indonesia-Ennore,Supramax,24.31,2019,7,19,4,22.48,26.64,2536.0,2486.7,2626.3
2019-07-26,Indonesia-Ennore,Supramax,21.82,2019,7,26,4,24.31,23.34,2380.4,2425.1,2536.0
2019-08-02,Indonesia-Ennore,Supramax,21.77,2019,8,2,4,21.82,25.31,2304.5,2373.1,2380.4
2019-08-09,Indonesia-Ennore,Supramax,20.58,2019,8,9,4,21.77,23.82,2297.7,2358.7,2304.5
2019-08-16,Indonesia-Ennore,Supramax,22.29,2019,8,16,4,20.58,24.58,2285.7,2247.6,2297.7
2019-08-23,Indonesia-Ennore,Supramax,20.96,2019,8,23,4,22.29,24.38,2212.3,2334.6,2285.7
2019-08-30,Indonesia-Ennore,Supramax,19.54,2019,8,30,4,20.96,22.48,2054.5,2084.9,2212.3
2019-09-06,Indonesia-Ennore,Supramax,19.85,2019,9,6,4,19.54,24.31,2053.2,2040.6,2054.5
2019-09-13,Indonesia-Ennore,Supramax,20.04,2019,9,13,4,19.85,21.82,2018.5,1989.6,2053.2
2019-09-20,Indonesia-Ennore,Supramax,21.23,2019,9,20,4,20.04,21.77,1988.8,1979.4,2018.5
2019-09-27,Indonesia-Ennore,Supramax,19.58,2019,9,27,4,21.23,20.58,1907.9,1926.7,1988.8
2019-10-04,Indonesia-Ennore,Supramax,19.58,2019,10,4,4,19.58,22.29,1825.4,1906.7,1907.9
2019-10-11,Indonesia-Ennore,Supramax,18.16,2019,10,11,4,19.58,20.96,1724.4,1738.7,1825.4
2019-10-18,Indonesia-Ennore,Supramax,17.88,2019,10,18,4,18.16,19.54,1675.6,1751.1,1724.4
2019-10-25,Indonesia-Ennore,Supramax,18.43,2019,10,25,4,17.88,19.85,1692.2,1658.3,1675.6
2019-11-01,Indonesia-Ennore,Supramax,17.97,2019,11,1,4,18.43,20.04,1608.1,1568.8,1692.2
2019-11-08,Indonesia-Ennore,Supramax,17.2,2019,11,8,4,17.97,21.23,1559.8,1526.8,1608.1
2019-11-15,Indonesia-Ennore,Supramax,19.06,2019,11,15,4,17.2,19.58,1539.3,1537.2,1559.8
2019-11-22,Indonesia-Ennore,Supramax,18.52,2019,11,22,4,19.06,19.58,1463.3,1563.0,1539.3
2019-11-29,Indonesia-Ennore,Supramax,17.31,2019,11,29,4,18.52,18.16,1341.3,1383.8,1463.3
2019-12-06,Indonesia-Ennore,Supramax,18.44,2019,12,6,4,17.31,17.88,1425.5,1391.8,1341.3
2019-12-13,Indonesia-Ennore,Supramax,19.3,2019,12,13,4,18.44,18.43,1298.9,1346.2,1425.5
2019-12-20,Indonesia-Ennore,Supramax,18.02,2019,12,20,4,19.3,17.97,1324.0,1358.0,1298.9
2019-12-27,Indonesia-Ennore,Supramax,19.8,2019,12,27,4,18.02,17.2,1253.4,1504.7,1324.0
2020-01-03,Indonesia-Ennore,Supramax,18.27,2020,1,3,4,19.8,19.06,1316.1,1305.5,1253.4
2020-01-10,Indonesia-Ennore,Supramax,18.14,2020,1,10,4,18.27,18.52,1303.2,1243.5,1316.1
2020-01-17,Indonesia-Ennore,Supramax,20.35,2020,1,17,4,18.14,17.31,1270.9,1366.1,1303.2
2020-01-24,Indonesia-Ennore,Supramax,20.29,2020,1,24,4,20.35,18.44,1262.1,1181.1,1270.9
2020-01-31,Indonesia-Ennore,Supramax,20.44,2020,1,31,4,20.29,19.3,1214.3,1257.5,1262.1
2020-02-07,Indonesia-Ennore,Supramax,19.18,2020,2,7,4,20.44,18.02,1225.3,1126.5,1214.3
2020-02-14,Indonesia-Ennore,Supramax,19.5,2020,2,14,4,19.18,19.8,1160.6,1236.6,1225.3
2020-02-21,Indonesia-Ennore,Supramax,18.96,2020,2,21,4,19.5,18.27,1116.5,1198.5,1160.6
2020-02-28,Indonesia-Ennore,Supramax,19.76,2020,2,28,4,18.96,18.14,1107.3,1151.3,1116.5
2020-03-06,Indonesia-Ennore,Supramax,19.01,2020,3,6,4,19.76,20.35,627.5,527.8,1107.3
2020-03-13,Indonesia-Ennore,Supramax,15.83,2020,3,13,4,19.01,20.29,368.7,569.6,627.5
2020-03-20,Indonesia-Ennore,Supramax,17.21,2020,3,20,4,15.83,20.44,491.8,454.7,368.7
2020-03-27,Indonesia-Ennore,Supramax,17.29,2020,3,27,4,17.21,19.18,499.0,482.9,491.8
2020-04-03,Indonesia-Ennore,Supramax,15.99,2020,4,3,4,17.29,19.5,400.8,434.8,499.0
2020-04-10,Indonesia-Ennore,Supramax,17.8,2020,4,10,4,15.99,18.96,500.6,411.1,400.8
2020-04-17,Indonesia-Ennore,Supramax,18.07,2020,4,17,4,17.8,19.76,420.0,430.4,500.6
2020-04-24,Indonesia-Ennore,Supramax,19.14,2020,4,24,4,18.07,19.01,483.1,347.7,420.0
2020-05-01,Indonesia-Ennore,Supramax,16.33,2020,5,1,4,19.14,15.83,392.4,414.7,483.1
2020-05-08,Indonesia-Ennore,Supramax,17.28,2020,5,8,4,16.33,17.21,436.9,329.2,392.4
2020-05-15,Indonesia-Ennore,Supramax,16.8,2020,5,15,4,17.28,17.29,380.2,443.8,436.9
2020-05-22,Indonesia-Ennore,Supramax,16.05,2020,5,22,4,16.8,15.99,338.9,300.0,380.2
2020-05-29,Indonesia-Ennore,Supramax,16.28,2020,5,29,4,16.05,17.8,345.9,340.9,338.9
2020-06-05,Indonesia-Ennore,Supramax,15.15,2020,6,5,4,16.28,18.07,304.2,300.0,345.9
2020-06-12,Indonesia-Ennore,Supramax,14.8,2020,6,12,4,15.15,19.14,343.0,300.0,304.2
2020-06-19,Indonesia-Ennore,Supramax,14.36,2020,6,19,4,14.8,16.33,300.0,300.0,343.0
2020-06-26,Indonesia-Ennore,Supramax,13.88,2020,6,26,4,14.36,17.28,300.0,300.0,300.0
2020-07-03,Indonesia-Ennore,Supramax,15.55,2020,7,3,4,13.88,16.8,300.0,300.0,300.0
2020-07-10,Indonesia-Ennore,Supramax,13.75,2020,7,10,4,15.55,16.05,300.0,300.0,300.0
2020-07-17,Indonesia-Ennore,Supramax,13.92,2020,7,17,4,13.75,16.28,300.0,300.0,300.0
2020-07-24,Indonesia-Ennore,Supramax,14.49,2020,7,24,4,13.92,15.15,300.0,300.0,300.0
2020-07-31,Indonesia-Ennore,Supramax,14.14,2020,7,31,4,14.49,14.8,300.0,300.0,300.0
2020-08-07,Indonesia-Ennore,Supramax,13.55,2020,8,7,4,14.14,14.36,300.0,300.0,300.0
2020-08-14,Indonesia-Ennore,Supramax,12.95,2020,8,14,4,13.55,13.88,300.0,300.0,300.0
2020-08-21,Indonesia-Ennore,Supramax,13.65,2020,8,21,4,12.95,15.55,300.0,300.0,300.0
2020-08-28,Indonesia-Ennore,Supramax,13.31,2020,8,28,4,13.65,13.75,300.0,300.0,300.0
2020-09-04,Indonesia-Ennore,Supramax,13.88,2020,9,4,4,13.31,13.92,660.4,646.0,300.0
2020-09-11,Indonesia-Ennore,Supramax,12.81,2020,9,11,4,13.88,14.49,520.1,601.9,660.4
2020-09-18,Indonesia-Ennore,Supramax,14.56,2020,9,18,4,12.81,14.14,567.2,536.3,520.1
2020-09-25,Indonesia-Ennore,Supramax,15.42,2020,9,25,4,14.56,13.55,649.1,594.6,567.2
2020-10-02,Indonesia-Ennore,Supramax,13.66,2020,10,2,4,15.42,12.95,598.5,526.8,649.1
2020-10-09,Indonesia-Ennore,Supramax,14.48,2020,10,9,4,13.66,13.65,558.9,504.9,598.5
2020-10-16,Indonesia-Ennore,Supramax,13.96,2020,10,16,4,14.48,13.31,615.1,654.9,558.9
2020-10-23,Indonesia-Ennore,Supramax,14.14,2020,10,23,4,13.96,13.88,694.6,679.2,615.1
2020-10-30,Indonesia-Ennore,Supramax,13.62,2020,10,30,4,14.14,12.81,606.3,606.8,694.6
2020-11-06,Indonesia-Ennore,Supramax,15.2,2020,11,6,4,13.62,14.56,636.9,651.0,606.3
2020-11-13,Indonesia-Ennore,Supramax,13.68,2020,11,13,4,15.2,15.42,705.3,709.5,636.9
2020-11-20,Indonesia-Ennore,Supramax,15.1,2020,11,20,4,13.68,13.66,716.1,686.8,705.3
2020-11-27,Indonesia-Ennore,Supramax,14.72,2020,11,27,4,15.1,14.48,722.5,744.4,716.1
2020-12-04,Indonesia-Ennore,Supramax,15.56,2020,12,4,4,14.72,13.96,696.3,717.6,722.5
2020-12-11,Indonesia-Ennore,Supramax,16.12,2020,12,11,4,15.56,14.14,715.5,774.0,696.3
2020-12-18,Indonesia-Ennore,Supramax,15.45,2020,12,18,4,16.12,13.62,820.8,854.7,715.5
2020-12-25,Indonesia-Ennore,Supramax,17.75,2020,12,25,4,15.45,15.2,912.7,865.8,820.8
2021-01-01,Indonesia-Ennore,Supramax,15.65,2021,1,1,4,17.75,13.68,955.0,975.9,912.7
2021-01-08,Indonesia-Ennore,Supramax,17.76,2021,1,8,4,15.65,15.1,1032.9,923.1,955.0
2021-01-15,Indonesia-Ennore,Supramax,17.53,2021,1,15,4,17.76,14.72,986.7,983.6,1032.9
2021-01-22,Indonesia-Ennore,Supramax,19.53,2021,1,22,4,17.53,15.56,1122.3,996.5,986.7
2021-01-29,Indonesia-Ennore,Supramax,19.08,2021,1,29,4,19.53,16.12,1093.6,1032.3,1122.3
2021-02-05,Indonesia-Ennore,Supramax,19.55,2021,2,5,4,19.08,15.45,1099.1,1122.1,1093.6
2021-02-12,Indonesia-Ennore,Supramax,19.03,2021,2,12,4,19.55,17.75,1168.9,1188.2,1099.1
2021-02-19,Indonesia-Ennore,Supramax,19.63,2021,2,19,4,19.03,15.65,1269.8,1152.0,1168.9
2021-02-26,Indonesia-Ennore,Supramax,20.28,2021,2,26,4,19.63,17.76,1224.1,1296.2,1269.8
2021-03-05,Indonesia-Ennore,Supramax,20.92,2021,3,5,4,20.28,17.53,1245.2,1266.8,1224.1
2021-03-12,Indonesia-Ennore,Supramax,20.19,2021,3,12,4,20.92,19.53,1239.4,1276.6,1245.2
2021-03-19,Indonesia-Ennore,Supramax,20.0,2021,3,19,4,20.19,19.08,1356.1,1307.6,1239.4
2021-03-26,Indonesia-Ennore,Supramax,20.5,2021,3,26,4,20.0,19.55,1370.8,1267.4,1356.1
2021-04-02,Indonesia-Ennore,Supramax,20.89,2021,4,2,4,20.5,19.03,1287.1,1421.0,1370.8
2021-04-09,Indonesia-Ennore,Supramax,19.43,2021,4,9,4,20.89,19.63,1297.5,1344.8,1287.1
2021-04-16,Indonesia-Ennore,Supramax,21.17,2021,4,16,4,19.43,20.28,1305.9,1358.2,1297.5
2021-04-23,Indonesia-Ennore,Supramax,20.19,2021,4,23,4,21.17,20.92,1359.5,1369.5,1305.9
2021-04-30,Indonesia-Ennore,Supramax,20.16,2021,4,30,4,20.19,20.19,1226.7,1307.2,1359.5
2021-05-07,Indonesia-Ennore,Supramax,27.2,2021,5,7,4,20.16,20.0,2783.8,2753.3,1226.7
2021-05-14,Indonesia-Ennore,Supramax,26.71,2021,5,14,4,27.2,20.5,2815.2,2675.0,2783.8
2021-05-21,Indonesia-Ennore,Supramax,25.94,2021,5,21,4,26.71,20.89,2801.9,2736.3,2815.2
2021-05-28,Indonesia-Ennore,Supramax,25.78,2021,5,28,4,25.94,19.43,2772.8,2706.3,2801.9
2021-06-04,Indonesia-Ennore,Supramax,23.93,2021,6,4,4,25.78,21.17,2631.4,2637.8,2772.8
2021-06-11,Indonesia-Ennore,Supramax,25.2,2021,6,11,4,23.93,20.19,2581.2,2681.1,2631.4
2021-06-18,Indonesia-Ennore,Supramax,24.91,2021,6,18,4,25.2,20.16,2563.7,2678.4,2581.2
2021-06-25,Indonesia-Ennore,Supramax,24.21,2021,6,25,4,24.91,27.2,2586.4,2513.7,2563.7
2021-07-02,Indonesia-Ennore,Supramax,24.47,2021,7,2,4,24.21,26.71,2535.9,2582.2,2586.4
2021-07-09,Indonesia-Ennore,Supramax,24.28,2021,7,9,4,24.47,25.94,2399.4,2466.2,2535.9
2021-07-16,Indonesia-Ennore,Supramax,22.58,2021,7,16,4,24.28,25.78,2500.1,2467.0,2399.4
2021-07-23,Indonesia-Ennore,Supramax,22.12,2021,7,23,4,22.58,23.93,2439.1,2320.6,2500.1
2021-07-30,Indonesia-Ennore,Supramax,22.24,2021,7,30,4,22.12,25.2,2299.0,2281.2,2439.1
2021-08-06,Indonesia-Ennore,Supramax,21.63,2021,8,6,4,22.24,24.91,2267.5,2347.0,2299.0
2021-08-13,Indonesia-Ennore,Supramax,22.92,2021,8,13,4,21.63,24.21,2296.4,2300.4,2267.5
2021-08-20,Indonesia-Ennore,Supramax,19.93,2021,8,20,4,22.92,24.47,2224.7,2188.1,2296.4
2021-08-27,Indonesia-Ennore,Supramax,19.08,2021,8,27,4,19.93,24.28,2151.3,2192.3,2224.7
2021-09-03,Indonesia-Ennore,Supramax,20.26,2021,9,3,4,19.08,22.58,2126.6,2098.0,2151.3
2021-09-10,Indonesia-Ennore,Supramax,20.03,2021,9,10,4,20.26,22.12,2068.9,2065.0,2126.6
2021-09-17,Indonesia-Ennore,Supramax,20.04,2021,9,17,4,20.03,22.24,2060.5,2097.9,2068.9
2021-09-24,Indonesia-Ennore,Supramax,18.77,2021,9,24,4,20.04,21.63,2094.4,2130.2,2060.5
2021-10-01,Indonesia-Ennore,Supramax,20.7,2021,10,1,4,18.77,22.92,2106.2,1949.2,2094.4
2021-10-08,Indonesia-Ennore,Supramax,20.32,2021,10,8,4,20.7,19.93,2070.6,2075.7,2106.2
2021-10-15,Indonesia-Ennore,Supramax,19.13,2021,10,15,4,20.32,19.08,1987.6,2006.3,2070.6
2021-10-22,Indonesia-Ennore,Supramax,20.92,2021,10,22,4,19.13,20.26,2064.4,2127.2,1987.6
2021-10-29,Indonesia-Ennore,Supramax,19.85,2021,10,29,4,20.92,20.03,2025.7,2074.7,2064.4
2021-11-05,Indonesia-Ennore,Supramax,20.34,2021,11,5,4,19.85,20.04,2087.2,2149.5,2025.7
2021-11-12,Indonesia-Ennore,Supramax,21.01,2021,11,12,4,20.34,18.77,2169.6,2138.3,2087.2
2021-11-19,Indonesia-Ennore,Supramax,20.35,2021,11,19,4,21.01,20.7,2198.5,2156.0,2169.6
2021-11-26,Indonesia-Ennore,Supramax,22.19,2021,11,26,4,20.35,20.32,2260.9,2174.7,2198.5
2021-12-03,Indonesia-Ennore,Supramax,16.74,2021,12,3,4,22.19,19.13,769.1,724.2,2260.9
2021-12-10,Indonesia-Ennore,Supramax,15.92,2021,12,10,4,16.74,20.92,808.2,737.9,769.1
2021-12-17,Indonesia-Ennore,Supramax,15.94,2021,12,17,4,15.92,19.85,977.5,821.1,808.2
2021-12-24,Indonesia-Ennore,Supramax,16.05,2021,12,24,4,15.94,20.34,996.8,1068.7,977.5
2021-12-31,Indonesia-Ennore,Supramax,16.63,2021,12,31,4,16.05,21.01,985.7,996.6,996.8
2022-01-07,Indonesia-Ennore,Supramax,19.91,2022,1,7,4,16.63,20.35,1064.8,1169.6,985.7
2022-01-14,Indonesia-Ennore,Supramax,18.18,2022,1,14,4,19.91,22.19,1109.5,1188.7,1064.8
2022-01-21,Indonesia-Ennore,Supramax,19.91,2022,1,21,4,18.18,16.74,1270.3,1228.4,1109.5
2022-01-28,Indonesia-Ennore,Supramax,19.51,2022,1,28,4,19.91,15.92,1360.2,1390.8,1270.3
2022-02-04,Indonesia-Ennore,Supramax,21.21,2022,2,4,4,19.51,15.94,1441.4,1564.6,1360.2
2022-02-11,Indonesia-Ennore,Supramax,21.76,2022,2,11,4,21.21,16.05,1587.7,1420.8,1441.4
2022-02-18,Indonesia-Ennore,Supramax,21.37,2022,2,18,4,21.76,16.63,1670.0,1588.0,1587.7
2022-02-25,Indonesia-Ennore,Supramax,21.98,2022,2,25,4,21.37,19.91,1666.2,1769.8,1670.0
2022-03-04,Indonesia-Ennore,Supramax,22.87,2022,3,4,4,21.98,18.18,1748.9,1789.9,1666.2
2022-03-11,Indonesia-Ennore,Supramax,23.48,2022,3,11,4,22.87,19.91,1866.9,1935.3,1748.9
2022-03-18,Indonesia-Ennore,Supramax,22.3,2022,3,18,4,23.48,19.51,1940.8,2005.3,1866.9
2022-03-25,Indonesia-Ennore,Supramax,24.33,2022,3,25,4,22.3,21.21,1949.5,2055.2,1940.8
2022-04-01,Indonesia-Ennore,Supramax,23.65,2022,4,1,4,24.33,21.76,2068.0,2131.2,1949.5
2022-04-08,Indonesia-Ennore,Supramax,23.07,2022,4,8,4,23.65,21.37,2133.8,2195.8,2068.0
2022-04-15,Indonesia-Ennore,Supramax,23.51,2022,4,15,4,23.07,21.98,2259.7,2330.6,2133.8
2022-04-22,Indonesia-Ennore,Supramax,24.58,2022,4,22,4,23.51,22.87,2247.7,2298.9,2259.7
2022-04-29,Indonesia-Ennore,Supramax,25.72,2022,4,29,4,24.58,23.48,2491.9,2420.0,2247.7
2022-05-06,Indonesia-Ennore,Supramax,23.99,2022,5,6,4,25.72,22.3,2386.8,2439.6,2491.9
2022-05-13,Indonesia-Ennore,Supramax,25.0,2022,5,13,4,23.99,24.33,2534.5,2457.6,2386.8
2022-05-20,Indonesia-Ennore,Supramax,25.86,2022,5,20,4,25.0,23.65,2526.3,2494.1,2534.5
2022-05-27,Indonesia-Ennore,Supramax,26.45,2022,5,27,4,25.86,23.07,2492.5,2439.0,2526.3
2022-06-03,Indonesia-Ennore,Supramax,26.06,2022,6,3,4,26.45,23.51,2490.5,2479.9,2492.5
2022-06-10,Indonesia-Ennore,Supramax,24.85,2022,6,10,4,26.06,24.58,2579.3,2477.6,2490.5
2022-06-17,Indonesia-Ennore,Supramax,23.98,2022,6,17,4,24.85,25.72,2600.4,2601.0,2579.3
2022-06-24,Indonesia-Ennore,Supramax,23.78,2022,6,24,4,23.98,23.99,2582.5,2612.3,2600.4
2022-07-01,Indonesia-Ennore,Supramax,25.87,2022,7,1,4,23.78,25.0,2620.8,2624.6,2582.5
2022-07-08,Indonesia-Ennore,Supramax,24.01,2022,7,8,4,25.87,25.86,2619.5,2606.9,2620.8
2022-07-15,Indonesia-Ennore,Supramax,24.3,2022,7,15,4,24.01,26.45,2568.5,2568.6,2619.5
2022-07-22,Indonesia-Ennore,Supramax,23.18,2022,7,22,4,24.3,26.06,2571.4,2551.0,2568.5
2022-07-29,Indonesia-Ennore,Supramax,22.99,2022,7,29,4,23.18,24.85,2446.9,2521.4,2571.4
2022-08-05,Indonesia-Ennore,Supramax,22.1,2022,8,5,4,22.99,23.98,2505.7,2493.2,2446.9
2022-08-12,Indonesia-Ennore,Supramax,23.42,2022,8,12,4,22.1,23.78,2485.3,2647.2,2505.7
2022-08-19,Indonesia-Ennore,Supramax,21.42,2022,8,19,4,23.42,25.87,2438.4,2551.4,2485.3
2022-08-26,Indonesia-Ennore,Supramax,21.62,2022,8,26,4,21.42,24.01,2387.4,2480.1,2438.4
2022-09-02,Indonesia-Ennore,Supramax,21.97,2022,9,2,4,21.62,24.3,2543.0,2496.7,2387.4
2022-09-09,Indonesia-Ennore,Supramax,20.7,2022,9,9,4,21.97,23.18,2354.4,2371.2,2543.0
2022-09-16,Indonesia-Ennore,Supramax,20.25,2022,9,16,4,20.7,22.99,2275.6,2380.1,2354.4
2022-09-23,Indonesia-Ennore,Supramax,20.99,2022,9,23,4,20.25,22.1,2252.0,2242.2,2275.6
2022-09-30,Indonesia-Ennore,Supramax,22.17,2022,9,30,4,20.99,23.42,2269.5,2312.7,2252.0
2022-10-07,Indonesia-Ennore,Supramax,21.15,2022,10,7,4,22.17,21.42,2309.4,2274.1,2269.5
2022-10-14,Indonesia-Ennore,Supramax,20.59,2022,10,14,4,21.15,21.62,2220.3,2240.3,2309.4
2022-10-21,Indonesia-Ennore,Supramax,20.59,2022,10,21,4,20.59,21.97,2264.2,2209.6,2220.3
2022-10-28,Indonesia-Ennore,Supramax,19.64,2022,10,28,4,20.59,20.7,2129.7,2145.4,2264.2
2022-11-04,Indonesia-Ennore,Supramax,21.15,2022,11,4,4,19.64,20.25,2156.9,2304.6,2129.7
2022-11-11,Indonesia-Ennore,Supramax,19.55,2022,11,11,4,21.15,20.99,2114.6,2234.6,2156.9
2022-11-18,Indonesia-Ennore,Supramax,22.3,2022,11,18,4,19.55,22.17,2221.4,2125.3,2114.6
2022-11-25,Indonesia-Ennore,Supramax,22.36,2022,11,25,4,22.3,21.15,2134.9,2087.0,2221.4
2022-12-02,Indonesia-Ennore,Supramax,19.55,2022,12,2,4,22.36,20.59,2060.8,2086.2,2134.9
2022-12-09,Indonesia-Ennore,Supramax,18.99,2022,12,9,4,19.55,20.59,2118.9,2152.0,2060.8
2022-12-16,Indonesia-Ennore,Supramax,21.06,2022,12,16,4,18.99,19.64,1998.8,2061.1,2118.9
2022-12-23,Indonesia-Ennore,Supramax,23.52,2022,12,23,4,21.06,21.15,2157.6,2061.8,1998.8
2022-12-30,Indonesia-Ennore,Supramax,21.47,2022,12,30,4,23.52,19.55,2117.6,1975.4,2157.6
2023-01-06,Indonesia-Ennore,Supramax,20.45,2023,1,6,4,21.47,22.3,2126.6,2044.5,2117.6
2023-01-13,Indonesia-Ennore,Supramax,22.45,2023,1,13,4,20.45,22.36,2204.7,2096.6,2126.6
2023-01-20,Indonesia-Ennore,Supramax,21.83,2023,1,20,4,22.45,19.55,2059.7,2186.3,2204.7
2023-01-27,Indonesia-Ennore,Supramax,22.74,2023,1,27,4,21.83,18.99,2132.5,2109.8,2059.7
2023-02-03,Indonesia-Ennore,Supramax,22.37,2023,2,3,4,22.74,21.06,2021.6,2170.6,2132.5
2023-02-10,Indonesia-Ennore,Supramax,23.79,2023,2,10,4,22.37,23.52,2093.7,2135.1,2021.6
2023-02-17,Indonesia-Ennore,Supramax,25.15,2023,2,17,4,23.79,21.47,2191.5,2089.3,2093.7
2023-02-24,Indonesia-Ennore,Supramax,23.12,2023,2,24,4,25.15,20.45,2071.5,2148.7,2191.5
2023-03-03,Indonesia-Ennore,Supramax,23.57,2023,3,3,4,23.12,22.45,2103.4,2160.1,2071.5
2023-03-10,Indonesia-Ennore,Supramax,24.24,2023,3,10,4,23.57,21.83,2073.0,2058.9,2103.4
2023-03-17,Indonesia-Ennore,Supramax,24.42,2023,3,17,4,24.24,22.74,2213.0,2130.4,2073.0
2023-03-24,Indonesia-Ennore,Supramax,24.8,2023,3,24,4,24.42,22.37,2187.6,2159.8,2213.0
2023-03-31,Indonesia-Ennore,Supramax,24.72,2023,3,31,4,24.8,23.79,2124.5,2103.4,2187.6
2023-04-07,Indonesia-Ennore,Supramax,23.61,2023,4,7,4,24.72,25.15,2068.9,2073.4,2124.5
2023-04-14,Indonesia-Ennore,Supramax,24.29,2023,4,14,4,23.61,23.12,2174.1,2046.0,2068.9
2023-04-21,Indonesia-Ennore,Supramax,23.75,2023,4,21,4,24.29,23.57,2127.3,2173.7,2174.1
2023-04-28,Indonesia-Ennore,Supramax,24.49,2023,4,28,4,23.75,24.24,1961.7,2114.8,2127.3
2023-05-05,Indonesia-Ennore,Supramax,23.07,2023,5,5,4,24.49,24.42,2032.7,2008.9,1961.7
2023-05-12,Indonesia-Ennore,Supramax,22.85,2023,5,12,4,23.07,24.8,2127.0,2100.4,2032.7
2023-05-19,Indonesia-Ennore,Supramax,23.1,2023,5,19,4,22.85,24.72,2024.5,2062.1,2127.0
2023-05-26,Indonesia-Ennore,Supramax,22.19,2023,5,26,4,23.1,23.61,2149.8,2017.7,2024.5
2023-06-02,Indonesia-Ennore,Supramax,22.68,2023,6,2,4,22.19,24.29,2045.5,1911.7,2149.8
2023-06-09,Indonesia-Ennore,Supramax,21.08,2023,6,9,4,22.68,23.75,2012.6,2069.7,2045.5
2023-06-16,Indonesia-Ennore,Supramax,22.41,2023,6,16,4,21.08,24.49,1940.0,1986.8,2012.6
2023-06-23,Indonesia-Ennore,Supramax,20.57,2023,6,23,4,22.41,23.07,1974.0,1921.4,1940.0
2023-06-30,Indonesia-Ennore,Supramax,20.78,2023,6,30,4,20.57,22.85,1988.1,1957.5,1974.0
2023-07-07,Indonesia-Ennore,Supramax,19.77,2023,7,7,4,20.78,23.1,1852.7,1953.2,1988.1
2023-07-14,Indonesia-Ennore,Supramax,20.15,2023,7,14,4,19.77,22.19,1754.6,1913.4,1852.7
2023-07-21,Indonesia-Ennore,Supramax,20.27,2023,7,21,4,20.15,22.68,1771.6,1704.6,1754.6
2023-07-28,Indonesia-Ennore,Supramax,19.95,2023,7,28,4,20.27,21.08,1805.7,1707.1,1771.6
2023-08-04,Indonesia-Ennore,Supramax,18.9,2023,8,4,4,19.95,22.41,1704.0,1688.0,1805.7
2023-08-11,Indonesia-Ennore,Supramax,19.15,2023,8,11,4,18.9,20.57,1676.0,1755.2,1704.0
2023-08-18,Indonesia-Ennore,Supramax,18.87,2023,8,18,4,19.15,20.78,1713.0,1773.8,1676.0
2023-08-25,Indonesia-Ennore,Supramax,18.84,2023,8,25,4,18.87,19.77,1644.4,1665.1,1713.0
2023-09-01,Indonesia-Ennore,Supramax,19.21,2023,9,1,4,18.84,20.15,1750.1,1786.0,1644.4
2023-09-08,Indonesia-Ennore,Supramax,18.31,2023,9,8,4,19.21,20.27,1654.2,1684.8,1750.1
2023-09-15,Indonesia-Ennore,Supramax,18.89,2023,9,15,4,18.31,19.95,1669.2,1660.6,1654.2
2023-09-22,Indonesia-Ennore,Supramax,18.01,2023,9,22,4,18.89,18.9,1675.7,1585.4,1669.2
2023-09-29,Indonesia-Ennore,Supramax,19.57,2023,9,29,4,18.01,19.15,1678.1,1648.4,1675.7
2023-10-06,Indonesia-Ennore,Supramax,17.92,2023,10,6,4,19.57,18.87,1669.6,1606.4,1678.1
2023-10-13,Indonesia-Ennore,Supramax,17.12,2023,10,13,4,17.92,18.84,1674.2,1605.9,1669.6
2023-10-20,Indonesia-Ennore,Supramax,18.0,2023,10,20,4,17.12,19.21,1537.6,1535.1,1674.2
2023-10-27,Indonesia-Ennore,Supramax,19.06,2023,10,27,4,18.0,18.31,1733.0,1575.2,1537.6
2023-11-03,Indonesia-Ennore,Supramax,18.37,2023,11,3,4,19.06,18.89,1625.2,1588.2,1733.0
2023-11-10,Indonesia-Ennore,Supramax,17.57,2023,11,10,4,18.37,18.01,1638.7,1569.7,1625.2
2023-11-17,Indonesia-Ennore,Supramax,16.41,2023,11,17,4,17.57,19.57,1563.7,1529.4,1638.7
2023-11-24,Indonesia-Ennore,Supramax,17.03,2023,11,24,4,16.41,17.92,1635.0,1637.1,1563.7
2023-12-01,Indonesia-Ennore,Supramax,19.45,2023,12,1,4,17.03,17.12,1698.0,1605.4,1635.0
2023-12-08,Indonesia-Ennore,Supramax,19.01,2023,12,8,4,19.45,18.0,1666.2,1646.2,1698.0
2023-12-15,Indonesia-Ennore,Supramax,19.88,2023,12,15,4,19.01,19.06,1631.3,1702.6,1666.2
2023-12-22,Indonesia-Ennore,Supramax,19.63,2023,12,22,4,19.88,18.37,1714.1,1723.9,1631.3
2023-12-29,Indonesia-Ennore,Supramax,21.2,2023,12,29,4,19.63,17.57,1814.5,1789.6,1714.1
2024-01-05,Indonesia-Ennore,Supramax,21.53,2024,1,5,4,21.2,16.41,1774.9,1647.3,1814.5
2024-01-12,Indonesia-Ennore,Supramax,20.34,2024,1,12,4,21.53,17.03,1733.5,1741.7,1774.9
2024-01-19,Indonesia-Ennore,Supramax,19.77,2024,1,19,4,20.34,19.45,1707.1,1739.8,1733.5
2024-01-26,Indonesia-Ennore,Supramax,21.27,2024,1,26,4,19.77,19.01,1772.1,1801.2,1707.1
2024-02-02,Indonesia-Ennore,Supramax,22.45,2024,2,2,4,21.27,19.88,1846.3,1783.6,1772.1
2024-02-09,Indonesia-Ennore,Supramax,23.18,2024,2,9,4,22.45,19.63,1858.9,1794.2,1846.3
2024-02-16,Indonesia-Ennore,Supramax,21.63,2024,2,16,4,23.18,21.2,1868.0,1806.4,1858.9
2024-02-23,Indonesia-Ennore,Supramax,21.25,2024,2,23,4,21.63,21.53,1803.9,1810.3,1868.0
2024-03-01,Indonesia-Ennore,Supramax,22.9,2024,3,1,4,21.25,20.34,1850.9,1773.2,1803.9
2024-03-08,Indonesia-Ennore,Supramax,24.15,2024,3,8,4,22.9,19.77,1852.0,1801.3,1850.9
2024-03-15,Indonesia-Ennore,Supramax,23.48,2024,3,15,4,24.15,21.27,1848.7,1789.1,1852.0
2024-03-22,Indonesia-Ennore,Supramax,22.68,2024,3,22,4,23.48,22.45,1807.5,1906.3,1848.7
2024-03-29,Indonesia-Ennore,Supramax,23.38,2024,3,29,4,22.68,23.18,1778.0,1712.1,1807.5
2024-04-05,Indonesia-Ennore,Supramax,22.59,2024,4,5,4,23.38,21.63,1696.2,1795.0,1778.0
2024-04-12,Indonesia-Ennore,Supramax,21.8,2024,4,12,4,22.59,21.25,1665.8,1708.5,1696.2
2024-04-19,Indonesia-Ennore,Supramax,21.68,2024,4,19,4,21.8,22.9,1656.0,1718.3,1665.8
2024-04-26,Indonesia-Ennore,Supramax,23.3,2024,4,26,4,21.68,24.15,1635.3,1702.1,1656.0
2024-05-03,Indonesia-Ennore,Supramax,21.62,2024,5,3,4,23.3,23.48,1523.5,1574.2,1635.3
2024-05-10,Indonesia-Ennore,Supramax,21.86,2024,5,10,4,21.62,22.68,1498.9,1520.2,1523.5
2024-05-17,Indonesia-Ennore,Supramax,20.58,2024,5,17,4,21.86,23.38,1531.9,1537.9,1498.9
2024-05-24,Indonesia-Ennore,Supramax,21.3,2024,5,24,4,20.58,22.59,1385.7,1369.4,1531.9
2024-05-31,Indonesia-Ennore,Supramax,20.32,2024,5,31,4,21.3,21.8,1373.8,1360.2,1385.7
2024-06-07,Indonesia-Ennore,Supramax,20.34,2024,6,7,4,20.32,21.68,1313.4,1317.3,1373.8
2024-06-14,Indonesia-Ennore,Supramax,19.06,2024,6,14,4,20.34,23.3,1188.1,1245.8,1313.4
2024-06-21,Indonesia-Ennore,Supramax,18.86,2024,6,21,4,19.06,21.62,1102.2,1126.9,1188.1
2024-06-28,Indonesia-Ennore,Supramax,17.43,2024,6,28,4,18.86,21.86,1055.9,1015.2,1102.2
2024-07-05,Indonesia-Ennore,Supramax,16.41,2024,7,5,4,17.43,20.58,948.0,956.3,1055.9
2024-07-12,Indonesia-Ennore,Supramax,15.88,2024,7,12,4,16.41,21.3,910.0,809.3,948.0
2024-07-19,Indonesia-Ennore,Supramax,15.77,2024,7,19,4,15.88,20.32,906.6,811.2,910.0
2024-07-26,Indonesia-Ennore,Supramax,15.43,2024,7,26,4,15.77,20.34,765.8,714.1,906.6
2024-08-02,Indonesia-Ennore,Supramax,15.65,2024,8,2,4,15.43,19.06,660.9,681.6,765.8
2024-08-09,Indonesia-Ennore,Supramax,14.01,2024,8,9,4,15.65,18.86,601.9,577.4,660.9
2024-08-16,Indonesia-Ennore,Supramax,14.47,2024,8,16,4,14.01,17.43,495.5,569.6,601.9
2024-08-23,Indonesia-Ennore,Supramax,14.9,2024,8,23,4,14.47,16.41,451.6,450.0,495.5
2024-08-30,Indonesia-Ennore,Supramax,13.11,2024,8,30,4,14.9,15.88,310.1,346.2,451.6
2024-09-06,Indonesia-Ennore,Supramax,12.75,2024,9,6,4,13.11,15.77,300.0,300.0,310.1
2024-09-13,Indonesia-Ennore,Supramax,12.43,2024,9,13,4,12.75,15.43,300.0,300.0,300.0
2024-09-20,Indonesia-Ennore,Supramax,11.92,2024,9,20,4,12.43,15.65,300.0,300.0,300.0
2024-09-27,Indonesia-Ennore,Supramax,12.32,2024,9,27,4,11.92,14.01,325.3,300.0,300.0
2024-10-04,Indonesia-Ennore,Supramax,12.71,2024,10,4,4,12.32,14.47,300.0,300.0,325.3
2024-10-11,Indonesia-Ennore,Supramax,14.18,2024,10,11,4,12.71,14.9,300.0,300.0,300.0
2024-10-18,Indonesia-Ennore,Supramax,14.27,2024,10,18,4,14.18,13.11,300.0,300.0,300.0
2024-10-25,Indonesia-Ennore,Supramax,13.08,2024,10,25,4,14.27,12.75,300.0,300.0,300.0
2024-11-01,Indonesia-Ennore,Supramax,11.65,2024,11,1,4,13.08,12.43,300.0,300.0,300.0
2024-11-08,Indonesia-Ennore,Supramax,13.03,2024,11,8,4,11.65,11.92,300.0,300.0,300.0
2024-11-15,Indonesia-Ennore,Supramax,12.0,2024,11,15,4,13.03,12.32,300.0,300.0,300.0
2024-11-22,Indonesia-Ennore,Supramax,11.27,2024,11,22,4,12.0,12.71,300.0,300.0,300.0
2024-11-29,Indonesia-Ennore,Supramax,12.12,2024,11,29,4,11.27,14.18,300.0,300.0,300.0
2024-12-06,Indonesia-Ennore,Supramax,13.94,2024,12,6,4,12.12,14.27,300.0,300.0,300.0
2024-12-13,Indonesia-Ennore,Supramax,14.58,2024,12,13,4,13.94,13.08,300.0,300.0,300.0
2024-12-20,Indonesia-Ennore,Supramax,14.2,2024,12,20,4,14.58,11.65,300.0,300.0,300.0
2024-12-27,Indonesia-Ennore,Supramax,16.45,2024,12,27,4,14.2,13.03,300.0,300.0,300.0
2025-01-03,Indonesia-Ennore,Supramax,15.2,2025,1,3,4,16.45,12.0,338.4,300.0,300.0
2025-01-10,Indonesia-Ennore,Supramax,15.59,2025,1,10,4,15.2,11.27,333.0,317.3,338.4
2025-01-17,Indonesia-Ennore,Supramax,17.29,2025,1,17,4,15.59,12.12,394.4,349.6,333.0
2025-01-24,Indonesia-Ennore,Supramax,17.15,2025,1,24,4,17.29,13.94,501.5,531.2,394.4
2025-01-31,Indonesia-Ennore,Supramax,15.6,2025,1,31,4,17.15,14.58,510.3,495.5,501.5
2025-02-07,Indonesia-Ennore,Supramax,17.09,2025,2,7,4,15.6,14.2,541.1,611.7,510.3
2025-02-14,Indonesia-Ennore,Supramax,17.41,2025,2,14,4,17.09,16.45,734.5,543.1,541.1
2025-02-21,Indonesia-Ennore,Supramax,16.06,2025,2,21,4,17.41,15.2,651.0,686.5,734.5
2025-02-28,Indonesia-Ennore,Supramax,17.15,2025,2,28,4,16.06,15.59,781.7,719.2,651.0
2025-03-07,Indonesia-Ennore,Supramax,18.89,2025,3,7,4,17.15,17.29,901.9,831.0,781.7
2025-03-14,Indonesia-Ennore,Supramax,20.12,2025,3,14,4,18.89,17.15,913.8,939.3,901.9
2025-03-21,Indonesia-Ennore,Supramax,19.6,2025,3,21,4,20.12,15.6,990.8,856.6,913.8
2025-03-28,Indonesia-Ennore,Supramax,19.75,2025,3,28,4,19.6,17.09,994.5,1057.9,990.8
2025-04-04,Indonesia-Ennore,Supramax,21.15,2025,4,4,4,19.75,17.41,1081.3,1133.8,994.5
2025-04-11,Indonesia-Ennore,Supramax,20.6,2025,4,11,4,21.15,16.06,1155.6,1110.7,1081.3
2025-04-18,Indonesia-Ennore,Supramax,20.73,2025,4,18,4,20.6,17.15,1228.1,1134.4,1155.6
2025-04-25,Indonesia-Ennore,Supramax,20.35,2025,4,25,4,20.73,18.89,1341.8,1228.8,1228.1
2025-05-02,Indonesia-Ennore,Supramax,20.26,2025,5,2,4,20.35,20.12,1220.7,1407.5,1341.8
2025-05-09,Indonesia-Ennore,Supramax,21.51,2025,5,9,4,20.26,19.6,1447.9,1327.1,1220.7
2025-05-16,Indonesia-Ennore,Supramax,22.32,2025,5,16,4,21.51,19.75,1358.5,1402.9,1447.9
2025-05-23,Indonesia-Ennore,Supramax,20.66,2025,5,23,4,22.32,21.15,1431.4,1373.7,1358.5
2025-05-30,Indonesia-Ennore,Supramax,19.83,2025,5,30,4,20.66,20.6,1448.9,1420.9,1431.4
2025-06-06,Indonesia-Ennore,Supramax,20.12,2025,6,6,4,19.83,20.73,1391.3,1478.5,1448.9
2025-06-13,Indonesia-Ennore,Supramax,20.03,2025,6,13,4,20.12,20.35,1449.4,1490.9,1391.3
2025-06-20,Indonesia-Ennore,Supramax,20.3,2025,6,20,4,20.03,20.26,1325.6,1505.2,1449.4
2025-06-27,Indonesia-Ennore,Supramax,18.87,2025,6,27,4,20.3,21.51,1454.5,1423.6,1325.6
2025-07-04,Indonesia-Ennore,Supramax,19.71,2025,7,4,4,18.87,22.32,1473.0,1393.4,1454.5
2025-07-11,Indonesia-Ennore,Supramax,19.89,2025,7,11,4,19.71,20.66,1503.0,1415.4,1473.0
2025-07-18,Indonesia-Ennore,Supramax,18.93,2025,7,18,4,19.89,19.83,1441.0,1446.0,1503.0
2025-07-25,Indonesia-Ennore,Supramax,18.11,2025,7,25,4,18.93,20.12,1411.3,1424.0,1441.0
2025-08-01,Indonesia-Ennore,Supramax,19.78,2025,8,1,4,18.11,20.03,1376.9,1464.1,1411.3
2025-08-08,Indonesia-Ennore,Supramax,18.34,2025,8,8,4,19.78,20.3,1404.1,1413.5,1376.9
2025-08-15,Indonesia-Ennore,Supramax,15.38,2025,8,15,4,18.34,18.87,1419.9,1376.3,1404.1
2025-08-22,Indonesia-Ennore,Supramax,17.82,2025,8,22,4,15.38,19.71,1381.7,1378.7,1419.9
2025-08-29,Indonesia-Ennore,Supramax,15.08,2025,8,29,4,17.82,19.89,1369.7,1286.8,1381.7
2025-09-05,Indonesia-Ennore,Supramax,18.13,2025,9,5,4,15.08,18.93,1277.9,1337.5,1369.7
2025-09-12,Indonesia-Ennore,Supramax,17.29,2025,9,12,4,18.13,18.11,1314.5,1328.7,1277.9
2025-09-19,Indonesia-Ennore,Supramax,16.1,2025,9,19,4,17.29,19.78,1229.3,1276.5,1314.5
2025-09-26,Indonesia-Ennore,Supramax,16.85,2025,9,26,4,16.1,18.34,1262.4,1263.9,1229.3
2025-10-03,Indonesia-Ennore,Supramax,17.11,2025,10,3,4,16.85,15.38,1199.6,1293.1,1262.4
2025-10-10,Indonesia-Ennore,Supramax,16.53,2025,10,10,4,17.11,17.82,1194.9,1272.2,1199.6
2025-10-17,Indonesia-Ennore,Supramax,15.88,2025,10,17,4,16.53,15.08,1246.7,1230.7,1194.9
2025-10-24,Indonesia-Ennore,Supramax,14.98,2025,10,24,4,15.88,18.13,1236.4,1223.0,1246.7
2025-10-31,Indonesia-Ennore,Supramax,16.64,2025,10,31,4,14.98,17.29,1185.5,1175.0,1236.4
2025-11-07,Indonesia-Ennore,Supramax,16.27,2025,11,7,4,16.64,16.1,1296.1,1230.0,1185.5
2025-11-14,Indonesia-Ennore,Supramax,18.04,2025,11,14,4,16.27,16.85,1158.5,1192.1,1296.1
2025-11-21,Indonesia-Ennore,Supramax,17.15,2025,11,21,4,18.04,17.11,1242.0,1220.3,1158.5
2025-11-28,Indonesia-Ennore,Supramax,17.08,2025,11,28,4,17.15,16.53,1231.0,1205.5,1242.0
2025-12-05,Indonesia-Ennore,Supramax,17.94,2025,12,5,4,17.08,15.88,1119.0,1264.5,1231.0
2025-12-12,Indonesia-Ennore,Supramax,18.03,2025,12,12,4,17.94,14.98,1286.9,1188.5,1119.0
2025-12-19,Indonesia-Ennore,Supramax,18.33,2025,12,19,4,18.03,16.64,1246.9,1260.6,1286.9
2025-12-26,Indonesia-Ennore,Supramax,19.03,2025,12,26,4,18.33,16.27,1316.4,1408.1,1246.9
2026-01-02,Indonesia-Ennore,Supramax,19.17,2026,1,2,4,19.03,18.04,1356.8,1305.2,1316.4
2026-01-09,Indonesia-Ennore,Supramax,20.23,2026,1,9,4,19.17,17.15,1347.2,1209.1,1356.8
2026-01-16,Indonesia-Ennore,Supramax,18.68,2026,1,16,4,20.23,17.08,1268.9,1403.0,1347.2
2026-01-23,Indonesia-Ennore,Supramax,20.06,2026,1,23,4,18.68,17.94,1399.5,1401.1,1268.9
2026-01-30,Indonesia-Ennore,Supramax,21.62,2026,1,30,4,20.06,18.03,1528.6,1467.4,1399.5
2026-02-06,Indonesia-Ennore,Supramax,18.93,2026,2,6,4,21.62,18.33,1417.4,1423.0,1528.6
2026-02-13,Indonesia-Ennore,Supramax,20.97,2026,2,13,4,18.93,19.03,1578.6,1347.8,1417.4
2026-02-20,Indonesia-Ennore,Supramax,20.73,2026,2,20,4,20.97,19.17,1403.5,1499.1,1578.6
2026-02-27,Indonesia-Ennore,Supramax,20.75,2026,2,27,4,20.73,20.23,1635.4,1591.4,1403.5
2026-03-06,Indonesia-Ennore,Supramax,22.16,2026,3,6,4,20.75,18.68,1578.4,1586.5,1635.4
2026-03-13,Indonesia-Ennore,Supramax,22.07,2026,3,13,4,22.16,20.06,1480.1,1592.1,1578.4
2026-03-20,Indonesia-Ennore,Supramax,21.24,2026,3,20,4,22.07,21.62,1690.7,1672.6,1480.1
2026-03-27,Indonesia-Ennore,Supramax,22.52,2026,3,27,4,21.24,18.93,1715.8,1657.2,1690.7
2026-04-03,Indonesia-Ennore,Supramax,23.49,2026,4,3,4,22.52,20.97,1720.6,1636.3,1715.8
2026-04-10,Indonesia-Ennore,Supramax,23.08,2026,4,10,4,23.49,20.73,1719.7,1754.6,1720.6
2026-04-17,Indonesia-Ennore,Supramax,21.41,2026,4,17,4,23.08,20.75,1741.8,1824.3,1719.7
2026-04-24,Indonesia-Ennore,Supramax,21.67,2026,4,24,4,21.41,22.16,1737.8,1690.2,1741.8
2026-05-01,Indonesia-Ennore,Supramax,22.52,2026,5,1,4,21.67,22.07,1804.6,1740.5,1737.8
2026-05-08,Indonesia-Ennore,Supramax,22.11,2026,5,8,4,22.52,21.24,1867.4,1799.7,1804.6
2026-05-15,Indonesia-Ennore,Supramax,22.04,2026,5,15,4,22.11,22.52,1800.6,1930.8,1867.4
2026-05-22,Indonesia-Ennore,Supramax,23.04,2026,5,22,4,22.04,23.49,1884.4,1928.1,1800.6
2026-05-29,Indonesia-Ennore,Supramax,22.17,2026,5,29,4,23.04,23.08,1775.5,1852.0,1884.4
2026-06-05,Indonesia-Ennore,Supramax,22.85,2026,6,5,4,22.17,21.41,1893.6,1773.8,1775.5
2026-06-12,Indonesia-Ennore,Supramax,21.22,2026,6,12,4,22.85,21.67,1910.5,1884.3,1893.6
2026-06-19,Indonesia-Ennore,Supramax,20.77,2026,6,19,4,21.22,22.52,1882.1,2027.3,1910.5
2026-06-26,Indonesia-Ennore,Supramax,22.12,2026,6,26,4,20.77,22.11,1836.2,1969.2,1882.1
2026-07-03,Indonesia-Ennore,Supramax,21.61,2026,7,3,4,22.12,22.04,1941.0,1869.2,1836.2
2026-07-10,Indonesia-Ennore,Supramax,21.03,2026,7,10,4,21.61,23.04,1862.4,1845.2,1941.0
2026-07-17,Indonesia-Ennore,Supramax,20.07,2026,7,17,4,21.03,22.17,1877.2,2024.2,1862.4
2026-07-24,Indonesia-Ennore,Supramax,19.74,2026,7,24,4,20.07,22.85,1881.8,1966.6,1877.2
2026-07-31,Indonesia-Ennore,Supramax,18.75,2026,7,31,4,19.74,21.22,1881.8,1869.8,1881.8
2026-08-07,Indonesia-Ennore,Supramax,20.33,2026,8,7,4,18.75,20.77,1944.8,1823.2,1881.8
2026-08-14,Indonesia-Ennore,Supramax,20.16,2026,8,14,4,20.33,22.12,1922.7,1935.5,1944.8
2026-08-21,Indonesia-Ennore,Supramax,17.87,2026,8,21,4,20.16,21.61,1890.6,1916.5,1922.7
2026-08-28,Indonesia-Ennore,Supramax,19.41,2026,8,28,4,17.87,21.03,1863.2,1967.9,1890.6
2018-02-23,Indonesia-Gangavaram,Capesize,21.48,2018,2,23,4,19.43,17.79,2306.9,2170.6,2171.5
2018-03-02,Indonesia-Gangavaram,Capesize,20.9,2018,3,2,4,21.48,17.78,2308.2,2272.3,2306.9
2018-03-09,Indonesia-Gangavaram,Capesize,21.77,2018,3,9,4,20.9,18.37,2291.4,2274.8,2308.2
2018-03-16,Indonesia-Gangavaram,Capesize,19.6,2018,3,16,4,21.77,19.11,2287.3,2280.0,2291.4
2018-03-23,Indonesia-Gangavaram,Capesize,21.85,2018,3,23,4,19.6,18.28,2331.8,2306.2,2287.3
2018-03-30,Indonesia-Gangavaram,Capesize,21.5,2018,3,30,4,21.85,20.17,2384.8,2367.6,2331.8
2018-04-06,Indonesia-Gangavaram,Capesize,21.81,2018,4,6,4,21.5,19.43,2410.1,2433.8,2384.8
2018-04-13,Indonesia-Gangavaram,Capesize,22.71,2018,4,13,4,21.81,21.48,2378.3,2408.3,2410.1
2018-04-20,Indonesia-Gangavaram,Capesize,22.04,2018,4,20,4,22.71,20.9,2446.4,2291.5,2378.3
2018-04-27,Indonesia-Gangavaram,Capesize,21.4,2018,4,27,4,22.04,21.77,2390.1,2359.0,2446.4
2018-05-04,Indonesia-Gangavaram,Capesize,21.2,2018,5,4,4,21.4,19.6,2345.4,2418.0,2390.1
2018-05-11,Indonesia-Gangavaram,Capesize,21.68,2018,5,11,4,21.2,21.85,2388.1,2331.1,2345.4
2018-05-18,Indonesia-Gangavaram,Capesize,19.6,2018,5,18,4,21.68,21.5,2412.5,2456.3,2388.1
2018-05-25,Indonesia-Gangavaram,Capesize,21.49,2018,5,25,4,19.6,21.81,2323.4,2458.5,2412.5
2018-06-01,Indonesia-Gangavaram,Capesize,19.9,2018,6,1,4,21.49,22.71,2323.7,2402.6,2323.4
2018-06-08,Indonesia-Gangavaram,Capesize,19.77,2018,6,8,4,19.9,22.04,2297.5,2354.7,2323.7
2018-06-15,Indonesia-Gangavaram,Capesize,20.34,2018,6,15,4,19.77,21.4,2241.2,2273.7,2297.5
2018-06-22,Indonesia-Gangavaram,Capesize,20.19,2018,6,22,4,20.34,21.2,2128.9,2195.7,2241.2
2018-06-29,Indonesia-Gangavaram,Capesize,18.86,2018,6,29,4,20.19,21.68,2197.3,2128.1,2128.9
2018-07-06,Indonesia-Gangavaram,Capesize,17.1,2018,7,6,4,18.86,19.6,2149.3,2157.8,2197.3
2018-07-13,Indonesia-Gangavaram,Capesize,19.26,2018,7,13,4,17.1,21.49,2189.9,2083.8,2149.3
2018-07-20,Indonesia-Gangavaram,Capesize,17.07,2018,7,20,4,19.26,19.9,2139.2,2033.8,2189.9
2018-07-27,Indonesia-Gangavaram,Capesize,17.76,2018,7,27,4,17.07,19.77,1987.2,1970.1,2139.2
2018-08-03,Indonesia-Gangavaram,Capesize,16.38,2018,8,3,4,17.76,20.34,2085.5,1949.0,1987.2
2018-08-10,Indonesia-Gangavaram,Capesize,16.22,2018,8,10,4,16.38,20.19,1865.5,1949.7,2085.5
2018-08-17,Indonesia-Gangavaram,Capesize,16.22,2018,8,17,4,16.22,18.86,1900.8,1835.8,1865.5
2018-08-24,Indonesia-Gangavaram,Capesize,16.93,2018,8,24,4,16.22,17.1,1810.9,1794.4,1900.8
2018-08-31,Indonesia-Gangavaram,Capesize,14.16,2018,8,31,4,16.93,19.26,1627.8,1781.5,1810.9
2018-09-07,Indonesia-Gangavaram,Capesize,12.78,2018,9,7,4,14.16,17.07,1667.4,1690.0,1627.8
2018-09-14,Indonesia-Gangavaram,Capesize,13.61,2018,9,14,4,12.78,17.76,1700.8,1672.9,1667.4
2018-09-21,Indonesia-Gangavaram,Capesize,15.31,2018,9,21,4,13.61,16.38,1661.0,1623.6,1700.8
2018-09-28,Indonesia-Gangavaram,Capesize,13.94,2018,9,28,4,15.31,16.22,1631.5,1612.4,1661.0
2018-10-05,Indonesia-Gangavaram,Capesize,14.16,2018,10,5,4,13.94,16.22,1633.9,1646.5,1631.5
2018-10-12,Indonesia-Gangavaram,Capesize,13.27,2018,10,12,4,14.16,16.93,1471.8,1552.6,1633.9
2018-10-19,Indonesia-Gangavaram,Capesize,13.78,2018,10,19,4,13.27,14.16,1573.8,1658.5,1471.8
2018-10-26,Indonesia-Gangavaram,Capesize,15.52,2018,10,26,4,13.78,12.78,1661.9,1572.7,1573.8
2018-11-02,Indonesia-Gangavaram,Capesize,13.76,2018,11,2,4,15.52,13.61,1594.7,1588.4,1661.9
2018-11-09,Indonesia-Gangavaram,Capesize,15.65,2018,11,9,4,13.76,15.31,1584.1,1561.8,1594.7
2018-11-16,Indonesia-Gangavaram,Capesize,15.62,2018,11,16,4,15.65,13.94,1695.6,1662.8,1584.1
2018-11-23,Indonesia-Gangavaram,Capesize,14.98,2018,11,23,4,15.62,14.16,1565.8,1632.0,1695.6
2018-11-30,Indonesia-Gangavaram,Capesize,15.12,2018,11,30,4,14.98,13.27,1627.9,1652.3,1565.8
2018-12-07,Indonesia-Gangavaram,Capesize,15.05,2018,12,7,4,15.12,13.78,1695.0,1690.3,1627.9
2018-12-14,Indonesia-Gangavaram,Capesize,16.16,2018,12,14,4,15.05,15.52,1715.5,1757.6,1695.0
2018-12-21,Indonesia-Gangavaram,Capesize,17.28,2018,12,21,4,16.16,13.76,1798.3,1751.8,1715.5
2018-12-28,Indonesia-Gangavaram,Capesize,17.1,2018,12,28,4,17.28,15.65,1772.4,1802.5,1798.3
2019-01-04,Indonesia-Gangavaram,Capesize,16.91,2019,1,4,4,17.1,15.62,1980.9,1937.9,1772.4
2019-01-11,Indonesia-Gangavaram,Capesize,17.36,2019,1,11,4,16.91,14.98,1936.0,1901.2,1980.9
2019-01-18,Indonesia-Gangavaram,Capesize,19.84,2019,1,18,4,17.36,15.12,1960.2,1929.1,1936.0
2019-01-25,Indonesia-Gangavaram,Capesize,19.29,2019,1,25,4,19.84,15.05,2010.3,2099.3,1960.2
2019-02-01,Indonesia-Gangavaram,Capesize,19.55,2019,2,1,4,19.29,16.16,2038.5,2089.5,2010.3
2019-02-08,Indonesia-Gangavaram,Capesize,20.91,2019,2,8,4,19.55,17.28,2176.7,2043.9,2038.5
2019-02-15,Indonesia-Gangavaram,Capesize,21.87,2019,2,15,4,20.91,17.1,2253.8,2176.9,2176.7
2019-02-22,Indonesia-Gangavaram,Capesize,20.67,2019,2,22,4,21.87,16.91,2335.2,2271.9,2253.8
2019-03-01,Indonesia-Gangavaram,Capesize,20.24,2019,3,1,4,20.67,17.36,2298.9,2400.7,2335.2
2019-03-08,Indonesia-Gangavaram,Capesize,20.56,2019,3,8,4,20.24,19.84,2424.4,2425.2,2298.9
2019-03-15,Indonesia-Gangavaram,Capesize,23.36,2019,3,15,4,20.56,19.29,2357.8,2534.1,2424.4
2019-03-22,Indonesia-Gangavaram,Capesize,21.37,2019,3,22,4,23.36,19.55,2449.9,2540.0,2357.8
2019-03-29,Indonesia-Gangavaram,Capesize,22.57,2019,3,29,4,21.37,20.91,2500.1,2482.5,2449.9
2019-04-05,Indonesia-Gangavaram,Capesize,22.94,2019,4,5,4,22.57,21.87,2550.0,2545.2,2500.1
2019-04-12,Indonesia-Gangavaram,Capesize,24.12,2019,4,12,4,22.94,20.67,2623.0,2602.4,2550.0
2019-04-19,Indonesia-Gangavaram,Capesize,23.36,2019,4,19,4,24.12,20.24,2661.0,2610.5,2623.0
2019-04-26,Indonesia-Gangavaram,Capesize,23.05,2019,4,26,4,23.36,20.56,2663.9,2598.0,2661.0
2019-05-03,Indonesia-Gangavaram,Capesize,21.9,2019,5,3,4,23.05,23.36,2726.3,2611.2,2663.9
2019-05-10,Indonesia-Gangavaram,Capesize,22.07,2019,5,10,4,21.9,21.37,2658.8,2701.1,2726.3
2019-05-17,Indonesia-Gangavaram,Capesize,21.53,2019,5,17,4,22.07,22.57,2695.0,2694.3,2658.8
2019-05-24,Indonesia-Gangavaram,Capesize,21.99,2019,5,24,4,21.53,22.94,2748.6,2744.6,2695.0
2019-05-31,Indonesia-Gangavaram,Capesize,23.09,2019,5,31,4,21.99,24.12,2600.5,2697.5,2748.6
2019-06-07,Indonesia-Gangavaram,Capesize,22.06,2019,6,7,4,23.09,23.36,2630.2,2683.6,2600.5
2019-06-14,Indonesia-Gangavaram,Capesize,21.12,2019,6,14,4,22.06,23.05,2665.3,2693.3,2630.2
2019-06-21,Indonesia-Gangavaram,Capesize,21.07,2019,6,21,4,21.12,21.9,2669.9,2559.0,2665.3
2019-06-28,Indonesia-Gangavaram,Capesize,21.82,2019,6,28,4,21.07,22.07,2612.1,2618.6,2669.9
2019-07-05,Indonesia-Gangavaram,Capesize,21.1,2019,7,5,4,21.82,21.53,2542.9,2554.6,2612.1
2019-07-12,Indonesia-Gangavaram,Capesize,21.14,2019,7,12,4,21.1,21.99,2626.3,2637.5,2542.9
2019-07-19,Indonesia-Gangavaram,Capesize,18.66,2019,7,19,4,21.14,23.09,2536.0,2486.7,2626.3
2019-07-26,Indonesia-Gangavaram,Capesize,18.88,2019,7,26,4,18.66,22.06,2380.4,2425.1,2536.0
2019-08-02,Indonesia-Gangavaram,Capesize,18.55,2019,8,2,4,18.88,21.12,2304.5,2373.1,2380.4
2019-08-09,Indonesia-Gangavaram,Capesize,18.8,2019,8,9,4,18.55,21.07,2297.7,2358.7,2304.5
2019-08-16,Indonesia-Gangavaram,Capesize,17.48,2019,8,16,4,18.8,21.82,2285.7,2247.6,2297.7
2019-08-23,Indonesia-Gangavaram,Capesize,16.74,2019,8,23,4,17.48,21.1,2212.3,2334.6,2285.7
2019-08-30,Indonesia-Gangavaram,Capesize,16.77,2019,8,30,4,16.74,21.14,2054.5,2084.9,2212.3
2019-09-06,Indonesia-Gangavaram,Capesize,16.39,2019,9,6,4,16.77,18.66,2053.2,2040.6,2054.5
2019-09-13,Indonesia-Gangavaram,Capesize,17.69,2019,9,13,4,16.39,18.88,2018.5,1989.6,2053.2
2019-09-20,Indonesia-Gangavaram,Capesize,15.9,2019,9,20,4,17.69,18.55,1988.8,1979.4,2018.5
2019-09-27,Indonesia-Gangavaram,Capesize,15.55,2019,9,27,4,15.9,18.8,1907.9,1926.7,1988.8
2019-10-04,Indonesia-Gangavaram,Capesize,14.07,2019,10,4,4,15.55,17.48,1825.4,1906.7,1907.9
2019-10-11,Indonesia-Gangavaram,Capesize,13.39,2019,10,11,4,14.07,16.74,1724.4,1738.7,1825.4
2019-10-18,Indonesia-Gangavaram,Capesize,15.69,2019,10,18,4,13.39,16.77,1675.6,1751.1,1724.4
2019-10-25,Indonesia-Gangavaram,Capesize,14.96,2019,10,25,4,15.69,16.39,1692.2,1658.3,1675.6
2019-11-01,Indonesia-Gangavaram,Capesize,15.01,2019,11,1,4,14.96,17.69,1608.1,1568.8,1692.2
2019-11-08,Indonesia-Gangavaram,Capesize,13.64,2019,11,8,4,15.01,15.9,1559.8,1526.8,1608.1
2019-11-15,Indonesia-Gangavaram,Capesize,15.42,2019,11,15,4,13.64,15.55,1539.3,1537.2,1559.8
2019-11-22,Indonesia-Gangavaram,Capesize,14.54,2019,11,22,4,15.42,14.07,1463.3,1563.0,1539.3
2019-11-29,Indonesia-Gangavaram,Capesize,13.43,2019,11,29,4,14.54,13.39,1341.3,1383.8,1463.3
2019-12-06,Indonesia-Gangavaram,Capesize,14.21,2019,12,6,4,13.43,15.69,1425.5,1391.8,1341.3
2019-12-13,Indonesia-Gangavaram,Capesize,14.71,2019,12,13,4,14.21,14.96,1298.9,1346.2,1425.5
2019-12-20,Indonesia-Gangavaram,Capesize,14.45,2019,12,20,4,14.71,15.01,1324.0,1358.0,1298.9
2019-12-27,Indonesia-Gangavaram,Capesize,13.76,2019,12,27,4,14.45,13.64,1253.4,1504.7,1324.0
2020-01-03,Indonesia-Gangavaram,Capesize,14.98,2020,1,3,4,13.76,15.42,1316.1,1305.5,1253.4
2020-01-10,Indonesia-Gangavaram,Capesize,16.75,2020,1,10,4,14.98,14.54,1303.2,1243.5,1316.1
2020-01-17,Indonesia-Gangavaram,Capesize,14.89,2020,1,17,4,16.75,13.43,1270.9,1366.1,1303.2
2020-01-24,Indonesia-Gangavaram,Capesize,16.31,2020,1,24,4,14.89,14.21,1262.1,1181.1,1270.9
2020-01-31,Indonesia-Gangavaram,Capesize,15.84,2020,1,31,4,16.31,14.71,1214.3,1257.5,1262.1
2020-02-07,Indonesia-Gangavaram,Capesize,15.72,2020,2,7,4,15.84,14.45,1225.3,1126.5,1214.3
2020-02-14,Indonesia-Gangavaram,Capesize,13.95,2020,2,14,4,15.72,13.76,1160.6,1236.6,1225.3
2020-02-21,Indonesia-Gangavaram,Capesize,15.76,2020,2,21,4,13.95,14.98,1116.5,1198.5,1160.6
2020-02-28,Indonesia-Gangavaram,Capesize,16.33,2020,2,28,4,15.76,16.75,1107.3,1151.3,1116.5
2020-03-06,Indonesia-Gangavaram,Capesize,13.55,2020,3,6,4,16.33,14.89,627.5,527.8,1107.3
2020-03-13,Indonesia-Gangavaram,Capesize,12.37,2020,3,13,4,13.55,16.31,368.7,569.6,627.5
2020-03-20,Indonesia-Gangavaram,Capesize,12.53,2020,3,20,4,12.37,15.84,491.8,454.7,368.7
2020-03-27,Indonesia-Gangavaram,Capesize,10.98,2020,3,27,4,12.53,15.72,499.0,482.9,491.8
2020-04-03,Indonesia-Gangavaram,Capesize,11.34,2020,4,3,4,10.98,13.95,400.8,434.8,499.0
2020-04-10,Indonesia-Gangavaram,Capesize,13.9,2020,4,10,4,11.34,15.76,500.6,411.1,400.8
2020-04-17,Indonesia-Gangavaram,Capesize,12.0,2020,4,17,4,13.9,16.33,420.0,430.4,500.6
2020-04-24,Indonesia-Gangavaram,Capesize,13.03,2020,4,24,4,12.0,13.55,483.1,347.7,420.0
2020-05-01,Indonesia-Gangavaram,Capesize,10.68,2020,5,1,4,13.03,12.37,392.4,414.7,483.1
2020-05-08,Indonesia-Gangavaram,Capesize,12.29,2020,5,8,4,10.68,12.53,436.9,329.2,392.4
2020-05-15,Indonesia-Gangavaram,Capesize,10.78,2020,5,15,4,12.29,10.98,380.2,443.8,436.9
2020-05-22,Indonesia-Gangavaram,Capesize,11.5,2020,5,22,4,10.78,11.34,338.9,300.0,380.2
2020-05-29,Indonesia-Gangavaram,Capesize,9.99,2020,5,29,4,11.5,13.9,345.9,340.9,338.9
2020-06-05,Indonesia-Gangavaram,Capesize,9.79,2020,6,5,4,9.99,12.0,304.2,300.0,345.9
2020-06-12,Indonesia-Gangavaram,Capesize,10.2,2020,6,12,4,9.79,13.03,343.0,300.0,304.2
2020-06-19,Indonesia-Gangavaram,Capesize,9.98,2020,6,19,4,10.2,10.68,300.0,300.0,343.0
2020-06-26,Indonesia-Gangavaram,Capesize,10.15,2020,6,26,4,9.98,12.29,300.0,300.0,300.0
2020-07-03,Indonesia-Gangavaram,Capesize,9.17,2020,7,3,4,10.15,10.78,300.0,300.0,300.0
2020-07-10,Indonesia-Gangavaram,Capesize,8.69,2020,7,10,4,9.17,11.5,300.0,300.0,300.0
2020-07-17,Indonesia-Gangavaram,Capesize,10.01,2020,7,17,4,8.69,9.99,300.0,300.0,300.0
2020-07-24,Indonesia-Gangavaram,Capesize,8.4,2020,7,24,4,10.01,9.79,300.0,300.0,300.0
2020-07-31,Indonesia-Gangavaram,Capesize,8.35,2020,7,31,4,8.4,10.2,300.0,300.0,300.0
2020-08-07,Indonesia-Gangavaram,Capesize,6.73,2020,8,7,4,8.35,9.98,300.0,300.0,300.0
2020-08-14,Indonesia-Gangavaram,Capesize,6.72,2020,8,14,4,6.73,10.15,300.0,300.0,300.0
2020-08-21,Indonesia-Gangavaram,Capesize,7.98,2020,8,21,4,6.72,9.17,300.0,300.0,300.0
2020-08-28,Indonesia-Gangavaram,Capesize,8.54,2020,8,28,4,7.98,8.69,300.0,300.0,300.0
2020-09-04,Indonesia-Gangavaram,Capesize,10.6,2020,9,4,4,8.54,10.01,660.4,646.0,300.0
2020-09-11,Indonesia-Gangavaram,Capesize,9.08,2020,9,11,4,10.6,8.4,520.1,601.9,660.4
2020-09-18,Indonesia-Gangavaram,Capesize,9.09,2020,9,18,4,9.08,8.35,567.2,536.3,520.1
2020-09-25,Indonesia-Gangavaram,Capesize,8.31,2020,9,25,4,9.09,6.73,649.1,594.6,567.2
2020-10-02,Indonesia-Gangavaram,Capesize,8.1,2020,10,2,4,8.31,6.72,598.5,526.8,649.1
2020-10-09,Indonesia-Gangavaram,Capesize,7.95,2020,10,9,4,8.1,7.98,558.9,504.9,598.5
2020-10-16,Indonesia-Gangavaram,Capesize,8.88,2020,10,16,4,7.95,8.54,615.1,654.9,558.9
2020-10-23,Indonesia-Gangavaram,Capesize,10.04,2020,10,23,4,8.88,10.6,694.6,679.2,615.1
2020-10-30,Indonesia-Gangavaram,Capesize,7.37,2020,10,30,4,10.04,9.08,606.3,606.8,694.6
2020-11-06,Indonesia-Gangavaram,Capesize,9.79,2020,11,6,4,7.37,9.09,636.9,651.0,606.3
2020-11-13,Indonesia-Gangavaram,Capesize,9.48,2020,11,13,4,9.79,8.31,705.3,709.5,636.9
2020-11-20,Indonesia-Gangavaram,Capesize,9.81,2020,11,20,4,9.48,8.1,716.1,686.8,705.3
2020-11-27,Indonesia-Gangavaram,Capesize,10.69,2020,11,27,4,9.81,7.95,722.5,744.4,716.1
2020-12-04,Indonesia-Gangavaram,Capesize,10.29,2020,12,4,4,10.69,8.88,696.3,717.6,722.5
2020-12-11,Indonesia-Gangavaram,Capesize,10.33,2020,12,11,4,10.29,10.04,715.5,774.0,696.3
2020-12-18,Indonesia-Gangavaram,Capesize,11.35,2020,12,18,4,10.33,7.37,820.8,854.7,715.5
2020-12-25,Indonesia-Gangavaram,Capesize,12.09,2020,12,25,4,11.35,9.79,912.7,865.8,820.8
2021-01-01,Indonesia-Gangavaram,Capesize,12.91,2021,1,1,4,12.09,9.48,955.0,975.9,912.7
2021-01-08,Indonesia-Gangavaram,Capesize,12.87,2021,1,8,4,12.91,9.81,1032.9,923.1,955.0
2021-01-15,Indonesia-Gangavaram,Capesize,13.71,2021,1,15,4,12.87,10.69,986.7,983.6,1032.9
2021-01-22,Indonesia-Gangavaram,Capesize,13.57,2021,1,22,4,13.71,10.29,1122.3,996.5,986.7
2021-01-29,Indonesia-Gangavaram,Capesize,13.46,2021,1,29,4,13.57,10.33,1093.6,1032.3,1122.3
2021-02-05,Indonesia-Gangavaram,Capesize,13.7,2021,2,5,4,13.46,11.35,1099.1,1122.1,1093.6
2021-02-12,Indonesia-Gangavaram,Capesize,14.44,2021,2,12,4,13.7,12.09,1168.9,1188.2,1099.1
2021-02-19,Indonesia-Gangavaram,Capesize,13.82,2021,2,19,4,14.44,12.91,1269.8,1152.0,1168.9
2021-02-26,Indonesia-Gangavaram,Capesize,14.71,2021,2,26,4,13.82,12.87,1224.1,1296.2,1269.8
2021-03-05,Indonesia-Gangavaram,Capesize,15.21,2021,3,5,4,14.71,13.71,1245.2,1266.8,1224.1
2021-03-12,Indonesia-Gangavaram,Capesize,16.41,2021,3,12,4,15.21,13.57,1239.4,1276.6,1245.2
2021-03-19,Indonesia-Gangavaram,Capesize,16.02,2021,3,19,4,16.41,13.46,1356.1,1307.6,1239.4
2021-03-26,Indonesia-Gangavaram,Capesize,17.17,2021,3,26,4,16.02,13.7,1370.8,1267.4,1356.1
2021-04-02,Indonesia-Gangavaram,Capesize,16.9,2021,4,2,4,17.17,14.44,1287.1,1421.0,1370.8
2021-04-09,Indonesia-Gangavaram,Capesize,16.26,2021,4,9,4,16.9,13.82,1297.5,1344.8,1287.1
2021-04-16,Indonesia-Gangavaram,Capesize,16.6,2021,4,16,4,16.26,14.71,1305.9,1358.2,1297.5
2021-04-23,Indonesia-Gangavaram,Capesize,16.62,2021,4,23,4,16.6,15.21,1359.5,1369.5,1305.9
2021-04-30,Indonesia-Gangavaram,Capesize,15.02,2021,4,30,4,16.62,16.41,1226.7,1307.2,1359.5
2021-05-07,Indonesia-Gangavaram,Capesize,24.49,2021,5,7,4,15.02,16.02,2783.8,2753.3,1226.7
2021-05-14,Indonesia-Gangavaram,Capesize,22.69,2021,5,14,4,24.49,17.17,2815.2,2675.0,2783.8
2021-05-21,Indonesia-Gangavaram,Capesize,23.34,2021,5,21,4,22.69,16.9,2801.9,2736.3,2815.2
2021-05-28,Indonesia-Gangavaram,Capesize,22.46,2021,5,28,4,23.34,16.26,2772.8,2706.3,2801.9
2021-06-04,Indonesia-Gangavaram,Capesize,21.74,2021,6,4,4,22.46,16.6,2631.4,2637.8,2772.8
2021-06-11,Indonesia-Gangavaram,Capesize,21.67,2021,6,11,4,21.74,16.62,2581.2,2681.1,2631.4
2021-06-18,Indonesia-Gangavaram,Capesize,20.71,2021,6,18,4,21.67,15.02,2563.7,2678.4,2581.2
2021-06-25,Indonesia-Gangavaram,Capesize,21.11,2021,6,25,4,20.71,24.49,2586.4,2513.7,2563.7
2021-07-02,Indonesia-Gangavaram,Capesize,20.68,2021,7,2,4,21.11,22.69,2535.9,2582.2,2586.4
2021-07-09,Indonesia-Gangavaram,Capesize,19.65,2021,7,9,4,20.68,23.34,2399.4,2466.2,2535.9
2021-07-16,Indonesia-Gangavaram,Capesize,21.0,2021,7,16,4,19.65,22.46,2500.1,2467.0,2399.4
2021-07-23,Indonesia-Gangavaram,Capesize,20.16,2021,7,23,4,21.0,21.74,2439.1,2320.6,2500.1
2021-07-30,Indonesia-Gangavaram,Capesize,19.84,2021,7,30,4,20.16,21.67,2299.0,2281.2,2439.1
2021-08-06,Indonesia-Gangavaram,Capesize,17.59,2021,8,6,4,19.84,20.71,2267.5,2347.0,2299.0
2021-08-13,Indonesia-Gangavaram,Capesize,19.84,2021,8,13,4,17.59,21.11,2296.4,2300.4,2267.5
2021-08-20,Indonesia-Gangavaram,Capesize,17.28,2021,8,20,4,19.84,20.68,2224.7,2188.1,2296.4
2021-08-27,Indonesia-Gangavaram,Capesize,17.18,2021,8,27,4,17.28,19.65,2151.3,2192.3,2224.7
2021-09-03,Indonesia-Gangavaram,Capesize,15.83,2021,9,3,4,17.18,21.0,2126.6,2098.0,2151.3
2021-09-10,Indonesia-Gangavaram,Capesize,18.17,2021,9,10,4,15.83,20.16,2068.9,2065.0,2126.6
2021-09-17,Indonesia-Gangavaram,Capesize,15.63,2021,9,17,4,18.17,19.84,2060.5,2097.9,2068.9
2021-09-24,Indonesia-Gangavaram,Capesize,17.13,2021,9,24,4,15.63,17.59,2094.4,2130.2,2060.5
2021-10-01,Indonesia-Gangavaram,Capesize,15.77,2021,10,1,4,17.13,19.84,2106.2,1949.2,2094.4
2021-10-08,Indonesia-Gangavaram,Capesize,16.7,2021,10,8,4,15.77,17.28,2070.6,2075.7,2106.2
2021-10-15,Indonesia-Gangavaram,Capesize,15.34,2021,10,15,4,16.7,17.18,1987.6,2006.3,2070.6
2021-10-22,Indonesia-Gangavaram,Capesize,17.03,2021,10,22,4,15.34,15.83,2064.4,2127.2,1987.6
2021-10-29,Indonesia-Gangavaram,Capesize,15.86,2021,10,29,4,17.03,18.17,2025.7,2074.7,2064.4
2021-11-05,Indonesia-Gangavaram,Capesize,15.26,2021,11,5,4,15.86,15.63,2087.2,2149.5,2025.7
2021-11-12,Indonesia-Gangavaram,Capesize,16.95,2021,11,12,4,15.26,17.13,2169.6,2138.3,2087.2
2021-11-19,Indonesia-Gangavaram,Capesize,17.03,2021,11,19,4,16.95,15.77,2198.5,2156.0,2169.6
2021-11-26,Indonesia-Gangavaram,Capesize,17.88,2021,11,26,4,17.03,16.7,2260.9,2174.7,2198.5
2021-12-03,Indonesia-Gangavaram,Capesize,11.79,2021,12,3,4,17.88,15.34,769.1,724.2,2260.9
2021-12-10,Indonesia-Gangavaram,Capesize,12.4,2021,12,10,4,11.79,17.03,808.2,737.9,769.1
2021-12-17,Indonesia-Gangavaram,Capesize,12.74,2021,12,17,4,12.4,15.86,977.5,821.1,808.2
2021-12-24,Indonesia-Gangavaram,Capesize,13.15,2021,12,24,4,12.74,15.26,996.8,1068.7,977.5
2021-12-31,Indonesia-Gangavaram,Capesize,12.16,2021,12,31,4,13.15,16.95,985.7,996.6,996.8
2022-01-07,Indonesia-Gangavaram,Capesize,14.0,2022,1,7,4,12.16,17.03,1064.8,1169.6,985.7
2022-01-14,Indonesia-Gangavaram,Capesize,14.38,2022,1,14,4,14.0,17.88,1109.5,1188.7,1064.8
2022-01-21,Indonesia-Gangavaram,Capesize,15.41,2022,1,21,4,14.38,11.79,1270.3,1228.4,1109.5
2022-01-28,Indonesia-Gangavaram,Capesize,16.02,2022,1,28,4,15.41,12.4,1360.2,1390.8,1270.3
2022-02-04,Indonesia-Gangavaram,Capesize,15.48,2022,2,4,4,16.02,12.74,1441.4,1564.6,1360.2
2022-02-11,Indonesia-Gangavaram,Capesize,16.48,2022,2,11,4,15.48,13.15,1587.7,1420.8,1441.4
2022-02-18,Indonesia-Gangavaram,Capesize,18.17,2022,2,18,4,16.48,12.16,1670.0,1588.0,1587.7
2022-02-25,Indonesia-Gangavaram,Capesize,17.66,2022,2,25,4,18.17,14.0,1666.2,1769.8,1670.0
2022-03-04,Indonesia-Gangavaram,Capesize,17.35,2022,3,4,4,17.66,14.38,1748.9,1789.9,1666.2
2022-03-11,Indonesia-Gangavaram,Capesize,18.59,2022,3,11,4,17.35,15.41,1866.9,1935.3,1748.9
2022-03-18,Indonesia-Gangavaram,Capesize,20.24,2022,3,18,4,18.59,16.02,1940.8,2005.3,1866.9
2022-03-25,Indonesia-Gangavaram,Capesize,19.5,2022,3,25,4,20.24,15.48,1949.5,2055.2,1940.8
2022-04-01,Indonesia-Gangavaram,Capesize,19.39,2022,4,1,4,19.5,16.48,2068.0,2131.2,1949.5
2022-04-08,Indonesia-Gangavaram,Capesize,20.44,2022,4,8,4,19.39,18.17,2133.8,2195.8,2068.0
2022-04-15,Indonesia-Gangavaram,Capesize,21.66,2022,4,15,4,20.44,17.66,2259.7,2330.6,2133.8
2022-04-22,Indonesia-Gangavaram,Capesize,19.84,2022,4,22,4,21.66,17.35,2247.7,2298.9,2259.7
2022-04-29,Indonesia-Gangavaram,Capesize,23.22,2022,4,29,4,19.84,18.59,2491.9,2420.0,2247.7
2022-05-06,Indonesia-Gangavaram,Capesize,21.08,2022,5,6,4,23.22,20.24,2386.8,2439.6,2491.9
2022-05-13,Indonesia-Gangavaram,Capesize,22.9,2022,5,13,4,21.08,19.5,2534.5,2457.6,2386.8
2022-05-20,Indonesia-Gangavaram,Capesize,22.39,2022,5,20,4,22.9,19.39,2526.3,2494.1,2534.5
2022-05-27,Indonesia-Gangavaram,Capesize,21.81,2022,5,27,4,22.39,20.44,2492.5,2439.0,2526.3
2022-06-03,Indonesia-Gangavaram,Capesize,21.8,2022,6,3,4,21.81,21.66,2490.5,2479.9,2492.5
2022-06-10,Indonesia-Gangavaram,Capesize,22.38,2022,6,10,4,21.8,19.84,2579.3,2477.6,2490.5
2022-06-17,Indonesia-Gangavaram,Capesize,22.55,2022,6,17,4,22.38,23.22,2600.4,2601.0,2579.3
2022-06-24,Indonesia-Gangavaram,Capesize,21.38,2022,6,24,4,22.55,21.08,2582.5,2612.3,2600.4
2022-07-01,Indonesia-Gangavaram,Capesize,20.26,2022,7,1,4,21.38,22.9,2620.8,2624.6,2582.5
2022-07-08,Indonesia-Gangavaram,Capesize,20.04,2022,7,8,4,20.26,22.39,2619.5,2606.9,2620.8
2022-07-15,Indonesia-Gangavaram,Capesize,20.72,2022,7,15,4,20.04,21.81,2568.5,2568.6,2619.5
2022-07-22,Indonesia-Gangavaram,Capesize,21.96,2022,7,22,4,20.72,21.8,2571.4,2551.0,2568.5
2022-07-29,Indonesia-Gangavaram,Capesize,18.27,2022,7,29,4,21.96,22.38,2446.9,2521.4,2571.4
2022-08-05,Indonesia-Gangavaram,Capesize,20.35,2022,8,5,4,18.27,22.55,2505.7,2493.2,2446.9
2022-08-12,Indonesia-Gangavaram,Capesize,18.14,2022,8,12,4,20.35,21.38,2485.3,2647.2,2505.7
2022-08-19,Indonesia-Gangavaram,Capesize,18.66,2022,8,19,4,18.14,20.26,2438.4,2551.4,2485.3
2022-08-26,Indonesia-Gangavaram,Capesize,17.42,2022,8,26,4,18.66,20.04,2387.4,2480.1,2438.4
2022-09-02,Indonesia-Gangavaram,Capesize,18.31,2022,9,2,4,17.42,20.72,2543.0,2496.7,2387.4
2022-09-09,Indonesia-Gangavaram,Capesize,16.85,2022,9,9,4,18.31,21.96,2354.4,2371.2,2543.0
2022-09-16,Indonesia-Gangavaram,Capesize,16.97,2022,9,16,4,16.85,18.27,2275.6,2380.1,2354.4
2022-09-23,Indonesia-Gangavaram,Capesize,16.19,2022,9,23,4,16.97,20.35,2252.0,2242.2,2275.6
2022-09-30,Indonesia-Gangavaram,Capesize,17.76,2022,9,30,4,16.19,18.14,2269.5,2312.7,2252.0
2022-10-07,Indonesia-Gangavaram,Capesize,17.54,2022,10,7,4,17.76,18.66,2309.4,2274.1,2269.5
2022-10-14,Indonesia-Gangavaram,Capesize,18.11,2022,10,14,4,17.54,17.42,2220.3,2240.3,2309.4
2022-10-21,Indonesia-Gangavaram,Capesize,16.19,2022,10,21,4,18.11,18.31,2264.2,2209.6,2220.3
2022-10-28,Indonesia-Gangavaram,Capesize,16.77,2022,10,28,4,16.19,16.85,2129.7,2145.4,2264.2
2022-11-04,Indonesia-Gangavaram,Capesize,16.78,2022,11,4,4,16.77,16.97,2156.9,2304.6,2129.7
2022-11-11,Indonesia-Gangavaram,Capesize,17.49,2022,11,11,4,16.78,16.19,2114.6,2234.6,2156.9
2022-11-18,Indonesia-Gangavaram,Capesize,16.62,2022,11,18,4,17.49,17.76,2221.4,2125.3,2114.6
2022-11-25,Indonesia-Gangavaram,Capesize,18.37,2022,11,25,4,16.62,17.54,2134.9,2087.0,2221.4
2022-12-02,Indonesia-Gangavaram,Capesize,17.7,2022,12,2,4,18.37,18.11,2060.8,2086.2,2134.9
2022-12-09,Indonesia-Gangavaram,Capesize,18.33,2022,12,9,4,17.7,16.19,2118.9,2152.0,2060.8
2022-12-16,Indonesia-Gangavaram,Capesize,18.01,2022,12,16,4,18.33,16.77,1998.8,2061.1,2118.9
2022-12-23,Indonesia-Gangavaram,Capesize,19.22,2022,12,23,4,18.01,16.78,2157.6,2061.8,1998.8
2022-12-30,Indonesia-Gangavaram,Capesize,20.04,2022,12,30,4,19.22,17.49,2117.6,1975.4,2157.6
2023-01-06,Indonesia-Gangavaram,Capesize,19.48,2023,1,6,4,20.04,16.62,2126.6,2044.5,2117.6
2023-01-13,Indonesia-Gangavaram,Capesize,19.16,2023,1,13,4,19.48,18.37,2204.7,2096.6,2126.6
2023-01-20,Indonesia-Gangavaram,Capesize,18.96,2023,1,20,4,19.16,17.7,2059.7,2186.3,2204.7
2023-01-27,Indonesia-Gangavaram,Capesize,18.95,2023,1,27,4,18.96,18.33,2132.5,2109.8,2059.7
2023-02-03,Indonesia-Gangavaram,Capesize,18.82,2023,2,3,4,18.95,18.01,2021.6,2170.6,2132.5
2023-02-10,Indonesia-Gangavaram,Capesize,21.21,2023,2,10,4,18.82,19.22,2093.7,2135.1,2021.6
2023-02-17,Indonesia-Gangavaram,Capesize,20.28,2023,2,17,4,21.21,20.04,2191.5,2089.3,2093.7
2023-02-24,Indonesia-Gangavaram,Capesize,19.09,2023,2,24,4,20.28,19.48,2071.5,2148.7,2191.5
2023-03-03,Indonesia-Gangavaram,Capesize,20.51,2023,3,3,4,19.09,19.16,2103.4,2160.1,2071.5
2023-03-10,Indonesia-Gangavaram,Capesize,19.51,2023,3,10,4,20.51,18.96,2073.0,2058.9,2103.4
2023-03-17,Indonesia-Gangavaram,Capesize,21.0,2023,3,17,4,19.51,18.95,2213.0,2130.4,2073.0
2023-03-24,Indonesia-Gangavaram,Capesize,21.82,2023,3,24,4,21.0,18.82,2187.6,2159.8,2213.0
2023-03-31,Indonesia-Gangavaram,Capesize,19.26,2023,3,31,4,21.82,21.21,2124.5,2103.4,2187.6
2023-04-07,Indonesia-Gangavaram,Capesize,21.21,2023,4,7,4,19.26,20.28,2068.9,2073.4,2124.5
2023-04-14,Indonesia-Gangavaram,Capesize,20.71,2023,4,14,4,21.21,19.09,2174.1,2046.0,2068.9
2023-04-21,Indonesia-Gangavaram,Capesize,19.99,2023,4,21,4,20.71,20.51,2127.3,2173.7,2174.1
2023-04-28,Indonesia-Gangavaram,Capesize,19.89,2023,4,28,4,19.99,19.51,1961.7,2114.8,2127.3
2023-05-05,Indonesia-Gangavaram,Capesize,19.01,2023,5,5,4,19.89,21.0,2032.7,2008.9,1961.7
2023-05-12,Indonesia-Gangavaram,Capesize,19.38,2023,5,12,4,19.01,21.82,2127.0,2100.4,2032.7
2023-05-19,Indonesia-Gangavaram,Capesize,19.23,2023,5,19,4,19.38,19.26,2024.5,2062.1,2127.0
2023-05-26,Indonesia-Gangavaram,Capesize,20.87,2023,5,26,4,19.23,21.21,2149.8,2017.7,2024.5
2023-06-02,Indonesia-Gangavaram,Capesize,19.44,2023,6,2,4,20.87,20.71,2045.5,1911.7,2149.8
2023-06-09,Indonesia-Gangavaram,Capesize,18.72,2023,6,9,4,19.44,19.99,2012.6,2069.7,2045.5
2023-06-16,Indonesia-Gangavaram,Capesize,18.71,2023,6,16,4,18.72,19.89,1940.0,1986.8,2012.6
2023-06-23,Indonesia-Gangavaram,Capesize,18.95,2023,6,23,4,18.71,19.01,1974.0,1921.4,1940.0
2023-06-30,Indonesia-Gangavaram,Capesize,17.54,2023,6,30,4,18.95,19.38,1988.1,1957.5,1974.0
2023-07-07,Indonesia-Gangavaram,Capesize,16.59,2023,7,7,4,17.54,19.23,1852.7,1953.2,1988.1
2023-07-14,Indonesia-Gangavaram,Capesize,16.62,2023,7,14,4,16.59,20.87,1754.6,1913.4,1852.7
2023-07-21,Indonesia-Gangavaram,Capesize,15.26,2023,7,21,4,16.62,19.44,1771.6,1704.6,1754.6
2023-07-28,Indonesia-Gangavaram,Capesize,15.52,2023,7,28,4,15.26,18.72,1805.7,1707.1,1771.6
2023-08-04,Indonesia-Gangavaram,Capesize,15.47,2023,8,4,4,15.52,18.71,1704.0,1688.0,1805.7
2023-08-11,Indonesia-Gangavaram,Capesize,16.34,2023,8,11,4,15.47,18.95,1676.0,1755.2,1704.0
2023-08-18,Indonesia-Gangavaram,Capesize,14.63,2023,8,18,4,16.34,17.54,1713.0,1773.8,1676.0
2023-08-25,Indonesia-Gangavaram,Capesize,13.8,2023,8,25,4,14.63,16.59,1644.4,1665.1,1713.0
2023-09-01,Indonesia-Gangavaram,Capesize,16.12,2023,9,1,4,13.8,16.62,1750.1,1786.0,1644.4
2023-09-08,Indonesia-Gangavaram,Capesize,13.95,2023,9,8,4,16.12,15.26,1654.2,1684.8,1750.1
2023-09-15,Indonesia-Gangavaram,Capesize,14.72,2023,9,15,4,13.95,15.52,1669.2,1660.6,1654.2
2023-09-22,Indonesia-Gangavaram,Capesize,15.03,2023,9,22,4,14.72,15.47,1675.7,1585.4,1669.2
2023-09-29,Indonesia-Gangavaram,Capesize,12.6,2023,9,29,4,15.03,16.34,1678.1,1648.4,1675.7
2023-10-06,Indonesia-Gangavaram,Capesize,14.22,2023,10,6,4,12.6,14.63,1669.6,1606.4,1678.1
2023-10-13,Indonesia-Gangavaram,Capesize,15.24,2023,10,13,4,14.22,13.8,1674.2,1605.9,1669.6
2023-10-20,Indonesia-Gangavaram,Capesize,13.67,2023,10,20,4,15.24,16.12,1537.6,1535.1,1674.2
2023-10-27,Indonesia-Gangavaram,Capesize,15.2,2023,10,27,4,13.67,13.95,1733.0,1575.2,1537.6
2023-11-03,Indonesia-Gangavaram,Capesize,13.95,2023,11,3,4,15.2,14.72,1625.2,1588.2,1733.0
2023-11-10,Indonesia-Gangavaram,Capesize,14.98,2023,11,10,4,13.95,15.03,1638.7,1569.7,1625.2
2023-11-17,Indonesia-Gangavaram,Capesize,14.89,2023,11,17,4,14.98,12.6,1563.7,1529.4,1638.7
2023-11-24,Indonesia-Gangavaram,Capesize,16.77,2023,11,24,4,14.89,14.22,1635.0,1637.1,1563.7
2023-12-01,Indonesia-Gangavaram,Capesize,14.81,2023,12,1,4,16.77,15.24,1698.0,1605.4,1635.0
2023-12-08,Indonesia-Gangavaram,Capesize,14.11,2023,12,8,4,14.81,13.67,1666.2,1646.2,1698.0
2023-12-15,Indonesia-Gangavaram,Capesize,14.37,2023,12,15,4,14.11,15.2,1631.3,1702.6,1666.2
2023-12-22,Indonesia-Gangavaram,Capesize,17.06,2023,12,22,4,14.37,13.95,1714.1,1723.9,1631.3
2023-12-29,Indonesia-Gangavaram,Capesize,17.9,2023,12,29,4,17.06,14.98,1814.5,1789.6,1714.1
2024-01-05,Indonesia-Gangavaram,Capesize,15.78,2024,1,5,4,17.9,14.89,1774.9,1647.3,1814.5
2024-01-12,Indonesia-Gangavaram,Capesize,17.86,2024,1,12,4,15.78,16.77,1733.5,1741.7,1774.9
2024-01-19,Indonesia-Gangavaram,Capesize,18.28,2024,1,19,4,17.86,14.81,1707.1,1739.8,1733.5
2024-01-26,Indonesia-Gangavaram,Capesize,16.66,2024,1,26,4,18.28,14.11,1772.1,1801.2,1707.1
2024-02-02,Indonesia-Gangavaram,Capesize,18.22,2024,2,2,4,16.66,14.37,1846.3,1783.6,1772.1
2024-02-09,Indonesia-Gangavaram,Capesize,17.4,2024,2,9,4,18.22,17.06,1858.9,1794.2,1846.3
2024-02-16,Indonesia-Gangavaram,Capesize,17.57,2024,2,16,4,17.4,17.9,1868.0,1806.4,1858.9
2024-02-23,Indonesia-Gangavaram,Capesize,17.16,2024,2,23,4,17.57,15.78,1803.9,1810.3,1868.0
2024-03-01,Indonesia-Gangavaram,Capesize,20.28,2024,3,1,4,17.16,17.86,1850.9,1773.2,1803.9
2024-03-08,Indonesia-Gangavaram,Capesize,20.0,2024,3,8,4,20.28,18.28,1852.0,1801.3,1850.9
2024-03-15,Indonesia-Gangavaram,Capesize,19.81,2024,3,15,4,20.0,16.66,1848.7,1789.1,1852.0
2024-03-22,Indonesia-Gangavaram,Capesize,18.46,2024,3,22,4,19.81,18.22,1807.5,1906.3,1848.7
2024-03-29,Indonesia-Gangavaram,Capesize,18.01,2024,3,29,4,18.46,17.4,1778.0,1712.1,1807.5
2024-04-05,Indonesia-Gangavaram,Capesize,19.07,2024,4,5,4,18.01,17.57,1696.2,1795.0,1778.0
2024-04-12,Indonesia-Gangavaram,Capesize,17.59,2024,4,12,4,19.07,17.16,1665.8,1708.5,1696.2
2024-04-19,Indonesia-Gangavaram,Capesize,17.71,2024,4,19,4,17.59,20.28,1656.0,1718.3,1665.8
2024-04-26,Indonesia-Gangavaram,Capesize,17.98,2024,4,26,4,17.71,20.0,1635.3,1702.1,1656.0
2024-05-03,Indonesia-Gangavaram,Capesize,16.49,2024,5,3,4,17.98,19.81,1523.5,1574.2,1635.3
2024-05-10,Indonesia-Gangavaram,Capesize,16.37,2024,5,10,4,16.49,18.46,1498.9,1520.2,1523.5
2024-05-17,Indonesia-Gangavaram,Capesize,16.48,2024,5,17,4,16.37,18.01,1531.9,1537.9,1498.9
2024-05-24,Indonesia-Gangavaram,Capesize,16.2,2024,5,24,4,16.48,19.07,1385.7,1369.4,1531.9
2024-05-31,Indonesia-Gangavaram,Capesize,13.84,2024,5,31,4,16.2,17.59,1373.8,1360.2,1385.7
2024-06-07,Indonesia-Gangavaram,Capesize,14.75,2024,6,7,4,13.84,17.71,1313.4,1317.3,1373.8
2024-06-14,Indonesia-Gangavaram,Capesize,13.98,2024,6,14,4,14.75,17.98,1188.1,1245.8,1313.4
2024-06-21,Indonesia-Gangavaram,Capesize,14.08,2024,6,21,4,13.98,16.49,1102.2,1126.9,1188.1
2024-06-28,Indonesia-Gangavaram,Capesize,12.9,2024,6,28,4,14.08,16.37,1055.9,1015.2,1102.2
2024-07-05,Indonesia-Gangavaram,Capesize,13.68,2024,7,5,4,12.9,16.48,948.0,956.3,1055.9
2024-07-12,Indonesia-Gangavaram,Capesize,11.46,2024,7,12,4,13.68,16.2,910.0,809.3,948.0
2024-07-19,Indonesia-Gangavaram,Capesize,12.09,2024,7,19,4,11.46,13.84,906.6,811.2,910.0
2024-07-26,Indonesia-Gangavaram,Capesize,9.61,2024,7,26,4,12.09,14.75,765.8,714.1,906.6
2024-08-02,Indonesia-Gangavaram,Capesize,11.16,2024,8,2,4,9.61,13.98,660.9,681.6,765.8
2024-08-09,Indonesia-Gangavaram,Capesize,10.06,2024,8,9,4,11.16,14.08,601.9,577.4,660.9
2024-08-16,Indonesia-Gangavaram,Capesize,8.68,2024,8,16,4,10.06,12.9,495.5,569.6,601.9
2024-08-23,Indonesia-Gangavaram,Capesize,9.13,2024,8,23,4,8.68,13.68,451.6,450.0,495.5
2024-08-30,Indonesia-Gangavaram,Capesize,7.75,2024,8,30,4,9.13,11.46,310.1,346.2,451.6
2024-09-06,Indonesia-Gangavaram,Capesize,8.11,2024,9,6,4,7.75,12.09,300.0,300.0,310.1
2024-09-13,Indonesia-Gangavaram,Capesize,7.59,2024,9,13,4,8.11,9.61,300.0,300.0,300.0
2024-09-20,Indonesia-Gangavaram,Capesize,8.23,2024,9,20,4,7.59,11.16,300.0,300.0,300.0
2024-09-27,Indonesia-Gangavaram,Capesize,7.01,2024,9,27,4,8.23,10.06,325.3,300.0,300.0
2024-10-04,Indonesia-Gangavaram,Capesize,8.47,2024,10,4,4,7.01,8.68,300.0,300.0,325.3
2024-10-11,Indonesia-Gangavaram,Capesize,5.92,2024,10,11,4,8.47,9.13,300.0,300.0,300.0
2024-10-18,Indonesia-Gangavaram,Capesize,7.11,2024,10,18,4,5.92,7.75,300.0,300.0,300.0
2024-10-25,Indonesia-Gangavaram,Capesize,8.94,2024,10,25,4,7.11,8.11,300.0,300.0,300.0
2024-11-01,Indonesia-Gangavaram,Capesize,7.33,2024,11,1,4,8.94,7.59,300.0,300.0,300.0
2024-11-08,Indonesia-Gangavaram,Capesize,9.85,2024,11,8,4,7.33,8.23,300.0,300.0,300.0
2024-11-15,Indonesia-Gangavaram,Capesize,7.92,2024,11,15,4,9.85,7.01,300.0,300.0,300.0
2024-11-22,Indonesia-Gangavaram,Capesize,8.58,2024,11,22,4,7.92,8.47,300.0,300.0,300.0
2024-11-29,Indonesia-Gangavaram,Capesize,9.38,2024,11,29,4,8.58,5.92,300.0,300.0,300.0
2024-12-06,Indonesia-Gangavaram,Capesize,7.95,2024,12,6,4,9.38,7.11,300.0,300.0,300.0
2024-12-13,Indonesia-Gangavaram,Capesize,11.35,2024,12,13,4,7.95,8.94,300.0,300.0,300.0
2024-12-20,Indonesia-Gangavaram,Capesize,9.37,2024,12,20,4,11.35,7.33,300.0,300.0,300.0
2024-12-27,Indonesia-Gangavaram,Capesize,8.74,2024,12,27,4,9.37,9.85,300.0,300.0,300.0
2025-01-03,Indonesia-Gangavaram,Capesize,10.82,2025,1,3,4,8.74,7.92,338.4,300.0,300.0
2025-01-10,Indonesia-Gangavaram,Capesize,10.04,2025,1,10,4,10.82,8.58,333.0,317.3,338.4
2025-01-17,Indonesia-Gangavaram,Capesize,11.31,2025,1,17,4,10.04,9.38,394.4,349.6,333.0
2025-01-24,Indonesia-Gangavaram,Capesize,10.19,2025,1,24,4,11.31,7.95,501.5,531.2,394.4
2025-01-31,Indonesia-Gangavaram,Capesize,12.57,2025,1,31,4,10.19,11.35,510.3,495.5,501.5
2025-02-07,Indonesia-Gangavaram,Capesize,12.2,2025,2,7,4,12.57,9.37,541.1,611.7,510.3
2025-02-14,Indonesia-Gangavaram,Capesize,13.35,2025,2,14,4,12.2,8.74,734.5,543.1,541.1
2025-02-21,Indonesia-Gangavaram,Capesize,12.65,2025,2,21,4,13.35,10.82,651.0,686.5,734.5
2025-02-28,Indonesia-Gangavaram,Capesize,13.71,2025,2,28,4,12.65,10.04,781.7,719.2,651.0
2025-03-07,Indonesia-Gangavaram,Capesize,13.35,2025,3,7,4,13.71,11.31,901.9,831.0,781.7
2025-03-14,Indonesia-Gangavaram,Capesize,14.92,2025,3,14,4,13.35,10.19,913.8,939.3,901.9
2025-03-21,Indonesia-Gangavaram,Capesize,15.16,2025,3,21,4,14.92,12.57,990.8,856.6,913.8
2025-03-28,Indonesia-Gangavaram,Capesize,16.92,2025,3,28,4,15.16,12.2,994.5,1057.9,990.8
2025-04-04,Indonesia-Gangavaram,Capesize,16.1,2025,4,4,4,16.92,13.35,1081.3,1133.8,994.5
2025-04-11,Indonesia-Gangavaram,Capesize,15.01,2025,4,11,4,16.1,12.65,1155.6,1110.7,1081.3
2025-04-18,Indonesia-Gangavaram,Capesize,15.29,2025,4,18,4,15.01,13.71,1228.1,1134.4,1155.6
2025-04-25,Indonesia-Gangavaram,Capesize,16.11,2025,4,25,4,15.29,13.35,1341.8,1228.8,1228.1
2025-05-02,Indonesia-Gangavaram,Capesize,15.35,2025,5,2,4,16.11,14.92,1220.7,1407.5,1341.8
2025-05-09,Indonesia-Gangavaram,Capesize,16.44,2025,5,9,4,15.35,15.16,1447.9,1327.1,1220.7
2025-05-16,Indonesia-Gangavaram,Capesize,17.32,2025,5,16,4,16.44,16.92,1358.5,1402.9,1447.9
2025-05-23,Indonesia-Gangavaram,Capesize,16.58,2025,5,23,4,17.32,16.1,1431.4,1373.7,1358.5
2025-05-30,Indonesia-Gangavaram,Capesize,17.25,2025,5,30,4,16.58,15.01,1448.9,1420.9,1431.4
2025-06-06,Indonesia-Gangavaram,Capesize,15.37,2025,6,6,4,17.25,15.29,1391.3,1478.5,1448.9
2025-06-13,Indonesia-Gangavaram,Capesize,18.17,2025,6,13,4,15.37,16.11,1449.4,1490.9,1391.3
2025-06-20,Indonesia-Gangavaram,Capesize,15.77,2025,6,20,4,18.17,15.35,1325.6,1505.2,1449.4
2025-06-27,Indonesia-Gangavaram,Capesize,15.06,2025,6,27,4,15.77,16.44,1454.5,1423.6,1325.6
2025-07-04,Indonesia-Gangavaram,Capesize,15.57,2025,7,4,4,15.06,17.32,1473.0,1393.4,1454.5
2025-07-11,Indonesia-Gangavaram,Capesize,16.07,2025,7,11,4,15.57,16.58,1503.0,1415.4,1473.0
2025-07-18,Indonesia-Gangavaram,Capesize,15.1,2025,7,18,4,16.07,17.25,1441.0,1446.0,1503.0
2025-07-25,Indonesia-Gangavaram,Capesize,13.32,2025,7,25,4,15.1,15.37,1411.3,1424.0,1441.0
2025-08-01,Indonesia-Gangavaram,Capesize,15.62,2025,8,1,4,13.32,18.17,1376.9,1464.1,1411.3
2025-08-08,Indonesia-Gangavaram,Capesize,13.17,2025,8,8,4,15.62,15.77,1404.1,1413.5,1376.9
2025-08-15,Indonesia-Gangavaram,Capesize,14.27,2025,8,15,4,13.17,15.06,1419.9,1376.3,1404.1
2025-08-22,Indonesia-Gangavaram,Capesize,13.44,2025,8,22,4,14.27,15.57,1381.7,1378.7,1419.9
2025-08-29,Indonesia-Gangavaram,Capesize,13.02,2025,8,29,4,13.44,16.07,1369.7,1286.8,1381.7
2025-09-05,Indonesia-Gangavaram,Capesize,13.04,2025,9,5,4,13.02,15.1,1277.9,1337.5,1369.7
2025-09-12,Indonesia-Gangavaram,Capesize,13.69,2025,9,12,4,13.04,13.32,1314.5,1328.7,1277.9
2025-09-19,Indonesia-Gangavaram,Capesize,11.81,2025,9,19,4,13.69,15.62,1229.3,1276.5,1314.5
2025-09-26,Indonesia-Gangavaram,Capesize,10.37,2025,9,26,4,11.81,13.17,1262.4,1263.9,1229.3
2025-10-03,Indonesia-Gangavaram,Capesize,11.85,2025,10,3,4,10.37,14.27,1199.6,1293.1,1262.4
2025-10-10,Indonesia-Gangavaram,Capesize,13.1,2025,10,10,4,11.85,13.44,1194.9,1272.2,1199.6
2025-10-17,Indonesia-Gangavaram,Capesize,12.7,2025,10,17,4,13.1,13.02,1246.7,1230.7,1194.9
2025-10-24,Indonesia-Gangavaram,Capesize,12.83,2025,10,24,4,12.7,13.04,1236.4,1223.0,1246.7
2025-10-31,Indonesia-Gangavaram,Capesize,12.88,2025,10,31,4,12.83,13.69,1185.5,1175.0,1236.4
2025-11-07,Indonesia-Gangavaram,Capesize,11.91,2025,11,7,4,12.88,11.81,1296.1,1230.0,1185.5
2025-11-14,Indonesia-Gangavaram,Capesize,12.4,2025,11,14,4,11.91,10.37,1158.5,1192.1,1296.1
2025-11-21,Indonesia-Gangavaram,Capesize,13.25,2025,11,21,4,12.4,11.85,1242.0,1220.3,1158.5
2025-11-28,Indonesia-Gangavaram,Capesize,14.23,2025,11,28,4,13.25,13.1,1231.0,1205.5,1242.0
2025-12-05,Indonesia-Gangavaram,Capesize,12.78,2025,12,5,4,14.23,12.7,1119.0,1264.5,1231.0
2025-12-12,Indonesia-Gangavaram,Capesize,13.21,2025,12,12,4,12.78,12.83,1286.9,1188.5,1119.0
2025-12-19,Indonesia-Gangavaram,Capesize,13.56,2025,12,19,4,13.21,12.88,1246.9,1260.6,1286.9
2025-12-26,Indonesia-Gangavaram,Capesize,15.67,2025,12,26,4,13.56,11.91,1316.4,1408.1,1246.9
2026-01-02,Indonesia-Gangavaram,Capesize,14.95,2026,1,2,4,15.67,12.4,1356.8,1305.2,1316.4
2026-01-09,Indonesia-Gangavaram,Capesize,14.76,2026,1,9,4,14.95,13.25,1347.2,1209.1,1356.8
2026-01-16,Indonesia-Gangavaram,Capesize,14.59,2026,1,16,4,14.76,14.23,1268.9,1403.0,1347.2
2026-01-23,Indonesia-Gangavaram,Capesize,15.38,2026,1,23,4,14.59,12.78,1399.5,1401.1,1268.9
2026-01-30,Indonesia-Gangavaram,Capesize,15.72,2026,1,30,4,15.38,13.21,1528.6,1467.4,1399.5
2026-02-06,Indonesia-Gangavaram,Capesize,17.17,2026,2,6,4,15.72,13.56,1417.4,1423.0,1528.6
2026-02-13,Indonesia-Gangavaram,Capesize,17.58,2026,2,13,4,17.17,15.67,1578.6,1347.8,1417.4
2026-02-20,Indonesia-Gangavaram,Capesize,16.45,2026,2,20,4,17.58,14.95,1403.5,1499.1,1578.6
2026-02-27,Indonesia-Gangavaram,Capesize,18.31,2026,2,27,4,16.45,14.76,1635.4,1591.4,1403.5
2026-03-06,Indonesia-Gangavaram,Capesize,17.23,2026,3,6,4,18.31,14.59,1578.4,1586.5,1635.4
2026-03-13,Indonesia-Gangavaram,Capesize,15.94,2026,3,13,4,17.23,15.38,1480.1,1592.1,1578.4
2026-03-20,Indonesia-Gangavaram,Capesize,19.03,2026,3,20,4,15.94,15.72,1690.7,1672.6,1480.1
2026-03-27,Indonesia-Gangavaram,Capesize,18.5,2026,3,27,4,19.03,17.17,1715.8,1657.2,1690.7
2026-04-03,Indonesia-Gangavaram,Capesize,18.82,2026,4,3,4,18.5,17.58,1720.6,1636.3,1715.8
2026-04-10,Indonesia-Gangavaram,Capesize,19.16,2026,4,10,4,18.82,16.45,1719.7,1754.6,1720.6
2026-04-17,Indonesia-Gangavaram,Capesize,18.95,2026,4,17,4,19.16,18.31,1741.8,1824.3,1719.7
2026-04-24,Indonesia-Gangavaram,Capesize,19.67,2026,4,24,4,18.95,17.23,1737.8,1690.2,1741.8
2026-05-01,Indonesia-Gangavaram,Capesize,18.61,2026,5,1,4,19.67,15.94,1804.6,1740.5,1737.8
2026-05-08,Indonesia-Gangavaram,Capesize,18.37,2026,5,8,4,18.61,19.03,1867.4,1799.7,1804.6
2026-05-15,Indonesia-Gangavaram,Capesize,20.17,2026,5,15,4,18.37,18.5,1800.6,1930.8,1867.4
2026-05-22,Indonesia-Gangavaram,Capesize,18.88,2026,5,22,4,20.17,18.82,1884.4,1928.1,1800.6
2026-05-29,Indonesia-Gangavaram,Capesize,17.88,2026,5,29,4,18.88,19.16,1775.5,1852.0,1884.4
2026-06-05,Indonesia-Gangavaram,Capesize,17.85,2026,6,5,4,17.88,18.95,1893.6,1773.8,1775.5
2026-06-12,Indonesia-Gangavaram,Capesize,17.79,2026,6,12,4,17.85,19.67,1910.5,1884.3,1893.6
2026-06-19,Indonesia-Gangavaram,Capesize,19.56,2026,6,19,4,17.79,18.61,1882.1,2027.3,1910.5
2026-06-26,Indonesia-Gangavaram,Capesize,17.46,2026,6,26,4,19.56,18.37,1836.2,1969.2,1882.1
2026-07-03,Indonesia-Gangavaram,Capesize,17.68,2026,7,3,4,17.46,20.17,1941.0,1869.2,1836.2
2026-07-10,Indonesia-Gangavaram,Capesize,17.19,2026,7,10,4,17.68,18.88,1862.4,1845.2,1941.0
2026-07-17,Indonesia-Gangavaram,Capesize,16.98,2026,7,17,4,17.19,17.88,1877.2,2024.2,1862.4
2026-07-24,Indonesia-Gangavaram,Capesize,17.44,2026,7,24,4,16.98,17.85,1881.8,1966.6,1877.2
2026-07-31,Indonesia-Gangavaram,Capesize,16.98,2026,7,31,4,17.44,17.79,1881.8,1869.8,1881.8
2026-08-07,Indonesia-Gangavaram,Capesize,16.58,2026,8,7,4,16.98,19.56,1944.8,1823.2,1881.8
2026-08-14,Indonesia-Gangavaram,Capesize,16.75,2026,8,14,4,16.58,17.46,1922.7,1935.5,1944.8
2026-08-21,Indonesia-Gangavaram,Capesize,15.1,2026,8,21,4,16.75,17.68,1890.6,1916.5,1922.7
2026-08-28,Indonesia-Gangavaram,Capesize,15.31,2026,8,28,4,15.1,17.19,1863.2,1967.9,1890.6
2018-02-23,Indonesia-Haldia,Handymax,22.74,2018,2,23,4,23.45,20.27,2306.9,2170.6,2171.5
2018-03-02,Indonesia-Haldia,Handymax,24.19,2018,3,2,4,22.74,19.99,2308.2,2272.3,2306.9
2018-03-09,Indonesia-Haldia,Handymax,23.79,2018,3,9,4,24.19,20.82,2291.4,2274.8,2308.2
2018-03-16,Indonesia-Haldia,Handymax,24.17,2018,3,16,4,23.79,21.01,2287.3,2280.0,2291.4
2018-03-23,Indonesia-Haldia,Handymax,24.35,2018,3,23,4,24.17,23.45,2331.8,2306.2,2287.3
2018-03-30,Indonesia-Haldia,Handymax,23.53,2018,3,30,4,24.35,22.36,2384.8,2367.6,2331.8
2018-04-06,Indonesia-Haldia,Handymax,22.07,2018,4,6,4,23.53,23.45,2410.1,2433.8,2384.8
2018-04-13,Indonesia-Haldia,Handymax,23.84,2018,4,13,4,22.07,22.74,2378.3,2408.3,2410.1
2018-04-20,Indonesia-Haldia,Handymax,23.68,2018,4,20,4,23.84,24.19,2446.4,2291.5,2378.3
2018-04-27,Indonesia-Haldia,Handymax,23.15,2018,4,27,4,23.68,23.79,2390.1,2359.0,2446.4
2018-05-04,Indonesia-Haldia,Handymax,23.7,2018,5,4,4,23.15,24.17,2345.4,2418.0,2390.1
2018-05-11,Indonesia-Haldia,Handymax,24.72,2018,5,11,4,23.7,24.35,2388.1,2331.1,2345.4
2018-05-18,Indonesia-Haldia,Handymax,24.28,2018,5,18,4,24.72,23.53,2412.5,2456.3,2388.1
2018-05-25,Indonesia-Haldia,Handymax,22.72,2018,5,25,4,24.28,22.07,2323.4,2458.5,2412.5
2018-06-01,Indonesia-Haldia,Handymax,23.34,2018,6,1,4,22.72,23.84,2323.7,2402.6,2323.4
2018-06-08,Indonesia-Haldia,Handymax,23.4,2018,6,8,4,23.34,23.68,2297.5,2354.7,2323.7
2018-06-15,Indonesia-Haldia,Handymax,22.79,2018,6,15,4,23.4,23.15,2241.2,2273.7,2297.5
2018-06-22,Indonesia-Haldia,Handymax,21.89,2018,6,22,4,22.79,23.7,2128.9,2195.7,2241.2
2018-06-29,Indonesia-Haldia,Handymax,21.79,2018,6,29,4,21.89,24.72,2197.3,2128.1,2128.9
2018-07-06,Indonesia-Haldia,Handymax,21.86,2018,7,6,4,21.79,24.28,2149.3,2157.8,2197.3
2018-07-13,Indonesia-Haldia,Handymax,22.53,2018,7,13,4,21.86,22.72,2189.9,2083.8,2149.3
2018-07-20,Indonesia-Haldia,Handymax,21.57,2018,7,20,4,22.53,23.34,2139.2,2033.8,2189.9
2018-07-27,Indonesia-Haldia,Handymax,19.95,2018,7,27,4,21.57,23.4,1987.2,1970.1,2139.2
2018-08-03,Indonesia-Haldia,Handymax,19.43,2018,8,3,4,19.95,22.79,2085.5,1949.0,1987.2
2018-08-10,Indonesia-Haldia,Handymax,20.44,2018,8,10,4,19.43,21.89,1865.5,1949.7,2085.5
2018-08-17,Indonesia-Haldia,Handymax,19.06,2018,8,17,4,20.44,21.79,1900.8,1835.8,1865.5
2018-08-24,Indonesia-Haldia,Handymax,18.67,2018,8,24,4,19.06,21.86,1810.9,1794.4,1900.8
2018-08-31,Indonesia-Haldia,Handymax,17.9,2018,8,31,4,18.67,22.53,1627.8,1781.5,1810.9
2018-09-07,Indonesia-Haldia,Handymax,19.03,2018,9,7,4,17.9,21.57,1667.4,1690.0,1627.8
2018-09-14,Indonesia-Haldia,Handymax,16.61,2018,9,14,4,19.03,19.95,1700.8,1672.9,1667.4
2018-09-21,Indonesia-Haldia,Handymax,17.62,2018,9,21,4,16.61,19.43,1661.0,1623.6,1700.8
2018-09-28,Indonesia-Haldia,Handymax,18.28,2018,9,28,4,17.62,20.44,1631.5,1612.4,1661.0
2018-10-05,Indonesia-Haldia,Handymax,17.84,2018,10,5,4,18.28,19.06,1633.9,1646.5,1631.5
2018-10-12,Indonesia-Haldia,Handymax,17.65,2018,10,12,4,17.84,18.67,1471.8,1552.6,1633.9
2018-10-19,Indonesia-Haldia,Handymax,18.13,2018,10,19,4,17.65,17.9,1573.8,1658.5,1471.8
2018-10-26,Indonesia-Haldia,Handymax,17.56,2018,10,26,4,18.13,19.03,1661.9,1572.7,1573.8
2018-11-02,Indonesia-Haldia,Handymax,18.55,2018,11,2,4,17.56,16.61,1594.7,1588.4,1661.9
2018-11-09,Indonesia-Haldia,Handymax,18.38,2018,11,9,4,18.55,17.62,1584.1,1561.8,1594.7
2018-11-16,Indonesia-Haldia,Handymax,17.01,2018,11,16,4,18.38,18.28,1695.6,1662.8,1584.1
2018-11-23,Indonesia-Haldia,Handymax,19.43,2018,11,23,4,17.01,17.84,1565.8,1632.0,1695.6
2018-11-30,Indonesia-Haldia,Handymax,20.26,2018,11,30,4,19.43,17.65,1627.9,1652.3,1565.8
2018-12-07,Indonesia-Haldia,Handymax,19.85,2018,12,7,4,20.26,18.13,1695.0,1690.3,1627.9
2018-12-14,Indonesia-Haldia,Handymax,19.16,2018,12,14,4,19.85,17.56,1715.5,1757.6,1695.0
2018-12-21,Indonesia-Haldia,Handymax,20.38,2018,12,21,4,19.16,18.55,1798.3,1751.8,1715.5
2018-12-28,Indonesia-Haldia,Handymax,20.02,2018,12,28,4,20.38,18.38,1772.4,1802.5,1798.3
2019-01-04,Indonesia-Haldia,Handymax,21.42,2019,1,4,4,20.02,17.01,1980.9,1937.9,1772.4
2019-01-11,Indonesia-Haldia,Handymax,20.73,2019,1,11,4,21.42,19.43,1936.0,1901.2,1980.9
2019-01-18,Indonesia-Haldia,Handymax,22.49,2019,1,18,4,20.73,20.26,1960.2,1929.1,1936.0
2019-01-25,Indonesia-Haldia,Handymax,22.43,2019,1,25,4,22.49,19.85,2010.3,2099.3,1960.2
2019-02-01,Indonesia-Haldia,Handymax,23.25,2019,2,1,4,22.43,19.16,2038.5,2089.5,2010.3
2019-02-08,Indonesia-Haldia,Handymax,22.9,2019,2,8,4,23.25,20.38,2176.7,2043.9,2038.5
2019-02-15,Indonesia-Haldia,Handymax,21.76,2019,2,15,4,22.9,20.02,2253.8,2176.9,2176.7
2019-02-22,Indonesia-Haldia,Handymax,22.84,2019,2,22,4,21.76,21.42,2335.2,2271.9,2253.8
2019-03-01,Indonesia-Haldia,Handymax,23.29,2019,3,1,4,22.84,20.73,2298.9,2400.7,2335.2
2019-03-08,Indonesia-Haldia,Handymax,24.56,2019,3,8,4,23.29,22.49,2424.4,2425.2,2298.9
2019-03-15,Indonesia-Haldia,Handymax,23.53,2019,3,15,4,24.56,22.43,2357.8,2534.1,2424.4
2019-03-22,Indonesia-Haldia,Handymax,24.9,2019,3,22,4,23.53,23.25,2449.9,2540.0,2357.8
2019-03-29,Indonesia-Haldia,Handymax,25.26,2019,3,29,4,24.9,22.9,2500.1,2482.5,2449.9
2019-04-05,Indonesia-Haldia,Handymax,25.23,2019,4,5,4,25.26,21.76,2550.0,2545.2,2500.1
2019-04-12,Indonesia-Haldia,Handymax,23.87,2019,4,12,4,25.23,22.84,2623.0,2602.4,2550.0
2019-04-19,Indonesia-Haldia,Handymax,24.86,2019,4,19,4,23.87,23.29,2661.0,2610.5,2623.0
2019-04-26,Indonesia-Haldia,Handymax,24.21,2019,4,26,4,24.86,24.56,2663.9,2598.0,2661.0
2019-05-03,Indonesia-Haldia,Handymax,25.27,2019,5,3,4,24.21,23.53,2726.3,2611.2,2663.9
2019-05-10,Indonesia-Haldia,Handymax,24.49,2019,5,10,4,25.27,24.9,2658.8,2701.1,2726.3
2019-05-17,Indonesia-Haldia,Handymax,24.95,2019,5,17,4,24.49,25.26,2695.0,2694.3,2658.8
2019-05-24,Indonesia-Haldia,Handymax,24.91,2019,5,24,4,24.95,25.23,2748.6,2744.6,2695.0
2019-05-31,Indonesia-Haldia,Handymax,22.7,2019,5,31,4,24.91,23.87,2600.5,2697.5,2748.6
2019-06-07,Indonesia-Haldia,Handymax,23.15,2019,6,7,4,22.7,24.86,2630.2,2683.6,2600.5
2019-06-14,Indonesia-Haldia,Handymax,23.53,2019,6,14,4,23.15,24.21,2665.3,2693.3,2630.2
2019-06-21,Indonesia-Haldia,Handymax,22.13,2019,6,21,4,23.53,25.27,2669.9,2559.0,2665.3
2019-06-28,Indonesia-Haldia,Handymax,22.88,2019,6,28,4,22.13,24.49,2612.1,2618.6,2669.9
2019-07-05,Indonesia-Haldia,Handymax,21.13,2019,7,5,4,22.88,24.95,2542.9,2554.6,2612.1
2019-07-12,Indonesia-Haldia,Handymax,21.95,2019,7,12,4,21.13,24.91,2626.3,2637.5,2542.9
2019-07-19,Indonesia-Haldia,Handymax,22.06,2019,7,19,4,21.95,22.7,2536.0,2486.7,2626.3
2019-07-26,Indonesia-Haldia,Handymax,22.13,2019,7,26,4,22.06,23.15,2380.4,2425.1,2536.0
2019-08-02,Indonesia-Haldia,Handymax,20.6,2019,8,2,4,22.13,23.53,2304.5,2373.1,2380.4
2019-08-09,Indonesia-Haldia,Handymax,20.04,2019,8,9,4,20.6,22.13,2297.7,2358.7,2304.5
2019-08-16,Indonesia-Haldia,Handymax,19.03,2019,8,16,4,20.04,22.88,2285.7,2247.6,2297.7
2019-08-23,Indonesia-Haldia,Handymax,19.71,2019,8,23,4,19.03,21.13,2212.3,2334.6,2285.7
2019-08-30,Indonesia-Haldia,Handymax,19.94,2019,8,30,4,19.71,21.95,2054.5,2084.9,2212.3
2019-09-06,Indonesia-Haldia,Handymax,20.3,2019,9,6,4,19.94,22.06,2053.2,2040.6,2054.5
2019-09-13,Indonesia-Haldia,Handymax,17.73,2019,9,13,4,20.3,22.13,2018.5,1989.6,2053.2
2019-09-20,Indonesia-Haldia,Handymax,19.12,2019,9,20,4,17.73,20.6,1988.8,1979.4,2018.5
2019-09-27,Indonesia-Haldia,Handymax,19.45,2019,9,27,4,19.12,20.04,1907.9,1926.7,1988.8
2019-10-04,Indonesia-Haldia,Handymax,18.43,2019,10,4,4,19.45,19.03,1825.4,1906.7,1907.9
2019-10-11,Indonesia-Haldia,Handymax,17.6,2019,10,11,4,18.43,19.71,1724.4,1738.7,1825.4
2019-10-18,Indonesia-Haldia,Handymax,17.92,2019,10,18,4,17.6,19.94,1675.6,1751.1,1724.4
2019-10-25,Indonesia-Haldia,Handymax,17.77,2019,10,25,4,17.92,20.3,1692.2,1658.3,1675.6
2019-11-01,Indonesia-Haldia,Handymax,17.87,2019,11,1,4,17.77,17.73,1608.1,1568.8,1692.2
2019-11-08,Indonesia-Haldia,Handymax,18.02,2019,11,8,4,17.87,19.12,1559.8,1526.8,1608.1
2019-11-15,Indonesia-Haldia,Handymax,17.97,2019,11,15,4,18.02,19.45,1539.3,1537.2,1559.8
2019-11-22,Indonesia-Haldia,Handymax,18.48,2019,11,22,4,17.97,18.43,1463.3,1563.0,1539.3
2019-11-29,Indonesia-Haldia,Handymax,19.03,2019,11,29,4,18.48,17.6,1341.3,1383.8,1463.3
2019-12-06,Indonesia-Haldia,Handymax,17.42,2019,12,6,4,19.03,17.92,1425.5,1391.8,1341.3
2019-12-13,Indonesia-Haldia,Handymax,15.93,2019,12,13,4,17.42,17.77,1298.9,1346.2,1425.5
2019-12-20,Indonesia-Haldia,Handymax,17.98,2019,12,20,4,15.93,17.87,1324.0,1358.0,1298.9
2019-12-27,Indonesia-Haldia,Handymax,16.95,2019,12,27,4,17.98,18.02,1253.4,1504.7,1324.0
2020-01-03,Indonesia-Haldia,Handymax,19.2,2020,1,3,4,16.95,17.97,1316.1,1305.5,1253.4
2020-01-10,Indonesia-Haldia,Handymax,19.14,2020,1,10,4,19.2,18.48,1303.2,1243.5,1316.1
2020-01-17,Indonesia-Haldia,Handymax,20.29,2020,1,17,4,19.14,19.03,1270.9,1366.1,1303.2
2020-01-24,Indonesia-Haldia,Handymax,19.64,2020,1,24,4,20.29,17.42,1262.1,1181.1,1270.9
2020-01-31,Indonesia-Haldia,Handymax,20.41,2020,1,31,4,19.64,15.93,1214.3,1257.5,1262.1
2020-02-07,Indonesia-Haldia,Handymax,19.32,2020,2,7,4,20.41,17.98,1225.3,1126.5,1214.3
2020-02-14,Indonesia-Haldia,Handymax,19.04,2020,2,14,4,19.32,16.95,1160.6,1236.6,1225.3
2020-02-21,Indonesia-Haldia,Handymax,20.65,2020,2,21,4,19.04,19.2,1116.5,1198.5,1160.6
2020-02-28,Indonesia-Haldia,Handymax,19.73,2020,2,28,4,20.65,19.14,1107.3,1151.3,1116.5
2020-03-06,Indonesia-Haldia,Handymax,18.27,2020,3,6,4,19.73,20.29,627.5,527.8,1107.3
2020-03-13,Indonesia-Haldia,Handymax,17.41,2020,3,13,4,18.27,19.64,368.7,569.6,627.5
2020-03-20,Indonesia-Haldia,Handymax,18.31,2020,3,20,4,17.41,20.41,491.8,454.7,368.7
2020-03-27,Indonesia-Haldia,Handymax,17.88,2020,3,27,4,18.31,19.32,499.0,482.9,491.8
2020-04-03,Indonesia-Haldia,Handymax,18.46,2020,4,3,4,17.88,19.04,400.8,434.8,499.0
2020-04-10,Indonesia-Haldia,Handymax,18.63,2020,4,10,4,18.46,20.65,500.6,411.1,400.8
2020-04-17,Indonesia-Haldia,Handymax,20.2,2020,4,17,4,18.63,19.73,420.0,430.4,500.6
2020-04-24,Indonesia-Haldia,Handymax,17.5,2020,4,24,4,20.2,18.27,483.1,347.7,420.0
2020-05-01,Indonesia-Haldia,Handymax,16.47,2020,5,1,4,17.5,17.41,392.4,414.7,483.1
2020-05-08,Indonesia-Haldia,Handymax,19.12,2020,5,8,4,16.47,18.31,436.9,329.2,392.4
2020-05-15,Indonesia-Haldia,Handymax,16.27,2020,5,15,4,19.12,17.88,380.2,443.8,436.9
2020-05-22,Indonesia-Haldia,Handymax,17.68,2020,5,22,4,16.27,18.46,338.9,300.0,380.2
2020-05-29,Indonesia-Haldia,Handymax,16.51,2020,5,29,4,17.68,18.63,345.9,340.9,338.9
2020-06-05,Indonesia-Haldia,Handymax,17.2,2020,6,5,4,16.51,20.2,304.2,300.0,345.9
2020-06-12,Indonesia-Haldia,Handymax,16.71,2020,6,12,4,17.2,17.5,343.0,300.0,304.2
2020-06-19,Indonesia-Haldia,Handymax,15.42,2020,6,19,4,16.71,16.47,300.0,300.0,343.0
2020-06-26,Indonesia-Haldia,Handymax,15.65,2020,6,26,4,15.42,19.12,300.0,300.0,300.0
2020-07-03,Indonesia-Haldia,Handymax,15.86,2020,7,3,4,15.65,16.27,300.0,300.0,300.0
2020-07-10,Indonesia-Haldia,Handymax,16.59,2020,7,10,4,15.86,17.68,300.0,300.0,300.0
2020-07-17,Indonesia-Haldia,Handymax,17.45,2020,7,17,4,16.59,16.51,300.0,300.0,300.0
2020-07-24,Indonesia-Haldia,Handymax,14.95,2020,7,24,4,17.45,17.2,300.0,300.0,300.0
2020-07-31,Indonesia-Haldia,Handymax,13.54,2020,7,31,4,14.95,16.71,300.0,300.0,300.0
2020-08-07,Indonesia-Haldia,Handymax,15.34,2020,8,7,4,13.54,15.42,300.0,300.0,300.0
2020-08-14,Indonesia-Haldia,Handymax,14.6,2020,8,14,4,15.34,15.65,300.0,300.0,300.0
2020-08-21,Indonesia-Haldia,Handymax,15.58,2020,8,21,4,14.6,15.86,300.0,300.0,300.0
2020-08-28,Indonesia-Haldia,Handymax,14.52,2020,8,28,4,15.58,16.59,300.0,300.0,300.0
2020-09-04,Indonesia-Haldia,Handymax,17.41,2020,9,4,4,14.52,17.45,660.4,646.0,300.0
2020-09-11,Indonesia-Haldia,Handymax,14.98,2020,9,11,4,17.41,14.95,520.1,601.9,660.4
2020-09-18,Indonesia-Haldia,Handymax,14.53,2020,9,18,4,14.98,13.54,567.2,536.3,520.1
2020-09-25,Indonesia-Haldia,Handymax,15.98,2020,9,25,4,14.53,15.34,649.1,594.6,567.2
2020-10-02,Indonesia-Haldia,Handymax,14.57,2020,10,2,4,15.98,14.6,598.5,526.8,649.1
2020-10-09,Indonesia-Haldia,Handymax,13.86,2020,10,9,4,14.57,15.58,558.9,504.9,598.5
2020-10-16,Indonesia-Haldia,Handymax,15.34,2020,10,16,4,13.86,14.52,615.1,654.9,558.9
2020-10-23,Indonesia-Haldia,Handymax,14.55,2020,10,23,4,15.34,17.41,694.6,679.2,615.1
2020-10-30,Indonesia-Haldia,Handymax,15.08,2020,10,30,4,14.55,14.98,606.3,606.8,694.6
2020-11-06,Indonesia-Haldia,Handymax,15.26,2020,11,6,4,15.08,14.53,636.9,651.0,606.3
2020-11-13,Indonesia-Haldia,Handymax,15.01,2020,11,13,4,15.26,15.98,705.3,709.5,636.9
2020-11-20,Indonesia-Haldia,Handymax,17.37,2020,11,20,4,15.01,14.57,716.1,686.8,705.3
2020-11-27,Indonesia-Haldia,Handymax,16.86,2020,11,27,4,17.37,13.86,722.5,744.4,716.1
2020-12-04,Indonesia-Haldia,Handymax,16.75,2020,12,4,4,16.86,15.34,696.3,717.6,722.5
2020-12-11,Indonesia-Haldia,Handymax,15.27,2020,12,11,4,16.75,14.55,715.5,774.0,696.3
2020-12-18,Indonesia-Haldia,Handymax,14.39,2020,12,18,4,15.27,15.08,820.8,854.7,715.5
2020-12-25,Indonesia-Haldia,Handymax,18.42,2020,12,25,4,14.39,15.26,912.7,865.8,820.8
2021-01-01,Indonesia-Haldia,Handymax,17.29,2021,1,1,4,18.42,15.01,955.0,975.9,912.7
2021-01-08,Indonesia-Haldia,Handymax,18.59,2021,1,8,4,17.29,17.37,1032.9,923.1,955.0
2021-01-15,Indonesia-Haldia,Handymax,19.78,2021,1,15,4,18.59,16.86,986.7,983.6,1032.9
2021-01-22,Indonesia-Haldia,Handymax,18.85,2021,1,22,4,19.78,16.75,1122.3,996.5,986.7
2021-01-29,Indonesia-Haldia,Handymax,18.84,2021,1,29,4,18.85,15.27,1093.6,1032.3,1122.3
2021-02-05,Indonesia-Haldia,Handymax,18.55,2021,2,5,4,18.84,14.39,1099.1,1122.1,1093.6
2021-02-12,Indonesia-Haldia,Handymax,19.68,2021,2,12,4,18.55,18.42,1168.9,1188.2,1099.1
2021-02-19,Indonesia-Haldia,Handymax,22.29,2021,2,19,4,19.68,17.29,1269.8,1152.0,1168.9
2021-02-26,Indonesia-Haldia,Handymax,19.0,2021,2,26,4,22.29,18.59,1224.1,1296.2,1269.8
2021-03-05,Indonesia-Haldia,Handymax,19.12,2021,3,5,4,19.0,19.78,1245.2,1266.8,1224.1
2021-03-12,Indonesia-Haldia,Handymax,20.87,2021,3,12,4,19.12,18.85,1239.4,1276.6,1245.2
2021-03-19,Indonesia-Haldia,Handymax,22.21,2021,3,19,4,20.87,18.84,1356.1,1307.6,1239.4
2021-03-26,Indonesia-Haldia,Handymax,22.37,2021,3,26,4,22.21,18.55,1370.8,1267.4,1356.1
2021-04-02,Indonesia-Haldia,Handymax,19.97,2021,4,2,4,22.37,19.68,1287.1,1421.0,1370.8
2021-04-09,Indonesia-Haldia,Handymax,20.38,2021,4,9,4,19.97,22.29,1297.5,1344.8,1287.1
2021-04-16,Indonesia-Haldia,Handymax,21.36,2021,4,16,4,20.38,19.0,1305.9,1358.2,1297.5
2021-04-23,Indonesia-Haldia,Handymax,19.71,2021,4,23,4,21.36,19.12,1359.5,1369.5,1305.9
2021-04-30,Indonesia-Haldia,Handymax,19.85,2021,4,30,4,19.71,20.87,1226.7,1307.2,1359.5
2021-05-07,Indonesia-Haldia,Handymax,25.07,2021,5,7,4,19.85,22.21,2783.8,2753.3,1226.7
2021-05-14,Indonesia-Haldia,Handymax,23.96,2021,5,14,4,25.07,22.37,2815.2,2675.0,2783.8
2021-05-21,Indonesia-Haldia,Handymax,25.21,2021,5,21,4,23.96,19.97,2801.9,2736.3,2815.2
2021-05-28,Indonesia-Haldia,Handymax,24.4,2021,5,28,4,25.21,20.38,2772.8,2706.3,2801.9
2021-06-04,Indonesia-Haldia,Handymax,22.77,2021,6,4,4,24.4,21.36,2631.4,2637.8,2772.8
2021-06-11,Indonesia-Haldia,Handymax,22.45,2021,6,11,4,22.77,19.71,2581.2,2681.1,2631.4
2021-06-18,Indonesia-Haldia,Handymax,23.49,2021,6,18,4,22.45,19.85,2563.7,2678.4,2581.2
2021-06-25,Indonesia-Haldia,Handymax,23.74,2021,6,25,4,23.49,25.07,2586.4,2513.7,2563.7
2021-07-02,Indonesia-Haldia,Handymax,21.89,2021,7,2,4,23.74,23.96,2535.9,2582.2,2586.4
2021-07-09,Indonesia-Haldia,Handymax,21.36,2021,7,9,4,21.89,25.21,2399.4,2466.2,2535.9
2021-07-16,Indonesia-Haldia,Handymax,21.81,2021,7,16,4,21.36,24.4,2500.1,2467.0,2399.4
2021-07-23,Indonesia-Haldia,Handymax,20.08,2021,7,23,4,21.81,22.77,2439.1,2320.6,2500.1
2021-07-30,Indonesia-Haldia,Handymax,20.69,2021,7,30,4,20.08,22.45,2299.0,2281.2,2439.1
2021-08-06,Indonesia-Haldia,Handymax,21.0,2021,8,6,4,20.69,23.49,2267.5,2347.0,2299.0
2021-08-13,Indonesia-Haldia,Handymax,21.14,2021,8,13,4,21.0,23.74,2296.4,2300.4,2267.5
2021-08-20,Indonesia-Haldia,Handymax,19.53,2021,8,20,4,21.14,21.89,2224.7,2188.1,2296.4
2021-08-27,Indonesia-Haldia,Handymax,19.98,2021,8,27,4,19.53,21.36,2151.3,2192.3,2224.7
2021-09-03,Indonesia-Haldia,Handymax,18.83,2021,9,3,4,19.98,21.81,2126.6,2098.0,2151.3
2021-09-10,Indonesia-Haldia,Handymax,19.81,2021,9,10,4,18.83,20.08,2068.9,2065.0,2126.6
2021-09-17,Indonesia-Haldia,Handymax,18.83,2021,9,17,4,19.81,20.69,2060.5,2097.9,2068.9
2021-09-24,Indonesia-Haldia,Handymax,18.43,2021,9,24,4,18.83,21.0,2094.4,2130.2,2060.5
2021-10-01,Indonesia-Haldia,Handymax,20.19,2021,10,1,4,18.43,21.14,2106.2,1949.2,2094.4
2021-10-08,Indonesia-Haldia,Handymax,20.37,2021,10,8,4,20.19,19.53,2070.6,2075.7,2106.2
2021-10-15,Indonesia-Haldia,Handymax,18.8,2021,10,15,4,20.37,19.98,1987.6,2006.3,2070.6
2021-10-22,Indonesia-Haldia,Handymax,18.87,2021,10,22,4,18.8,18.83,2064.4,2127.2,1987.6
2021-10-29,Indonesia-Haldia,Handymax,19.4,2021,10,29,4,18.87,19.81,2025.7,2074.7,2064.4
2021-11-05,Indonesia-Haldia,Handymax,20.79,2021,11,5,4,19.4,18.83,2087.2,2149.5,2025.7
2021-11-12,Indonesia-Haldia,Handymax,19.87,2021,11,12,4,20.79,18.43,2169.6,2138.3,2087.2
2021-11-19,Indonesia-Haldia,Handymax,20.62,2021,11,19,4,19.87,20.19,2198.5,2156.0,2169.6
2021-11-26,Indonesia-Haldia,Handymax,21.18,2021,11,26,4,20.62,20.37,2260.9,2174.7,2198.5
2021-12-03,Indonesia-Haldia,Handymax,16.75,2021,12,3,4,21.18,18.8,769.1,724.2,2260.9
2021-12-10,Indonesia-Haldia,Handymax,16.23,2021,12,10,4,16.75,18.87,808.2,737.9,769.1
2021-12-17,Indonesia-Haldia,Handymax,18.39,2021,12,17,4,16.23,19.4,977.5,821.1,808.2
2021-12-24,Indonesia-Haldia,Handymax,18.48,2021,12,24,4,18.39,20.79,996.8,1068.7,977.5
2021-12-31,Indonesia-Haldia,Handymax,18.78,2021,12,31,4,18.48,19.87,985.7,996.6,996.8
2022-01-07,Indonesia-Haldia,Handymax,18.6,2022,1,7,4,18.78,20.62,1064.8,1169.6,985.7
2022-01-14,Indonesia-Haldia,Handymax,18.71,2022,1,14,4,18.6,21.18,1109.5,1188.7,1064.8
2022-01-21,Indonesia-Haldia,Handymax,19.95,2022,1,21,4,18.71,16.75,1270.3,1228.4,1109.5
2022-01-28,Indonesia-Haldia,Handymax,18.88,2022,1,28,4,19.95,16.23,1360.2,1390.8,1270.3
2022-02-04,Indonesia-Haldia,Handymax,20.28,2022,2,4,4,18.88,18.39,1441.4,1564.6,1360.2
2022-02-11,Indonesia-Haldia,Handymax,21.67,2022,2,11,4,20.28,18.48,1587.7,1420.8,1441.4
2022-02-18,Indonesia-Haldia,Handymax,21.07,2022,2,18,4,21.67,18.78,1670.0,1588.0,1587.7
2022-02-25,Indonesia-Haldia,Handymax,21.58,2022,2,25,4,21.07,18.6,1666.2,1769.8,1670.0
2022-03-04,Indonesia-Haldia,Handymax,21.67,2022,3,4,4,21.58,18.71,1748.9,1789.9,1666.2
2022-03-11,Indonesia-Haldia,Handymax,23.72,2022,3,11,4,21.67,19.95,1866.9,1935.3,1748.9
2022-03-18,Indonesia-Haldia,Handymax,22.6,2022,3,18,4,23.72,18.88,1940.8,2005.3,1866.9
2022-03-25,Indonesia-Haldia,Handymax,23.06,2022,3,25,4,22.6,20.28,1949.5,2055.2,1940.8
2022-04-01,Indonesia-Haldia,Handymax,22.87,2022,4,1,4,23.06,21.67,2068.0,2131.2,1949.5
2022-04-08,Indonesia-Haldia,Handymax,23.34,2022,4,8,4,22.87,21.07,2133.8,2195.8,2068.0
2022-04-15,Indonesia-Haldia,Handymax,23.81,2022,4,15,4,23.34,21.58,2259.7,2330.6,2133.8
2022-04-22,Indonesia-Haldia,Handymax,22.81,2022,4,22,4,23.81,21.67,2247.7,2298.9,2259.7
2022-04-29,Indonesia-Haldia,Handymax,24.93,2022,4,29,4,22.81,23.72,2491.9,2420.0,2247.7
2022-05-06,Indonesia-Haldia,Handymax,23.71,2022,5,6,4,24.93,22.6,2386.8,2439.6,2491.9
2022-05-13,Indonesia-Haldia,Handymax,24.09,2022,5,13,4,23.71,23.06,2534.5,2457.6,2386.8
2022-05-20,Indonesia-Haldia,Handymax,25.26,2022,5,20,4,24.09,22.87,2526.3,2494.1,2534.5
2022-05-27,Indonesia-Haldia,Handymax,23.86,2022,5,27,4,25.26,23.34,2492.5,2439.0,2526.3
2022-06-03,Indonesia-Haldia,Handymax,21.75,2022,6,3,4,23.86,23.81,2490.5,2479.9,2492.5
2022-06-10,Indonesia-Haldia,Handymax,24.93,2022,6,10,4,21.75,22.81,2579.3,2477.6,2490.5
2022-06-17,Indonesia-Haldia,Handymax,23.15,2022,6,17,4,24.93,24.93,2600.4,2601.0,2579.3
2022-06-24,Indonesia-Haldia,Handymax,22.72,2022,6,24,4,23.15,23.71,2582.5,2612.3,2600.4
2022-07-01,Indonesia-Haldia,Handymax,21.95,2022,7,1,4,22.72,24.09,2620.8,2624.6,2582.5
2022-07-08,Indonesia-Haldia,Handymax,23.12,2022,7,8,4,21.95,25.26,2619.5,2606.9,2620.8
2022-07-15,Indonesia-Haldia,Handymax,23.38,2022,7,15,4,23.12,23.86,2568.5,2568.6,2619.5
2022-07-22,Indonesia-Haldia,Handymax,21.99,2022,7,22,4,23.38,21.75,2571.4,2551.0,2568.5
2022-07-29,Indonesia-Haldia,Handymax,22.62,2022,7,29,4,21.99,24.93,2446.9,2521.4,2571.4
2022-08-05,Indonesia-Haldia,Handymax,21.81,2022,8,5,4,22.62,23.15,2505.7,2493.2,2446.9
2022-08-12,Indonesia-Haldia,Handymax,22.27,2022,8,12,4,21.81,22.72,2485.3,2647.2,2505.7
2022-08-19,Indonesia-Haldia,Handymax,20.68,2022,8,19,4,22.27,21.95,2438.4,2551.4,2485.3
2022-08-26,Indonesia-Haldia,Handymax,20.6,2022,8,26,4,20.68,23.12,2387.4,2480.1,2438.4
2022-09-02,Indonesia-Haldia,Handymax,21.34,2022,9,2,4,20.6,23.38,2543.0,2496.7,2387.4
2022-09-09,Indonesia-Haldia,Handymax,21.3,2022,9,9,4,21.34,21.99,2354.4,2371.2,2543.0
2022-09-16,Indonesia-Haldia,Handymax,20.87,2022,9,16,4,21.3,22.62,2275.6,2380.1,2354.4
2022-09-23,Indonesia-Haldia,Handymax,20.1,2022,9,23,4,20.87,21.81,2252.0,2242.2,2275.6
2022-09-30,Indonesia-Haldia,Handymax,20.33,2022,9,30,4,20.1,22.27,2269.5,2312.7,2252.0
2022-10-07,Indonesia-Haldia,Handymax,19.87,2022,10,7,4,20.33,20.68,2309.4,2274.1,2269.5
2022-10-14,Indonesia-Haldia,Handymax,19.83,2022,10,14,4,19.87,20.6,2220.3,2240.3,2309.4
2022-10-21,Indonesia-Haldia,Handymax,20.31,2022,10,21,4,19.83,21.34,2264.2,2209.6,2220.3
2022-10-28,Indonesia-Haldia,Handymax,21.13,2022,10,28,4,20.31,21.3,2129.7,2145.4,2264.2
2022-11-04,Indonesia-Haldia,Handymax,19.26,2022,11,4,4,21.13,20.87,2156.9,2304.6,2129.7
2022-11-11,Indonesia-Haldia,Handymax,20.26,2022,11,11,4,19.26,20.1,2114.6,2234.6,2156.9
2022-11-18,Indonesia-Haldia,Handymax,20.63,2022,11,18,4,20.26,20.33,2221.4,2125.3,2114.6
2022-11-25,Indonesia-Haldia,Handymax,20.33,2022,11,25,4,20.63,19.87,2134.9,2087.0,2221.4
2022-12-02,Indonesia-Haldia,Handymax,19.47,2022,12,2,4,20.33,19.83,2060.8,2086.2,2134.9
2022-12-09,Indonesia-Haldia,Handymax,21.47,2022,12,9,4,19.47,20.31,2118.9,2152.0,2060.8
2022-12-16,Indonesia-Haldia,Handymax,21.02,2022,12,16,4,21.47,21.13,1998.8,2061.1,2118.9
2022-12-23,Indonesia-Haldia,Handymax,20.52,2022,12,23,4,21.02,19.26,2157.6,2061.8,1998.8
2022-12-30,Indonesia-Haldia,Handymax,21.15,2022,12,30,4,20.52,20.26,2117.6,1975.4,2157.6
2023-01-06,Indonesia-Haldia,Handymax,22.19,2023,1,6,4,21.15,20.63,2126.6,2044.5,2117.6
2023-01-13,Indonesia-Haldia,Handymax,20.71,2023,1,13,4,22.19,20.33,2204.7,2096.6,2126.6
2023-01-20,Indonesia-Haldia,Handymax,22.0,2023,1,20,4,20.71,19.47,2059.7,2186.3,2204.7
2023-01-27,Indonesia-Haldia,Handymax,21.99,2023,1,27,4,22.0,21.47,2132.5,2109.8,2059.7
2023-02-03,Indonesia-Haldia,Handymax,22.37,2023,2,3,4,21.99,21.02,2021.6,2170.6,2132.5
2023-02-10,Indonesia-Haldia,Handymax,23.51,2023,2,10,4,22.37,20.52,2093.7,2135.1,2021.6
2023-02-17,Indonesia-Haldia,Handymax,24.12,2023,2,17,4,23.51,21.15,2191.5,2089.3,2093.7
2023-02-24,Indonesia-Haldia,Handymax,22.52,2023,2,24,4,24.12,22.19,2071.5,2148.7,2191.5
2023-03-03,Indonesia-Haldia,Handymax,22.85,2023,3,3,4,22.52,20.71,2103.4,2160.1,2071.5
2023-03-10,Indonesia-Haldia,Handymax,23.9,2023,3,10,4,22.85,22.0,2073.0,2058.9,2103.4
2023-03-17,Indonesia-Haldia,Handymax,22.46,2023,3,17,4,23.9,21.99,2213.0,2130.4,2073.0
2023-03-24,Indonesia-Haldia,Handymax,22.45,2023,3,24,4,22.46,22.37,2187.6,2159.8,2213.0
2023-03-31,Indonesia-Haldia,Handymax,24.36,2023,3,31,4,22.45,23.51,2124.5,2103.4,2187.6
2023-04-07,Indonesia-Haldia,Handymax,24.24,2023,4,7,4,24.36,24.12,2068.9,2073.4,2124.5
2023-04-14,Indonesia-Haldia,Handymax,24.42,2023,4,14,4,24.24,22.52,2174.1,2046.0,2068.9
2023-04-21,Indonesia-Haldia,Handymax,24.18,2023,4,21,4,24.42,22.85,2127.3,2173.7,2174.1
2023-04-28,Indonesia-Haldia,Handymax,23.24,2023,4,28,4,24.18,23.9,1961.7,2114.8,2127.3
2023-05-05,Indonesia-Haldia,Handymax,23.24,2023,5,5,4,23.24,22.46,2032.7,2008.9,1961.7
2023-05-12,Indonesia-Haldia,Handymax,24.52,2023,5,12,4,23.24,22.45,2127.0,2100.4,2032.7
2023-05-19,Indonesia-Haldia,Handymax,20.86,2023,5,19,4,24.52,24.36,2024.5,2062.1,2127.0
2023-05-26,Indonesia-Haldia,Handymax,22.39,2023,5,26,4,20.86,24.24,2149.8,2017.7,2024.5
2023-06-02,Indonesia-Haldia,Handymax,21.88,2023,6,2,4,22.39,24.42,2045.5,1911.7,2149.8
2023-06-09,Indonesia-Haldia,Handymax,21.46,2023,6,9,4,21.88,24.18,2012.6,2069.7,2045.5
2023-06-16,Indonesia-Haldia,Handymax,22.03,2023,6,16,4,21.46,23.24,1940.0,1986.8,2012.6
2023-06-23,Indonesia-Haldia,Handymax,20.49,2023,6,23,4,22.03,23.24,1974.0,1921.4,1940.0
2023-06-30,Indonesia-Haldia,Handymax,22.15,2023,6,30,4,20.49,24.52,1988.1,1957.5,1974.0
2023-07-07,Indonesia-Haldia,Handymax,20.51,2023,7,7,4,22.15,20.86,1852.7,1953.2,1988.1
2023-07-14,Indonesia-Haldia,Handymax,19.62,2023,7,14,4,20.51,22.39,1754.6,1913.4,1852.7
2023-07-21,Indonesia-Haldia,Handymax,20.89,2023,7,21,4,19.62,21.88,1771.6,1704.6,1754.6
2023-07-28,Indonesia-Haldia,Handymax,19.77,2023,7,28,4,20.89,21.46,1805.7,1707.1,1771.6
2023-08-04,Indonesia-Haldia,Handymax,19.08,2023,8,4,4,19.77,22.03,1704.0,1688.0,1805.7
2023-08-11,Indonesia-Haldia,Handymax,18.46,2023,8,11,4,19.08,20.49,1676.0,1755.2,1704.0
2023-08-18,Indonesia-Haldia,Handymax,19.29,2023,8,18,4,18.46,22.15,1713.0,1773.8,1676.0
2023-08-25,Indonesia-Haldia,Handymax,17.08,2023,8,25,4,19.29,20.51,1644.4,1665.1,1713.0
2023-09-01,Indonesia-Haldia,Handymax,17.77,2023,9,1,4,17.08,19.62,1750.1,1786.0,1644.4
2023-09-08,Indonesia-Haldia,Handymax,18.32,2023,9,8,4,17.77,20.89,1654.2,1684.8,1750.1
2023-09-15,Indonesia-Haldia,Handymax,18.13,2023,9,15,4,18.32,19.77,1669.2,1660.6,1654.2
2023-09-22,Indonesia-Haldia,Handymax,17.28,2023,9,22,4,18.13,19.08,1675.7,1585.4,1669.2
2023-09-29,Indonesia-Haldia,Handymax,18.82,2023,9,29,4,17.28,18.46,1678.1,1648.4,1675.7
2023-10-06,Indonesia-Haldia,Handymax,18.19,2023,10,6,4,18.82,19.29,1669.6,1606.4,1678.1
2023-10-13,Indonesia-Haldia,Handymax,18.21,2023,10,13,4,18.19,17.08,1674.2,1605.9,1669.6
2023-10-20,Indonesia-Haldia,Handymax,16.37,2023,10,20,4,18.21,17.77,1537.6,1535.1,1674.2
2023-10-27,Indonesia-Haldia,Handymax,18.8,2023,10,27,4,16.37,18.32,1733.0,1575.2,1537.6
2023-11-03,Indonesia-Haldia,Handymax,19.84,2023,11,3,4,18.8,18.13,1625.2,1588.2,1733.0
2023-11-10,Indonesia-Haldia,Handymax,17.85,2023,11,10,4,19.84,17.28,1638.7,1569.7,1625.2
2023-11-17,Indonesia-Haldia,Handymax,16.76,2023,11,17,4,17.85,18.82,1563.7,1529.4,1638.7
2023-11-24,Indonesia-Haldia,Handymax,18.44,2023,11,24,4,16.76,18.19,1635.0,1637.1,1563.7
2023-12-01,Indonesia-Haldia,Handymax,18.89,2023,12,1,4,18.44,18.21,1698.0,1605.4,1635.0
2023-12-08,Indonesia-Haldia,Handymax,19.23,2023,12,8,4,18.89,16.37,1666.2,1646.2,1698.0
2023-12-15,Indonesia-Haldia,Handymax,19.19,2023,12,15,4,19.23,18.8,1631.3,1702.6,1666.2
2023-12-22,Indonesia-Haldia,Handymax,19.19,2023,12,22,4,19.19,19.84,1714.1,1723.9,1631.3
2023-12-29,Indonesia-Haldia,Handymax,20.62,2023,12,29,4,19.19,17.85,1814.5,1789.6,1714.1
2024-01-05,Indonesia-Haldia,Handymax,20.72,2024,1,5,4,20.62,16.76,1774.9,1647.3,1814.5
2024-01-12,Indonesia-Haldia,Handymax,20.59,2024,1,12,4,20.72,18.44,1733.5,1741.7,1774.9
2024-01-19,Indonesia-Haldia,Handymax,21.09,2024,1,19,4,20.59,18.89,1707.1,1739.8,1733.5
2024-01-26,Indonesia-Haldia,Handymax,21.64,2024,1,26,4,21.09,19.23,1772.1,1801.2,1707.1
2024-02-02,Indonesia-Haldia,Handymax,20.84,2024,2,2,4,21.64,19.19,1846.3,1783.6,1772.1
2024-02-09,Indonesia-Haldia,Handymax,22.86,2024,2,9,4,20.84,19.19,1858.9,1794.2,1846.3
2024-02-16,Indonesia-Haldia,Handymax,22.16,2024,2,16,4,22.86,20.62,1868.0,1806.4,1858.9
2024-02-23,Indonesia-Haldia,Handymax,22.34,2024,2,23,4,22.16,20.72,1803.9,1810.3,1868.0
2024-03-01,Indonesia-Haldia,Handymax,22.07,2024,3,1,4,22.34,20.59,1850.9,1773.2,1803.9
2024-03-08,Indonesia-Haldia,Handymax,22.1,2024,3,8,4,22.07,21.09,1852.0,1801.3,1850.9
2024-03-15,Indonesia-Haldia,Handymax,22.04,2024,3,15,4,22.1,21.64,1848.7,1789.1,1852.0
2024-03-22,Indonesia-Haldia,Handymax,22.83,2024,3,22,4,22.04,20.84,1807.5,1906.3,1848.7
2024-03-29,Indonesia-Haldia,Handymax,21.35,2024,3,29,4,22.83,22.86,1778.0,1712.1,1807.5
2024-04-05,Indonesia-Haldia,Handymax,22.16,2024,4,5,4,21.35,22.16,1696.2,1795.0,1778.0
2024-04-12,Indonesia-Haldia,Handymax,22.89,2024,4,12,4,22.16,22.34,1665.8,1708.5,1696.2
2024-04-19,Indonesia-Haldia,Handymax,20.98,2024,4,19,4,22.89,22.07,1656.0,1718.3,1665.8
2024-04-26,Indonesia-Haldia,Handymax,21.65,2024,4,26,4,20.98,22.1,1635.3,1702.1,1656.0
2024-05-03,Indonesia-Haldia,Handymax,20.11,2024,5,3,4,21.65,22.04,1523.5,1574.2,1635.3
2024-05-10,Indonesia-Haldia,Handymax,22.19,2024,5,10,4,20.11,22.83,1498.9,1520.2,1523.5
2024-05-17,Indonesia-Haldia,Handymax,22.01,2024,5,17,4,22.19,21.35,1531.9,1537.9,1498.9
2024-05-24,Indonesia-Haldia,Handymax,19.97,2024,5,24,4,22.01,22.16,1385.7,1369.4,1531.9
2024-05-31,Indonesia-Haldia,Handymax,20.39,2024,5,31,4,19.97,22.89,1373.8,1360.2,1385.7
2024-06-07,Indonesia-Haldia,Handymax,19.23,2024,6,7,4,20.39,20.98,1313.4,1317.3,1373.8
2024-06-14,Indonesia-Haldia,Handymax,20.13,2024,6,14,4,19.23,21.65,1188.1,1245.8,1313.4
2024-06-21,Indonesia-Haldia,Handymax,19.34,2024,6,21,4,20.13,20.11,1102.2,1126.9,1188.1
2024-06-28,Indonesia-Haldia,Handymax,18.62,2024,6,28,4,19.34,22.19,1055.9,1015.2,1102.2
2024-07-05,Indonesia-Haldia,Handymax,18.42,2024,7,5,4,18.62,22.01,948.0,956.3,1055.9
2024-07-12,Indonesia-Haldia,Handymax,16.41,2024,7,12,4,18.42,19.97,910.0,809.3,948.0
2024-07-19,Indonesia-Haldia,Handymax,17.65,2024,7,19,4,16.41,20.39,906.6,811.2,910.0
2024-07-26,Indonesia-Haldia,Handymax,17.08,2024,7,26,4,17.65,19.23,765.8,714.1,906.6
2024-08-02,Indonesia-Haldia,Handymax,15.07,2024,8,2,4,17.08,20.13,660.9,681.6,765.8
2024-08-09,Indonesia-Haldia,Handymax,16.43,2024,8,9,4,15.07,19.34,601.9,577.4,660.9
2024-08-16,Indonesia-Haldia,Handymax,15.43,2024,8,16,4,16.43,18.62,495.5,569.6,601.9
2024-08-23,Indonesia-Haldia,Handymax,14.47,2024,8,23,4,15.43,18.42,451.6,450.0,495.5
2024-08-30,Indonesia-Haldia,Handymax,14.29,2024,8,30,4,14.47,16.41,310.1,346.2,451.6
2024-09-06,Indonesia-Haldia,Handymax,13.16,2024,9,6,4,14.29,17.65,300.0,300.0,310.1
2024-09-13,Indonesia-Haldia,Handymax,14.33,2024,9,13,4,13.16,17.08,300.0,300.0,300.0
2024-09-20,Indonesia-Haldia,Handymax,12.59,2024,9,20,4,14.33,15.07,300.0,300.0,300.0
2024-09-27,Indonesia-Haldia,Handymax,14.38,2024,9,27,4,12.59,16.43,325.3,300.0,300.0
2024-10-04,Indonesia-Haldia,Handymax,13.36,2024,10,4,4,14.38,15.43,300.0,300.0,325.3
2024-10-11,Indonesia-Haldia,Handymax,14.55,2024,10,11,4,13.36,14.47,300.0,300.0,300.0
2024-10-18,Indonesia-Haldia,Handymax,13.93,2024,10,18,4,14.55,14.29,300.0,300.0,300.0
2024-10-25,Indonesia-Haldia,Handymax,14.26,2024,10,25,4,13.93,13.16,300.0,300.0,300.0
2024-11-01,Indonesia-Haldia,Handymax,14.8,2024,11,1,4,14.26,14.33,300.0,300.0,300.0
2024-11-08,Indonesia-Haldia,Handymax,13.61,2024,11,8,4,14.8,12.59,300.0,300.0,300.0
2024-11-15,Indonesia-Haldia,Handymax,15.48,2024,11,15,4,13.61,14.38,300.0,300.0,300.0
2024-11-22,Indonesia-Haldia,Handymax,14.72,2024,11,22,4,15.48,13.36,300.0,300.0,300.0
2024-11-29,Indonesia-Haldia,Handymax,14.71,2024,11,29,4,14.72,14.55,300.0,300.0,300.0
2024-12-06,Indonesia-Haldia,Handymax,13.79,2024,12,6,4,14.71,13.93,300.0,300.0,300.0
2024-12-13,Indonesia-Haldia,Handymax,14.74,2024,12,13,4,13.79,14.26,300.0,300.0,300.0
2024-12-20,Indonesia-Haldia,Handymax,14.72,2024,12,20,4,14.74,14.8,300.0,300.0,300.0
2024-12-27,Indonesia-Haldia,Handymax,16.54,2024,12,27,4,14.72,13.61,300.0,300.0,300.0
2025-01-03,Indonesia-Haldia,Handymax,17.19,2025,1,3,4,16.54,15.48,338.4,300.0,300.0
2025-01-10,Indonesia-Haldia,Handymax,17.5,2025,1,10,4,17.19,14.72,333.0,317.3,338.4
2025-01-17,Indonesia-Haldia,Handymax,17.57,2025,1,17,4,17.5,14.71,394.4,349.6,333.0
2025-01-24,Indonesia-Haldia,Handymax,18.91,2025,1,24,4,17.57,13.79,501.5,531.2,394.4
2025-01-31,Indonesia-Haldia,Handymax,17.21,2025,1,31,4,18.91,14.74,510.3,495.5,501.5
2025-02-07,Indonesia-Haldia,Handymax,17.06,2025,2,7,4,17.21,14.72,541.1,611.7,510.3
2025-02-14,Indonesia-Haldia,Handymax,18.86,2025,2,14,4,17.06,16.54,734.5,543.1,541.1
2025-02-21,Indonesia-Haldia,Handymax,18.16,2025,2,21,4,18.86,17.19,651.0,686.5,734.5
2025-02-28,Indonesia-Haldia,Handymax,19.56,2025,2,28,4,18.16,17.5,781.7,719.2,651.0
2025-03-07,Indonesia-Haldia,Handymax,19.0,2025,3,7,4,19.56,17.57,901.9,831.0,781.7
2025-03-14,Indonesia-Haldia,Handymax,18.42,2025,3,14,4,19.0,18.91,913.8,939.3,901.9
2025-03-21,Indonesia-Haldia,Handymax,19.09,2025,3,21,4,18.42,17.21,990.8,856.6,913.8
2025-03-28,Indonesia-Haldia,Handymax,20.76,2025,3,28,4,19.09,17.06,994.5,1057.9,990.8
2025-04-04,Indonesia-Haldia,Handymax,19.37,2025,4,4,4,20.76,18.86,1081.3,1133.8,994.5
2025-04-11,Indonesia-Haldia,Handymax,20.58,2025,4,11,4,19.37,18.16,1155.6,1110.7,1081.3
2025-04-18,Indonesia-Haldia,Handymax,20.0,2025,4,18,4,20.58,19.56,1228.1,1134.4,1155.6
2025-04-25,Indonesia-Haldia,Handymax,20.82,2025,4,25,4,20.0,19.0,1341.8,1228.8,1228.1
2025-05-02,Indonesia-Haldia,Handymax,20.94,2025,5,2,4,20.82,18.42,1220.7,1407.5,1341.8
2025-05-09,Indonesia-Haldia,Handymax,21.25,2025,5,9,4,20.94,19.09,1447.9,1327.1,1220.7
2025-05-16,Indonesia-Haldia,Handymax,19.11,2025,5,16,4,21.25,20.76,1358.5,1402.9,1447.9
2025-05-23,Indonesia-Haldia,Handymax,20.88,2025,5,23,4,19.11,19.37,1431.4,1373.7,1358.5
2025-05-30,Indonesia-Haldia,Handymax,20.38,2025,5,30,4,20.88,20.58,1448.9,1420.9,1431.4
2025-06-06,Indonesia-Haldia,Handymax,20.6,2025,6,6,4,20.38,20.0,1391.3,1478.5,1448.9
2025-06-13,Indonesia-Haldia,Handymax,19.49,2025,6,13,4,20.6,20.82,1449.4,1490.9,1391.3
2025-06-20,Indonesia-Haldia,Handymax,18.7,2025,6,20,4,19.49,20.94,1325.6,1505.2,1449.4
2025-06-27,Indonesia-Haldia,Handymax,19.49,2025,6,27,4,18.7,21.25,1454.5,1423.6,1325.6
2025-07-04,Indonesia-Haldia,Handymax,21.29,2025,7,4,4,19.49,19.11,1473.0,1393.4,1454.5
2025-07-11,Indonesia-Haldia,Handymax,19.35,2025,7,11,4,21.29,20.88,1503.0,1415.4,1473.0
2025-07-18,Indonesia-Haldia,Handymax,20.21,2025,7,18,4,19.35,20.38,1441.0,1446.0,1503.0
2025-07-25,Indonesia-Haldia,Handymax,18.13,2025,7,25,4,20.21,20.6,1411.3,1424.0,1441.0
2025-08-01,Indonesia-Haldia,Handymax,18.39,2025,8,1,4,18.13,19.49,1376.9,1464.1,1411.3
2025-08-08,Indonesia-Haldia,Handymax,17.48,2025,8,8,4,18.39,18.7,1404.1,1413.5,1376.9
2025-08-15,Indonesia-Haldia,Handymax,17.45,2025,8,15,4,17.48,19.49,1419.9,1376.3,1404.1
2025-08-22,Indonesia-Haldia,Handymax,18.75,2025,8,22,4,17.45,21.29,1381.7,1378.7,1419.9
2025-08-29,Indonesia-Haldia,Handymax,17.97,2025,8,29,4,18.75,19.35,1369.7,1286.8,1381.7
2025-09-05,Indonesia-Haldia,Handymax,17.2,2025,9,5,4,17.97,20.21,1277.9,1337.5,1369.7
2025-09-12,Indonesia-Haldia,Handymax,16.93,2025,9,12,4,17.2,18.13,1314.5,1328.7,1277.9
2025-09-19,Indonesia-Haldia,Handymax,16.92,2025,9,19,4,16.93,18.39,1229.3,1276.5,1314.5
2025-09-26,Indonesia-Haldia,Handymax,16.99,2025,9,26,4,16.92,17.48,1262.4,1263.9,1229.3
2025-10-03,Indonesia-Haldia,Handymax,16.83,2025,10,3,4,16.99,17.45,1199.6,1293.1,1262.4
2025-10-10,Indonesia-Haldia,Handymax,16.77,2025,10,10,4,16.83,18.75,1194.9,1272.2,1199.6
2025-10-17,Indonesia-Haldia,Handymax,17.74,2025,10,17,4,16.77,17.97,1246.7,1230.7,1194.9
2025-10-24,Indonesia-Haldia,Handymax,16.21,2025,10,24,4,17.74,17.2,1236.4,1223.0,1246.7
2025-10-31,Indonesia-Haldia,Handymax,16.8,2025,10,31,4,16.21,16.93,1185.5,1175.0,1236.4
2025-11-07,Indonesia-Haldia,Handymax,16.99,2025,11,7,4,16.8,16.92,1296.1,1230.0,1185.5
2025-11-14,Indonesia-Haldia,Handymax,16.56,2025,11,14,4,16.99,16.99,1158.5,1192.1,1296.1
2025-11-21,Indonesia-Haldia,Handymax,17.61,2025,11,21,4,16.56,16.83,1242.0,1220.3,1158.5
2025-11-28,Indonesia-Haldia,Handymax,18.62,2025,11,28,4,17.61,16.77,1231.0,1205.5,1242.0
2025-12-05,Indonesia-Haldia,Handymax,16.2,2025,12,5,4,18.62,17.74,1119.0,1264.5,1231.0
2025-12-12,Indonesia-Haldia,Handymax,16.45,2025,12,12,4,16.2,16.21,1286.9,1188.5,1119.0
2025-12-19,Indonesia-Haldia,Handymax,18.47,2025,12,19,4,16.45,16.8,1246.9,1260.6,1286.9
2025-12-26,Indonesia-Haldia,Handymax,17.42,2025,12,26,4,18.47,16.99,1316.4,1408.1,1246.9
2026-01-02,Indonesia-Haldia,Handymax,19.3,2026,1,2,4,17.42,16.56,1356.8,1305.2,1316.4
2026-01-09,Indonesia-Haldia,Handymax,18.73,2026,1,9,4,19.3,17.61,1347.2,1209.1,1356.8
2026-01-16,Indonesia-Haldia,Handymax,18.61,2026,1,16,4,18.73,18.62,1268.9,1403.0,1347.2
2026-01-23,Indonesia-Haldia,Handymax,19.27,2026,1,23,4,18.61,16.2,1399.5,1401.1,1268.9
2026-01-30,Indonesia-Haldia,Handymax,20.74,2026,1,30,4,19.27,16.45,1528.6,1467.4,1399.5
2026-02-06,Indonesia-Haldia,Handymax,20.79,2026,2,6,4,20.74,18.47,1417.4,1423.0,1528.6
2026-02-13,Indonesia-Haldia,Handymax,21.41,2026,2,13,4,20.79,17.42,1578.6,1347.8,1417.4
2026-02-20,Indonesia-Haldia,Handymax,20.6,2026,2,20,4,21.41,19.3,1403.5,1499.1,1578.6
2026-02-27,Indonesia-Haldia,Handymax,20.61,2026,2,27,4,20.6,18.73,1635.4,1591.4,1403.5
2026-03-06,Indonesia-Haldia,Handymax,22.18,2026,3,6,4,20.61,18.61,1578.4,1586.5,1635.4
2026-03-13,Indonesia-Haldia,Handymax,22.41,2026,3,13,4,22.18,19.27,1480.1,1592.1,1578.4
2026-03-20,Indonesia-Haldia,Handymax,22.66,2026,3,20,4,22.41,20.74,1690.7,1672.6,1480.1
2026-03-27,Indonesia-Haldia,Handymax,23.25,2026,3,27,4,22.66,20.79,1715.8,1657.2,1690.7
2026-04-03,Indonesia-Haldia,Handymax,21.21,2026,4,3,4,23.25,21.41,1720.6,1636.3,1715.8
2026-04-10,Indonesia-Haldia,Handymax,23.09,2026,4,10,4,21.21,20.6,1719.7,1754.6,1720.6
2026-04-17,Indonesia-Haldia,Handymax,21.75,2026,4,17,4,23.09,20.61,1741.8,1824.3,1719.7
2026-04-24,Indonesia-Haldia,Handymax,22.98,2026,4,24,4,21.75,22.18,1737.8,1690.2,1741.8
2026-05-01,Indonesia-Haldia,Handymax,22.83,2026,5,1,4,22.98,22.41,1804.6,1740.5,1737.8
2026-05-08,Indonesia-Haldia,Handymax,22.04,2026,5,8,4,22.83,22.66,1867.4,1799.7,1804.6
2026-05-15,Indonesia-Haldia,Handymax,22.43,2026,5,15,4,22.04,23.25,1800.6,1930.8,1867.4
2026-05-22,Indonesia-Haldia,Handymax,21.93,2026,5,22,4,22.43,21.21,1884.4,1928.1,1800.6
2026-05-29,Indonesia-Haldia,Handymax,20.95,2026,5,29,4,21.93,23.09,1775.5,1852.0,1884.4
2026-06-05,Indonesia-Haldia,Handymax,21.85,2026,6,5,4,20.95,21.75,1893.6,1773.8,1775.5
2026-06-12,Indonesia-Haldia,Handymax,21.92,2026,6,12,4,21.85,22.98,1910.5,1884.3,1893.6
2026-06-19,Indonesia-Haldia,Handymax,20.36,2026,6,19,4,21.92,22.83,1882.1,2027.3,1910.5
2026-06-26,Indonesia-Haldia,Handymax,20.69,2026,6,26,4,20.36,22.04,1836.2,1969.2,1882.1
2026-07-03,Indonesia-Haldia,Handymax,21.42,2026,7,3,4,20.69,22.43,1941.0,1869.2,1836.2
2026-07-10,Indonesia-Haldia,Handymax,20.54,2026,7,10,4,21.42,21.93,1862.4,1845.2,1941.0
2026-07-17,Indonesia-Haldia,Handymax,19.41,2026,7,17,4,20.54,20.95,1877.2,2024.2,1862.4
2026-07-24,Indonesia-Haldia,Handymax,20.91,2026,7,24,4,19.41,21.85,1881.8,1966.6,1877.2
2026-07-31,Indonesia-Haldia,Handymax,19.71,2026,7,31,4,20.91,21.92,1881.8,1869.8,1881.8
2026-08-07,Indonesia-Haldia,Handymax,19.6,2026,8,7,4,19.71,20.36,1944.8,1823.2,1881.8
2026-08-14,Indonesia-Haldia,Handymax,19.7,2026,8,14,4,19.6,20.69,1922.7,1935.5,1944.8
2026-08-21,Indonesia-Haldia,Handymax,18.49,2026,8,21,4,19.7,21.42,1890.6,1916.5,1922.7
2026-08-28,Indonesia-Haldia,Handymax,18.2,2026,8,28,4,18.49,20.54,1863.2,1967.9,1890.6
2018-02-23,Indonesia-Paradip,Panamax,18.78,2018,2,23,4,16.92,16.59,2306.9,2170.6,2171.5
2018-03-02,Indonesia-Paradip,Panamax,18.23,2018,3,2,4,18.78,17.25,2308.2,2272.3,2306.9
2018-03-09,Indonesia-Paradip,Panamax,20.35,2018,3,9,4,18.23,16.3,2291.4,2274.8,2308.2
2018-03-16,Indonesia-Paradip,Panamax,19.1,2018,3,16,4,20.35,17.54,2287.3,2280.0,2291.4
2018-03-23,Indonesia-Paradip,Panamax,18.88,2018,3,23,4,19.1,17.23,2331.8,2306.2,2287.3
2018-03-30,Indonesia-Paradip,Panamax,19.22,2018,3,30,4,18.88,16.62,2384.8,2367.6,2331.8
2018-04-06,Indonesia-Paradip,Panamax,19.06,2018,4,6,4,19.22,16.92,2410.1,2433.8,2384.8
2018-04-13,Indonesia-Paradip,Panamax,20.96,2018,4,13,4,19.06,18.78,2378.3,2408.3,2410.1
2018-04-20,Indonesia-Paradip,Panamax,18.72,2018,4,20,4,20.96,18.23,2446.4,2291.5,2378.3
2018-04-27,Indonesia-Paradip,Panamax,18.34,2018,4,27,4,18.72,20.35,2390.1,2359.0,2446.4
2018-05-04,Indonesia-Paradip,Panamax,18.59,2018,5,4,4,18.34,19.1,2345.4,2418.0,2390.1
2018-05-11,Indonesia-Paradip,Panamax,20.26,2018,5,11,4,18.59,18.88,2388.1,2331.1,2345.4
2018-05-18,Indonesia-Paradip,Panamax,18.75,2018,5,18,4,20.26,19.22,2412.5,2456.3,2388.1
2018-05-25,Indonesia-Paradip,Panamax,19.12,2018,5,25,4,18.75,19.06,2323.4,2458.5,2412.5
2018-06-01,Indonesia-Paradip,Panamax,17.37,2018,6,1,4,19.12,20.96,2323.7,2402.6,2323.4
2018-06-08,Indonesia-Paradip,Panamax,16.95,2018,6,8,4,17.37,18.72,2297.5,2354.7,2323.7
2018-06-15,Indonesia-Paradip,Panamax,16.49,2018,6,15,4,16.95,18.34,2241.2,2273.7,2297.5
2018-06-22,Indonesia-Paradip,Panamax,17.09,2018,6,22,4,16.49,18.59,2128.9,2195.7,2241.2
2018-06-29,Indonesia-Paradip,Panamax,16.69,2018,6,29,4,17.09,20.26,2197.3,2128.1,2128.9
2018-07-06,Indonesia-Paradip,Panamax,16.05,2018,7,6,4,16.69,18.75,2149.3,2157.8,2197.3
2018-07-13,Indonesia-Paradip,Panamax,15.33,2018,7,13,4,16.05,19.12,2189.9,2083.8,2149.3
2018-07-20,Indonesia-Paradip,Panamax,14.79,2018,7,20,4,15.33,17.37,2139.2,2033.8,2189.9
2018-07-27,Indonesia-Paradip,Panamax,15.2,2018,7,27,4,14.79,16.95,1987.2,1970.1,2139.2
2018-08-03,Indonesia-Paradip,Panamax,15.45,2018,8,3,4,15.2,16.49,2085.5,1949.0,1987.2
2018-08-10,Indonesia-Paradip,Panamax,15.36,2018,8,10,4,15.45,17.09,1865.5,1949.7,2085.5
2018-08-17,Indonesia-Paradip,Panamax,14.47,2018,8,17,4,15.36,16.69,1900.8,1835.8,1865.5
2018-08-24,Indonesia-Paradip,Panamax,14.28,2018,8,24,4,14.47,16.05,1810.9,1794.4,1900.8
2018-08-31,Indonesia-Paradip,Panamax,12.87,2018,8,31,4,14.28,15.33,1627.8,1781.5,1810.9
2018-09-07,Indonesia-Paradip,Panamax,11.64,2018,9,7,4,12.87,14.79,1667.4,1690.0,1627.8
2018-09-14,Indonesia-Paradip,Panamax,14.43,2018,9,14,4,11.64,15.2,1700.8,1672.9,1667.4
2018-09-21,Indonesia-Paradip,Panamax,12.92,2018,9,21,4,14.43,15.45,1661.0,1623.6,1700.8
2018-09-28,Indonesia-Paradip,Panamax,12.74,2018,9,28,4,12.92,15.36,1631.5,1612.4,1661.0
2018-10-05,Indonesia-Paradip,Panamax,13.4,2018,10,5,4,12.74,14.47,1633.9,1646.5,1631.5
2018-10-12,Indonesia-Paradip,Panamax,12.06,2018,10,12,4,13.4,14.28,1471.8,1552.6,1633.9
2018-10-19,Indonesia-Paradip,Panamax,13.99,2018,10,19,4,12.06,12.87,1573.8,1658.5,1471.8
2018-10-26,Indonesia-Paradip,Panamax,11.87,2018,10,26,4,13.99,11.64,1661.9,1572.7,1573.8
2018-11-02,Indonesia-Paradip,Panamax,13.3,2018,11,2,4,11.87,14.43,1594.7,1588.4,1661.9
2018-11-09,Indonesia-Paradip,Panamax,12.26,2018,11,9,4,13.3,12.92,1584.1,1561.8,1594.7
2018-11-16,Indonesia-Paradip,Panamax,13.6,2018,11,16,4,12.26,12.74,1695.6,1662.8,1584.1
2018-11-23,Indonesia-Paradip,Panamax,13.47,2018,11,23,4,13.6,13.4,1565.8,1632.0,1695.6
2018-11-30,Indonesia-Paradip,Panamax,13.3,2018,11,30,4,13.47,12.06,1627.9,1652.3,1565.8
2018-12-07,Indonesia-Paradip,Panamax,13.78,2018,12,7,4,13.3,13.99,1695.0,1690.3,1627.9
2018-12-14,Indonesia-Paradip,Panamax,15.1,2018,12,14,4,13.78,11.87,1715.5,1757.6,1695.0
2018-12-21,Indonesia-Paradip,Panamax,14.34,2018,12,21,4,15.1,13.3,1798.3,1751.8,1715.5
2018-12-28,Indonesia-Paradip,Panamax,14.62,2018,12,28,4,14.34,12.26,1772.4,1802.5,1798.3
2019-01-04,Indonesia-Paradip,Panamax,14.95,2019,1,4,4,14.62,13.6,1980.9,1937.9,1772.4
2019-01-11,Indonesia-Paradip,Panamax,16.32,2019,1,11,4,14.95,13.47,1936.0,1901.2,1980.9
2019-01-18,Indonesia-Paradip,Panamax,17.39,2019,1,18,4,16.32,13.3,1960.2,1929.1,1936.0
2019-01-25,Indonesia-Paradip,Panamax,16.36,2019,1,25,4,17.39,13.78,2010.3,2099.3,1960.2
2019-02-01,Indonesia-Paradip,Panamax,17.49,2019,2,1,4,16.36,15.1,2038.5,2089.5,2010.3
2019-02-08,Indonesia-Paradip,Panamax,19.01,2019,2,8,4,17.49,14.34,2176.7,2043.9,2038.5
2019-02-15,Indonesia-Paradip,Panamax,17.38,2019,2,15,4,19.01,14.62,2253.8,2176.9,2176.7
2019-02-22,Indonesia-Paradip,Panamax,18.15,2019,2,22,4,17.38,14.95,2335.2,2271.9,2253.8
2019-03-01,Indonesia-Paradip,Panamax,19.17,2019,3,1,4,18.15,16.32,2298.9,2400.7,2335.2
2019-03-08,Indonesia-Paradip,Panamax,19.01,2019,3,8,4,19.17,17.39,2424.4,2425.2,2298.9
2019-03-15,Indonesia-Paradip,Panamax,18.21,2019,3,15,4,19.01,16.36,2357.8,2534.1,2424.4
2019-03-22,Indonesia-Paradip,Panamax,18.52,2019,3,22,4,18.21,17.49,2449.9,2540.0,2357.8
2019-03-29,Indonesia-Paradip,Panamax,20.17,2019,3,29,4,18.52,19.01,2500.1,2482.5,2449.9
2019-04-05,Indonesia-Paradip,Panamax,19.11,2019,4,5,4,20.17,17.38,2550.0,2545.2,2500.1
2019-04-12,Indonesia-Paradip,Panamax,20.51,2019,4,12,4,19.11,18.15,2623.0,2602.4,2550.0
2019-04-19,Indonesia-Paradip,Panamax,20.9,2019,4,19,4,20.51,19.17,2661.0,2610.5,2623.0
2019-04-26,Indonesia-Paradip,Panamax,19.39,2019,4,26,4,20.9,19.01,2663.9,2598.0,2661.0
2019-05-03,Indonesia-Paradip,Panamax,19.14,2019,5,3,4,19.39,18.21,2726.3,2611.2,2663.9
2019-05-10,Indonesia-Paradip,Panamax,19.42,2019,5,10,4,19.14,18.52,2658.8,2701.1,2726.3
2019-05-17,Indonesia-Paradip,Panamax,20.19,2019,5,17,4,19.42,20.17,2695.0,2694.3,2658.8
2019-05-24,Indonesia-Paradip,Panamax,17.08,2019,5,24,4,20.19,19.11,2748.6,2744.6,2695.0
2019-05-31,Indonesia-Paradip,Panamax,20.57,2019,5,31,4,17.08,20.51,2600.5,2697.5,2748.6
2019-06-07,Indonesia-Paradip,Panamax,18.46,2019,6,7,4,20.57,20.9,2630.2,2683.6,2600.5
2019-06-14,Indonesia-Paradip,Panamax,18.96,2019,6,14,4,18.46,19.39,2665.3,2693.3,2630.2
2019-06-21,Indonesia-Paradip,Panamax,19.05,2019,6,21,4,18.96,19.14,2669.9,2559.0,2665.3
2019-06-28,Indonesia-Paradip,Panamax,18.71,2019,6,28,4,19.05,19.42,2612.1,2618.6,2669.9
2019-07-05,Indonesia-Paradip,Panamax,17.09,2019,7,5,4,18.71,20.19,2542.9,2554.6,2612.1
2019-07-12,Indonesia-Paradip,Panamax,17.53,2019,7,12,4,17.09,17.08,2626.3,2637.5,2542.9
2019-07-19,Indonesia-Paradip,Panamax,17.63,2019,7,19,4,17.53,20.57,2536.0,2486.7,2626.3
2019-07-26,Indonesia-Paradip,Panamax,15.66,2019,7,26,4,17.63,18.46,2380.4,2425.1,2536.0
2019-08-02,Indonesia-Paradip,Panamax,16.03,2019,8,2,4,15.66,18.96,2304.5,2373.1,2380.4
2019-08-09,Indonesia-Paradip,Panamax,16.39,2019,8,9,4,16.03,19.05,2297.7,2358.7,2304.5
2019-08-16,Indonesia-Paradip,Panamax,15.92,2019,8,16,4,16.39,18.71,2285.7,2247.6,2297.7
2019-08-23,Indonesia-Paradip,Panamax,14.35,2019,8,23,4,15.92,17.09,2212.3,2334.6,2285.7
2019-08-30,Indonesia-Paradip,Panamax,14.07,2019,8,30,4,14.35,17.53,2054.5,2084.9,2212.3
2019-09-06,Indonesia-Paradip,Panamax,14.89,2019,9,6,4,14.07,17.63,2053.2,2040.6,2054.5
2019-09-13,Indonesia-Paradip,Panamax,14.72,2019,9,13,4,14.89,15.66,2018.5,1989.6,2053.2
2019-09-20,Indonesia-Paradip,Panamax,14.65,2019,9,20,4,14.72,16.03,1988.8,1979.4,2018.5
2019-09-27,Indonesia-Paradip,Panamax,13.38,2019,9,27,4,14.65,16.39,1907.9,1926.7,1988.8
2019-10-04,Indonesia-Paradip,Panamax,13.35,2019,10,4,4,13.38,15.92,1825.4,1906.7,1907.9
2019-10-11,Indonesia-Paradip,Panamax,13.24,2019,10,11,4,13.35,14.35,1724.4,1738.7,1825.4
2019-10-18,Indonesia-Paradip,Panamax,13.69,2019,10,18,4,13.24,14.07,1675.6,1751.1,1724.4
2019-10-25,Indonesia-Paradip,Panamax,12.32,2019,10,25,4,13.69,14.89,1692.2,1658.3,1675.6
2019-11-01,Indonesia-Paradip,Panamax,13.92,2019,11,1,4,12.32,14.72,1608.1,1568.8,1692.2
2019-11-08,Indonesia-Paradip,Panamax,14.84,2019,11,8,4,13.92,14.65,1559.8,1526.8,1608.1
2019-11-15,Indonesia-Paradip,Panamax,13.12,2019,11,15,4,14.84,13.38,1539.3,1537.2,1559.8
2019-11-22,Indonesia-Paradip,Panamax,13.39,2019,11,22,4,13.12,13.35,1463.3,1563.0,1539.3
2019-11-29,Indonesia-Paradip,Panamax,12.77,2019,11,29,4,13.39,13.24,1341.3,1383.8,1463.3
2019-12-06,Indonesia-Paradip,Panamax,13.14,2019,12,6,4,12.77,13.69,1425.5,1391.8,1341.3
2019-12-13,Indonesia-Paradip,Panamax,12.23,2019,12,13,4,13.14,12.32,1298.9,1346.2,1425.5
2019-12-20,Indonesia-Paradip,Panamax,13.98,2019,12,20,4,12.23,13.92,1324.0,1358.0,1298.9
2019-12-27,Indonesia-Paradip,Panamax,13.34,2019,12,27,4,13.98,14.84,1253.4,1504.7,1324.0
2020-01-03,Indonesia-Paradip,Panamax,12.57,2020,1,3,4,13.34,13.12,1316.1,1305.5,1253.4
2020-01-10,Indonesia-Paradip,Panamax,13.12,2020,1,10,4,12.57,13.39,1303.2,1243.5,1316.1
2020-01-17,Indonesia-Paradip,Panamax,14.41,2020,1,17,4,13.12,12.77,1270.9,1366.1,1303.2
2020-01-24,Indonesia-Paradip,Panamax,15.71,2020,1,24,4,14.41,13.14,1262.1,1181.1,1270.9
2020-01-31,Indonesia-Paradip,Panamax,14.45,2020,1,31,4,15.71,12.23,1214.3,1257.5,1262.1
2020-02-07,Indonesia-Paradip,Panamax,15.03,2020,2,7,4,14.45,13.98,1225.3,1126.5,1214.3
2020-02-14,Indonesia-Paradip,Panamax,13.88,2020,2,14,4,15.03,13.34,1160.6,1236.6,1225.3
2020-02-21,Indonesia-Paradip,Panamax,15.13,2020,2,21,4,13.88,12.57,1116.5,1198.5,1160.6
2020-02-28,Indonesia-Paradip,Panamax,14.05,2020,2,28,4,15.13,13.12,1107.3,1151.3,1116.5
2020-03-06,Indonesia-Paradip,Panamax,13.93,2020,3,6,4,14.05,14.41,627.5,527.8,1107.3
2020-03-13,Indonesia-Paradip,Panamax,13.4,2020,3,13,4,13.93,15.71,368.7,569.6,627.5
2020-03-20,Indonesia-Paradip,Panamax,14.37,2020,3,20,4,13.4,14.45,491.8,454.7,368.7
2020-03-27,Indonesia-Paradip,Panamax,12.17,2020,3,27,4,14.37,15.03,499.0,482.9,491.8
2020-04-03,Indonesia-Paradip,Panamax,13.98,2020,4,3,4,12.17,13.88,400.8,434.8,499.0
2020-04-10,Indonesia-Paradip,Panamax,13.52,2020,4,10,4,13.98,15.13,500.6,411.1,400.8
2020-04-17,Indonesia-Paradip,Panamax,12.78,2020,4,17,4,13.52,14.05,420.0,430.4,500.6
2020-04-24,Indonesia-Paradip,Panamax,12.73,2020,4,24,4,12.78,13.93,483.1,347.7,420.0
2020-05-01,Indonesia-Paradip,Panamax,14.94,2020,5,1,4,12.73,13.4,392.4,414.7,483.1
2020-05-08,Indonesia-Paradip,Panamax,12.91,2020,5,8,4,14.94,14.37,436.9,329.2,392.4
2020-05-15,Indonesia-Paradip,Panamax,12.68,2020,5,15,4,12.91,12.17,380.2,443.8,436.9
2020-05-22,Indonesia-Paradip,Panamax,11.85,2020,5,22,4,12.68,13.98,338.9,300.0,380.2
2020-05-29,Indonesia-Paradip,Panamax,13.18,2020,5,29,4,11.85,13.52,345.9,340.9,338.9
2020-06-05,Indonesia-Paradip,Panamax,12.59,2020,6,5,4,13.18,12.78,304.2,300.0,345.9
2020-06-12,Indonesia-Paradip,Panamax,10.27,2020,6,12,4,12.59,12.73,343.0,300.0,304.2
2020-06-19,Indonesia-Paradip,Panamax,11.55,2020,6,19,4,10.27,14.94,300.0,300.0,343.0
2020-06-26,Indonesia-Paradip,Panamax,11.17,2020,6,26,4,11.55,12.91,300.0,300.0,300.0
2020-07-03,Indonesia-Paradip,Panamax,10.53,2020,7,3,4,11.17,12.68,300.0,300.0,300.0
2020-07-10,Indonesia-Paradip,Panamax,11.3,2020,7,10,4,10.53,11.85,300.0,300.0,300.0
2020-07-17,Indonesia-Paradip,Panamax,10.64,2020,7,17,4,11.3,13.18,300.0,300.0,300.0
2020-07-24,Indonesia-Paradip,Panamax,8.76,2020,7,24,4,10.64,12.59,300.0,300.0,300.0
2020-07-31,Indonesia-Paradip,Panamax,9.86,2020,7,31,4,8.76,10.27,300.0,300.0,300.0
2020-08-07,Indonesia-Paradip,Panamax,10.05,2020,8,7,4,9.86,11.55,300.0,300.0,300.0
2020-08-14,Indonesia-Paradip,Panamax,8.13,2020,8,14,4,10.05,11.17,300.0,300.0,300.0
2020-08-21,Indonesia-Paradip,Panamax,10.43,2020,8,21,4,8.13,10.53,300.0,300.0,300.0
2020-08-28,Indonesia-Paradip,Panamax,8.67,2020,8,28,4,10.43,11.3,300.0,300.0,300.0
2020-09-04,Indonesia-Paradip,Panamax,9.63,2020,9,4,4,8.67,10.64,660.4,646.0,300.0
2020-09-11,Indonesia-Paradip,Panamax,10.76,2020,9,11,4,9.63,8.76,520.1,601.9,660.4
2020-09-18,Indonesia-Paradip,Panamax,11.54,2020,9,18,4,10.76,9.86,567.2,536.3,520.1
2020-09-25,Indonesia-Paradip,Panamax,9.15,2020,9,25,4,11.54,10.05,649.1,594.6,567.2
2020-10-02,Indonesia-Paradip,Panamax,10.7,2020,10,2,4,9.15,8.13,598.5,526.8,649.1
2020-10-09,Indonesia-Paradip,Panamax,10.47,2020,10,9,4,10.7,10.43,558.9,504.9,598.5
2020-10-16,Indonesia-Paradip,Panamax,9.92,2020,10,16,4,10.47,8.67,615.1,654.9,558.9
2020-10-23,Indonesia-Paradip,Panamax,9.41,2020,10,23,4,9.92,9.63,694.6,679.2,615.1
2020-10-30,Indonesia-Paradip,Panamax,9.75,2020,10,30,4,9.41,10.76,606.3,606.8,694.6
2020-11-06,Indonesia-Paradip,Panamax,10.08,2020,11,6,4,9.75,11.54,636.9,651.0,606.3
2020-11-13,Indonesia-Paradip,Panamax,11.94,2020,11,13,4,10.08,9.15,705.3,709.5,636.9
2020-11-20,Indonesia-Paradip,Panamax,10.12,2020,11,20,4,11.94,10.7,716.1,686.8,705.3
2020-11-27,Indonesia-Paradip,Panamax,11.81,2020,11,27,4,10.12,10.47,722.5,744.4,716.1
2020-12-04,Indonesia-Paradip,Panamax,11.89,2020,12,4,4,11.81,9.92,696.3,717.6,722.5
2020-12-11,Indonesia-Paradip,Panamax,12.01,2020,12,11,4,11.89,9.41,715.5,774.0,696.3
2020-12-18,Indonesia-Paradip,Panamax,12.81,2020,12,18,4,12.01,9.75,820.8,854.7,715.5
2020-12-25,Indonesia-Paradip,Panamax,13.21,2020,12,25,4,12.81,10.08,912.7,865.8,820.8
2021-01-01,Indonesia-Paradip,Panamax,13.07,2021,1,1,4,13.21,11.94,955.0,975.9,912.7
2021-01-08,Indonesia-Paradip,Panamax,12.52,2021,1,8,4,13.07,10.12,1032.9,923.1,955.0
2021-01-15,Indonesia-Paradip,Panamax,13.15,2021,1,15,4,12.52,11.81,986.7,983.6,1032.9
2021-01-22,Indonesia-Paradip,Panamax,15.33,2021,1,22,4,13.15,11.89,1122.3,996.5,986.7
2021-01-29,Indonesia-Paradip,Panamax,14.45,2021,1,29,4,15.33,12.01,1093.6,1032.3,1122.3
2021-02-05,Indonesia-Paradip,Panamax,15.41,2021,2,5,4,14.45,12.81,1099.1,1122.1,1093.6
2021-02-12,Indonesia-Paradip,Panamax,14.27,2021,2,12,4,15.41,13.21,1168.9,1188.2,1099.1
2021-02-19,Indonesia-Paradip,Panamax,15.97,2021,2,19,4,14.27,13.07,1269.8,1152.0,1168.9
2021-02-26,Indonesia-Paradip,Panamax,15.68,2021,2,26,4,15.97,12.52,1224.1,1296.2,1269.8
2021-03-05,Indonesia-Paradip,Panamax,16.41,2021,3,5,4,15.68,13.15,1245.2,1266.8,1224.1
2021-03-12,Indonesia-Paradip,Panamax,17.27,2021,3,12,4,16.41,15.33,1239.4,1276.6,1245.2
2021-03-19,Indonesia-Paradip,Panamax,16.66,2021,3,19,4,17.27,14.45,1356.1,1307.6,1239.4
2021-03-26,Indonesia-Paradip,Panamax,15.89,2021,3,26,4,16.66,15.41,1370.8,1267.4,1356.1
2021-04-02,Indonesia-Paradip,Panamax,16.39,2021,4,2,4,15.89,14.27,1287.1,1421.0,1370.8
2021-04-09,Indonesia-Paradip,Panamax,14.85,2021,4,9,4,16.39,15.97,1297.5,1344.8,1287.1
2021-04-16,Indonesia-Paradip,Panamax,16.13,2021,4,16,4,14.85,15.68,1305.9,1358.2,1297.5
2021-04-23,Indonesia-Paradip,Panamax,15.34,2021,4,23,4,16.13,16.41,1359.5,1369.5,1305.9
2021-04-30,Indonesia-Paradip,Panamax,14.95,2021,4,30,4,15.34,17.27,1226.7,1307.2,1359.5
2021-05-07,Indonesia-Paradip,Panamax,20.54,2021,5,7,4,14.95,16.66,2783.8,2753.3,1226.7
2021-05-14,Indonesia-Paradip,Panamax,18.58,2021,5,14,4,20.54,15.89,2815.2,2675.0,2783.8
2021-05-21,Indonesia-Paradip,Panamax,20.66,2021,5,21,4,18.58,16.39,2801.9,2736.3,2815.2
2021-05-28,Indonesia-Paradip,Panamax,19.95,2021,5,28,4,20.66,14.85,2772.8,2706.3,2801.9
2021-06-04,Indonesia-Paradip,Panamax,19.64,2021,6,4,4,19.95,16.13,2631.4,2637.8,2772.8
2021-06-11,Indonesia-Paradip,Panamax,18.09,2021,6,11,4,19.64,15.34,2581.2,2681.1,2631.4
2021-06-18,Indonesia-Paradip,Panamax,18.68,2021,6,18,4,18.09,14.95,2563.7,2678.4,2581.2
2021-06-25,Indonesia-Paradip,Panamax,17.31,2021,6,25,4,18.68,20.54,2586.4,2513.7,2563.7
2021-07-02,Indonesia-Paradip,Panamax,19.17,2021,7,2,4,17.31,18.58,2535.9,2582.2,2586.4
2021-07-09,Indonesia-Paradip,Panamax,16.22,2021,7,9,4,19.17,20.66,2399.4,2466.2,2535.9
2021-07-16,Indonesia-Paradip,Panamax,17.63,2021,7,16,4,16.22,19.95,2500.1,2467.0,2399.4
2021-07-23,Indonesia-Paradip,Panamax,17.06,2021,7,23,4,17.63,19.64,2439.1,2320.6,2500.1
2021-07-30,Indonesia-Paradip,Panamax,16.19,2021,7,30,4,17.06,18.09,2299.0,2281.2,2439.1
2021-08-06,Indonesia-Paradip,Panamax,16.71,2021,8,6,4,16.19,18.68,2267.5,2347.0,2299.0
2021-08-13,Indonesia-Paradip,Panamax,16.31,2021,8,13,4,16.71,17.31,2296.4,2300.4,2267.5
2021-08-20,Indonesia-Paradip,Panamax,15.07,2021,8,20,4,16.31,19.17,2224.7,2188.1,2296.4
2021-08-27,Indonesia-Paradip,Panamax,14.99,2021,8,27,4,15.07,16.22,2151.3,2192.3,2224.7
2021-09-03,Indonesia-Paradip,Panamax,14.96,2021,9,3,4,14.99,17.63,2126.6,2098.0,2151.3
2021-09-10,Indonesia-Paradip,Panamax,14.89,2021,9,10,4,14.96,17.06,2068.9,2065.0,2126.6
2021-09-17,Indonesia-Paradip,Panamax,13.78,2021,9,17,4,14.89,16.19,2060.5,2097.9,2068.9
2021-09-24,Indonesia-Paradip,Panamax,14.18,2021,9,24,4,13.78,16.71,2094.4,2130.2,2060.5
2021-10-01,Indonesia-Paradip,Panamax,13.68,2021,10,1,4,14.18,16.31,2106.2,1949.2,2094.4
2021-10-08,Indonesia-Paradip,Panamax,15.79,2021,10,8,4,13.68,15.07,2070.6,2075.7,2106.2
2021-10-15,Indonesia-Paradip,Panamax,13.54,2021,10,15,4,15.79,14.99,1987.6,2006.3,2070.6
2021-10-22,Indonesia-Paradip,Panamax,14.0,2021,10,22,4,13.54,14.96,2064.4,2127.2,1987.6
2021-10-29,Indonesia-Paradip,Panamax,13.81,2021,10,29,4,14.0,14.89,2025.7,2074.7,2064.4
2021-11-05,Indonesia-Paradip,Panamax,15.64,2021,11,5,4,13.81,13.78,2087.2,2149.5,2025.7
2021-11-12,Indonesia-Paradip,Panamax,14.83,2021,11,12,4,15.64,14.18,2169.6,2138.3,2087.2
2021-11-19,Indonesia-Paradip,Panamax,13.35,2021,11,19,4,14.83,13.68,2198.5,2156.0,2169.6
2021-11-26,Indonesia-Paradip,Panamax,15.08,2021,11,26,4,13.35,15.79,2260.9,2174.7,2198.5
2021-12-03,Indonesia-Paradip,Panamax,11.13,2021,12,3,4,15.08,13.54,769.1,724.2,2260.9
2021-12-10,Indonesia-Paradip,Panamax,11.27,2021,12,10,4,11.13,14.0,808.2,737.9,769.1
2021-12-17,Indonesia-Paradip,Panamax,13.41,2021,12,17,4,11.27,13.81,977.5,821.1,808.2
2021-12-24,Indonesia-Paradip,Panamax,13.6,2021,12,24,4,13.41,15.64,996.8,1068.7,977.5
2021-12-31,Indonesia-Paradip,Panamax,12.66,2021,12,31,4,13.6,14.83,985.7,996.6,996.8
2022-01-07,Indonesia-Paradip,Panamax,12.6,2022,1,7,4,12.66,13.35,1064.8,1169.6,985.7
2022-01-14,Indonesia-Paradip,Panamax,14.85,2022,1,14,4,12.6,15.08,1109.5,1188.7,1064.8
2022-01-21,Indonesia-Paradip,Panamax,15.16,2022,1,21,4,14.85,11.13,1270.3,1228.4,1109.5
2022-01-28,Indonesia-Paradip,Panamax,14.44,2022,1,28,4,15.16,11.27,1360.2,1390.8,1270.3
2022-02-04,Indonesia-Paradip,Panamax,16.18,2022,2,4,4,14.44,13.41,1441.4,1564.6,1360.2
2022-02-11,Indonesia-Paradip,Panamax,15.41,2022,2,11,4,16.18,13.6,1587.7,1420.8,1441.4
2022-02-18,Indonesia-Paradip,Panamax,17.77,2022,2,18,4,15.41,12.66,1670.0,1588.0,1587.7
2022-02-25,Indonesia-Paradip,Panamax,16.64,2022,2,25,4,17.77,12.6,1666.2,1769.8,1670.0
2022-03-04,Indonesia-Paradip,Panamax,17.14,2022,3,4,4,16.64,14.85,1748.9,1789.9,1666.2
2022-03-11,Indonesia-Paradip,Panamax,16.27,2022,3,11,4,17.14,15.16,1866.9,1935.3,1748.9
2022-03-18,Indonesia-Paradip,Panamax,19.34,2022,3,18,4,16.27,14.44,1940.8,2005.3,1866.9
2022-03-25,Indonesia-Paradip,Panamax,19.17,2022,3,25,4,19.34,16.18,1949.5,2055.2,1940.8
2022-04-01,Indonesia-Paradip,Panamax,18.22,2022,4,1,4,19.17,15.41,2068.0,2131.2,1949.5
2022-04-08,Indonesia-Paradip,Panamax,17.37,2022,4,8,4,18.22,17.77,2133.8,2195.8,2068.0
2022-04-15,Indonesia-Paradip,Panamax,18.09,2022,4,15,4,17.37,16.64,2259.7,2330.6,2133.8
2022-04-22,Indonesia-Paradip,Panamax,18.93,2022,4,22,4,18.09,17.14,2247.7,2298.9,2259.7
2022-04-29,Indonesia-Paradip,Panamax,18.5,2022,4,29,4,18.93,16.27,2491.9,2420.0,2247.7
2022-05-06,Indonesia-Paradip,Panamax,19.24,2022,5,6,4,18.5,19.34,2386.8,2439.6,2491.9
2022-05-13,Indonesia-Paradip,Panamax,19.08,2022,5,13,4,19.24,19.17,2534.5,2457.6,2386.8
2022-05-20,Indonesia-Paradip,Panamax,18.34,2022,5,20,4,19.08,18.22,2526.3,2494.1,2534.5
2022-05-27,Indonesia-Paradip,Panamax,17.87,2022,5,27,4,18.34,17.37,2492.5,2439.0,2526.3
2022-06-03,Indonesia-Paradip,Panamax,17.77,2022,6,3,4,17.87,18.09,2490.5,2479.9,2492.5
2022-06-10,Indonesia-Paradip,Panamax,18.02,2022,6,10,4,17.77,18.93,2579.3,2477.6,2490.5
2022-06-17,Indonesia-Paradip,Panamax,19.68,2022,6,17,4,18.02,18.5,2600.4,2601.0,2579.3
2022-06-24,Indonesia-Paradip,Panamax,17.56,2022,6,24,4,19.68,19.24,2582.5,2612.3,2600.4
2022-07-01,Indonesia-Paradip,Panamax,17.94,2022,7,1,4,17.56,19.08,2620.8,2624.6,2582.5
2022-07-08,Indonesia-Paradip,Panamax,18.63,2022,7,8,4,17.94,18.34,2619.5,2606.9,2620.8
2022-07-15,Indonesia-Paradip,Panamax,15.8,2022,7,15,4,18.63,17.87,2568.5,2568.6,2619.5
2022-07-22,Indonesia-Paradip,Panamax,17.26,2022,7,22,4,15.8,17.77,2571.4,2551.0,2568.5
2022-07-29,Indonesia-Paradip,Panamax,14.42,2022,7,29,4,17.26,18.02,2446.9,2521.4,2571.4
2022-08-05,Indonesia-Paradip,Panamax,15.71,2022,8,5,4,14.42,19.68,2505.7,2493.2,2446.9
2022-08-12,Indonesia-Paradip,Panamax,15.3,2022,8,12,4,15.71,17.56,2485.3,2647.2,2505.7
2022-08-19,Indonesia-Paradip,Panamax,15.87,2022,8,19,4,15.3,17.94,2438.4,2551.4,2485.3
2022-08-26,Indonesia-Paradip,Panamax,16.54,2022,8,26,4,15.87,18.63,2387.4,2480.1,2438.4
2022-09-02,Indonesia-Paradip,Panamax,17.11,2022,9,2,4,16.54,15.8,2543.0,2496.7,2387.4
2022-09-09,Indonesia-Paradip,Panamax,15.88,2022,9,9,4,17.11,17.26,2354.4,2371.2,2543.0
2022-09-16,Indonesia-Paradip,Panamax,15.17,2022,9,16,4,15.88,14.42,2275.6,2380.1,2354.4
2022-09-23,Indonesia-Paradip,Panamax,14.71,2022,9,23,4,15.17,15.71,2252.0,2242.2,2275.6
2022-09-30,Indonesia-Paradip,Panamax,15.51,2022,9,30,4,14.71,15.3,2269.5,2312.7,2252.0
2022-10-07,Indonesia-Paradip,Panamax,14.43,2022,10,7,4,15.51,15.87,2309.4,2274.1,2269.5
2022-10-14,Indonesia-Paradip,Panamax,14.54,2022,10,14,4,14.43,16.54,2220.3,2240.3,2309.4
2022-10-21,Indonesia-Paradip,Panamax,15.23,2022,10,21,4,14.54,17.11,2264.2,2209.6,2220.3
2022-10-28,Indonesia-Paradip,Panamax,15.1,2022,10,28,4,15.23,15.88,2129.7,2145.4,2264.2
2022-11-04,Indonesia-Paradip,Panamax,14.22,2022,11,4,4,15.1,15.17,2156.9,2304.6,2129.7
2022-11-11,Indonesia-Paradip,Panamax,14.65,2022,11,11,4,14.22,14.71,2114.6,2234.6,2156.9
2022-11-18,Indonesia-Paradip,Panamax,16.63,2022,11,18,4,14.65,15.51,2221.4,2125.3,2114.6
2022-11-25,Indonesia-Paradip,Panamax,16.94,2022,11,25,4,16.63,14.43,2134.9,2087.0,2221.4
2022-12-02,Indonesia-Paradip,Panamax,16.81,2022,12,2,4,16.94,14.54,2060.8,2086.2,2134.9
2022-12-09,Indonesia-Paradip,Panamax,15.98,2022,12,9,4,16.81,15.23,2118.9,2152.0,2060.8
2022-12-16,Indonesia-Paradip,Panamax,13.88,2022,12,16,4,15.98,15.1,1998.8,2061.1,2118.9
2022-12-23,Indonesia-Paradip,Panamax,14.83,2022,12,23,4,13.88,14.22,2157.6,2061.8,1998.8
2022-12-30,Indonesia-Paradip,Panamax,16.5,2022,12,30,4,14.83,14.65,2117.6,1975.4,2157.6
2023-01-06,Indonesia-Paradip,Panamax,17.13,2023,1,6,4,16.5,16.63,2126.6,2044.5,2117.6
2023-01-13,Indonesia-Paradip,Panamax,17.17,2023,1,13,4,17.13,16.94,2204.7,2096.6,2126.6
2023-01-20,Indonesia-Paradip,Panamax,16.72,2023,1,20,4,17.17,16.81,2059.7,2186.3,2204.7
2023-01-27,Indonesia-Paradip,Panamax,18.53,2023,1,27,4,16.72,15.98,2132.5,2109.8,2059.7
2023-02-03,Indonesia-Paradip,Panamax,17.01,2023,2,3,4,18.53,13.88,2021.6,2170.6,2132.5
2023-02-10,Indonesia-Paradip,Panamax,16.26,2023,2,10,4,17.01,14.83,2093.7,2135.1,2021.6
2023-02-17,Indonesia-Paradip,Panamax,17.04,2023,2,17,4,16.26,16.5,2191.5,2089.3,2093.7
2023-02-24,Indonesia-Paradip,Panamax,18.09,2023,2,24,4,17.04,17.13,2071.5,2148.7,2191.5
2023-03-03,Indonesia-Paradip,Panamax,17.85,2023,3,3,4,18.09,17.17,2103.4,2160.1,2071.5
2023-03-10,Indonesia-Paradip,Panamax,18.72,2023,3,10,4,17.85,16.72,2073.0,2058.9,2103.4
2023-03-17,Indonesia-Paradip,Panamax,18.35,2023,3,17,4,18.72,18.53,2213.0,2130.4,2073.0
2023-03-24,Indonesia-Paradip,Panamax,17.28,2023,3,24,4,18.35,17.01,2187.6,2159.8,2213.0
2023-03-31,Indonesia-Paradip,Panamax,17.63,2023,3,31,4,17.28,16.26,2124.5,2103.4,2187.6
2023-04-07,Indonesia-Paradip,Panamax,18.39,2023,4,7,4,17.63,17.04,2068.9,2073.4,2124.5
2023-04-14,Indonesia-Paradip,Panamax,19.01,2023,4,14,4,18.39,18.09,2174.1,2046.0,2068.9
2023-04-21,Indonesia-Paradip,Panamax,18.56,2023,4,21,4,19.01,17.85,2127.3,2173.7,2174.1
2023-04-28,Indonesia-Paradip,Panamax,17.52,2023,4,28,4,18.56,18.72,1961.7,2114.8,2127.3
2023-05-05,Indonesia-Paradip,Panamax,17.83,2023,5,5,4,17.52,18.35,2032.7,2008.9,1961.7
2023-05-12,Indonesia-Paradip,Panamax,17.33,2023,5,12,4,17.83,17.28,2127.0,2100.4,2032.7
2023-05-19,Indonesia-Paradip,Panamax,17.19,2023,5,19,4,17.33,17.63,2024.5,2062.1,2127.0
2023-05-26,Indonesia-Paradip,Panamax,19.1,2023,5,26,4,17.19,18.39,2149.8,2017.7,2024.5
2023-06-02,Indonesia-Paradip,Panamax,15.83,2023,6,2,4,19.1,19.01,2045.5,1911.7,2149.8
2023-06-09,Indonesia-Paradip,Panamax,18.11,2023,6,9,4,15.83,18.56,2012.6,2069.7,2045.5
2023-06-16,Indonesia-Paradip,Panamax,16.11,2023,6,16,4,18.11,17.52,1940.0,1986.8,2012.6
2023-06-23,Indonesia-Paradip,Panamax,16.36,2023,6,23,4,16.11,17.83,1974.0,1921.4,1940.0
2023-06-30,Indonesia-Paradip,Panamax,16.42,2023,6,30,4,16.36,17.33,1988.1,1957.5,1974.0
2023-07-07,Indonesia-Paradip,Panamax,16.54,2023,7,7,4,16.42,17.19,1852.7,1953.2,1988.1
2023-07-14,Indonesia-Paradip,Panamax,14.66,2023,7,14,4,16.54,19.1,1754.6,1913.4,1852.7
2023-07-21,Indonesia-Paradip,Panamax,15.36,2023,7,21,4,14.66,15.83,1771.6,1704.6,1754.6
2023-07-28,Indonesia-Paradip,Panamax,15.7,2023,7,28,4,15.36,18.11,1805.7,1707.1,1771.6
2023-08-04,Indonesia-Paradip,Panamax,15.35,2023,8,4,4,15.7,16.11,1704.0,1688.0,1805.7
2023-08-11,Indonesia-Paradip,Panamax,14.01,2023,8,11,4,15.35,16.36,1676.0,1755.2,1704.0
2023-08-18,Indonesia-Paradip,Panamax,13.01,2023,8,18,4,14.01,16.42,1713.0,1773.8,1676.0
2023-08-25,Indonesia-Paradip,Panamax,13.51,2023,8,25,4,13.01,16.54,1644.4,1665.1,1713.0
2023-09-01,Indonesia-Paradip,Panamax,12.94,2023,9,1,4,13.51,14.66,1750.1,1786.0,1644.4
2023-09-08,Indonesia-Paradip,Panamax,13.07,2023,9,8,4,12.94,15.36,1654.2,1684.8,1750.1
2023-09-15,Indonesia-Paradip,Panamax,13.21,2023,9,15,4,13.07,15.7,1669.2,1660.6,1654.2
2023-09-22,Indonesia-Paradip,Panamax,13.05,2023,9,22,4,13.21,15.35,1675.7,1585.4,1669.2
2023-09-29,Indonesia-Paradip,Panamax,13.24,2023,9,29,4,13.05,14.01,1678.1,1648.4,1675.7
2023-10-06,Indonesia-Paradip,Panamax,11.75,2023,10,6,4,13.24,13.01,1669.6,1606.4,1678.1
2023-10-13,Indonesia-Paradip,Panamax,12.55,2023,10,13,4,11.75,13.51,1674.2,1605.9,1669.6
2023-10-20,Indonesia-Paradip,Panamax,11.84,2023,10,20,4,12.55,12.94,1537.6,1535.1,1674.2
2023-10-27,Indonesia-Paradip,Panamax,12.79,2023,10,27,4,11.84,13.07,1733.0,1575.2,1537.6
2023-11-03,Indonesia-Paradip,Panamax,14.43,2023,11,3,4,12.79,13.21,1625.2,1588.2,1733.0
2023-11-10,Indonesia-Paradip,Panamax,11.89,2023,11,10,4,14.43,13.05,1638.7,1569.7,1625.2
2023-11-17,Indonesia-Paradip,Panamax,11.8,2023,11,17,4,11.89,13.24,1563.7,1529.4,1638.7
2023-11-24,Indonesia-Paradip,Panamax,12.28,2023,11,24,4,11.8,11.75,1635.0,1637.1,1563.7
2023-12-01,Indonesia-Paradip,Panamax,12.89,2023,12,1,4,12.28,12.55,1698.0,1605.4,1635.0
2023-12-08,Indonesia-Paradip,Panamax,14.96,2023,12,8,4,12.89,11.84,1666.2,1646.2,1698.0
2023-12-15,Indonesia-Paradip,Panamax,14.59,2023,12,15,4,14.96,12.79,1631.3,1702.6,1666.2
2023-12-22,Indonesia-Paradip,Panamax,16.11,2023,12,22,4,14.59,14.43,1714.1,1723.9,1631.3
2023-12-29,Indonesia-Paradip,Panamax,15.84,2023,12,29,4,16.11,11.89,1814.5,1789.6,1714.1
2024-01-05,Indonesia-Paradip,Panamax,15.41,2024,1,5,4,15.84,11.8,1774.9,1647.3,1814.5
2024-01-12,Indonesia-Paradip,Panamax,15.52,2024,1,12,4,15.41,12.28,1733.5,1741.7,1774.9
2024-01-19,Indonesia-Paradip,Panamax,15.32,2024,1,19,4,15.52,12.89,1707.1,1739.8,1733.5
2024-01-26,Indonesia-Paradip,Panamax,17.36,2024,1,26,4,15.32,14.96,1772.1,1801.2,1707.1
2024-02-02,Indonesia-Paradip,Panamax,16.91,2024,2,2,4,17.36,14.59,1846.3,1783.6,1772.1
2024-02-09,Indonesia-Paradip,Panamax,17.87,2024,2,9,4,16.91,16.11,1858.9,1794.2,1846.3
2024-02-16,Indonesia-Paradip,Panamax,17.34,2024,2,16,4,17.87,15.84,1868.0,1806.4,1858.9
2024-02-23,Indonesia-Paradip,Panamax,17.26,2024,2,23,4,17.34,15.41,1803.9,1810.3,1868.0
2024-03-01,Indonesia-Paradip,Panamax,18.18,2024,3,1,4,17.26,15.52,1850.9,1773.2,1803.9
2024-03-08,Indonesia-Paradip,Panamax,17.28,2024,3,8,4,18.18,15.32,1852.0,1801.3,1850.9
2024-03-15,Indonesia-Paradip,Panamax,16.98,2024,3,15,4,17.28,17.36,1848.7,1789.1,1852.0
2024-03-22,Indonesia-Paradip,Panamax,17.17,2024,3,22,4,16.98,16.91,1807.5,1906.3,1848.7
2024-03-29,Indonesia-Paradip,Panamax,18.0,2024,3,29,4,17.17,17.87,1778.0,1712.1,1807.5
2024-04-05,Indonesia-Paradip,Panamax,15.46,2024,4,5,4,18.0,17.34,1696.2,1795.0,1778.0
2024-04-12,Indonesia-Paradip,Panamax,16.67,2024,4,12,4,15.46,17.26,1665.8,1708.5,1696.2
2024-04-19,Indonesia-Paradip,Panamax,16.56,2024,4,19,4,16.67,18.18,1656.0,1718.3,1665.8
2024-04-26,Indonesia-Paradip,Panamax,16.76,2024,4,26,4,16.56,17.28,1635.3,1702.1,1656.0
2024-05-03,Indonesia-Paradip,Panamax,15.96,2024,5,3,4,16.76,16.98,1523.5,1574.2,1635.3
2024-05-10,Indonesia-Paradip,Panamax,15.38,2024,5,10,4,15.96,17.17,1498.9,1520.2,1523.5
2024-05-17,Indonesia-Paradip,Panamax,17.34,2024,5,17,4,15.38,18.0,1531.9,1537.9,1498.9
2024-05-24,Indonesia-Paradip,Panamax,14.98,2024,5,24,4,17.34,15.46,1385.7,1369.4,1531.9
2024-05-31,Indonesia-Paradip,Panamax,16.14,2024,5,31,4,14.98,16.67,1373.8,1360.2,1385.7
2024-06-07,Indonesia-Paradip,Panamax,14.47,2024,6,7,4,16.14,16.56,1313.4,1317.3,1373.8
2024-06-14,Indonesia-Paradip,Panamax,14.17,2024,6,14,4,14.47,16.76,1188.1,1245.8,1313.4
2024-06-21,Indonesia-Paradip,Panamax,13.4,2024,6,21,4,14.17,15.96,1102.2,1126.9,1188.1
2024-06-28,Indonesia-Paradip,Panamax,13.28,2024,6,28,4,13.4,15.38,1055.9,1015.2,1102.2
2024-07-05,Indonesia-Paradip,Panamax,12.23,2024,7,5,4,13.28,17.34,948.0,956.3,1055.9
2024-07-12,Indonesia-Paradip,Panamax,13.97,2024,7,12,4,12.23,14.98,910.0,809.3,948.0
2024-07-19,Indonesia-Paradip,Panamax,11.36,2024,7,19,4,13.97,16.14,906.6,811.2,910.0
2024-07-26,Indonesia-Paradip,Panamax,11.73,2024,7,26,4,11.36,14.47,765.8,714.1,906.6
2024-08-02,Indonesia-Paradip,Panamax,11.25,2024,8,2,4,11.73,14.17,660.9,681.6,765.8
2024-08-09,Indonesia-Paradip,Panamax,10.45,2024,8,9,4,11.25,13.4,601.9,577.4,660.9
2024-08-16,Indonesia-Paradip,Panamax,9.55,2024,8,16,4,10.45,13.28,495.5,569.6,601.9
2024-08-23,Indonesia-Paradip,Panamax,9.58,2024,8,23,4,9.55,12.23,451.6,450.0,495.5
2024-08-30,Indonesia-Paradip,Panamax,9.58,2024,8,30,4,9.58,13.97,310.1,346.2,451.6
2024-09-06,Indonesia-Paradip,Panamax,9.19,2024,9,6,4,9.58,11.36,300.0,300.0,310.1
2024-09-13,Indonesia-Paradip,Panamax,9.33,2024,9,13,4,9.19,11.73,300.0,300.0,300.0
2024-09-20,Indonesia-Paradip,Panamax,8.72,2024,9,20,4,9.33,11.25,300.0,300.0,300.0
2024-09-27,Indonesia-Paradip,Panamax,8.96,2024,9,27,4,8.72,10.45,325.3,300.0,300.0
2024-10-04,Indonesia-Paradip,Panamax,9.04,2024,10,4,4,8.96,9.55,300.0,300.0,325.3
2024-10-11,Indonesia-Paradip,Panamax,9.79,2024,10,11,4,9.04,9.58,300.0,300.0,300.0
2024-10-18,Indonesia-Paradip,Panamax,9.25,2024,10,18,4,9.79,9.58,300.0,300.0,300.0
2024-10-25,Indonesia-Paradip,Panamax,9.18,2024,10,25,4,9.25,9.19,300.0,300.0,300.0
2024-11-01,Indonesia-Paradip,Panamax,9.32,2024,11,1,4,9.18,9.33,300.0,300.0,300.0
2024-11-08,Indonesia-Paradip,Panamax,9.65,2024,11,8,4,9.32,8.72,300.0,300.0,300.0
2024-11-15,Indonesia-Paradip,Panamax,10.89,2024,11,15,4,9.65,8.96,300.0,300.0,300.0
2024-11-22,Indonesia-Paradip,Panamax,10.5,2024,11,22,4,10.89,9.04,300.0,300.0,300.0
2024-11-29,Indonesia-Paradip,Panamax,9.46,2024,11,29,4,10.5,9.79,300.0,300.0,300.0
2024-12-06,Indonesia-Paradip,Panamax,9.44,2024,12,6,4,9.46,9.25,300.0,300.0,300.0
2024-12-13,Indonesia-Paradip,Panamax,10.58,2024,12,13,4,9.44,9.18,300.0,300.0,300.0
2024-12-20,Indonesia-Paradip,Panamax,10.09,2024,12,20,4,10.58,9.32,300.0,300.0,300.0
2024-12-27,Indonesia-Paradip,Panamax,11.58,2024,12,27,4,10.09,9.65,300.0,300.0,300.0
2025-01-03,Indonesia-Paradip,Panamax,11.52,2025,1,3,4,11.58,10.89,338.4,300.0,300.0
2025-01-10,Indonesia-Paradip,Panamax,12.03,2025,1,10,4,11.52,10.5,333.0,317.3,338.4
2025-01-17,Indonesia-Paradip,Panamax,11.76,2025,1,17,4,12.03,9.46,394.4,349.6,333.0
2025-01-24,Indonesia-Paradip,Panamax,12.5,2025,1,24,4,11.76,9.44,501.5,531.2,394.4
2025-01-31,Indonesia-Paradip,Panamax,11.9,2025,1,31,4,12.5,10.58,510.3,495.5,501.5
2025-02-07,Indonesia-Paradip,Panamax,13.15,2025,2,7,4,11.9,10.09,541.1,611.7,510.3
2025-02-14,Indonesia-Paradip,Panamax,13.54,2025,2,14,4,13.15,11.58,734.5,543.1,541.1
2025-02-21,Indonesia-Paradip,Panamax,14.12,2025,2,21,4,13.54,11.52,651.0,686.5,734.5
2025-02-28,Indonesia-Paradip,Panamax,14.92,2025,2,28,4,14.12,12.03,781.7,719.2,651.0
2025-03-07,Indonesia-Paradip,Panamax,15.27,2025,3,7,4,14.92,11.76,901.9,831.0,781.7
2025-03-14,Indonesia-Paradip,Panamax,12.7,2025,3,14,4,15.27,12.5,913.8,939.3,901.9
2025-03-21,Indonesia-Paradip,Panamax,15.61,2025,3,21,4,12.7,11.9,990.8,856.6,913.8
2025-03-28,Indonesia-Paradip,Panamax,13.88,2025,3,28,4,15.61,13.15,994.5,1057.9,990.8
2025-04-04,Indonesia-Paradip,Panamax,14.25,2025,4,4,4,13.88,13.54,1081.3,1133.8,994.5
2025-04-11,Indonesia-Paradip,Panamax,14.88,2025,4,11,4,14.25,14.12,1155.6,1110.7,1081.3
2025-04-18,Indonesia-Paradip,Panamax,16.58,2025,4,18,4,14.88,14.92,1228.1,1134.4,1155.6
2025-04-25,Indonesia-Paradip,Panamax,16.33,2025,4,25,4,16.58,15.27,1341.8,1228.8,1228.1
2025-05-02,Indonesia-Paradip,Panamax,15.78,2025,5,2,4,16.33,12.7,1220.7,1407.5,1341.8
2025-05-09,Indonesia-Paradip,Panamax,16.91,2025,5,9,4,15.78,15.61,1447.9,1327.1,1220.7
2025-05-16,Indonesia-Paradip,Panamax,15.25,2025,5,16,4,16.91,13.88,1358.5,1402.9,1447.9
2025-05-23,Indonesia-Paradip,Panamax,16.12,2025,5,23,4,15.25,14.25,1431.4,1373.7,1358.5
2025-05-30,Indonesia-Paradip,Panamax,15.74,2025,5,30,4,16.12,14.88,1448.9,1420.9,1431.4
2025-06-06,Indonesia-Paradip,Panamax,14.54,2025,6,6,4,15.74,16.58,1391.3,1478.5,1448.9
2025-06-13,Indonesia-Paradip,Panamax,16.03,2025,6,13,4,14.54,16.33,1449.4,1490.9,1391.3
2025-06-20,Indonesia-Paradip,Panamax,13.95,2025,6,20,4,16.03,15.78,1325.6,1505.2,1449.4
2025-06-27,Indonesia-Paradip,Panamax,14.26,2025,6,27,4,13.95,16.91,1454.5,1423.6,1325.6
2025-07-04,Indonesia-Paradip,Panamax,14.64,2025,7,4,4,14.26,15.25,1473.0,1393.4,1454.5
2025-07-11,Indonesia-Paradip,Panamax,14.5,2025,7,11,4,14.64,16.12,1503.0,1415.4,1473.0
2025-07-18,Indonesia-Paradip,Panamax,12.19,2025,7,18,4,14.5,15.74,1441.0,1446.0,1503.0
2025-07-25,Indonesia-Paradip,Panamax,12.89,2025,7,25,4,12.19,14.54,1411.3,1424.0,1441.0
2025-08-01,Indonesia-Paradip,Panamax,12.91,2025,8,1,4,12.89,16.03,1376.9,1464.1,1411.3
2025-08-08,Indonesia-Paradip,Panamax,12.81,2025,8,8,4,12.91,13.95,1404.1,1413.5,1376.9
2025-08-15,Indonesia-Paradip,Panamax,12.04,2025,8,15,4,12.81,14.26,1419.9,1376.3,1404.1
2025-08-22,Indonesia-Paradip,Panamax,12.63,2025,8,22,4,12.04,14.64,1381.7,1378.7,1419.9
2025-08-29,Indonesia-Paradip,Panamax,13.09,2025,8,29,4,12.63,14.5,1369.7,1286.8,1381.7
2025-09-05,Indonesia-Paradip,Panamax,12.32,2025,9,5,4,13.09,12.19,1277.9,1337.5,1369.7
2025-09-12,Indonesia-Paradip,Panamax,10.84,2025,9,12,4,12.32,12.89,1314.5,1328.7,1277.9
2025-09-19,Indonesia-Paradip,Panamax,12.74,2025,9,19,4,10.84,12.91,1229.3,1276.5,1314.5
2025-09-26,Indonesia-Paradip,Panamax,13.08,2025,9,26,4,12.74,12.81,1262.4,1263.9,1229.3
2025-10-03,Indonesia-Paradip,Panamax,10.63,2025,10,3,4,13.08,12.04,1199.6,1293.1,1262.4
2025-10-10,Indonesia-Paradip,Panamax,12.15,2025,10,10,4,10.63,12.63,1194.9,1272.2,1199.6
2025-10-17,Indonesia-Paradip,Panamax,13.37,2025,10,17,4,12.15,13.09,1246.7,1230.7,1194.9
2025-10-24,Indonesia-Paradip,Panamax,12.03,2025,10,24,4,13.37,12.32,1236.4,1223.0,1246.7
2025-10-31,Indonesia-Paradip,Panamax,11.29,2025,10,31,4,12.03,10.84,1185.5,1175.0,1236.4
2025-11-07,Indonesia-Paradip,Panamax,13.56,2025,11,7,4,11.29,12.74,1296.1,1230.0,1185.5
2025-11-14,Indonesia-Paradip,Panamax,11.58,2025,11,14,4,13.56,13.08,1158.5,1192.1,1296.1
2025-11-21,Indonesia-Paradip,Panamax,14.05,2025,11,21,4,11.58,10.63,1242.0,1220.3,1158.5
2025-11-28,Indonesia-Paradip,Panamax,12.97,2025,11,28,4,14.05,12.15,1231.0,1205.5,1242.0
2025-12-05,Indonesia-Paradip,Panamax,13.57,2025,12,5,4,12.97,13.37,1119.0,1264.5,1231.0
2025-12-12,Indonesia-Paradip,Panamax,13.15,2025,12,12,4,13.57,12.03,1286.9,1188.5,1119.0
2025-12-19,Indonesia-Paradip,Panamax,14.46,2025,12,19,4,13.15,11.29,1246.9,1260.6,1286.9
2025-12-26,Indonesia-Paradip,Panamax,14.05,2025,12,26,4,14.46,13.56,1316.4,1408.1,1246.9
2026-01-02,Indonesia-Paradip,Panamax,12.74,2026,1,2,4,14.05,11.58,1356.8,1305.2,1316.4
2026-01-09,Indonesia-Paradip,Panamax,14.78,2026,1,9,4,12.74,14.05,1347.2,1209.1,1356.8
2026-01-16,Indonesia-Paradip,Panamax,15.12,2026,1,16,4,14.78,12.97,1268.9,1403.0,1347.2
2026-01-23,Indonesia-Paradip,Panamax,14.33,2026,1,23,4,15.12,13.57,1399.5,1401.1,1268.9
2026-01-30,Indonesia-Paradip,Panamax,14.59,2026,1,30,4,14.33,13.15,1528.6,1467.4,1399.5
2026-02-06,Indonesia-Paradip,Panamax,15.7,2026,2,6,4,14.59,14.46,1417.4,1423.0,1528.6
2026-02-13,Indonesia-Paradip,Panamax,16.36,2026,2,13,4,15.7,14.05,1578.6,1347.8,1417.4
2026-02-20,Indonesia-Paradip,Panamax,14.86,2026,2,20,4,16.36,12.74,1403.5,1499.1,1578.6
2026-02-27,Indonesia-Paradip,Panamax,17.8,2026,2,27,4,14.86,14.78,1635.4,1591.4,1403.5
2026-03-06,Indonesia-Paradip,Panamax,15.44,2026,3,6,4,17.8,15.12,1578.4,1586.5,1635.4
2026-03-13,Indonesia-Paradip,Panamax,17.28,2026,3,13,4,15.44,14.33,1480.1,1592.1,1578.4
2026-03-20,Indonesia-Paradip,Panamax,17.24,2026,3,20,4,17.28,14.59,1690.7,1672.6,1480.1
2026-03-27,Indonesia-Paradip,Panamax,17.72,2026,3,27,4,17.24,15.7,1715.8,1657.2,1690.7
2026-04-03,Indonesia-Paradip,Panamax,17.49,2026,4,3,4,17.72,16.36,1720.6,1636.3,1715.8
2026-04-10,Indonesia-Paradip,Panamax,15.71,2026,4,10,4,17.49,14.86,1719.7,1754.6,1720.6
2026-04-17,Indonesia-Paradip,Panamax,17.14,2026,4,17,4,15.71,17.8,1741.8,1824.3,1719.7
2026-04-24,Indonesia-Paradip,Panamax,17.01,2026,4,24,4,17.14,15.44,1737.8,1690.2,1741.8
2026-05-01,Indonesia-Paradip,Panamax,17.41,2026,5,1,4,17.01,17.28,1804.6,1740.5,1737.8
2026-05-08,Indonesia-Paradip,Panamax,16.15,2026,5,8,4,17.41,17.24,1867.4,1799.7,1804.6
2026-05-15,Indonesia-Paradip,Panamax,16.21,2026,5,15,4,16.15,17.72,1800.6,1930.8,1867.4
2026-05-22,Indonesia-Paradip,Panamax,16.26,2026,5,22,4,16.21,17.49,1884.4,1928.1,1800.6
2026-05-29,Indonesia-Paradip,Panamax,16.26,2026,5,29,4,16.26,15.71,1775.5,1852.0,1884.4
2026-06-05,Indonesia-Paradip,Panamax,15.82,2026,6,5,4,16.26,17.14,1893.6,1773.8,1775.5
2026-06-12,Indonesia-Paradip,Panamax,16.18,2026,6,12,4,15.82,17.01,1910.5,1884.3,1893.6
2026-06-19,Indonesia-Paradip,Panamax,17.71,2026,6,19,4,16.18,17.41,1882.1,2027.3,1910.5
2026-06-26,Indonesia-Paradip,Panamax,15.69,2026,6,26,4,17.71,16.15,1836.2,1969.2,1882.1
2026-07-03,Indonesia-Paradip,Panamax,16.04,2026,7,3,4,15.69,16.21,1941.0,1869.2,1836.2
2026-07-10,Indonesia-Paradip,Panamax,14.48,2026,7,10,4,16.04,16.26,1862.4,1845.2,1941.0
2026-07-17,Indonesia-Paradip,Panamax,14.88,2026,7,17,4,14.48,16.26,1877.2,2024.2,1862.4
2026-07-24,Indonesia-Paradip,Panamax,13.01,2026,7,24,4,14.88,15.82,1881.8,1966.6,1877.2
2026-07-31,Indonesia-Paradip,Panamax,15.6,2026,7,31,4,13.01,16.18,1881.8,1869.8,1881.8
2026-08-07,Indonesia-Paradip,Panamax,15.01,2026,8,7,4,15.6,17.71,1944.8,1823.2,1881.8
2026-08-14,Indonesia-Paradip,Panamax,14.18,2026,8,14,4,15.01,15.69,1922.7,1935.5,1944.8
2026-08-21,Indonesia-Paradip,Panamax,15.31,2026,8,21,4,14.18,16.04,1890.6,1916.5,1922.7
2026-08-28,Indonesia-Paradip,Panamax,13.34,2026,8,28,4,15.31,14.48,1863.2,1967.9,1890.6
2018-02-23,Indonesia-Paradip,Supramax,23.38,2018,2,23,4,21.86,20.83,2306.9,2170.6,2171.5
2018-03-02,Indonesia-Paradip,Supramax,23.93,2018,3,2,4,23.38,19.92,2308.2,2272.3,2306.9
2018-03-09,Indonesia-Paradip,Supramax,22.91,2018,3,9,4,23.93,21.03,2291.4,2274.8,2308.2
2018-03-16,Indonesia-Paradip,Supramax,23.54,2018,3,16,4,22.91,20.84,2287.3,2280.0,2291.4
2018-03-23,Indonesia-Paradip,Supramax,25.32,2018,3,23,4,23.54,21.07,2331.8,2306.2,2287.3
2018-03-30,Indonesia-Paradip,Supramax,23.28,2018,3,30,4,25.32,21.44,2384.8,2367.6,2331.8
2018-04-06,Indonesia-Paradip,Supramax,24.11,2018,4,6,4,23.28,21.86,2410.1,2433.8,2384.8
2018-04-13,Indonesia-Paradip,Supramax,24.66,2018,4,13,4,24.11,23.38,2378.3,2408.3,2410.1
2018-04-20,Indonesia-Paradip,Supramax,24.79,2018,4,20,4,24.66,23.93,2446.4,2291.5,2378.3
2018-04-27,Indonesia-Paradip,Supramax,24.04,2018,4,27,4,24.79,22.91,2390.1,2359.0,2446.4
2018-05-04,Indonesia-Paradip,Supramax,23.62,2018,5,4,4,24.04,23.54,2345.4,2418.0,2390.1
2018-05-11,Indonesia-Paradip,Supramax,23.27,2018,5,11,4,23.62,25.32,2388.1,2331.1,2345.4
2018-05-18,Indonesia-Paradip,Supramax,22.8,2018,5,18,4,23.27,23.28,2412.5,2456.3,2388.1
2018-05-25,Indonesia-Paradip,Supramax,22.53,2018,5,25,4,22.8,24.11,2323.4,2458.5,2412.5
2018-06-01,Indonesia-Paradip,Supramax,23.41,2018,6,1,4,22.53,24.66,2323.7,2402.6,2323.4
2018-06-08,Indonesia-Paradip,Supramax,20.6,2018,6,8,4,23.41,24.79,2297.5,2354.7,2323.7
2018-06-15,Indonesia-Paradip,Supramax,22.05,2018,6,15,4,20.6,24.04,2241.2,2273.7,2297.5
2018-06-22,Indonesia-Paradip,Supramax,21.88,2018,6,22,4,22.05,23.62,2128.9,2195.7,2241.2
2018-06-29,Indonesia-Paradip,Supramax,20.81,2018,6,29,4,21.88,23.27,2197.3,2128.1,2128.9
2018-07-06,Indonesia-Paradip,Supramax,20.62,2018,7,6,4,20.81,22.8,2149.3,2157.8,2197.3
2018-07-13,Indonesia-Paradip,Supramax,21.41,2018,7,13,4,20.62,22.53,2189.9,2083.8,2149.3
2018-07-20,Indonesia-Paradip,Supramax,20.38,2018,7,20,4,21.41,23.41,2139.2,2033.8,2189.9
2018-07-27,Indonesia-Paradip,Supramax,19.43,2018,7,27,4,20.38,20.6,1987.2,1970.1,2139.2
2018-08-03,Indonesia-Paradip,Supramax,18.52,2018,8,3,4,19.43,22.05,2085.5,1949.0,1987.2
2018-08-10,Indonesia-Paradip,Supramax,17.94,2018,8,10,4,18.52,21.88,1865.5,1949.7,2085.5
2018-08-17,Indonesia-Paradip,Supramax,17.51,2018,8,17,4,17.94,20.81,1900.8,1835.8,1865.5
2018-08-24,Indonesia-Paradip,Supramax,19.65,2018,8,24,4,17.51,20.62,1810.9,1794.4,1900.8
2018-08-31,Indonesia-Paradip,Supramax,17.68,2018,8,31,4,19.65,21.41,1627.8,1781.5,1810.9
2018-09-07,Indonesia-Paradip,Supramax,18.31,2018,9,7,4,17.68,20.38,1667.4,1690.0,1627.8
2018-09-14,Indonesia-Paradip,Supramax,18.16,2018,9,14,4,18.31,19.43,1700.8,1672.9,1667.4
2018-09-21,Indonesia-Paradip,Supramax,16.88,2018,9,21,4,18.16,18.52,1661.0,1623.6,1700.8
2018-09-28,Indonesia-Paradip,Supramax,16.62,2018,9,28,4,16.88,17.94,1631.5,1612.4,1661.0
2018-10-05,Indonesia-Paradip,Supramax,16.76,2018,10,5,4,16.62,17.51,1633.9,1646.5,1631.5
2018-10-12,Indonesia-Paradip,Supramax,17.28,2018,10,12,4,16.76,19.65,1471.8,1552.6,1633.9
2018-10-19,Indonesia-Paradip,Supramax,16.2,2018,10,19,4,17.28,17.68,1573.8,1658.5,1471.8
2018-10-26,Indonesia-Paradip,Supramax,16.94,2018,10,26,4,16.2,18.31,1661.9,1572.7,1573.8
2018-11-02,Indonesia-Paradip,Supramax,18.11,2018,11,2,4,16.94,18.16,1594.7,1588.4,1661.9
2018-11-09,Indonesia-Paradip,Supramax,18.05,2018,11,9,4,18.11,16.88,1584.1,1561.8,1594.7
2018-11-16,Indonesia-Paradip,Supramax,18.64,2018,11,16,4,18.05,16.62,1695.6,1662.8,1584.1
2018-11-23,Indonesia-Paradip,Supramax,17.68,2018,11,23,4,18.64,16.76,1565.8,1632.0,1695.6
2018-11-30,Indonesia-Paradip,Supramax,17.28,2018,11,30,4,17.68,17.28,1627.9,1652.3,1565.8
2018-12-07,Indonesia-Paradip,Supramax,19.78,2018,12,7,4,17.28,16.2,1695.0,1690.3,1627.9
2018-12-14,Indonesia-Paradip,Supramax,18.68,2018,12,14,4,19.78,16.94,1715.5,1757.6,1695.0
2018-12-21,Indonesia-Paradip,Supramax,18.83,2018,12,21,4,18.68,18.11,1798.3,1751.8,1715.5
2018-12-28,Indonesia-Paradip,Supramax,20.0,2018,12,28,4,18.83,18.05,1772.4,1802.5,1798.3
2019-01-04,Indonesia-Paradip,Supramax,21.98,2019,1,4,4,20.0,18.64,1980.9,1937.9,1772.4
2019-01-11,Indonesia-Paradip,Supramax,20.98,2019,1,11,4,21.98,17.68,1936.0,1901.2,1980.9
2019-01-18,Indonesia-Paradip,Supramax,19.98,2019,1,18,4,20.98,17.28,1960.2,1929.1,1936.0
2019-01-25,Indonesia-Paradip,Supramax,20.81,2019,1,25,4,19.98,19.78,2010.3,2099.3,1960.2
2019-02-01,Indonesia-Paradip,Supramax,20.87,2019,2,1,4,20.81,18.68,2038.5,2089.5,2010.3
2019-02-08,Indonesia-Paradip,Supramax,23.03,2019,2,8,4,20.87,18.83,2176.7,2043.9,2038.5
2019-02-15,Indonesia-Paradip,Supramax,23.61,2019,2,15,4,23.03,20.0,2253.8,2176.9,2176.7
2019-02-22,Indonesia-Paradip,Supramax,22.82,2019,2,22,4,23.61,21.98,2335.2,2271.9,2253.8
2019-03-01,Indonesia-Paradip,Supramax,23.86,2019,3,1,4,22.82,20.98,2298.9,2400.7,2335.2
2019-03-08,Indonesia-Paradip,Supramax,24.18,2019,3,8,4,23.86,19.98,2424.4,2425.2,2298.9
2019-03-15,Indonesia-Paradip,Supramax,23.73,2019,3,15,4,24.18,20.81,2357.8,2534.1,2424.4
2019-03-22,Indonesia-Paradip,Supramax,24.83,2019,3,22,4,23.73,20.87,2449.9,2540.0,2357.8
2019-03-29,Indonesia-Paradip,Supramax,23.93,2019,3,29,4,24.83,23.03,2500.1,2482.5,2449.9
2019-04-05,Indonesia-Paradip,Supramax,24.01,2019,4,5,4,23.93,23.61,2550.0,2545.2,2500.1
2019-04-12,Indonesia-Paradip,Supramax,24.8,2019,4,12,4,24.01,22.82,2623.0,2602.4,2550.0
2019-04-19,Indonesia-Paradip,Supramax,24.97,2019,4,19,4,24.8,23.86,2661.0,2610.5,2623.0
2019-04-26,Indonesia-Paradip,Supramax,25.59,2019,4,26,4,24.97,24.18,2663.9,2598.0,2661.0
2019-05-03,Indonesia-Paradip,Supramax,25.06,2019,5,3,4,25.59,23.73,2726.3,2611.2,2663.9
2019-05-10,Indonesia-Paradip,Supramax,25.01,2019,5,10,4,25.06,24.83,2658.8,2701.1,2726.3
2019-05-17,Indonesia-Paradip,Supramax,24.48,2019,5,17,4,25.01,23.93,2695.0,2694.3,2658.8
2019-05-24,Indonesia-Paradip,Supramax,24.49,2019,5,24,4,24.48,24.01,2748.6,2744.6,2695.0
2019-05-31,Indonesia-Paradip,Supramax,23.51,2019,5,31,4,24.49,24.8,2600.5,2697.5,2748.6
2019-06-07,Indonesia-Paradip,Supramax,24.8,2019,6,7,4,23.51,24.97,2630.2,2683.6,2600.5
2019-06-14,Indonesia-Paradip,Supramax,23.65,2019,6,14,4,24.8,25.59,2665.3,2693.3,2630.2
2019-06-21,Indonesia-Paradip,Supramax,24.79,2019,6,21,4,23.65,25.06,2669.9,2559.0,2665.3
2019-06-28,Indonesia-Paradip,Supramax,21.37,2019,6,28,4,24.79,25.01,2612.1,2618.6,2669.9
2019-07-05,Indonesia-Paradip,Supramax,23.67,2019,7,5,4,21.37,24.48,2542.9,2554.6,2612.1
2019-07-12,Indonesia-Paradip,Supramax,22.94,2019,7,12,4,23.67,24.49,2626.3,2637.5,2542.9
2019-07-19,Indonesia-Paradip,Supramax,22.34,2019,7,19,4,22.94,23.51,2536.0,2486.7,2626.3
2019-07-26,Indonesia-Paradip,Supramax,21.22,2019,7,26,4,22.34,24.8,2380.4,2425.1,2536.0
2019-08-02,Indonesia-Paradip,Supramax,19.25,2019,8,2,4,21.22,23.65,2304.5,2373.1,2380.4
2019-08-09,Indonesia-Paradip,Supramax,20.13,2019,8,9,4,19.25,24.79,2297.7,2358.7,2304.5
2019-08-16,Indonesia-Paradip,Supramax,20.5,2019,8,16,4,20.13,21.37,2285.7,2247.6,2297.7
2019-08-23,Indonesia-Paradip,Supramax,20.94,2019,8,23,4,20.5,23.67,2212.3,2334.6,2285.7
2019-08-30,Indonesia-Paradip,Supramax,19.62,2019,8,30,4,20.94,22.94,2054.5,2084.9,2212.3
2019-09-06,Indonesia-Paradip,Supramax,18.71,2019,9,6,4,19.62,22.34,2053.2,2040.6,2054.5
2019-09-13,Indonesia-Paradip,Supramax,19.81,2019,9,13,4,18.71,21.22,2018.5,1989.6,2053.2
2019-09-20,Indonesia-Paradip,Supramax,18.22,2019,9,20,4,19.81,19.25,1988.8,1979.4,2018.5
2019-09-27,Indonesia-Paradip,Supramax,17.28,2019,9,27,4,18.22,20.13,1907.9,1926.7,1988.8
2019-10-04,Indonesia-Paradip,Supramax,18.6,2019,10,4,4,17.28,20.5,1825.4,1906.7,1907.9
2019-10-11,Indonesia-Paradip,Supramax,16.82,2019,10,11,4,18.6,20.94,1724.4,1738.7,1825.4
2019-10-18,Indonesia-Paradip,Supramax,17.7,2019,10,18,4,16.82,19.62,1675.6,1751.1,1724.4
2019-10-25,Indonesia-Paradip,Supramax,17.19,2019,10,25,4,17.7,18.71,1692.2,1658.3,1675.6
2019-11-01,Indonesia-Paradip,Supramax,15.24,2019,11,1,4,17.19,19.81,1608.1,1568.8,1692.2
2019-11-08,Indonesia-Paradip,Supramax,16.66,2019,11,8,4,15.24,18.22,1559.8,1526.8,1608.1
2019-11-15,Indonesia-Paradip,Supramax,16.63,2019,11,15,4,16.66,17.28,1539.3,1537.2,1559.8
2019-11-22,Indonesia-Paradip,Supramax,17.28,2019,11,22,4,16.63,18.6,1463.3,1563.0,1539.3
2019-11-29,Indonesia-Paradip,Supramax,16.28,2019,11,29,4,17.28,16.82,1341.3,1383.8,1463.3
2019-12-06,Indonesia-Paradip,Supramax,16.23,2019,12,6,4,16.28,17.7,1425.5,1391.8,1341.3
2019-12-13,Indonesia-Paradip,Supramax,17.23,2019,12,13,4,16.23,17.19,1298.9,1346.2,1425.5
2019-12-20,Indonesia-Paradip,Supramax,17.71,2019,12,20,4,17.23,15.24,1324.0,1358.0,1298.9
2019-12-27,Indonesia-Paradip,Supramax,16.65,2019,12,27,4,17.71,16.66,1253.4,1504.7,1324.0
2020-01-03,Indonesia-Paradip,Supramax,17.5,2020,1,3,4,16.65,16.63,1316.1,1305.5,1253.4
2020-01-10,Indonesia-Paradip,Supramax,17.43,2020,1,10,4,17.5,17.28,1303.2,1243.5,1316.1
2020-01-17,Indonesia-Paradip,Supramax,18.85,2020,1,17,4,17.43,16.28,1270.9,1366.1,1303.2
2020-01-24,Indonesia-Paradip,Supramax,18.33,2020,1,24,4,18.85,16.23,1262.1,1181.1,1270.9
2020-01-31,Indonesia-Paradip,Supramax,18.45,2020,1,31,4,18.33,17.23,1214.3,1257.5,1262.1
2020-02-07,Indonesia-Paradip,Supramax,18.95,2020,2,7,4,18.45,17.71,1225.3,1126.5,1214.3
2020-02-14,Indonesia-Paradip,Supramax,16.9,2020,2,14,4,18.95,16.65,1160.6,1236.6,1225.3
2020-02-21,Indonesia-Paradip,Supramax,17.92,2020,2,21,4,16.9,17.5,1116.5,1198.5,1160.6
2020-02-28,Indonesia-Paradip,Supramax,18.29,2020,2,28,4,17.92,17.43,1107.3,1151.3,1116.5
2020-03-06,Indonesia-Paradip,Supramax,16.59,2020,3,6,4,18.29,18.85,627.5,527.8,1107.3
2020-03-13,Indonesia-Paradip,Supramax,16.07,2020,3,13,4,16.59,18.33,368.7,569.6,627.5
2020-03-20,Indonesia-Paradip,Supramax,15.76,2020,3,20,4,16.07,18.45,491.8,454.7,368.7
2020-03-27,Indonesia-Paradip,Supramax,17.02,2020,3,27,4,15.76,18.95,499.0,482.9,491.8
2020-04-03,Indonesia-Paradip,Supramax,16.98,2020,4,3,4,17.02,16.9,400.8,434.8,499.0
2020-04-10,Indonesia-Paradip,Supramax,17.31,2020,4,10,4,16.98,17.92,500.6,411.1,400.8
2020-04-17,Indonesia-Paradip,Supramax,15.34,2020,4,17,4,17.31,18.29,420.0,430.4,500.6
2020-04-24,Indonesia-Paradip,Supramax,17.04,2020,4,24,4,15.34,16.59,483.1,347.7,420.0
2020-05-01,Indonesia-Paradip,Supramax,16.48,2020,5,1,4,17.04,16.07,392.4,414.7,483.1
2020-05-08,Indonesia-Paradip,Supramax,16.29,2020,5,8,4,16.48,15.76,436.9,329.2,392.4
2020-05-15,Indonesia-Paradip,Supramax,14.73,2020,5,15,4,16.29,17.02,380.2,443.8,436.9
2020-05-22,Indonesia-Paradip,Supramax,15.15,2020,5,22,4,14.73,16.98,338.9,300.0,380.2
2020-05-29,Indonesia-Paradip,Supramax,15.14,2020,5,29,4,15.15,17.31,345.9,340.9,338.9
2020-06-05,Indonesia-Paradip,Supramax,14.77,2020,6,5,4,15.14,15.34,304.2,300.0,345.9
2020-06-12,Indonesia-Paradip,Supramax,13.87,2020,6,12,4,14.77,17.04,343.0,300.0,304.2
2020-06-19,Indonesia-Paradip,Supramax,13.21,2020,6,19,4,13.87,16.48,300.0,300.0,343.0
2020-06-26,Indonesia-Paradip,Supramax,13.14,2020,6,26,4,13.21,16.29,300.0,300.0,300.0
2020-07-03,Indonesia-Paradip,Supramax,13.17,2020,7,3,4,13.14,14.73,300.0,300.0,300.0
2020-07-10,Indonesia-Paradip,Supramax,13.36,2020,7,10,4,13.17,15.15,300.0,300.0,300.0
2020-07-17,Indonesia-Paradip,Supramax,14.42,2020,7,17,4,13.36,15.14,300.0,300.0,300.0
2020-07-24,Indonesia-Paradip,Supramax,13.61,2020,7,24,4,14.42,14.77,300.0,300.0,300.0
2020-07-31,Indonesia-Paradip,Supramax,13.02,2020,7,31,4,13.61,13.87,300.0,300.0,300.0
2020-08-07,Indonesia-Paradip,Supramax,12.89,2020,8,7,4,13.02,13.21,300.0,300.0,300.0
2020-08-14,Indonesia-Paradip,Supramax,12.29,2020,8,14,4,12.89,13.14,300.0,300.0,300.0
2020-08-21,Indonesia-Paradip,Supramax,12.03,2020,8,21,4,12.29,13.17,300.0,300.0,300.0
2020-08-28,Indonesia-Paradip,Supramax,11.54,2020,8,28,4,12.03,13.36,300.0,300.0,300.0
2020-09-04,Indonesia-Paradip,Supramax,13.05,2020,9,4,4,11.54,14.42,660.4,646.0,300.0
2020-09-11,Indonesia-Paradip,Supramax,12.21,2020,9,11,4,13.05,13.61,520.1,601.9,660.4
2020-09-18,Indonesia-Paradip,Supramax,12.98,2020,9,18,4,12.21,13.02,567.2,536.3,520.1
2020-09-25,Indonesia-Paradip,Supramax,13.02,2020,9,25,4,12.98,12.89,649.1,594.6,567.2
2020-10-02,Indonesia-Paradip,Supramax,12.49,2020,10,2,4,13.02,12.29,598.5,526.8,649.1
2020-10-09,Indonesia-Paradip,Supramax,12.31,2020,10,9,4,12.49,12.03,558.9,504.9,598.5
2020-10-16,Indonesia-Paradip,Supramax,14.12,2020,10,16,4,12.31,11.54,615.1,654.9,558.9
2020-10-23,Indonesia-Paradip,Supramax,12.86,2020,10,23,4,14.12,13.05,694.6,679.2,615.1
2020-10-30,Indonesia-Paradip,Supramax,13.62,2020,10,30,4,12.86,12.21,606.3,606.8,694.6
2020-11-06,Indonesia-Paradip,Supramax,13.86,2020,11,6,4,13.62,12.98,636.9,651.0,606.3
2020-11-13,Indonesia-Paradip,Supramax,13.79,2020,11,13,4,13.86,13.02,705.3,709.5,636.9
2020-11-20,Indonesia-Paradip,Supramax,14.18,2020,11,20,4,13.79,12.49,716.1,686.8,705.3
2020-11-27,Indonesia-Paradip,Supramax,14.72,2020,11,27,4,14.18,12.31,722.5,744.4,716.1
2020-12-04,Indonesia-Paradip,Supramax,14.38,2020,12,4,4,14.72,14.12,696.3,717.6,722.5
2020-12-11,Indonesia-Paradip,Supramax,14.29,2020,12,11,4,14.38,12.86,715.5,774.0,696.3
2020-12-18,Indonesia-Paradip,Supramax,14.52,2020,12,18,4,14.29,13.62,820.8,854.7,715.5
2020-12-25,Indonesia-Paradip,Supramax,16.33,2020,12,25,4,14.52,13.86,912.7,865.8,820.8
2021-01-01,Indonesia-Paradip,Supramax,18.29,2021,1,1,4,16.33,13.79,955.0,975.9,912.7
2021-01-08,Indonesia-Paradip,Supramax,18.18,2021,1,8,4,18.29,14.18,1032.9,923.1,955.0
2021-01-15,Indonesia-Paradip,Supramax,16.02,2021,1,15,4,18.18,14.72,986.7,983.6,1032.9
2021-01-22,Indonesia-Paradip,Supramax,17.77,2021,1,22,4,16.02,14.38,1122.3,996.5,986.7
2021-01-29,Indonesia-Paradip,Supramax,18.37,2021,1,29,4,17.77,14.29,1093.6,1032.3,1122.3
2021-02-05,Indonesia-Paradip,Supramax,18.38,2021,2,5,4,18.37,14.52,1099.1,1122.1,1093.6
2021-02-12,Indonesia-Paradip,Supramax,17.86,2021,2,12,4,18.38,16.33,1168.9,1188.2,1099.1
2021-02-19,Indonesia-Paradip,Supramax,19.1,2021,2,19,4,17.86,18.29,1269.8,1152.0,1168.9
2021-02-26,Indonesia-Paradip,Supramax,19.84,2021,2,26,4,19.1,18.18,1224.1,1296.2,1269.8
2021-03-05,Indonesia-Paradip,Supramax,18.85,2021,3,5,4,19.84,16.02,1245.2,1266.8,1224.1
2021-03-12,Indonesia-Paradip,Supramax,20.44,2021,3,12,4,18.85,17.77,1239.4,1276.6,1245.2
2021-03-19,Indonesia-Paradip,Supramax,19.5,2021,3,19,4,20.44,18.37,1356.1,1307.6,1239.4
2021-03-26,Indonesia-Paradip,Supramax,21.32,2021,3,26,4,19.5,18.38,1370.8,1267.4,1356.1
2021-04-02,Indonesia-Paradip,Supramax,19.82,2021,4,2,4,21.32,17.86,1287.1,1421.0,1370.8
2021-04-09,Indonesia-Paradip,Supramax,19.01,2021,4,9,4,19.82,19.1,1297.5,1344.8,1287.1
2021-04-16,Indonesia-Paradip,Supramax,19.99,2021,4,16,4,19.01,19.84,1305.9,1358.2,1297.5
2021-04-23,Indonesia-Paradip,Supramax,18.58,2021,4,23,4,19.99,18.85,1359.5,1369.5,1305.9
2021-04-30,Indonesia-Paradip,Supramax,19.89,2021,4,30,4,18.58,20.44,1226.7,1307.2,1359.5
2021-05-07,Indonesia-Paradip,Supramax,25.87,2021,5,7,4,19.89,19.5,2783.8,2753.3,1226.7
2021-05-14,Indonesia-Paradip,Supramax,25.67,2021,5,14,4,25.87,21.32,2815.2,2675.0,2783.8
2021-05-21,Indonesia-Paradip,Supramax,26.56,2021,5,21,4,25.67,19.82,2801.9,2736.3,2815.2
2021-05-28,Indonesia-Paradip,Supramax,25.75,2021,5,28,4,26.56,19.01,2772.8,2706.3,2801.9
2021-06-04,Indonesia-Paradip,Supramax,24.07,2021,6,4,4,25.75,19.99,2631.4,2637.8,2772.8
2021-06-11,Indonesia-Paradip,Supramax,23.83,2021,6,11,4,24.07,18.58,2581.2,2681.1,2631.4
2021-06-18,Indonesia-Paradip,Supramax,22.98,2021,6,18,4,23.83,19.89,2563.7,2678.4,2581.2
2021-06-25,Indonesia-Paradip,Supramax,23.46,2021,6,25,4,22.98,25.87,2586.4,2513.7,2563.7
2021-07-02,Indonesia-Paradip,Supramax,23.43,2021,7,2,4,23.46,25.67,2535.9,2582.2,2586.4
2021-07-09,Indonesia-Paradip,Supramax,22.07,2021,7,9,4,23.43,26.56,2399.4,2466.2,2535.9
2021-07-16,Indonesia-Paradip,Supramax,20.59,2021,7,16,4,22.07,25.75,2500.1,2467.0,2399.4
2021-07-23,Indonesia-Paradip,Supramax,21.92,2021,7,23,4,20.59,24.07,2439.1,2320.6,2500.1
2021-07-30,Indonesia-Paradip,Supramax,20.35,2021,7,30,4,21.92,23.83,2299.0,2281.2,2439.1
2021-08-06,Indonesia-Paradip,Supramax,20.04,2021,8,6,4,20.35,22.98,2267.5,2347.0,2299.0
2021-08-13,Indonesia-Paradip,Supramax,19.58,2021,8,13,4,20.04,23.46,2296.4,2300.4,2267.5
2021-08-20,Indonesia-Paradip,Supramax,19.48,2021,8,20,4,19.58,23.43,2224.7,2188.1,2296.4
2021-08-27,Indonesia-Paradip,Supramax,18.14,2021,8,27,4,19.48,22.07,2151.3,2192.3,2224.7
2021-09-03,Indonesia-Paradip,Supramax,19.68,2021,9,3,4,18.14,20.59,2126.6,2098.0,2151.3
2021-09-10,Indonesia-Paradip,Supramax,17.86,2021,9,10,4,19.68,21.92,2068.9,2065.0,2126.6
2021-09-17,Indonesia-Paradip,Supramax,18.93,2021,9,17,4,17.86,20.35,2060.5,2097.9,2068.9
2021-09-24,Indonesia-Paradip,Supramax,18.51,2021,9,24,4,18.93,20.04,2094.4,2130.2,2060.5
2021-10-01,Indonesia-Paradip,Supramax,18.56,2021,10,1,4,18.51,19.58,2106.2,1949.2,2094.4
2021-10-08,Indonesia-Paradip,Supramax,18.34,2021,10,8,4,18.56,19.48,2070.6,2075.7,2106.2
2021-10-15,Indonesia-Paradip,Supramax,18.81,2021,10,15,4,18.34,18.14,1987.6,2006.3,2070.6
2021-10-22,Indonesia-Paradip,Supramax,19.82,2021,10,22,4,18.81,19.68,2064.4,2127.2,1987.6
2021-10-29,Indonesia-Paradip,Supramax,19.24,2021,10,29,4,19.82,17.86,2025.7,2074.7,2064.4
2021-11-05,Indonesia-Paradip,Supramax,19.2,2021,11,5,4,19.24,18.93,2087.2,2149.5,2025.7
2021-11-12,Indonesia-Paradip,Supramax,20.25,2021,11,12,4,19.2,18.51,2169.6,2138.3,2087.2
2021-11-19,Indonesia-Paradip,Supramax,19.85,2021,11,19,4,20.25,18.56,2198.5,2156.0,2169.6
2021-11-26,Indonesia-Paradip,Supramax,20.05,2021,11,26,4,19.85,18.34,2260.9,2174.7,2198.5
2021-12-03,Indonesia-Paradip,Supramax,14.95,2021,12,3,4,20.05,18.81,769.1,724.2,2260.9
2021-12-10,Indonesia-Paradip,Supramax,14.41,2021,12,10,4,14.95,19.82,808.2,737.9,769.1
2021-12-17,Indonesia-Paradip,Supramax,15.92,2021,12,17,4,14.41,19.24,977.5,821.1,808.2
2021-12-24,Indonesia-Paradip,Supramax,17.35,2021,12,24,4,15.92,19.2,996.8,1068.7,977.5
2021-12-31,Indonesia-Paradip,Supramax,17.45,2021,12,31,4,17.35,20.25,985.7,996.6,996.8
2022-01-07,Indonesia-Paradip,Supramax,17.63,2022,1,7,4,17.45,19.85,1064.8,1169.6,985.7
2022-01-14,Indonesia-Paradip,Supramax,18.88,2022,1,14,4,17.63,20.05,1109.5,1188.7,1064.8
2022-01-21,Indonesia-Paradip,Supramax,15.92,2022,1,21,4,18.88,14.95,1270.3,1228.4,1109.5
2022-01-28,Indonesia-Paradip,Supramax,19.32,2022,1,28,4,15.92,14.41,1360.2,1390.8,1270.3
2022-02-04,Indonesia-Paradip,Supramax,19.71,2022,2,4,4,19.32,15.92,1441.4,1564.6,1360.2
2022-02-11,Indonesia-Paradip,Supramax,21.22,2022,2,11,4,19.71,17.35,1587.7,1420.8,1441.4
2022-02-18,Indonesia-Paradip,Supramax,20.57,2022,2,18,4,21.22,17.45,1670.0,1588.0,1587.7
2022-02-25,Indonesia-Paradip,Supramax,21.67,2022,2,25,4,20.57,17.63,1666.2,1769.8,1670.0
2022-03-04,Indonesia-Paradip,Supramax,21.29,2022,3,4,4,21.67,18.88,1748.9,1789.9,1666.2
2022-03-11,Indonesia-Paradip,Supramax,20.67,2022,3,11,4,21.29,15.92,1866.9,1935.3,1748.9
2022-03-18,Indonesia-Paradip,Supramax,20.95,2022,3,18,4,20.67,19.32,1940.8,2005.3,1866.9
2022-03-25,Indonesia-Paradip,Supramax,21.72,2022,3,25,4,20.95,19.71,1949.5,2055.2,1940.8
2022-04-01,Indonesia-Paradip,Supramax,21.92,2022,4,1,4,21.72,21.22,2068.0,2131.2,1949.5
2022-04-08,Indonesia-Paradip,Supramax,22.82,2022,4,8,4,21.92,20.57,2133.8,2195.8,2068.0
2022-04-15,Indonesia-Paradip,Supramax,23.16,2022,4,15,4,22.82,21.67,2259.7,2330.6,2133.8
2022-04-22,Indonesia-Paradip,Supramax,23.11,2022,4,22,4,23.16,21.29,2247.7,2298.9,2259.7
2022-04-29,Indonesia-Paradip,Supramax,23.69,2022,4,29,4,23.11,20.67,2491.9,2420.0,2247.7
2022-05-06,Indonesia-Paradip,Supramax,24.32,2022,5,6,4,23.69,20.95,2386.8,2439.6,2491.9
2022-05-13,Indonesia-Paradip,Supramax,23.98,2022,5,13,4,24.32,21.72,2534.5,2457.6,2386.8
2022-05-20,Indonesia-Paradip,Supramax,24.79,2022,5,20,4,23.98,21.92,2526.3,2494.1,2534.5
2022-05-27,Indonesia-Paradip,Supramax,22.11,2022,5,27,4,24.79,22.82,2492.5,2439.0,2526.3
2022-06-03,Indonesia-Paradip,Supramax,23.65,2022,6,3,4,22.11,23.16,2490.5,2479.9,2492.5
2022-06-10,Indonesia-Paradip,Supramax,24.45,2022,6,10,4,23.65,23.11,2579.3,2477.6,2490.5
2022-06-17,Indonesia-Paradip,Supramax,22.27,2022,6,17,4,24.45,23.69,2600.4,2601.0,2579.3
2022-06-24,Indonesia-Paradip,Supramax,22.21,2022,6,24,4,22.27,24.32,2582.5,2612.3,2600.4
2022-07-01,Indonesia-Paradip,Supramax,23.37,2022,7,1,4,22.21,23.98,2620.8,2624.6,2582.5
2022-07-08,Indonesia-Paradip,Supramax,22.38,2022,7,8,4,23.37,24.79,2619.5,2606.9,2620.8
2022-07-15,Indonesia-Paradip,Supramax,23.06,2022,7,15,4,22.38,22.11,2568.5,2568.6,2619.5
2022-07-22,Indonesia-Paradip,Supramax,22.58,2022,7,22,4,23.06,23.65,2571.4,2551.0,2568.5
2022-07-29,Indonesia-Paradip,Supramax,22.5,2022,7,29,4,22.58,24.45,2446.9,2521.4,2571.4
2022-08-05,Indonesia-Paradip,Supramax,19.96,2022,8,5,4,22.5,22.27,2505.7,2493.2,2446.9
2022-08-12,Indonesia-Paradip,Supramax,21.51,2022,8,12,4,19.96,22.21,2485.3,2647.2,2505.7
2022-08-19,Indonesia-Paradip,Supramax,20.26,2022,8,19,4,21.51,23.37,2438.4,2551.4,2485.3
2022-08-26,Indonesia-Paradip,Supramax,21.51,2022,8,26,4,20.26,22.38,2387.4,2480.1,2438.4
2022-09-02,Indonesia-Paradip,Supramax,21.45,2022,9,2,4,21.51,23.06,2543.0,2496.7,2387.4
2022-09-09,Indonesia-Paradip,Supramax,20.23,2022,9,9,4,21.45,22.58,2354.4,2371.2,2543.0
2022-09-16,Indonesia-Paradip,Supramax,19.59,2022,9,16,4,20.23,22.5,2275.6,2380.1,2354.4
2022-09-23,Indonesia-Paradip,Supramax,19.79,2022,9,23,4,19.59,19.96,2252.0,2242.2,2275.6
2022-09-30,Indonesia-Paradip,Supramax,18.82,2022,9,30,4,19.79,21.51,2269.5,2312.7,2252.0
2022-10-07,Indonesia-Paradip,Supramax,19.35,2022,10,7,4,18.82,20.26,2309.4,2274.1,2269.5
2022-10-14,Indonesia-Paradip,Supramax,18.7,2022,10,14,4,19.35,21.51,2220.3,2240.3,2309.4
2022-10-21,Indonesia-Paradip,Supramax,18.46,2022,10,21,4,18.7,21.45,2264.2,2209.6,2220.3
2022-10-28,Indonesia-Paradip,Supramax,18.65,2022,10,28,4,18.46,20.23,2129.7,2145.4,2264.2
2022-11-04,Indonesia-Paradip,Supramax,20.28,2022,11,4,4,18.65,19.59,2156.9,2304.6,2129.7
2022-11-11,Indonesia-Paradip,Supramax,19.26,2022,11,11,4,20.28,19.79,2114.6,2234.6,2156.9
2022-11-18,Indonesia-Paradip,Supramax,19.84,2022,11,18,4,19.26,18.82,2221.4,2125.3,2114.6
2022-11-25,Indonesia-Paradip,Supramax,19.13,2022,11,25,4,19.84,19.35,2134.9,2087.0,2221.4
2022-12-02,Indonesia-Paradip,Supramax,19.12,2022,12,2,4,19.13,18.7,2060.8,2086.2,2134.9
2022-12-09,Indonesia-Paradip,Supramax,20.14,2022,12,9,4,19.12,18.46,2118.9,2152.0,2060.8
2022-12-16,Indonesia-Paradip,Supramax,19.35,2022,12,16,4,20.14,18.65,1998.8,2061.1,2118.9
2022-12-23,Indonesia-Paradip,Supramax,20.3,2022,12,23,4,19.35,20.28,2157.6,2061.8,1998.8
2022-12-30,Indonesia-Paradip,Supramax,21.33,2022,12,30,4,20.3,19.26,2117.6,1975.4,2157.6
2023-01-06,Indonesia-Paradip,Supramax,22.15,2023,1,6,4,21.33,19.84,2126.6,2044.5,2117.6
2023-01-13,Indonesia-Paradip,Supramax,20.03,2023,1,13,4,22.15,19.13,2204.7,2096.6,2126.6
2023-01-20,Indonesia-Paradip,Supramax,21.01,2023,1,20,4,20.03,19.12,2059.7,2186.3,2204.7
2023-01-27,Indonesia-Paradip,Supramax,21.19,2023,1,27,4,21.01,20.14,2132.5,2109.8,2059.7
2023-02-03,Indonesia-Paradip,Supramax,21.99,2023,2,3,4,21.19,19.35,2021.6,2170.6,2132.5
2023-02-10,Indonesia-Paradip,Supramax,22.61,2023,2,10,4,21.99,20.3,2093.7,2135.1,2021.6
2023-02-17,Indonesia-Paradip,Supramax,23.72,2023,2,17,4,22.61,21.33,2191.5,2089.3,2093.7
2023-02-24,Indonesia-Paradip,Supramax,22.44,2023,2,24,4,23.72,22.15,2071.5,2148.7,2191.5
2023-03-03,Indonesia-Paradip,Supramax,22.85,2023,3,3,4,22.44,20.03,2103.4,2160.1,2071.5
2023-03-10,Indonesia-Paradip,Supramax,22.92,2023,3,10,4,22.85,21.01,2073.0,2058.9,2103.4
2023-03-17,Indonesia-Paradip,Supramax,22.14,2023,3,17,4,22.92,21.19,2213.0,2130.4,2073.0
2023-03-24,Indonesia-Paradip,Supramax,23.35,2023,3,24,4,22.14,21.99,2187.6,2159.8,2213.0
2023-03-31,Indonesia-Paradip,Supramax,23.47,2023,3,31,4,23.35,22.61,2124.5,2103.4,2187.6
2023-04-07,Indonesia-Paradip,Supramax,21.9,2023,4,7,4,23.47,23.72,2068.9,2073.4,2124.5
2023-04-14,Indonesia-Paradip,Supramax,23.6,2023,4,14,4,21.9,22.44,2174.1,2046.0,2068.9
2023-04-21,Indonesia-Paradip,Supramax,22.54,2023,4,21,4,23.6,22.85,2127.3,2173.7,2174.1
2023-04-28,Indonesia-Paradip,Supramax,22.58,2023,4,28,4,22.54,22.92,1961.7,2114.8,2127.3
2023-05-05,Indonesia-Paradip,Supramax,22.19,2023,5,5,4,22.58,22.14,2032.7,2008.9,1961.7
2023-05-12,Indonesia-Paradip,Supramax,23.04,2023,5,12,4,22.19,23.35,2127.0,2100.4,2032.7
2023-05-19,Indonesia-Paradip,Supramax,23.35,2023,5,19,4,23.04,23.47,2024.5,2062.1,2127.0
2023-05-26,Indonesia-Paradip,Supramax,22.4,2023,5,26,4,23.35,21.9,2149.8,2017.7,2024.5
2023-06-02,Indonesia-Paradip,Supramax,23.22,2023,6,2,4,22.4,23.6,2045.5,1911.7,2149.8
2023-06-09,Indonesia-Paradip,Supramax,20.61,2023,6,9,4,23.22,22.54,2012.6,2069.7,2045.5
2023-06-16,Indonesia-Paradip,Supramax,20.46,2023,6,16,4,20.61,22.58,1940.0,1986.8,2012.6
2023-06-23,Indonesia-Paradip,Supramax,20.8,2023,6,23,4,20.46,22.19,1974.0,1921.4,1940.0
2023-06-30,Indonesia-Paradip,Supramax,21.0,2023,6,30,4,20.8,23.04,1988.1,1957.5,1974.0
2023-07-07,Indonesia-Paradip,Supramax,19.21,2023,7,7,4,21.0,23.35,1852.7,1953.2,1988.1
2023-07-14,Indonesia-Paradip,Supramax,19.29,2023,7,14,4,19.21,22.4,1754.6,1913.4,1852.7
2023-07-21,Indonesia-Paradip,Supramax,18.49,2023,7,21,4,19.29,23.22,1771.6,1704.6,1754.6
2023-07-28,Indonesia-Paradip,Supramax,20.16,2023,7,28,4,18.49,20.61,1805.7,1707.1,1771.6
2023-08-04,Indonesia-Paradip,Supramax,19.15,2023,8,4,4,20.16,20.46,1704.0,1688.0,1805.7
2023-08-11,Indonesia-Paradip,Supramax,18.95,2023,8,11,4,19.15,20.8,1676.0,1755.2,1704.0
2023-08-18,Indonesia-Paradip,Supramax,19.03,2023,8,18,4,18.95,21.0,1713.0,1773.8,1676.0
2023-08-25,Indonesia-Paradip,Supramax,17.42,2023,8,25,4,19.03,19.21,1644.4,1665.1,1713.0
2023-09-01,Indonesia-Paradip,Supramax,16.56,2023,9,1,4,17.42,19.29,1750.1,1786.0,1644.4
2023-09-08,Indonesia-Paradip,Supramax,16.58,2023,9,8,4,16.56,18.49,1654.2,1684.8,1750.1
2023-09-15,Indonesia-Paradip,Supramax,16.18,2023,9,15,4,16.58,20.16,1669.2,1660.6,1654.2
2023-09-22,Indonesia-Paradip,Supramax,18.09,2023,9,22,4,16.18,19.15,1675.7,1585.4,1669.2
2023-09-29,Indonesia-Paradip,Supramax,17.15,2023,9,29,4,18.09,18.95,1678.1,1648.4,1675.7
2023-10-06,Indonesia-Paradip,Supramax,18.54,2023,10,6,4,17.15,19.03,1669.6,1606.4,1678.1
2023-10-13,Indonesia-Paradip,Supramax,17.04,2023,10,13,4,18.54,17.42,1674.2,1605.9,1669.6
2023-10-20,Indonesia-Paradip,Supramax,17.66,2023,10,20,4,17.04,16.56,1537.6,1535.1,1674.2
2023-10-27,Indonesia-Paradip,Supramax,16.18,2023,10,27,4,17.66,16.58,1733.0,1575.2,1537.6
2023-11-03,Indonesia-Paradip,Supramax,16.11,2023,11,3,4,16.18,16.18,1625.2,1588.2,1733.0
2023-11-10,Indonesia-Paradip,Supramax,16.73,2023,11,10,4,16.11,18.09,1638.7,1569.7,1625.2
2023-11-17,Indonesia-Paradip,Supramax,16.67,2023,11,17,4,16.73,17.15,1563.7,1529.4,1638.7
2023-11-24,Indonesia-Paradip,Supramax,18.24,2023,11,24,4,16.67,18.54,1635.0,1637.1,1563.7
2023-12-01,Indonesia-Paradip,Supramax,18.23,2023,12,1,4,18.24,17.04,1698.0,1605.4,1635.0
2023-12-08,Indonesia-Paradip,Supramax,17.28,2023,12,8,4,18.23,17.66,1666.2,1646.2,1698.0
2023-12-15,Indonesia-Paradip,Supramax,18.67,2023,12,15,4,17.28,16.18,1631.3,1702.6,1666.2
2023-12-22,Indonesia-Paradip,Supramax,19.59,2023,12,22,4,18.67,16.11,1714.1,1723.9,1631.3
2023-12-29,Indonesia-Paradip,Supramax,18.73,2023,12,29,4,19.59,16.73,1814.5,1789.6,1714.1
2024-01-05,Indonesia-Paradip,Supramax,19.42,2024,1,5,4,18.73,16.67,1774.9,1647.3,1814.5
2024-01-12,Indonesia-Paradip,Supramax,19.52,2024,1,12,4,19.42,18.24,1733.5,1741.7,1774.9
2024-01-19,Indonesia-Paradip,Supramax,20.31,2024,1,19,4,19.52,18.23,1707.1,1739.8,1733.5
2024-01-26,Indonesia-Paradip,Supramax,19.06,2024,1,26,4,20.31,17.28,1772.1,1801.2,1707.1
2024-02-02,Indonesia-Paradip,Supramax,21.32,2024,2,2,4,19.06,18.67,1846.3,1783.6,1772.1
2024-02-09,Indonesia-Paradip,Supramax,20.56,2024,2,9,4,21.32,19.59,1858.9,1794.2,1846.3
2024-02-16,Indonesia-Paradip,Supramax,20.71,2024,2,16,4,20.56,18.73,1868.0,1806.4,1858.9
2024-02-23,Indonesia-Paradip,Supramax,21.89,2024,2,23,4,20.71,19.42,1803.9,1810.3,1868.0
2024-03-01,Indonesia-Paradip,Supramax,19.1,2024,3,1,4,21.89,19.52,1850.9,1773.2,1803.9
2024-03-08,Indonesia-Paradip,Supramax,21.71,2024,3,8,4,19.1,20.31,1852.0,1801.3,1850.9
2024-03-15,Indonesia-Paradip,Supramax,21.98,2024,3,15,4,21.71,19.06,1848.7,1789.1,1852.0
2024-03-22,Indonesia-Paradip,Supramax,21.9,2024,3,22,4,21.98,21.32,1807.5,1906.3,1848.7
2024-03-29,Indonesia-Paradip,Supramax,20.14,2024,3,29,4,21.9,20.56,1778.0,1712.1,1807.5
2024-04-05,Indonesia-Paradip,Supramax,21.7,2024,4,5,4,20.14,20.71,1696.2,1795.0,1778.0
2024-04-12,Indonesia-Paradip,Supramax,21.47,2024,4,12,4,21.7,21.89,1665.8,1708.5,1696.2
2024-04-19,Indonesia-Paradip,Supramax,21.93,2024,4,19,4,21.47,19.1,1656.0,1718.3,1665.8
2024-04-26,Indonesia-Paradip,Supramax,20.12,2024,4,26,4,21.93,21.71,1635.3,1702.1,1656.0
2024-05-03,Indonesia-Paradip,Supramax,19.61,2024,5,3,4,20.12,21.98,1523.5,1574.2,1635.3
2024-05-10,Indonesia-Paradip,Supramax,20.13,2024,5,10,4,19.61,21.9,1498.9,1520.2,1523.5
2024-05-17,Indonesia-Paradip,Supramax,20.4,2024,5,17,4,20.13,20.14,1531.9,1537.9,1498.9
2024-05-24,Indonesia-Paradip,Supramax,18.77,2024,5,24,4,20.4,21.7,1385.7,1369.4,1531.9
2024-05-31,Indonesia-Paradip,Supramax,18.82,2024,5,31,4,18.77,21.47,1373.8,1360.2,1385.7
2024-06-07,Indonesia-Paradip,Supramax,18.63,2024,6,7,4,18.82,21.93,1313.4,1317.3,1373.8
2024-06-14,Indonesia-Paradip,Supramax,18.54,2024,6,14,4,18.63,20.12,1188.1,1245.8,1313.4
2024-06-21,Indonesia-Paradip,Supramax,16.58,2024,6,21,4,18.54,19.61,1102.2,1126.9,1188.1
2024-06-28,Indonesia-Paradip,Supramax,16.45,2024,6,28,4,16.58,20.13,1055.9,1015.2,1102.2
2024-07-05,Indonesia-Paradip,Supramax,15.5,2024,7,5,4,16.45,20.4,948.0,956.3,1055.9
2024-07-12,Indonesia-Paradip,Supramax,15.52,2024,7,12,4,15.5,18.77,910.0,809.3,948.0
2024-07-19,Indonesia-Paradip,Supramax,14.5,2024,7,19,4,15.52,18.82,906.6,811.2,910.0
2024-07-26,Indonesia-Paradip,Supramax,16.56,2024,7,26,4,14.5,18.63,765.8,714.1,906.6
2024-08-02,Indonesia-Paradip,Supramax,14.6,2024,8,2,4,16.56,18.54,660.9,681.6,765.8
2024-08-09,Indonesia-Paradip,Supramax,14.41,2024,8,9,4,14.6,16.58,601.9,577.4,660.9
2024-08-16,Indonesia-Paradip,Supramax,13.45,2024,8,16,4,14.41,16.45,495.5,569.6,601.9
2024-08-23,Indonesia-Paradip,Supramax,13.18,2024,8,23,4,13.45,15.5,451.6,450.0,495.5
2024-08-30,Indonesia-Paradip,Supramax,12.19,2024,8,30,4,13.18,15.52,310.1,346.2,451.6
2024-09-06,Indonesia-Paradip,Supramax,12.8,2024,9,6,4,12.19,14.5,300.0,300.0,310.1
2024-09-13,Indonesia-Paradip,Supramax,11.96,2024,9,13,4,12.8,16.56,300.0,300.0,300.0
2024-09-20,Indonesia-Paradip,Supramax,10.94,2024,9,20,4,11.96,14.6,300.0,300.0,300.0
2024-09-27,Indonesia-Paradip,Supramax,10.86,2024,9,27,4,10.94,14.41,325.3,300.0,300.0
2024-10-04,Indonesia-Paradip,Supramax,11.75,2024,10,4,4,10.86,13.45,300.0,300.0,325.3
2024-10-11,Indonesia-Paradip,Supramax,11.86,2024,10,11,4,11.75,13.18,300.0,300.0,300.0
2024-10-18,Indonesia-Paradip,Supramax,11.72,2024,10,18,4,11.86,12.19,300.0,300.0,300.0
2024-10-25,Indonesia-Paradip,Supramax,11.15,2024,10,25,4,11.72,12.8,300.0,300.0,300.0
2024-11-01,Indonesia-Paradip,Supramax,12.8,2024,11,1,4,11.15,11.96,300.0,300.0,300.0
2024-11-08,Indonesia-Paradip,Supramax,13.49,2024,11,8,4,12.8,10.94,300.0,300.0,300.0
2024-11-15,Indonesia-Paradip,Supramax,13.41,2024,11,15,4,13.49,10.86,300.0,300.0,300.0
2024-11-22,Indonesia-Paradip,Supramax,13.07,2024,11,22,4,13.41,11.75,300.0,300.0,300.0
2024-11-29,Indonesia-Paradip,Supramax,13.51,2024,11,29,4,13.07,11.86,300.0,300.0,300.0
2024-12-06,Indonesia-Paradip,Supramax,13.18,2024,12,6,4,13.51,11.72,300.0,300.0,300.0
2024-12-13,Indonesia-Paradip,Supramax,12.54,2024,12,13,4,13.18,11.15,300.0,300.0,300.0
2024-12-20,Indonesia-Paradip,Supramax,13.67,2024,12,20,4,12.54,12.8,300.0,300.0,300.0
2024-12-27,Indonesia-Paradip,Supramax,14.08,2024,12,27,4,13.67,13.49,300.0,300.0,300.0
2025-01-03,Indonesia-Paradip,Supramax,14.39,2025,1,3,4,14.08,13.41,338.4,300.0,300.0
2025-01-10,Indonesia-Paradip,Supramax,13.81,2025,1,10,4,14.39,13.07,333.0,317.3,338.4
2025-01-17,Indonesia-Paradip,Supramax,14.71,2025,1,17,4,13.81,13.51,394.4,349.6,333.0
2025-01-24,Indonesia-Paradip,Supramax,15.2,2025,1,24,4,14.71,13.18,501.5,531.2,394.4
2025-01-31,Indonesia-Paradip,Supramax,14.83,2025,1,31,4,15.2,12.54,510.3,495.5,501.5
2025-02-07,Indonesia-Paradip,Supramax,17.41,2025,2,7,4,14.83,13.67,541.1,611.7,510.3
2025-02-14,Indonesia-Paradip,Supramax,17.52,2025,2,14,4,17.41,14.08,734.5,543.1,541.1
2025-02-21,Indonesia-Paradip,Supramax,17.89,2025,2,21,4,17.52,14.39,651.0,686.5,734.5
2025-02-28,Indonesia-Paradip,Supramax,17.55,2025,2,28,4,17.89,13.81,781.7,719.2,651.0
2025-03-07,Indonesia-Paradip,Supramax,16.92,2025,3,7,4,17.55,14.71,901.9,831.0,781.7
2025-03-14,Indonesia-Paradip,Supramax,18.47,2025,3,14,4,16.92,15.2,913.8,939.3,901.9
2025-03-21,Indonesia-Paradip,Supramax,17.23,2025,3,21,4,18.47,14.83,990.8,856.6,913.8
2025-03-28,Indonesia-Paradip,Supramax,17.76,2025,3,28,4,17.23,17.41,994.5,1057.9,990.8
2025-04-04,Indonesia-Paradip,Supramax,18.63,2025,4,4,4,17.76,17.52,1081.3,1133.8,994.5
2025-04-11,Indonesia-Paradip,Supramax,20.03,2025,4,11,4,18.63,17.89,1155.6,1110.7,1081.3
2025-04-18,Indonesia-Paradip,Supramax,19.23,2025,4,18,4,20.03,17.55,1228.1,1134.4,1155.6
2025-04-25,Indonesia-Paradip,Supramax,18.88,2025,4,25,4,19.23,16.92,1341.8,1228.8,1228.1
2025-05-02,Indonesia-Paradip,Supramax,19.55,2025,5,2,4,18.88,18.47,1220.7,1407.5,1341.8
2025-05-09,Indonesia-Paradip,Supramax,20.8,2025,5,9,4,19.55,17.23,1447.9,1327.1,1220.7
2025-05-16,Indonesia-Paradip,Supramax,18.4,2025,5,16,4,20.8,17.76,1358.5,1402.9,1447.9
2025-05-23,Indonesia-Paradip,Supramax,20.15,2025,5,23,4,18.4,18.63,1431.4,1373.7,1358.5
2025-05-30,Indonesia-Paradip,Supramax,18.96,2025,5,30,4,20.15,20.03,1448.9,1420.9,1431.4
2025-06-06,Indonesia-Paradip,Supramax,18.72,2025,6,6,4,18.96,19.23,1391.3,1478.5,1448.9
2025-06-13,Indonesia-Paradip,Supramax,19.34,2025,6,13,4,18.72,18.88,1449.4,1490.9,1391.3
2025-06-20,Indonesia-Paradip,Supramax,17.86,2025,6,20,4,19.34,19.55,1325.6,1505.2,1449.4
2025-06-27,Indonesia-Paradip,Supramax,18.69,2025,6,27,4,17.86,20.8,1454.5,1423.6,1325.6
2025-07-04,Indonesia-Paradip,Supramax,19.79,2025,7,4,4,18.69,18.4,1473.0,1393.4,1454.5
2025-07-11,Indonesia-Paradip,Supramax,17.85,2025,7,11,4,19.79,20.15,1503.0,1415.4,1473.0
2025-07-18,Indonesia-Paradip,Supramax,17.32,2025,7,18,4,17.85,18.96,1441.0,1446.0,1503.0
2025-07-25,Indonesia-Paradip,Supramax,17.54,2025,7,25,4,17.32,18.72,1411.3,1424.0,1441.0
2025-08-01,Indonesia-Paradip,Supramax,16.37,2025,8,1,4,17.54,19.34,1376.9,1464.1,1411.3
2025-08-08,Indonesia-Paradip,Supramax,16.59,2025,8,8,4,16.37,17.86,1404.1,1413.5,1376.9
2025-08-15,Indonesia-Paradip,Supramax,16.17,2025,8,15,4,16.59,18.69,1419.9,1376.3,1404.1
2025-08-22,Indonesia-Paradip,Supramax,17.45,2025,8,22,4,16.17,19.79,1381.7,1378.7,1419.9
2025-08-29,Indonesia-Paradip,Supramax,15.83,2025,8,29,4,17.45,17.85,1369.7,1286.8,1381.7
2025-09-05,Indonesia-Paradip,Supramax,15.37,2025,9,5,4,15.83,17.32,1277.9,1337.5,1369.7
2025-09-12,Indonesia-Paradip,Supramax,15.72,2025,9,12,4,15.37,17.54,1314.5,1328.7,1277.9
2025-09-19,Indonesia-Paradip,Supramax,16.25,2025,9,19,4,15.72,16.37,1229.3,1276.5,1314.5
2025-09-26,Indonesia-Paradip,Supramax,14.58,2025,9,26,4,16.25,16.59,1262.4,1263.9,1229.3
2025-10-03,Indonesia-Paradip,Supramax,15.29,2025,10,3,4,14.58,16.17,1199.6,1293.1,1262.4
2025-10-10,Indonesia-Paradip,Supramax,15.12,2025,10,10,4,15.29,17.45,1194.9,1272.2,1199.6
2025-10-17,Indonesia-Paradip,Supramax,13.81,2025,10,17,4,15.12,15.83,1246.7,1230.7,1194.9
2025-10-24,Indonesia-Paradip,Supramax,15.37,2025,10,24,4,13.81,15.37,1236.4,1223.0,1246.7
2025-10-31,Indonesia-Paradip,Supramax,16.5,2025,10,31,4,15.37,15.72,1185.5,1175.0,1236.4
2025-11-07,Indonesia-Paradip,Supramax,15.61,2025,11,7,4,16.5,16.25,1296.1,1230.0,1185.5
2025-11-14,Indonesia-Paradip,Supramax,16.23,2025,11,14,4,15.61,14.58,1158.5,1192.1,1296.1
2025-11-21,Indonesia-Paradip,Supramax,16.39,2025,11,21,4,16.23,15.29,1242.0,1220.3,1158.5
2025-11-28,Indonesia-Paradip,Supramax,16.85,2025,11,28,4,16.39,15.12,1231.0,1205.5,1242.0
2025-12-05,Indonesia-Paradip,Supramax,16.11,2025,12,5,4,16.85,13.81,1119.0,1264.5,1231.0
2025-12-12,Indonesia-Paradip,Supramax,18.43,2025,12,12,4,16.11,15.37,1286.9,1188.5,1119.0
2025-12-19,Indonesia-Paradip,Supramax,17.75,2025,12,19,4,18.43,16.5,1246.9,1260.6,1286.9
2025-12-26,Indonesia-Paradip,Supramax,17.51,2025,12,26,4,17.75,15.61,1316.4,1408.1,1246.9
2026-01-02,Indonesia-Paradip,Supramax,17.42,2026,1,2,4,17.51,16.23,1356.8,1305.2,1316.4
2026-01-09,Indonesia-Paradip,Supramax,17.46,2026,1,9,4,17.42,16.39,1347.2,1209.1,1356.8
2026-01-16,Indonesia-Paradip,Supramax,17.7,2026,1,16,4,17.46,16.85,1268.9,1403.0,1347.2
2026-01-23,Indonesia-Paradip,Supramax,20.15,2026,1,23,4,17.7,16.11,1399.5,1401.1,1268.9
2026-01-30,Indonesia-Paradip,Supramax,19.52,2026,1,30,4,20.15,18.43,1528.6,1467.4,1399.5
2026-02-06,Indonesia-Paradip,Supramax,19.37,2026,2,6,4,19.52,17.75,1417.4,1423.0,1528.6
2026-02-13,Indonesia-Paradip,Supramax,21.08,2026,2,13,4,19.37,17.51,1578.6,1347.8,1417.4
2026-02-20,Indonesia-Paradip,Supramax,19.71,2026,2,20,4,21.08,17.42,1403.5,1499.1,1578.6
2026-02-27,Indonesia-Paradip,Supramax,20.13,2026,2,27,4,19.71,17.46,1635.4,1591.4,1403.5
2026-03-06,Indonesia-Paradip,Supramax,20.6,2026,3,6,4,20.13,17.7,1578.4,1586.5,1635.4
2026-03-13,Indonesia-Paradip,Supramax,21.02,2026,3,13,4,20.6,20.15,1480.1,1592.1,1578.4
2026-03-20,Indonesia-Paradip,Supramax,22.05,2026,3,20,4,21.02,19.52,1690.7,1672.6,1480.1
2026-03-27,Indonesia-Paradip,Supramax,20.5,2026,3,27,4,22.05,19.37,1715.8,1657.2,1690.7
2026-04-03,Indonesia-Paradip,Supramax,22.6,2026,4,3,4,20.5,21.08,1720.6,1636.3,1715.8
2026-04-10,Indonesia-Paradip,Supramax,20.12,2026,4,10,4,22.6,19.71,1719.7,1754.6,1720.6
2026-04-17,Indonesia-Paradip,Supramax,21.32,2026,4,17,4,20.12,20.13,1741.8,1824.3,1719.7
2026-04-24,Indonesia-Paradip,Supramax,21.01,2026,4,24,4,21.32,20.6,1737.8,1690.2,1741.8
2026-05-01,Indonesia-Paradip,Supramax,21.07,2026,5,1,4,21.01,21.02,1804.6,1740.5,1737.8
2026-05-08,Indonesia-Paradip,Supramax,22.62,2026,5,8,4,21.07,22.05,1867.4,1799.7,1804.6
2026-05-15,Indonesia-Paradip,Supramax,20.83,2026,5,15,4,22.62,20.5,1800.6,1930.8,1867.4
2026-05-22,Indonesia-Paradip,Supramax,20.02,2026,5,22,4,20.83,22.6,1884.4,1928.1,1800.6
2026-05-29,Indonesia-Paradip,Supramax,21.57,2026,5,29,4,20.02,20.12,1775.5,1852.0,1884.4
2026-06-05,Indonesia-Paradip,Supramax,21.03,2026,6,5,4,21.57,21.32,1893.6,1773.8,1775.5
2026-06-12,Indonesia-Paradip,Supramax,19.54,2026,6,12,4,21.03,21.01,1910.5,1884.3,1893.6
2026-06-19,Indonesia-Paradip,Supramax,20.71,2026,6,19,4,19.54,21.07,1882.1,2027.3,1910.5
2026-06-26,Indonesia-Paradip,Supramax,19.22,2026,6,26,4,20.71,22.62,1836.2,1969.2,1882.1
2026-07-03,Indonesia-Paradip,Supramax,20.53,2026,7,3,4,19.22,20.83,1941.0,1869.2,1836.2
2026-07-10,Indonesia-Paradip,Supramax,19.53,2026,7,10,4,20.53,20.02,1862.4,1845.2,1941.0
2026-07-17,Indonesia-Paradip,Supramax,18.12,2026,7,17,4,19.53,21.57,1877.2,2024.2,1862.4
2026-07-24,Indonesia-Paradip,Supramax,18.95,2026,7,24,4,18.12,21.03,1881.8,1966.6,1877.2
2026-07-31,Indonesia-Paradip,Supramax,18.79,2026,7,31,4,18.95,19.54,1881.8,1869.8,1881.8
2026-08-07,Indonesia-Paradip,Supramax,20.28,2026,8,7,4,18.79,20.71,1944.8,1823.2,1881.8
2026-08-14,Indonesia-Paradip,Supramax,19.09,2026,8,14,4,20.28,19.22,1922.7,1935.5,1944.8
2026-08-21,Indonesia-Paradip,Supramax,17.62,2026,8,21,4,19.09,20.53,1890.6,1916.5,1922.7
2026-08-28,Indonesia-Paradip,Supramax,18.61,2026,8,28,4,17.62,19.53,1863.2,1967.9,1890.6
2018-02-23,Indonesia-Vizag,Panamax,19.16,2018,2,23,4,18.77,14.28,2306.9,2170.6,2171.5
2018-03-02,Indonesia-Vizag,Panamax,20.51,2018,3,2,4,19.16,17.21,2308.2,2272.3,2306.9
2018-03-09,Indonesia-Vizag,Panamax,19.91,2018,3,9,4,20.51,16.89,2291.4,2274.8,2308.2
2018-03-16,Indonesia-Vizag,Panamax,17.87,2018,3,16,4,19.91,18.0,2287.3,2280.0,2291.4
2018-03-23,Indonesia-Vizag,Panamax,19.39,2018,3,23,4,17.87,18.77,2331.8,2306.2,2287.3
2018-03-30,Indonesia-Vizag,Panamax,19.72,2018,3,30,4,19.39,19.69,2384.8,2367.6,2331.8
2018-04-06,Indonesia-Vizag,Panamax,19.51,2018,4,6,4,19.72,18.77,2410.1,2433.8,2384.8
2018-04-13,Indonesia-Vizag,Panamax,18.01,2018,4,13,4,19.51,19.16,2378.3,2408.3,2410.1
2018-04-20,Indonesia-Vizag,Panamax,21.01,2018,4,20,4,18.01,20.51,2446.4,2291.5,2378.3
2018-04-27,Indonesia-Vizag,Panamax,19.3,2018,4,27,4,21.01,19.91,2390.1,2359.0,2446.4
2018-05-04,Indonesia-Vizag,Panamax,19.39,2018,5,4,4,19.3,17.87,2345.4,2418.0,2390.1
2018-05-11,Indonesia-Vizag,Panamax,18.03,2018,5,11,4,19.39,19.39,2388.1,2331.1,2345.4
2018-05-18,Indonesia-Vizag,Panamax,18.07,2018,5,18,4,18.03,19.72,2412.5,2456.3,2388.1
2018-05-25,Indonesia-Vizag,Panamax,18.19,2018,5,25,4,18.07,19.51,2323.4,2458.5,2412.5
2018-06-01,Indonesia-Vizag,Panamax,19.13,2018,6,1,4,18.19,18.01,2323.7,2402.6,2323.4
2018-06-08,Indonesia-Vizag,Panamax,18.82,2018,6,8,4,19.13,21.01,2297.5,2354.7,2323.7
2018-06-15,Indonesia-Vizag,Panamax,17.83,2018,6,15,4,18.82,19.3,2241.2,2273.7,2297.5
2018-06-22,Indonesia-Vizag,Panamax,17.3,2018,6,22,4,17.83,19.39,2128.9,2195.7,2241.2
2018-06-29,Indonesia-Vizag,Panamax,15.78,2018,6,29,4,17.3,18.03,2197.3,2128.1,2128.9
2018-07-06,Indonesia-Vizag,Panamax,17.1,2018,7,6,4,15.78,18.07,2149.3,2157.8,2197.3
2018-07-13,Indonesia-Vizag,Panamax,15.59,2018,7,13,4,17.1,18.19,2189.9,2083.8,2149.3
2018-07-20,Indonesia-Vizag,Panamax,16.39,2018,7,20,4,15.59,19.13,2139.2,2033.8,2189.9
2018-07-27,Indonesia-Vizag,Panamax,15.89,2018,7,27,4,16.39,18.82,1987.2,1970.1,2139.2
2018-08-03,Indonesia-Vizag,Panamax,17.93,2018,8,3,4,15.89,17.83,2085.5,1949.0,1987.2
2018-08-10,Indonesia-Vizag,Panamax,15.91,2018,8,10,4,17.93,17.3,1865.5,1949.7,2085.5
2018-08-17,Indonesia-Vizag,Panamax,13.92,2018,8,17,4,15.91,15.78,1900.8,1835.8,1865.5
2018-08-24,Indonesia-Vizag,Panamax,14.64,2018,8,24,4,13.92,17.1,1810.9,1794.4,1900.8
2018-08-31,Indonesia-Vizag,Panamax,12.82,2018,8,31,4,14.64,15.59,1627.8,1781.5,1810.9
2018-09-07,Indonesia-Vizag,Panamax,14.78,2018,9,7,4,12.82,16.39,1667.4,1690.0,1627.8
2018-09-14,Indonesia-Vizag,Panamax,13.2,2018,9,14,4,14.78,15.89,1700.8,1672.9,1667.4
2018-09-21,Indonesia-Vizag,Panamax,14.7,2018,9,21,4,13.2,17.93,1661.0,1623.6,1700.8
2018-09-28,Indonesia-Vizag,Panamax,13.74,2018,9,28,4,14.7,15.91,1631.5,1612.4,1661.0
2018-10-05,Indonesia-Vizag,Panamax,12.75,2018,10,5,4,13.74,13.92,1633.9,1646.5,1631.5
2018-10-12,Indonesia-Vizag,Panamax,13.11,2018,10,12,4,12.75,14.64,1471.8,1552.6,1633.9
2018-10-19,Indonesia-Vizag,Panamax,14.09,2018,10,19,4,13.11,12.82,1573.8,1658.5,1471.8
2018-10-26,Indonesia-Vizag,Panamax,14.17,2018,10,26,4,14.09,14.78,1661.9,1572.7,1573.8
2018-11-02,Indonesia-Vizag,Panamax,12.9,2018,11,2,4,14.17,13.2,1594.7,1588.4,1661.9
2018-11-09,Indonesia-Vizag,Panamax,12.68,2018,11,9,4,12.9,14.7,1584.1,1561.8,1594.7
2018-11-16,Indonesia-Vizag,Panamax,14.99,2018,11,16,4,12.68,13.74,1695.6,1662.8,1584.1
2018-11-23,Indonesia-Vizag,Panamax,12.54,2018,11,23,4,14.99,12.75,1565.8,1632.0,1695.6
2018-11-30,Indonesia-Vizag,Panamax,14.59,2018,11,30,4,12.54,13.11,1627.9,1652.3,1565.8
2018-12-07,Indonesia-Vizag,Panamax,15.91,2018,12,7,4,14.59,14.09,1695.0,1690.3,1627.9
2018-12-14,Indonesia-Vizag,Panamax,16.73,2018,12,14,4,15.91,14.17,1715.5,1757.6,1695.0
2018-12-21,Indonesia-Vizag,Panamax,16.17,2018,12,21,4,16.73,12.9,1798.3,1751.8,1715.5
2018-12-28,Indonesia-Vizag,Panamax,15.86,2018,12,28,4,16.17,12.68,1772.4,1802.5,1798.3
2019-01-04,Indonesia-Vizag,Panamax,15.78,2019,1,4,4,15.86,14.99,1980.9,1937.9,1772.4
2019-01-11,Indonesia-Vizag,Panamax,17.51,2019,1,11,4,15.78,12.54,1936.0,1901.2,1980.9
2019-01-18,Indonesia-Vizag,Panamax,16.8,2019,1,18,4,17.51,14.59,1960.2,1929.1,1936.0
2019-01-25,Indonesia-Vizag,Panamax,16.19,2019,1,25,4,16.8,15.91,2010.3,2099.3,1960.2
2019-02-01,Indonesia-Vizag,Panamax,17.47,2019,2,1,4,16.19,16.73,2038.5,2089.5,2010.3
2019-02-08,Indonesia-Vizag,Panamax,19.87,2019,2,8,4,17.47,16.17,2176.7,2043.9,2038.5
2019-02-15,Indonesia-Vizag,Panamax,19.02,2019,2,15,4,19.87,15.86,2253.8,2176.9,2176.7
2019-02-22,Indonesia-Vizag,Panamax,19.49,2019,2,22,4,19.02,15.78,2335.2,2271.9,2253.8
2019-03-01,Indonesia-Vizag,Panamax,18.41,2019,3,1,4,19.49,17.51,2298.9,2400.7,2335.2
2019-03-08,Indonesia-Vizag,Panamax,18.68,2019,3,8,4,18.41,16.8,2424.4,2425.2,2298.9
2019-03-15,Indonesia-Vizag,Panamax,19.48,2019,3,15,4,18.68,16.19,2357.8,2534.1,2424.4
2019-03-22,Indonesia-Vizag,Panamax,20.11,2019,3,22,4,19.48,17.47,2449.9,2540.0,2357.8
2019-03-29,Indonesia-Vizag,Panamax,19.6,2019,3,29,4,20.11,19.87,2500.1,2482.5,2449.9
2019-04-05,Indonesia-Vizag,Panamax,20.65,2019,4,5,4,19.6,19.02,2550.0,2545.2,2500.1
2019-04-12,Indonesia-Vizag,Panamax,20.74,2019,4,12,4,20.65,19.49,2623.0,2602.4,2550.0
2019-04-19,Indonesia-Vizag,Panamax,19.83,2019,4,19,4,20.74,18.41,2661.0,2610.5,2623.0
2019-04-26,Indonesia-Vizag,Panamax,20.9,2019,4,26,4,19.83,18.68,2663.9,2598.0,2661.0
2019-05-03,Indonesia-Vizag,Panamax,20.65,2019,5,3,4,20.9,19.48,2726.3,2611.2,2663.9
2019-05-10,Indonesia-Vizag,Panamax,19.39,2019,5,10,4,20.65,20.11,2658.8,2701.1,2726.3
2019-05-17,Indonesia-Vizag,Panamax,19.33,2019,5,17,4,19.39,19.6,2695.0,2694.3,2658.8
2019-05-24,Indonesia-Vizag,Panamax,20.92,2019,5,24,4,19.33,20.65,2748.6,2744.6,2695.0
2019-05-31,Indonesia-Vizag,Panamax,19.24,2019,5,31,4,20.92,20.74,2600.5,2697.5,2748.6
2019-06-07,Indonesia-Vizag,Panamax,19.12,2019,6,7,4,19.24,19.83,2630.2,2683.6,2600.5
2019-06-14,Indonesia-Vizag,Panamax,17.6,2019,6,14,4,19.12,20.9,2665.3,2693.3,2630.2
2019-06-21,Indonesia-Vizag,Panamax,18.16,2019,6,21,4,17.6,20.65,2669.9,2559.0,2665.3
2019-06-28,Indonesia-Vizag,Panamax,17.78,2019,6,28,4,18.16,19.39,2612.1,2618.6,2669.9
2019-07-05,Indonesia-Vizag,Panamax,18.46,2019,7,5,4,17.78,19.33,2542.9,2554.6,2612.1
2019-07-12,Indonesia-Vizag,Panamax,17.83,2019,7,12,4,18.46,20.92,2626.3,2637.5,2542.9
2019-07-19,Indonesia-Vizag,Panamax,18.18,2019,7,19,4,17.83,19.24,2536.0,2486.7,2626.3
2019-07-26,Indonesia-Vizag,Panamax,16.69,2019,7,26,4,18.18,19.12,2380.4,2425.1,2536.0
2019-08-02,Indonesia-Vizag,Panamax,16.44,2019,8,2,4,16.69,17.6,2304.5,2373.1,2380.4
2019-08-09,Indonesia-Vizag,Panamax,16.45,2019,8,9,4,16.44,18.16,2297.7,2358.7,2304.5
2019-08-16,Indonesia-Vizag,Panamax,14.57,2019,8,16,4,16.45,17.78,2285.7,2247.6,2297.7
2019-08-23,Indonesia-Vizag,Panamax,15.18,2019,8,23,4,14.57,18.46,2212.3,2334.6,2285.7
2019-08-30,Indonesia-Vizag,Panamax,16.23,2019,8,30,4,15.18,17.83,2054.5,2084.9,2212.3
2019-09-06,Indonesia-Vizag,Panamax,14.24,2019,9,6,4,16.23,18.18,2053.2,2040.6,2054.5
2019-09-13,Indonesia-Vizag,Panamax,13.82,2019,9,13,4,14.24,16.69,2018.5,1989.6,2053.2
2019-09-20,Indonesia-Vizag,Panamax,14.49,2019,9,20,4,13.82,16.44,1988.8,1979.4,2018.5
2019-09-27,Indonesia-Vizag,Panamax,13.69,2019,9,27,4,14.49,16.45,1907.9,1926.7,1988.8
2019-10-04,Indonesia-Vizag,Panamax,14.74,2019,10,4,4,13.69,14.57,1825.4,1906.7,1907.9
2019-10-11,Indonesia-Vizag,Panamax,14.56,2019,10,11,4,14.74,15.18,1724.4,1738.7,1825.4
2019-10-18,Indonesia-Vizag,Panamax,13.29,2019,10,18,4,14.56,16.23,1675.6,1751.1,1724.4
2019-10-25,Indonesia-Vizag,Panamax,11.8,2019,10,25,4,13.29,14.24,1692.2,1658.3,1675.6
2019-11-01,Indonesia-Vizag,Panamax,13.81,2019,11,1,4,11.8,13.82,1608.1,1568.8,1692.2
2019-11-08,Indonesia-Vizag,Panamax,12.73,2019,11,8,4,13.81,14.49,1559.8,1526.8,1608.1
2019-11-15,Indonesia-Vizag,Panamax,14.13,2019,11,15,4,12.73,13.69,1539.3,1537.2,1559.8
2019-11-22,Indonesia-Vizag,Panamax,13.55,2019,11,22,4,14.13,14.74,1463.3,1563.0,1539.3
2019-11-29,Indonesia-Vizag,Panamax,12.15,2019,11,29,4,13.55,14.56,1341.3,1383.8,1463.3
2019-12-06,Indonesia-Vizag,Panamax,14.16,2019,12,6,4,12.15,13.29,1425.5,1391.8,1341.3
2019-12-13,Indonesia-Vizag,Panamax,15.22,2019,12,13,4,14.16,11.8,1298.9,1346.2,1425.5
2019-12-20,Indonesia-Vizag,Panamax,13.59,2019,12,20,4,15.22,13.81,1324.0,1358.0,1298.9
2019-12-27,Indonesia-Vizag,Panamax,14.72,2019,12,27,4,13.59,12.73,1253.4,1504.7,1324.0
2020-01-03,Indonesia-Vizag,Panamax,14.21,2020,1,3,4,14.72,14.13,1316.1,1305.5,1253.4
2020-01-10,Indonesia-Vizag,Panamax,15.75,2020,1,10,4,14.21,13.55,1303.2,1243.5,1316.1
2020-01-17,Indonesia-Vizag,Panamax,15.32,2020,1,17,4,15.75,12.15,1270.9,1366.1,1303.2
2020-01-24,Indonesia-Vizag,Panamax,14.82,2020,1,24,4,15.32,14.16,1262.1,1181.1,1270.9
2020-01-31,Indonesia-Vizag,Panamax,15.47,2020,1,31,4,14.82,15.22,1214.3,1257.5,1262.1
2020-02-07,Indonesia-Vizag,Panamax,14.77,2020,2,7,4,15.47,13.59,1225.3,1126.5,1214.3
2020-02-14,Indonesia-Vizag,Panamax,15.19,2020,2,14,4,14.77,14.72,1160.6,1236.6,1225.3
2020-02-21,Indonesia-Vizag,Panamax,16.31,2020,2,21,4,15.19,14.21,1116.5,1198.5,1160.6
2020-02-28,Indonesia-Vizag,Panamax,15.61,2020,2,28,4,16.31,15.75,1107.3,1151.3,1116.5
2020-03-06,Indonesia-Vizag,Panamax,13.6,2020,3,6,4,15.61,15.32,627.5,527.8,1107.3
2020-03-13,Indonesia-Vizag,Panamax,14.03,2020,3,13,4,13.6,14.82,368.7,569.6,627.5
2020-03-20,Indonesia-Vizag,Panamax,14.29,2020,3,20,4,14.03,15.47,491.8,454.7,368.7
2020-03-27,Indonesia-Vizag,Panamax,15.19,2020,3,27,4,14.29,14.77,499.0,482.9,491.8
2020-04-03,Indonesia-Vizag,Panamax,14.1,2020,4,3,4,15.19,15.19,400.8,434.8,499.0
2020-04-10,Indonesia-Vizag,Panamax,14.97,2020,4,10,4,14.1,16.31,500.6,411.1,400.8
2020-04-17,Indonesia-Vizag,Panamax,14.57,2020,4,17,4,14.97,15.61,420.0,430.4,500.6
2020-04-24,Indonesia-Vizag,Panamax,14.44,2020,4,24,4,14.57,13.6,483.1,347.7,420.0
2020-05-01,Indonesia-Vizag,Panamax,12.98,2020,5,1,4,14.44,14.03,392.4,414.7,483.1
2020-05-08,Indonesia-Vizag,Panamax,12.95,2020,5,8,4,12.98,14.29,436.9,329.2,392.4
2020-05-15,Indonesia-Vizag,Panamax,13.3,2020,5,15,4,12.95,15.19,380.2,443.8,436.9
2020-05-22,Indonesia-Vizag,Panamax,11.08,2020,5,22,4,13.3,14.1,338.9,300.0,380.2
2020-05-29,Indonesia-Vizag,Panamax,11.84,2020,5,29,4,11.08,14.97,345.9,340.9,338.9
2020-06-05,Indonesia-Vizag,Panamax,13.25,2020,6,5,4,11.84,14.57,304.2,300.0,345.9
2020-06-12,Indonesia-Vizag,Panamax,12.23,2020,6,12,4,13.25,14.44,343.0,300.0,304.2
2020-06-19,Indonesia-Vizag,Panamax,11.59,2020,6,19,4,12.23,12.98,300.0,300.0,343.0
2020-06-26,Indonesia-Vizag,Panamax,11.39,2020,6,26,4,11.59,12.95,300.0,300.0,300.0
2020-07-03,Indonesia-Vizag,Panamax,10.12,2020,7,3,4,11.39,13.3,300.0,300.0,300.0
2020-07-10,Indonesia-Vizag,Panamax,12.49,2020,7,10,4,10.12,11.08,300.0,300.0,300.0
2020-07-17,Indonesia-Vizag,Panamax,11.17,2020,7,17,4,12.49,11.84,300.0,300.0,300.0
2020-07-24,Indonesia-Vizag,Panamax,9.64,2020,7,24,4,11.17,13.25,300.0,300.0,300.0
2020-07-31,Indonesia-Vizag,Panamax,9.81,2020,7,31,4,9.64,12.23,300.0,300.0,300.0
2020-08-07,Indonesia-Vizag,Panamax,10.88,2020,8,7,4,9.81,11.59,300.0,300.0,300.0
2020-08-14,Indonesia-Vizag,Panamax,11.19,2020,8,14,4,10.88,11.39,300.0,300.0,300.0
2020-08-21,Indonesia-Vizag,Panamax,9.74,2020,8,21,4,11.19,10.12,300.0,300.0,300.0
2020-08-28,Indonesia-Vizag,Panamax,10.89,2020,8,28,4,9.74,12.49,300.0,300.0,300.0
2020-09-04,Indonesia-Vizag,Panamax,10.99,2020,9,4,4,10.89,11.17,660.4,646.0,300.0
2020-09-11,Indonesia-Vizag,Panamax,10.37,2020,9,11,4,10.99,9.64,520.1,601.9,660.4
2020-09-18,Indonesia-Vizag,Panamax,11.05,2020,9,18,4,10.37,9.81,567.2,536.3,520.1
2020-09-25,Indonesia-Vizag,Panamax,11.18,2020,9,25,4,11.05,10.88,649.1,594.6,567.2
2020-10-02,Indonesia-Vizag,Panamax,11.29,2020,10,2,4,11.18,11.19,598.5,526.8,649.1
2020-10-09,Indonesia-Vizag,Panamax,11.74,2020,10,9,4,11.29,9.74,558.9,504.9,598.5
2020-10-16,Indonesia-Vizag,Panamax,8.51,2020,10,16,4,11.74,10.89,615.1,654.9,558.9
2020-10-23,Indonesia-Vizag,Panamax,9.56,2020,10,23,4,8.51,10.99,694.6,679.2,615.1
2020-10-30,Indonesia-Vizag,Panamax,10.73,2020,10,30,4,9.56,10.37,606.3,606.8,694.6
2020-11-06,Indonesia-Vizag,Panamax,11.29,2020,11,6,4,10.73,11.05,636.9,651.0,606.3
2020-11-13,Indonesia-Vizag,Panamax,12.12,2020,11,13,4,11.29,11.18,705.3,709.5,636.9
2020-11-20,Indonesia-Vizag,Panamax,10.44,2020,11,20,4,12.12,11.29,716.1,686.8,705.3
2020-11-27,Indonesia-Vizag,Panamax,13.09,2020,11,27,4,10.44,11.74,722.5,744.4,716.1
2020-12-04,Indonesia-Vizag,Panamax,12.2,2020,12,4,4,13.09,8.51,696.3,717.6,722.5
2020-12-11,Indonesia-Vizag,Panamax,11.84,2020,12,11,4,12.2,9.56,715.5,774.0,696.3
2020-12-18,Indonesia-Vizag,Panamax,12.65,2020,12,18,4,11.84,10.73,820.8,854.7,715.5
2020-12-25,Indonesia-Vizag,Panamax,14.37,2020,12,25,4,12.65,11.29,912.7,865.8,820.8
2021-01-01,Indonesia-Vizag,Panamax,13.97,2021,1,1,4,14.37,12.12,955.0,975.9,912.7
2021-01-08,Indonesia-Vizag,Panamax,12.72,2021,1,8,4,13.97,10.44,1032.9,923.1,955.0
2021-01-15,Indonesia-Vizag,Panamax,12.35,2021,1,15,4,12.72,13.09,986.7,983.6,1032.9
2021-01-22,Indonesia-Vizag,Panamax,14.67,2021,1,22,4,12.35,12.2,1122.3,996.5,986.7
2021-01-29,Indonesia-Vizag,Panamax,14.2,2021,1,29,4,14.67,11.84,1093.6,1032.3,1122.3
2021-02-05,Indonesia-Vizag,Panamax,15.86,2021,2,5,4,14.2,12.65,1099.1,1122.1,1093.6
2021-02-12,Indonesia-Vizag,Panamax,15.36,2021,2,12,4,15.86,14.37,1168.9,1188.2,1099.1
2021-02-19,Indonesia-Vizag,Panamax,15.57,2021,2,19,4,15.36,13.97,1269.8,1152.0,1168.9
2021-02-26,Indonesia-Vizag,Panamax,17.55,2021,2,26,4,15.57,12.72,1224.1,1296.2,1269.8
2021-03-05,Indonesia-Vizag,Panamax,16.43,2021,3,5,4,17.55,12.35,1245.2,1266.8,1224.1
2021-03-12,Indonesia-Vizag,Panamax,15.96,2021,3,12,4,16.43,14.67,1239.4,1276.6,1245.2
2021-03-19,Indonesia-Vizag,Panamax,15.64,2021,3,19,4,15.96,14.2,1356.1,1307.6,1239.4
2021-03-26,Indonesia-Vizag,Panamax,16.75,2021,3,26,4,15.64,15.86,1370.8,1267.4,1356.1
2021-04-02,Indonesia-Vizag,Panamax,16.33,2021,4,2,4,16.75,15.36,1287.1,1421.0,1370.8
2021-04-09,Indonesia-Vizag,Panamax,15.87,2021,4,9,4,16.33,15.57,1297.5,1344.8,1287.1
2021-04-16,Indonesia-Vizag,Panamax,15.64,2021,4,16,4,15.87,17.55,1305.9,1358.2,1297.5
2021-04-23,Indonesia-Vizag,Panamax,17.42,2021,4,23,4,15.64,16.43,1359.5,1369.5,1305.9
2021-04-30,Indonesia-Vizag,Panamax,15.6,2021,4,30,4,17.42,15.96,1226.7,1307.2,1359.5
2021-05-07,Indonesia-Vizag,Panamax,21.04,2021,5,7,4,15.6,15.64,2783.8,2753.3,1226.7
2021-05-14,Indonesia-Vizag,Panamax,20.48,2021,5,14,4,21.04,16.75,2815.2,2675.0,2783.8
2021-05-21,Indonesia-Vizag,Panamax,18.61,2021,5,21,4,20.48,16.33,2801.9,2736.3,2815.2
2021-05-28,Indonesia-Vizag,Panamax,20.77,2021,5,28,4,18.61,15.87,2772.8,2706.3,2801.9
2021-06-04,Indonesia-Vizag,Panamax,19.87,2021,6,4,4,20.77,15.64,2631.4,2637.8,2772.8
2021-06-11,Indonesia-Vizag,Panamax,18.4,2021,6,11,4,19.87,17.42,2581.2,2681.1,2631.4
2021-06-18,Indonesia-Vizag,Panamax,19.31,2021,6,18,4,18.4,15.6,2563.7,2678.4,2581.2
2021-06-25,Indonesia-Vizag,Panamax,18.94,2021,6,25,4,19.31,21.04,2586.4,2513.7,2563.7
2021-07-02,Indonesia-Vizag,Panamax,17.69,2021,7,2,4,18.94,20.48,2535.9,2582.2,2586.4
2021-07-09,Indonesia-Vizag,Panamax,17.83,2021,7,9,4,17.69,18.61,2399.4,2466.2,2535.9
2021-07-16,Indonesia-Vizag,Panamax,20.57,2021,7,16,4,17.83,20.77,2500.1,2467.0,2399.4
2021-07-23,Indonesia-Vizag,Panamax,16.93,2021,7,23,4,20.57,19.87,2439.1,2320.6,2500.1
2021-07-30,Indonesia-Vizag,Panamax,18.11,2021,7,30,4,16.93,18.4,2299.0,2281.2,2439.1
2021-08-06,Indonesia-Vizag,Panamax,15.82,2021,8,6,4,18.11,19.31,2267.5,2347.0,2299.0
2021-08-13,Indonesia-Vizag,Panamax,15.98,2021,8,13,4,15.82,18.94,2296.4,2300.4,2267.5
2021-08-20,Indonesia-Vizag,Panamax,14.98,2021,8,20,4,15.98,17.69,2224.7,2188.1,2296.4
2021-08-27,Indonesia-Vizag,Panamax,14.88,2021,8,27,4,14.98,17.83,2151.3,2192.3,2224.7
2021-09-03,Indonesia-Vizag,Panamax,16.18,2021,9,3,4,14.88,20.57,2126.6,2098.0,2151.3
2021-09-10,Indonesia-Vizag,Panamax,13.94,2021,9,10,4,16.18,16.93,2068.9,2065.0,2126.6
2021-09-17,Indonesia-Vizag,Panamax,15.67,2021,9,17,4,13.94,18.11,2060.5,2097.9,2068.9
2021-09-24,Indonesia-Vizag,Panamax,16.14,2021,9,24,4,15.67,15.82,2094.4,2130.2,2060.5
2021-10-01,Indonesia-Vizag,Panamax,14.78,2021,10,1,4,16.14,15.98,2106.2,1949.2,2094.4
2021-10-08,Indonesia-Vizag,Panamax,15.53,2021,10,8,4,14.78,14.98,2070.6,2075.7,2106.2
2021-10-15,Indonesia-Vizag,Panamax,14.66,2021,10,15,4,15.53,14.88,1987.6,2006.3,2070.6
2021-10-22,Indonesia-Vizag,Panamax,15.09,2021,10,22,4,14.66,16.18,2064.4,2127.2,1987.6
2021-10-29,Indonesia-Vizag,Panamax,14.31,2021,10,29,4,15.09,13.94,2025.7,2074.7,2064.4
2021-11-05,Indonesia-Vizag,Panamax,16.8,2021,11,5,4,14.31,15.67,2087.2,2149.5,2025.7
2021-11-12,Indonesia-Vizag,Panamax,14.39,2021,11,12,4,16.8,16.14,2169.6,2138.3,2087.2
2021-11-19,Indonesia-Vizag,Panamax,16.48,2021,11,19,4,14.39,14.78,2198.5,2156.0,2169.6
2021-11-26,Indonesia-Vizag,Panamax,17.08,2021,11,26,4,16.48,15.53,2260.9,2174.7,2198.5
2021-12-03,Indonesia-Vizag,Panamax,12.1,2021,12,3,4,17.08,14.66,769.1,724.2,2260.9
2021-12-10,Indonesia-Vizag,Panamax,11.35,2021,12,10,4,12.1,15.09,808.2,737.9,769.1
2021-12-17,Indonesia-Vizag,Panamax,13.69,2021,12,17,4,11.35,14.31,977.5,821.1,808.2
2021-12-24,Indonesia-Vizag,Panamax,12.26,2021,12,24,4,13.69,16.8,996.8,1068.7,977.5
2021-12-31,Indonesia-Vizag,Panamax,14.37,2021,12,31,4,12.26,14.39,985.7,996.6,996.8
2022-01-07,Indonesia-Vizag,Panamax,13.66,2022,1,7,4,14.37,16.48,1064.8,1169.6,985.7
2022-01-14,Indonesia-Vizag,Panamax,13.08,2022,1,14,4,13.66,17.08,1109.5,1188.7,1064.8
2022-01-21,Indonesia-Vizag,Panamax,16.43,2022,1,21,4,13.08,12.1,1270.3,1228.4,1109.5
2022-01-28,Indonesia-Vizag,Panamax,14.63,2022,1,28,4,16.43,11.35,1360.2,1390.8,1270.3
2022-02-04,Indonesia-Vizag,Panamax,17.21,2022,2,4,4,14.63,13.69,1441.4,1564.6,1360.2
2022-02-11,Indonesia-Vizag,Panamax,16.09,2022,2,11,4,17.21,12.26,1587.7,1420.8,1441.4
2022-02-18,Indonesia-Vizag,Panamax,16.84,2022,2,18,4,16.09,14.37,1670.0,1588.0,1587.7
2022-02-25,Indonesia-Vizag,Panamax,17.4,2022,2,25,4,16.84,13.66,1666.2,1769.8,1670.0
2022-03-04,Indonesia-Vizag,Panamax,17.68,2022,3,4,4,17.4,13.08,1748.9,1789.9,1666.2
2022-03-11,Indonesia-Vizag,Panamax,17.8,2022,3,11,4,17.68,16.43,1866.9,1935.3,1748.9
2022-03-18,Indonesia-Vizag,Panamax,19.45,2022,3,18,4,17.8,14.63,1940.8,2005.3,1866.9
2022-03-25,Indonesia-Vizag,Panamax,17.56,2022,3,25,4,19.45,17.21,1949.5,2055.2,1940.8
2022-04-01,Indonesia-Vizag,Panamax,18.56,2022,4,1,4,17.56,16.09,2068.0,2131.2,1949.5
2022-04-08,Indonesia-Vizag,Panamax,18.47,2022,4,8,4,18.56,16.84,2133.8,2195.8,2068.0
2022-04-15,Indonesia-Vizag,Panamax,18.53,2022,4,15,4,18.47,17.4,2259.7,2330.6,2133.8
2022-04-22,Indonesia-Vizag,Panamax,18.96,2022,4,22,4,18.53,17.68,2247.7,2298.9,2259.7
2022-04-29,Indonesia-Vizag,Panamax,19.99,2022,4,29,4,18.96,17.8,2491.9,2420.0,2247.7
2022-05-06,Indonesia-Vizag,Panamax,17.73,2022,5,6,4,19.99,19.45,2386.8,2439.6,2491.9
2022-05-13,Indonesia-Vizag,Panamax,18.21,2022,5,13,4,17.73,17.56,2534.5,2457.6,2386.8
2022-05-20,Indonesia-Vizag,Panamax,17.87,2022,5,20,4,18.21,18.56,2526.3,2494.1,2534.5
2022-05-27,Indonesia-Vizag,Panamax,17.54,2022,5,27,4,17.87,18.47,2492.5,2439.0,2526.3
2022-06-03,Indonesia-Vizag,Panamax,19.63,2022,6,3,4,17.54,18.53,2490.5,2479.9,2492.5
2022-06-10,Indonesia-Vizag,Panamax,19.52,2022,6,10,4,19.63,18.96,2579.3,2477.6,2490.5
2022-06-17,Indonesia-Vizag,Panamax,18.1,2022,6,17,4,19.52,19.99,2600.4,2601.0,2579.3
2022-06-24,Indonesia-Vizag,Panamax,19.13,2022,6,24,4,18.1,17.73,2582.5,2612.3,2600.4
2022-07-01,Indonesia-Vizag,Panamax,17.97,2022,7,1,4,19.13,18.21,2620.8,2624.6,2582.5
2022-07-08,Indonesia-Vizag,Panamax,17.55,2022,7,8,4,17.97,17.87,2619.5,2606.9,2620.8
2022-07-15,Indonesia-Vizag,Panamax,16.77,2022,7,15,4,17.55,17.54,2568.5,2568.6,2619.5
2022-07-22,Indonesia-Vizag,Panamax,18.63,2022,7,22,4,16.77,19.63,2571.4,2551.0,2568.5
2022-07-29,Indonesia-Vizag,Panamax,16.81,2022,7,29,4,18.63,19.52,2446.9,2521.4,2571.4
2022-08-05,Indonesia-Vizag,Panamax,16.51,2022,8,5,4,16.81,18.1,2505.7,2493.2,2446.9
2022-08-12,Indonesia-Vizag,Panamax,15.98,2022,8,12,4,16.51,19.13,2485.3,2647.2,2505.7
2022-08-19,Indonesia-Vizag,Panamax,18.03,2022,8,19,4,15.98,17.97,2438.4,2551.4,2485.3
2022-08-26,Indonesia-Vizag,Panamax,14.72,2022,8,26,4,18.03,17.55,2387.4,2480.1,2438.4
2022-09-02,Indonesia-Vizag,Panamax,15.81,2022,9,2,4,14.72,16.77,2543.0,2496.7,2387.4
2022-09-09,Indonesia-Vizag,Panamax,14.89,2022,9,9,4,15.81,18.63,2354.4,2371.2,2543.0
2022-09-16,Indonesia-Vizag,Panamax,15.87,2022,9,16,4,14.89,16.81,2275.6,2380.1,2354.4
2022-09-23,Indonesia-Vizag,Panamax,14.52,2022,9,23,4,15.87,16.51,2252.0,2242.2,2275.6
2022-09-30,Indonesia-Vizag,Panamax,14.05,2022,9,30,4,14.52,15.98,2269.5,2312.7,2252.0
2022-10-07,Indonesia-Vizag,Panamax,14.86,2022,10,7,4,14.05,18.03,2309.4,2274.1,2269.5
2022-10-14,Indonesia-Vizag,Panamax,16.11,2022,10,14,4,14.86,14.72,2220.3,2240.3,2309.4
2022-10-21,Indonesia-Vizag,Panamax,15.26,2022,10,21,4,16.11,15.81,2264.2,2209.6,2220.3
2022-10-28,Indonesia-Vizag,Panamax,15.82,2022,10,28,4,15.26,14.89,2129.7,2145.4,2264.2
2022-11-04,Indonesia-Vizag,Panamax,14.49,2022,11,4,4,15.82,15.87,2156.9,2304.6,2129.7
2022-11-11,Indonesia-Vizag,Panamax,16.32,2022,11,11,4,14.49,14.52,2114.6,2234.6,2156.9
2022-11-18,Indonesia-Vizag,Panamax,15.63,2022,11,18,4,16.32,14.05,2221.4,2125.3,2114.6
2022-11-25,Indonesia-Vizag,Panamax,14.9,2022,11,25,4,15.63,14.86,2134.9,2087.0,2221.4
2022-12-02,Indonesia-Vizag,Panamax,16.16,2022,12,2,4,14.9,16.11,2060.8,2086.2,2134.9
2022-12-09,Indonesia-Vizag,Panamax,15.47,2022,12,9,4,16.16,15.26,2118.9,2152.0,2060.8
2022-12-16,Indonesia-Vizag,Panamax,15.81,2022,12,16,4,15.47,15.82,1998.8,2061.1,2118.9
2022-12-23,Indonesia-Vizag,Panamax,16.25,2022,12,23,4,15.81,14.49,2157.6,2061.8,1998.8
2022-12-30,Indonesia-Vizag,Panamax,17.58,2022,12,30,4,16.25,16.32,2117.6,1975.4,2157.6
2023-01-06,Indonesia-Vizag,Panamax,16.95,2023,1,6,4,17.58,15.63,2126.6,2044.5,2117.6
2023-01-13,Indonesia-Vizag,Panamax,17.75,2023,1,13,4,16.95,14.9,2204.7,2096.6,2126.6
2023-01-20,Indonesia-Vizag,Panamax,17.2,2023,1,20,4,17.75,16.16,2059.7,2186.3,2204.7
2023-01-27,Indonesia-Vizag,Panamax,16.68,2023,1,27,4,17.2,15.47,2132.5,2109.8,2059.7
2023-02-03,Indonesia-Vizag,Panamax,17.06,2023,2,3,4,16.68,15.81,2021.6,2170.6,2132.5
2023-02-10,Indonesia-Vizag,Panamax,17.99,2023,2,10,4,17.06,16.25,2093.7,2135.1,2021.6
2023-02-17,Indonesia-Vizag,Panamax,18.8,2023,2,17,4,17.99,17.58,2191.5,2089.3,2093.7
2023-02-24,Indonesia-Vizag,Panamax,18.67,2023,2,24,4,18.8,16.95,2071.5,2148.7,2191.5
2023-03-03,Indonesia-Vizag,Panamax,18.64,2023,3,3,4,18.67,17.75,2103.4,2160.1,2071.5
2023-03-10,Indonesia-Vizag,Panamax,18.55,2023,3,10,4,18.64,17.2,2073.0,2058.9,2103.4
2023-03-17,Indonesia-Vizag,Panamax,18.95,2023,3,17,4,18.55,16.68,2213.0,2130.4,2073.0
2023-03-24,Indonesia-Vizag,Panamax,19.14,2023,3,24,4,18.95,17.06,2187.6,2159.8,2213.0
2023-03-31,Indonesia-Vizag,Panamax,17.96,2023,3,31,4,19.14,17.99,2124.5,2103.4,2187.6
2023-04-07,Indonesia-Vizag,Panamax,17.98,2023,4,7,4,17.96,18.8,2068.9,2073.4,2124.5
2023-04-14,Indonesia-Vizag,Panamax,18.9,2023,4,14,4,17.98,18.67,2174.1,2046.0,2068.9
2023-04-21,Indonesia-Vizag,Panamax,18.91,2023,4,21,4,18.9,18.64,2127.3,2173.7,2174.1
2023-04-28,Indonesia-Vizag,Panamax,18.12,2023,4,28,4,18.91,18.55,1961.7,2114.8,2127.3
2023-05-05,Indonesia-Vizag,Panamax,18.71,2023,5,5,4,18.12,18.95,2032.7,2008.9,1961.7
2023-05-12,Indonesia-Vizag,Panamax,18.36,2023,5,12,4,18.71,19.14,2127.0,2100.4,2032.7
2023-05-19,Indonesia-Vizag,Panamax,17.58,2023,5,19,4,18.36,17.96,2024.5,2062.1,2127.0
2023-05-26,Indonesia-Vizag,Panamax,18.19,2023,5,26,4,17.58,17.98,2149.8,2017.7,2024.5
2023-06-02,Indonesia-Vizag,Panamax,18.48,2023,6,2,4,18.19,18.9,2045.5,1911.7,2149.8
2023-06-09,Indonesia-Vizag,Panamax,17.34,2023,6,9,4,18.48,18.91,2012.6,2069.7,2045.5
2023-06-16,Indonesia-Vizag,Panamax,15.55,2023,6,16,4,17.34,18.12,1940.0,1986.8,2012.6
2023-06-23,Indonesia-Vizag,Panamax,15.61,2023,6,23,4,15.55,18.71,1974.0,1921.4,1940.0
2023-06-30,Indonesia-Vizag,Panamax,17.75,2023,6,30,4,15.61,18.36,1988.1,1957.5,1974.0
2023-07-07,Indonesia-Vizag,Panamax,15.52,2023,7,7,4,17.75,17.58,1852.7,1953.2,1988.1
2023-07-14,Indonesia-Vizag,Panamax,14.92,2023,7,14,4,15.52,18.19,1754.6,1913.4,1852.7
2023-07-21,Indonesia-Vizag,Panamax,14.22,2023,7,21,4,14.92,18.48,1771.6,1704.6,1754.6
2023-07-28,Indonesia-Vizag,Panamax,15.63,2023,7,28,4,14.22,17.34,1805.7,1707.1,1771.6
2023-08-04,Indonesia-Vizag,Panamax,14.52,2023,8,4,4,15.63,15.55,1704.0,1688.0,1805.7
2023-08-11,Indonesia-Vizag,Panamax,15.27,2023,8,11,4,14.52,15.61,1676.0,1755.2,1704.0
2023-08-18,Indonesia-Vizag,Panamax,15.18,2023,8,18,4,15.27,17.75,1713.0,1773.8,1676.0
2023-08-25,Indonesia-Vizag,Panamax,13.12,2023,8,25,4,15.18,15.52,1644.4,1665.1,1713.0
2023-09-01,Indonesia-Vizag,Panamax,12.97,2023,9,1,4,13.12,14.92,1750.1,1786.0,1644.4
2023-09-08,Indonesia-Vizag,Panamax,14.11,2023,9,8,4,12.97,14.22,1654.2,1684.8,1750.1
2023-09-15,Indonesia-Vizag,Panamax,12.44,2023,9,15,4,14.11,15.63,1669.2,1660.6,1654.2
2023-09-22,Indonesia-Vizag,Panamax,11.53,2023,9,22,4,12.44,14.52,1675.7,1585.4,1669.2
2023-09-29,Indonesia-Vizag,Panamax,13.84,2023,9,29,4,11.53,15.27,1678.1,1648.4,1675.7
2023-10-06,Indonesia-Vizag,Panamax,13.86,2023,10,6,4,13.84,15.18,1669.6,1606.4,1678.1
2023-10-13,Indonesia-Vizag,Panamax,14.03,2023,10,13,4,13.86,13.12,1674.2,1605.9,1669.6
2023-10-20,Indonesia-Vizag,Panamax,12.69,2023,10,20,4,14.03,12.97,1537.6,1535.1,1674.2
2023-10-27,Indonesia-Vizag,Panamax,13.45,2023,10,27,4,12.69,14.11,1733.0,1575.2,1537.6
2023-11-03,Indonesia-Vizag,Panamax,12.71,2023,11,3,4,13.45,12.44,1625.2,1588.2,1733.0
2023-11-10,Indonesia-Vizag,Panamax,13.15,2023,11,10,4,12.71,11.53,1638.7,1569.7,1625.2
2023-11-17,Indonesia-Vizag,Panamax,15.31,2023,11,17,4,13.15,13.84,1563.7,1529.4,1638.7
2023-11-24,Indonesia-Vizag,Panamax,15.12,2023,11,24,4,15.31,13.86,1635.0,1637.1,1563.7
2023-12-01,Indonesia-Vizag,Panamax,13.71,2023,12,1,4,15.12,14.03,1698.0,1605.4,1635.0
2023-12-08,Indonesia-Vizag,Panamax,15.44,2023,12,8,4,13.71,12.69,1666.2,1646.2,1698.0
2023-12-15,Indonesia-Vizag,Panamax,14.67,2023,12,15,4,15.44,13.45,1631.3,1702.6,1666.2
2023-12-22,Indonesia-Vizag,Panamax,15.6,2023,12,22,4,14.67,12.71,1714.1,1723.9,1631.3
2023-12-29,Indonesia-Vizag,Panamax,16.02,2023,12,29,4,15.6,13.15,1814.5,1789.6,1714.1
2024-01-05,Indonesia-Vizag,Panamax,14.97,2024,1,5,4,16.02,15.31,1774.9,1647.3,1814.5
2024-01-12,Indonesia-Vizag,Panamax,14.86,2024,1,12,4,14.97,15.12,1733.5,1741.7,1774.9
2024-01-19,Indonesia-Vizag,Panamax,16.33,2024,1,19,4,14.86,13.71,1707.1,1739.8,1733.5
2024-01-26,Indonesia-Vizag,Panamax,16.47,2024,1,26,4,16.33,15.44,1772.1,1801.2,1707.1
2024-02-02,Indonesia-Vizag,Panamax,16.66,2024,2,2,4,16.47,14.67,1846.3,1783.6,1772.1
2024-02-09,Indonesia-Vizag,Panamax,16.87,2024,2,9,4,16.66,15.6,1858.9,1794.2,1846.3
2024-02-16,Indonesia-Vizag,Panamax,17.4,2024,2,16,4,16.87,16.02,1868.0,1806.4,1858.9
2024-02-23,Indonesia-Vizag,Panamax,17.28,2024,2,23,4,17.4,14.97,1803.9,1810.3,1868.0
2024-03-01,Indonesia-Vizag,Panamax,18.23,2024,3,1,4,17.28,14.86,1850.9,1773.2,1803.9
2024-03-08,Indonesia-Vizag,Panamax,18.42,2024,3,8,4,18.23,16.33,1852.0,1801.3,1850.9
2024-03-15,Indonesia-Vizag,Panamax,18.11,2024,3,15,4,18.42,16.47,1848.7,1789.1,1852.0
2024-03-22,Indonesia-Vizag,Panamax,17.7,2024,3,22,4,18.11,16.66,1807.5,1906.3,1848.7
2024-03-29,Indonesia-Vizag,Panamax,17.65,2024,3,29,4,17.7,16.87,1778.0,1712.1,1807.5
2024-04-05,Indonesia-Vizag,Panamax,16.52,2024,4,5,4,17.65,17.4,1696.2,1795.0,1778.0
2024-04-12,Indonesia-Vizag,Panamax,16.86,2024,4,12,4,16.52,17.28,1665.8,1708.5,1696.2
2024-04-19,Indonesia-Vizag,Panamax,18.43,2024,4,19,4,16.86,18.23,1656.0,1718.3,1665.8
2024-04-26,Indonesia-Vizag,Panamax,17.09,2024,4,26,4,18.43,18.42,1635.3,1702.1,1656.0
2024-05-03,Indonesia-Vizag,Panamax,18.16,2024,5,3,4,17.09,18.11,1523.5,1574.2,1635.3
2024-05-10,Indonesia-Vizag,Panamax,15.85,2024,5,10,4,18.16,17.7,1498.9,1520.2,1523.5
2024-05-17,Indonesia-Vizag,Panamax,16.04,2024,5,17,4,15.85,17.65,1531.9,1537.9,1498.9
2024-05-24,Indonesia-Vizag,Panamax,15.55,2024,5,24,4,16.04,16.52,1385.7,1369.4,1531.9
2024-05-31,Indonesia-Vizag,Panamax,15.87,2024,5,31,4,15.55,16.86,1373.8,1360.2,1385.7
2024-06-07,Indonesia-Vizag,Panamax,14.7,2024,6,7,4,15.87,18.43,1313.4,1317.3,1373.8
2024-06-14,Indonesia-Vizag,Panamax,14.17,2024,6,14,4,14.7,17.09,1188.1,1245.8,1313.4
2024-06-21,Indonesia-Vizag,Panamax,15.55,2024,6,21,4,14.17,18.16,1102.2,1126.9,1188.1
2024-06-28,Indonesia-Vizag,Panamax,13.29,2024,6,28,4,15.55,15.85,1055.9,1015.2,1102.2
2024-07-05,Indonesia-Vizag,Panamax,13.55,2024,7,5,4,13.29,16.04,948.0,956.3,1055.9
2024-07-12,Indonesia-Vizag,Panamax,12.91,2024,7,12,4,13.55,15.55,910.0,809.3,948.0
2024-07-19,Indonesia-Vizag,Panamax,13.57,2024,7,19,4,12.91,15.87,906.6,811.2,910.0
2024-07-26,Indonesia-Vizag,Panamax,13.18,2024,7,26,4,13.57,14.7,765.8,714.1,906.6
2024-08-02,Indonesia-Vizag,Panamax,12.18,2024,8,2,4,13.18,14.17,660.9,681.6,765.8
2024-08-09,Indonesia-Vizag,Panamax,10.7,2024,8,9,4,12.18,15.55,601.9,577.4,660.9
2024-08-16,Indonesia-Vizag,Panamax,10.26,2024,8,16,4,10.7,13.29,495.5,569.6,601.9
2024-08-23,Indonesia-Vizag,Panamax,9.7,2024,8,23,4,10.26,13.55,451.6,450.0,495.5
2024-08-30,Indonesia-Vizag,Panamax,10.02,2024,8,30,4,9.7,12.91,310.1,346.2,451.6
2024-09-06,Indonesia-Vizag,Panamax,9.72,2024,9,6,4,10.02,13.57,300.0,300.0,310.1
2024-09-13,Indonesia-Vizag,Panamax,10.63,2024,9,13,4,9.72,13.18,300.0,300.0,300.0
2024-09-20,Indonesia-Vizag,Panamax,9.11,2024,9,20,4,10.63,12.18,300.0,300.0,300.0
2024-09-27,Indonesia-Vizag,Panamax,8.97,2024,9,27,4,9.11,10.7,325.3,300.0,300.0
2024-10-04,Indonesia-Vizag,Panamax,9.86,2024,10,4,4,8.97,10.26,300.0,300.0,325.3
2024-10-11,Indonesia-Vizag,Panamax,9.51,2024,10,11,4,9.86,9.7,300.0,300.0,300.0
2024-10-18,Indonesia-Vizag,Panamax,9.67,2024,10,18,4,9.51,10.02,300.0,300.0,300.0
2024-10-25,Indonesia-Vizag,Panamax,11.28,2024,10,25,4,9.67,9.72,300.0,300.0,300.0
2024-11-01,Indonesia-Vizag,Panamax,8.85,2024,11,1,4,11.28,10.63,300.0,300.0,300.0
2024-11-08,Indonesia-Vizag,Panamax,8.81,2024,11,8,4,8.85,9.11,300.0,300.0,300.0
2024-11-15,Indonesia-Vizag,Panamax,10.44,2024,11,15,4,8.81,8.97,300.0,300.0,300.0
2024-11-22,Indonesia-Vizag,Panamax,11.96,2024,11,22,4,10.44,9.86,300.0,300.0,300.0
2024-11-29,Indonesia-Vizag,Panamax,10.81,2024,11,29,4,11.96,9.51,300.0,300.0,300.0
2024-12-06,Indonesia-Vizag,Panamax,9.75,2024,12,6,4,10.81,9.67,300.0,300.0,300.0
2024-12-13,Indonesia-Vizag,Panamax,10.57,2024,12,13,4,9.75,11.28,300.0,300.0,300.0
2024-12-20,Indonesia-Vizag,Panamax,10.81,2024,12,20,4,10.57,8.85,300.0,300.0,300.0
2024-12-27,Indonesia-Vizag,Panamax,11.17,2024,12,27,4,10.81,8.81,300.0,300.0,300.0
2025-01-03,Indonesia-Vizag,Panamax,10.98,2025,1,3,4,11.17,10.44,338.4,300.0,300.0
2025-01-10,Indonesia-Vizag,Panamax,12.01,2025,1,10,4,10.98,11.96,333.0,317.3,338.4
2025-01-17,Indonesia-Vizag,Panamax,12.64,2025,1,17,4,12.01,10.81,394.4,349.6,333.0
2025-01-24,Indonesia-Vizag,Panamax,11.62,2025,1,24,4,12.64,9.75,501.5,531.2,394.4
2025-01-31,Indonesia-Vizag,Panamax,12.48,2025,1,31,4,11.62,10.57,510.3,495.5,501.5
2025-02-07,Indonesia-Vizag,Panamax,12.28,2025,2,7,4,12.48,10.81,541.1,611.7,510.3
2025-02-14,Indonesia-Vizag,Panamax,14.63,2025,2,14,4,12.28,11.17,734.5,543.1,541.1
2025-02-21,Indonesia-Vizag,Panamax,13.04,2025,2,21,4,14.63,10.98,651.0,686.5,734.5
2025-02-28,Indonesia-Vizag,Panamax,14.64,2025,2,28,4,13.04,12.01,781.7,719.2,651.0
2025-03-07,Indonesia-Vizag,Panamax,15.4,2025,3,7,4,14.64,12.64,901.9,831.0,781.7
2025-03-14,Indonesia-Vizag,Panamax,15.61,2025,3,14,4,15.4,11.62,913.8,939.3,901.9
2025-03-21,Indonesia-Vizag,Panamax,14.51,2025,3,21,4,15.61,12.48,990.8,856.6,913.8
2025-03-28,Indonesia-Vizag,Panamax,15.45,2025,3,28,4,14.51,12.28,994.5,1057.9,990.8
2025-04-04,Indonesia-Vizag,Panamax,15.42,2025,4,4,4,15.45,14.63,1081.3,1133.8,994.5
2025-04-11,Indonesia-Vizag,Panamax,16.63,2025,4,11,4,15.42,13.04,1155.6,1110.7,1081.3
2025-04-18,Indonesia-Vizag,Panamax,16.6,2025,4,18,4,16.63,14.64,1228.1,1134.4,1155.6
2025-04-25,Indonesia-Vizag,Panamax,15.94,2025,4,25,4,16.6,15.4,1341.8,1228.8,1228.1
2025-05-02,Indonesia-Vizag,Panamax,15.82,2025,5,2,4,15.94,15.61,1220.7,1407.5,1341.8
2025-05-09,Indonesia-Vizag,Panamax,17.61,2025,5,9,4,15.82,14.51,1447.9,1327.1,1220.7
2025-05-16,Indonesia-Vizag,Panamax,16.96,2025,5,16,4,17.61,15.45,1358.5,1402.9,1447.9
2025-05-23,Indonesia-Vizag,Panamax,16.99,2025,5,23,4,16.96,15.42,1431.4,1373.7,1358.5
2025-05-30,Indonesia-Vizag,Panamax,15.47,2025,5,30,4,16.99,16.63,1448.9,1420.9,1431.4
2025-06-06,Indonesia-Vizag,Panamax,15.45,2025,6,6,4,15.47,16.6,1391.3,1478.5,1448.9
2025-06-13,Indonesia-Vizag,Panamax,14.16,2025,6,13,4,15.45,15.94,1449.4,1490.9,1391.3
2025-06-20,Indonesia-Vizag,Panamax,15.1,2025,6,20,4,14.16,15.82,1325.6,1505.2,1449.4
2025-06-27,Indonesia-Vizag,Panamax,14.12,2025,6,27,4,15.1,17.61,1454.5,1423.6,1325.6
2025-07-04,Indonesia-Vizag,Panamax,15.46,2025,7,4,4,14.12,16.96,1473.0,1393.4,1454.5
2025-07-11,Indonesia-Vizag,Panamax,15.38,2025,7,11,4,15.46,16.99,1503.0,1415.4,1473.0
2025-07-18,Indonesia-Vizag,Panamax,13.81,2025,7,18,4,15.38,15.47,1441.0,1446.0,1503.0
2025-07-25,Indonesia-Vizag,Panamax,15.46,2025,7,25,4,13.81,15.45,1411.3,1424.0,1441.0
2025-08-01,Indonesia-Vizag,Panamax,12.81,2025,8,1,4,15.46,14.16,1376.9,1464.1,1411.3
2025-08-08,Indonesia-Vizag,Panamax,13.64,2025,8,8,4,12.81,15.1,1404.1,1413.5,1376.9
2025-08-15,Indonesia-Vizag,Panamax,12.53,2025,8,15,4,13.64,14.12,1419.9,1376.3,1404.1
2025-08-22,Indonesia-Vizag,Panamax,14.5,2025,8,22,4,12.53,15.46,1381.7,1378.7,1419.9
2025-08-29,Indonesia-Vizag,Panamax,11.97,2025,8,29,4,14.5,15.38,1369.7,1286.8,1381.7
2025-09-05,Indonesia-Vizag,Panamax,12.95,2025,9,5,4,11.97,13.81,1277.9,1337.5,1369.7
2025-09-12,Indonesia-Vizag,Panamax,12.96,2025,9,12,4,12.95,15.46,1314.5,1328.7,1277.9
2025-09-19,Indonesia-Vizag,Panamax,10.66,2025,9,19,4,12.96,12.81,1229.3,1276.5,1314.5
2025-09-26,Indonesia-Vizag,Panamax,11.38,2025,9,26,4,10.66,13.64,1262.4,1263.9,1229.3
2025-10-03,Indonesia-Vizag,Panamax,12.47,2025,10,3,4,11.38,12.53,1199.6,1293.1,1262.4
2025-10-10,Indonesia-Vizag,Panamax,13.63,2025,10,10,4,12.47,14.5,1194.9,1272.2,1199.6
2025-10-17,Indonesia-Vizag,Panamax,11.95,2025,10,17,4,13.63,11.97,1246.7,1230.7,1194.9
2025-10-24,Indonesia-Vizag,Panamax,12.27,2025,10,24,4,11.95,12.95,1236.4,1223.0,1246.7
2025-10-31,Indonesia-Vizag,Panamax,12.31,2025,10,31,4,12.27,12.96,1185.5,1175.0,1236.4
2025-11-07,Indonesia-Vizag,Panamax,14.23,2025,11,7,4,12.31,10.66,1296.1,1230.0,1185.5
2025-11-14,Indonesia-Vizag,Panamax,11.94,2025,11,14,4,14.23,11.38,1158.5,1192.1,1296.1
2025-11-21,Indonesia-Vizag,Panamax,13.75,2025,11,21,4,11.94,12.47,1242.0,1220.3,1158.5
2025-11-28,Indonesia-Vizag,Panamax,12.71,2025,11,28,4,13.75,13.63,1231.0,1205.5,1242.0
2025-12-05,Indonesia-Vizag,Panamax,11.1,2025,12,5,4,12.71,11.95,1119.0,1264.5,1231.0
2025-12-12,Indonesia-Vizag,Panamax,13.48,2025,12,12,4,11.1,12.27,1286.9,1188.5,1119.0
2025-12-19,Indonesia-Vizag,Panamax,13.7,2025,12,19,4,13.48,12.31,1246.9,1260.6,1286.9
2025-12-26,Indonesia-Vizag,Panamax,14.62,2025,12,26,4,13.7,14.23,1316.4,1408.1,1246.9
2026-01-02,Indonesia-Vizag,Panamax,15.3,2026,1,2,4,14.62,11.94,1356.8,1305.2,1316.4
2026-01-09,Indonesia-Vizag,Panamax,14.39,2026,1,9,4,15.3,13.75,1347.2,1209.1,1356.8
2026-01-16,Indonesia-Vizag,Panamax,13.91,2026,1,16,4,14.39,12.71,1268.9,1403.0,1347.2
2026-01-23,Indonesia-Vizag,Panamax,15.02,2026,1,23,4,13.91,11.1,1399.5,1401.1,1268.9
2026-01-30,Indonesia-Vizag,Panamax,15.27,2026,1,30,4,15.02,13.48,1528.6,1467.4,1399.5
2026-02-06,Indonesia-Vizag,Panamax,15.16,2026,2,6,4,15.27,13.7,1417.4,1423.0,1528.6
2026-02-13,Indonesia-Vizag,Panamax,16.24,2026,2,13,4,15.16,14.62,1578.6,1347.8,1417.4
2026-02-20,Indonesia-Vizag,Panamax,13.97,2026,2,20,4,16.24,15.3,1403.5,1499.1,1578.6
2026-02-27,Indonesia-Vizag,Panamax,16.09,2026,2,27,4,13.97,14.39,1635.4,1591.4,1403.5
2026-03-06,Indonesia-Vizag,Panamax,14.69,2026,3,6,4,16.09,13.91,1578.4,1586.5,1635.4
2026-03-13,Indonesia-Vizag,Panamax,16.67,2026,3,13,4,14.69,15.02,1480.1,1592.1,1578.4
2026-03-20,Indonesia-Vizag,Panamax,17.71,2026,3,20,4,16.67,15.27,1690.7,1672.6,1480.1
2026-03-27,Indonesia-Vizag,Panamax,18.09,2026,3,27,4,17.71,15.16,1715.8,1657.2,1690.7
2026-04-03,Indonesia-Vizag,Panamax,17.47,2026,4,3,4,18.09,16.24,1720.6,1636.3,1715.8
2026-04-10,Indonesia-Vizag,Panamax,17.4,2026,4,10,4,17.47,13.97,1719.7,1754.6,1720.6
2026-04-17,Indonesia-Vizag,Panamax,17.21,2026,4,17,4,17.4,16.09,1741.8,1824.3,1719.7
2026-04-24,Indonesia-Vizag,Panamax,18.02,2026,4,24,4,17.21,14.69,1737.8,1690.2,1741.8
2026-05-01,Indonesia-Vizag,Panamax,18.49,2026,5,1,4,18.02,16.67,1804.6,1740.5,1737.8
2026-05-08,Indonesia-Vizag,Panamax,19.91,2026,5,8,4,18.49,17.71,1867.4,1799.7,1804.6
2026-05-15,Indonesia-Vizag,Panamax,16.75,2026,5,15,4,19.91,18.09,1800.6,1930.8,1867.4
2026-05-22,Indonesia-Vizag,Panamax,17.38,2026,5,22,4,16.75,17.47,1884.4,1928.1,1800.6
2026-05-29,Indonesia-Vizag,Panamax,16.67,2026,5,29,4,17.38,17.4,1775.5,1852.0,1884.4
2026-06-05,Indonesia-Vizag,Panamax,16.52,2026,6,5,4,16.67,17.21,1893.6,1773.8,1775.5
2026-06-12,Indonesia-Vizag,Panamax,15.91,2026,6,12,4,16.52,18.02,1910.5,1884.3,1893.6
2026-06-19,Indonesia-Vizag,Panamax,15.56,2026,6,19,4,15.91,18.49,1882.1,2027.3,1910.5
2026-06-26,Indonesia-Vizag,Panamax,15.68,2026,6,26,4,15.56,19.91,1836.2,1969.2,1882.1
2026-07-03,Indonesia-Vizag,Panamax,15.23,2026,7,3,4,15.68,16.75,1941.0,1869.2,1836.2
2026-07-10,Indonesia-Vizag,Panamax,15.82,2026,7,10,4,15.23,17.38,1862.4,1845.2,1941.0
2026-07-17,Indonesia-Vizag,Panamax,16.57,2026,7,17,4,15.82,16.67,1877.2,2024.2,1862.4
2026-07-24,Indonesia-Vizag,Panamax,14.8,2026,7,24,4,16.57,16.52,1881.8,1966.6,1877.2
2026-07-31,Indonesia-Vizag,Panamax,15.9,2026,7,31,4,14.8,15.91,1881.8,1869.8,1881.8
2026-08-07,Indonesia-Vizag,Panamax,15.44,2026,8,7,4,15.9,15.56,1944.8,1823.2,1881.8
2026-08-14,Indonesia-Vizag,Panamax,14.77,2026,8,14,4,15.44,15.68,1922.7,1935.5,1944.8
2026-08-21,Indonesia-Vizag,Panamax,14.61,2026,8,21,4,14.77,15.23,1890.6,1916.5,1922.7
2026-08-28,Indonesia-Vizag,Panamax,14.33,2026,8,28,4,14.61,15.82,1863.2,1967.9,1890.6
2018-02-23,Indonesia-Vizag,Supramax,24.44,2018,2,23,4,22.54,20.25,2306.9,2170.6,2171.5
2018-03-02,Indonesia-Vizag,Supramax,24.35,2018,3,2,4,24.44,21.08,2308.2,2272.3,2306.9
2018-03-09,Indonesia-Vizag,Supramax,24.06,2018,3,9,4,24.35,21.81,2291.4,2274.8,2308.2
2018-03-16,Indonesia-Vizag,Supramax,23.4,2018,3,16,4,24.06,22.21,2287.3,2280.0,2291.4
2018-03-23,Indonesia-Vizag,Supramax,23.82,2018,3,23,4,23.4,21.09,2331.8,2306.2,2287.3
2018-03-30,Indonesia-Vizag,Supramax,25.28,2018,3,30,4,23.82,22.23,2384.8,2367.6,2331.8
2018-04-06,Indonesia-Vizag,Supramax,26.2,2018,4,6,4,25.28,22.54,2410.1,2433.8,2384.8
2018-04-13,Indonesia-Vizag,Supramax,23.14,2018,4,13,4,26.2,24.44,2378.3,2408.3,2410.1
2018-04-20,Indonesia-Vizag,Supramax,22.46,2018,4,20,4,23.14,24.35,2446.4,2291.5,2378.3
2018-04-27,Indonesia-Vizag,Supramax,25.29,2018,4,27,4,22.46,24.06,2390.1,2359.0,2446.4
2018-05-04,Indonesia-Vizag,Supramax,24.7,2018,5,4,4,25.29,23.4,2345.4,2418.0,2390.1
2018-05-11,Indonesia-Vizag,Supramax,23.41,2018,5,11,4,24.7,23.82,2388.1,2331.1,2345.4
2018-05-18,Indonesia-Vizag,Supramax,24.47,2018,5,18,4,23.41,25.28,2412.5,2456.3,2388.1
2018-05-25,Indonesia-Vizag,Supramax,23.28,2018,5,25,4,24.47,26.2,2323.4,2458.5,2412.5
2018-06-01,Indonesia-Vizag,Supramax,23.85,2018,6,1,4,23.28,23.14,2323.7,2402.6,2323.4
2018-06-08,Indonesia-Vizag,Supramax,21.8,2018,6,8,4,23.85,22.46,2297.5,2354.7,2323.7
2018-06-15,Indonesia-Vizag,Supramax,22.45,2018,6,15,4,21.8,25.29,2241.2,2273.7,2297.5
2018-06-22,Indonesia-Vizag,Supramax,21.13,2018,6,22,4,22.45,24.7,2128.9,2195.7,2241.2
2018-06-29,Indonesia-Vizag,Supramax,21.17,2018,6,29,4,21.13,23.41,2197.3,2128.1,2128.9
2018-07-06,Indonesia-Vizag,Supramax,21.89,2018,7,6,4,21.17,24.47,2149.3,2157.8,2197.3
2018-07-13,Indonesia-Vizag,Supramax,21.89,2018,7,13,4,21.89,23.28,2189.9,2083.8,2149.3
2018-07-20,Indonesia-Vizag,Supramax,20.28,2018,7,20,4,21.89,23.85,2139.2,2033.8,2189.9
2018-07-27,Indonesia-Vizag,Supramax,19.1,2018,7,27,4,20.28,21.8,1987.2,1970.1,2139.2
2018-08-03,Indonesia-Vizag,Supramax,19.9,2018,8,3,4,19.1,22.45,2085.5,1949.0,1987.2
2018-08-10,Indonesia-Vizag,Supramax,18.53,2018,8,10,4,19.9,21.13,1865.5,1949.7,2085.5
2018-08-17,Indonesia-Vizag,Supramax,17.54,2018,8,17,4,18.53,21.17,1900.8,1835.8,1865.5
2018-08-24,Indonesia-Vizag,Supramax,18.85,2018,8,24,4,17.54,21.89,1810.9,1794.4,1900.8
2018-08-31,Indonesia-Vizag,Supramax,18.83,2018,8,31,4,18.85,21.89,1627.8,1781.5,1810.9
2018-09-07,Indonesia-Vizag,Supramax,17.3,2018,9,7,4,18.83,20.28,1667.4,1690.0,1627.8
2018-09-14,Indonesia-Vizag,Supramax,18.07,2018,9,14,4,17.3,19.1,1700.8,1672.9,1667.4
2018-09-21,Indonesia-Vizag,Supramax,18.18,2018,9,21,4,18.07,19.9,1661.0,1623.6,1700.8
2018-09-28,Indonesia-Vizag,Supramax,18.3,2018,9,28,4,18.18,18.53,1631.5,1612.4,1661.0
2018-10-05,Indonesia-Vizag,Supramax,19.22,2018,10,5,4,18.3,17.54,1633.9,1646.5,1631.5
2018-10-12,Indonesia-Vizag,Supramax,16.7,2018,10,12,4,19.22,18.85,1471.8,1552.6,1633.9
2018-10-19,Indonesia-Vizag,Supramax,18.04,2018,10,19,4,16.7,18.83,1573.8,1658.5,1471.8
2018-10-26,Indonesia-Vizag,Supramax,20.03,2018,10,26,4,18.04,17.3,1661.9,1572.7,1573.8
2018-11-02,Indonesia-Vizag,Supramax,17.18,2018,11,2,4,20.03,18.07,1594.7,1588.4,1661.9
2018-11-09,Indonesia-Vizag,Supramax,17.7,2018,11,9,4,17.18,18.18,1584.1,1561.8,1594.7
2018-11-16,Indonesia-Vizag,Supramax,18.68,2018,11,16,4,17.7,18.3,1695.6,1662.8,1584.1
2018-11-23,Indonesia-Vizag,Supramax,17.77,2018,11,23,4,18.68,19.22,1565.8,1632.0,1695.6
2018-11-30,Indonesia-Vizag,Supramax,18.72,2018,11,30,4,17.77,16.7,1627.9,1652.3,1565.8
2018-12-07,Indonesia-Vizag,Supramax,18.67,2018,12,7,4,18.72,18.04,1695.0,1690.3,1627.9
2018-12-14,Indonesia-Vizag,Supramax,20.71,2018,12,14,4,18.67,20.03,1715.5,1757.6,1695.0
2018-12-21,Indonesia-Vizag,Supramax,20.56,2018,12,21,4,20.71,17.18,1798.3,1751.8,1715.5
2018-12-28,Indonesia-Vizag,Supramax,20.51,2018,12,28,4,20.56,17.7,1772.4,1802.5,1798.3
2019-01-04,Indonesia-Vizag,Supramax,22.28,2019,1,4,4,20.51,18.68,1980.9,1937.9,1772.4
2019-01-11,Indonesia-Vizag,Supramax,20.14,2019,1,11,4,22.28,17.77,1936.0,1901.2,1980.9
2019-01-18,Indonesia-Vizag,Supramax,21.83,2019,1,18,4,20.14,18.72,1960.2,1929.1,1936.0
2019-01-25,Indonesia-Vizag,Supramax,21.12,2019,1,25,4,21.83,18.67,2010.3,2099.3,1960.2
2019-02-01,Indonesia-Vizag,Supramax,23.1,2019,2,1,4,21.12,20.71,2038.5,2089.5,2010.3
2019-02-08,Indonesia-Vizag,Supramax,22.69,2019,2,8,4,23.1,20.56,2176.7,2043.9,2038.5
2019-02-15,Indonesia-Vizag,Supramax,24.67,2019,2,15,4,22.69,20.51,2253.8,2176.9,2176.7
2019-02-22,Indonesia-Vizag,Supramax,24.69,2019,2,22,4,24.67,22.28,2335.2,2271.9,2253.8
2019-03-01,Indonesia-Vizag,Supramax,24.08,2019,3,1,4,24.69,20.14,2298.9,2400.7,2335.2
2019-03-08,Indonesia-Vizag,Supramax,23.4,2019,3,8,4,24.08,21.83,2424.4,2425.2,2298.9
2019-03-15,Indonesia-Vizag,Supramax,24.67,2019,3,15,4,23.4,21.12,2357.8,2534.1,2424.4
2019-03-22,Indonesia-Vizag,Supramax,25.63,2019,3,22,4,24.67,23.1,2449.9,2540.0,2357.8
2019-03-29,Indonesia-Vizag,Supramax,24.99,2019,3,29,4,25.63,22.69,2500.1,2482.5,2449.9
2019-04-05,Indonesia-Vizag,Supramax,24.29,2019,4,5,4,24.99,24.67,2550.0,2545.2,2500.1
2019-04-12,Indonesia-Vizag,Supramax,26.19,2019,4,12,4,24.29,24.69,2623.0,2602.4,2550.0
2019-04-19,Indonesia-Vizag,Supramax,26.74,2019,4,19,4,26.19,24.08,2661.0,2610.5,2623.0
2019-04-26,Indonesia-Vizag,Supramax,24.64,2019,4,26,4,26.74,23.4,2663.9,2598.0,2661.0
2019-05-03,Indonesia-Vizag,Supramax,24.84,2019,5,3,4,24.64,24.67,2726.3,2611.2,2663.9
2019-05-10,Indonesia-Vizag,Supramax,26.06,2019,5,10,4,24.84,25.63,2658.8,2701.1,2726.3
2019-05-17,Indonesia-Vizag,Supramax,23.62,2019,5,17,4,26.06,24.99,2695.0,2694.3,2658.8
2019-05-24,Indonesia-Vizag,Supramax,25.46,2019,5,24,4,23.62,24.29,2748.6,2744.6,2695.0
2019-05-31,Indonesia-Vizag,Supramax,25.77,2019,5,31,4,25.46,26.19,2600.5,2697.5,2748.6
2019-06-07,Indonesia-Vizag,Supramax,24.37,2019,6,7,4,25.77,26.74,2630.2,2683.6,2600.5
2019-06-14,Indonesia-Vizag,Supramax,23.84,2019,6,14,4,24.37,24.64,2665.3,2693.3,2630.2
2019-06-21,Indonesia-Vizag,Supramax,23.94,2019,6,21,4,23.84,24.84,2669.9,2559.0,2665.3
2019-06-28,Indonesia-Vizag,Supramax,23.76,2019,6,28,4,23.94,26.06,2612.1,2618.6,2669.9
2019-07-05,Indonesia-Vizag,Supramax,23.01,2019,7,5,4,23.76,23.62,2542.9,2554.6,2612.1
2019-07-12,Indonesia-Vizag,Supramax,22.63,2019,7,12,4,23.01,25.46,2626.3,2637.5,2542.9
2019-07-19,Indonesia-Vizag,Supramax,22.63,2019,7,19,4,22.63,25.77,2536.0,2486.7,2626.3
2019-07-26,Indonesia-Vizag,Supramax,22.4,2019,7,26,4,22.63,24.37,2380.4,2425.1,2536.0
2019-08-02,Indonesia-Vizag,Supramax,20.36,2019,8,2,4,22.4,23.84,2304.5,2373.1,2380.4
2019-08-09,Indonesia-Vizag,Supramax,20.21,2019,8,9,4,20.36,23.94,2297.7,2358.7,2304.5
2019-08-16,Indonesia-Vizag,Supramax,19.36,2019,8,16,4,20.21,23.76,2285.7,2247.6,2297.7
2019-08-23,Indonesia-Vizag,Supramax,19.17,2019,8,23,4,19.36,23.01,2212.3,2334.6,2285.7
2019-08-30,Indonesia-Vizag,Supramax,19.79,2019,8,30,4,19.17,22.63,2054.5,2084.9,2212.3
2019-09-06,Indonesia-Vizag,Supramax,19.48,2019,9,6,4,19.79,22.63,2053.2,2040.6,2054.5
2019-09-13,Indonesia-Vizag,Supramax,19.23,2019,9,13,4,19.48,22.4,2018.5,1989.6,2053.2
2019-09-20,Indonesia-Vizag,Supramax,18.82,2019,9,20,4,19.23,20.36,1988.8,1979.4,2018.5
2019-09-27,Indonesia-Vizag,Supramax,19.46,2019,9,27,4,18.82,20.21,1907.9,1926.7,1988.8
2019-10-04,Indonesia-Vizag,Supramax,18.39,2019,10,4,4,19.46,19.36,1825.4,1906.7,1907.9
2019-10-11,Indonesia-Vizag,Supramax,18.63,2019,10,11,4,18.39,19.17,1724.4,1738.7,1825.4
2019-10-18,Indonesia-Vizag,Supramax,17.04,2019,10,18,4,18.63,19.79,1675.6,1751.1,1724.4
2019-10-25,Indonesia-Vizag,Supramax,19.52,2019,10,25,4,17.04,19.48,1692.2,1658.3,1675.6
2019-11-01,Indonesia-Vizag,Supramax,18.53,2019,11,1,4,19.52,19.23,1608.1,1568.8,1692.2
2019-11-08,Indonesia-Vizag,Supramax,17.22,2019,11,8,4,18.53,18.82,1559.8,1526.8,1608.1
2019-11-15,Indonesia-Vizag,Supramax,15.91,2019,11,15,4,17.22,19.46,1539.3,1537.2,1559.8
2019-11-22,Indonesia-Vizag,Supramax,18.29,2019,11,22,4,15.91,18.39,1463.3,1563.0,1539.3
2019-11-29,Indonesia-Vizag,Supramax,16.05,2019,11,29,4,18.29,18.63,1341.3,1383.8,1463.3
2019-12-06,Indonesia-Vizag,Supramax,18.27,2019,12,6,4,16.05,17.04,1425.5,1391.8,1341.3
2019-12-13,Indonesia-Vizag,Supramax,17.34,2019,12,13,4,18.27,19.52,1298.9,1346.2,1425.5
2019-12-20,Indonesia-Vizag,Supramax,18.42,2019,12,20,4,17.34,18.53,1324.0,1358.0,1298.9
2019-12-27,Indonesia-Vizag,Supramax,17.19,2019,12,27,4,18.42,17.22,1253.4,1504.7,1324.0
2020-01-03,Indonesia-Vizag,Supramax,17.51,2020,1,3,4,17.19,15.91,1316.1,1305.5,1253.4
2020-01-10,Indonesia-Vizag,Supramax,18.79,2020,1,10,4,17.51,18.29,1303.2,1243.5,1316.1
2020-01-17,Indonesia-Vizag,Supramax,19.3,2020,1,17,4,18.79,16.05,1270.9,1366.1,1303.2
2020-01-24,Indonesia-Vizag,Supramax,20.32,2020,1,24,4,19.3,18.27,1262.1,1181.1,1270.9
2020-01-31,Indonesia-Vizag,Supramax,20.54,2020,1,31,4,20.32,17.34,1214.3,1257.5,1262.1
2020-02-07,Indonesia-Vizag,Supramax,16.92,2020,2,7,4,20.54,18.42,1225.3,1126.5,1214.3
2020-02-14,Indonesia-Vizag,Supramax,17.15,2020,2,14,4,16.92,17.19,1160.6,1236.6,1225.3
2020-02-21,Indonesia-Vizag,Supramax,19.33,2020,2,21,4,17.15,17.51,1116.5,1198.5,1160.6
2020-02-28,Indonesia-Vizag,Supramax,18.74,2020,2,28,4,19.33,18.79,1107.3,1151.3,1116.5
2020-03-06,Indonesia-Vizag,Supramax,17.23,2020,3,6,4,18.74,19.3,627.5,527.8,1107.3
2020-03-13,Indonesia-Vizag,Supramax,16.15,2020,3,13,4,17.23,20.32,368.7,569.6,627.5
2020-03-20,Indonesia-Vizag,Supramax,15.86,2020,3,20,4,16.15,20.54,491.8,454.7,368.7
2020-03-27,Indonesia-Vizag,Supramax,17.32,2020,3,27,4,15.86,16.92,499.0,482.9,491.8
2020-04-03,Indonesia-Vizag,Supramax,16.77,2020,4,3,4,17.32,17.15,400.8,434.8,499.0
2020-04-10,Indonesia-Vizag,Supramax,16.39,2020,4,10,4,16.77,19.33,500.6,411.1,400.8
2020-04-17,Indonesia-Vizag,Supramax,15.37,2020,4,17,4,16.39,18.74,420.0,430.4,500.6
2020-04-24,Indonesia-Vizag,Supramax,15.55,2020,4,24,4,15.37,17.23,483.1,347.7,420.0
2020-05-01,Indonesia-Vizag,Supramax,16.3,2020,5,1,4,15.55,16.15,392.4,414.7,483.1
2020-05-08,Indonesia-Vizag,Supramax,16.84,2020,5,8,4,16.3,15.86,436.9,329.2,392.4
2020-05-15,Indonesia-Vizag,Supramax,14.76,2020,5,15,4,16.84,17.32,380.2,443.8,436.9
2020-05-22,Indonesia-Vizag,Supramax,15.86,2020,5,22,4,14.76,16.77,338.9,300.0,380.2
2020-05-29,Indonesia-Vizag,Supramax,15.53,2020,5,29,4,15.86,16.39,345.9,340.9,338.9
2020-06-05,Indonesia-Vizag,Supramax,14.44,2020,6,5,4,15.53,15.37,304.2,300.0,345.9
2020-06-12,Indonesia-Vizag,Supramax,14.67,2020,6,12,4,14.44,15.55,343.0,300.0,304.2
2020-06-19,Indonesia-Vizag,Supramax,15.38,2020,6,19,4,14.67,16.3,300.0,300.0,343.0
2020-06-26,Indonesia-Vizag,Supramax,13.61,2020,6,26,4,15.38,16.84,300.0,300.0,300.0
2020-07-03,Indonesia-Vizag,Supramax,14.61,2020,7,3,4,13.61,14.76,300.0,300.0,300.0
2020-07-10,Indonesia-Vizag,Supramax,13.45,2020,7,10,4,14.61,15.86,300.0,300.0,300.0
2020-07-17,Indonesia-Vizag,Supramax,13.64,2020,7,17,4,13.45,15.53,300.0,300.0,300.0
2020-07-24,Indonesia-Vizag,Supramax,13.31,2020,7,24,4,13.64,14.44,300.0,300.0,300.0
2020-07-31,Indonesia-Vizag,Supramax,14.39,2020,7,31,4,13.31,14.67,300.0,300.0,300.0
2020-08-07,Indonesia-Vizag,Supramax,12.95,2020,8,7,4,14.39,15.38,300.0,300.0,300.0
2020-08-14,Indonesia-Vizag,Supramax,12.61,2020,8,14,4,12.95,13.61,300.0,300.0,300.0
2020-08-21,Indonesia-Vizag,Supramax,13.34,2020,8,21,4,12.61,14.61,300.0,300.0,300.0
2020-08-28,Indonesia-Vizag,Supramax,11.1,2020,8,28,4,13.34,13.45,300.0,300.0,300.0
2020-09-04,Indonesia-Vizag,Supramax,15.37,2020,9,4,4,11.1,13.64,660.4,646.0,300.0
2020-09-11,Indonesia-Vizag,Supramax,14.28,2020,9,11,4,15.37,13.31,520.1,601.9,660.4
2020-09-18,Indonesia-Vizag,Supramax,14.05,2020,9,18,4,14.28,14.39,567.2,536.3,520.1
2020-09-25,Indonesia-Vizag,Supramax,12.48,2020,9,25,4,14.05,12.95,649.1,594.6,567.2
2020-10-02,Indonesia-Vizag,Supramax,12.16,2020,10,2,4,12.48,12.61,598.5,526.8,649.1
2020-10-09,Indonesia-Vizag,Supramax,14.08,2020,10,9,4,12.16,13.34,558.9,504.9,598.5
2020-10-16,Indonesia-Vizag,Supramax,13.32,2020,10,16,4,14.08,11.1,615.1,654.9,558.9
2020-10-23,Indonesia-Vizag,Supramax,14.96,2020,10,23,4,13.32,15.37,694.6,679.2,615.1
2020-10-30,Indonesia-Vizag,Supramax,13.11,2020,10,30,4,14.96,14.28,606.3,606.8,694.6
2020-11-06,Indonesia-Vizag,Supramax,11.95,2020,11,6,4,13.11,14.05,636.9,651.0,606.3
2020-11-13,Indonesia-Vizag,Supramax,15.38,2020,11,13,4,11.95,12.48,705.3,709.5,636.9
2020-11-20,Indonesia-Vizag,Supramax,14.39,2020,11,20,4,15.38,12.16,716.1,686.8,705.3
2020-11-27,Indonesia-Vizag,Supramax,13.87,2020,11,27,4,14.39,14.08,722.5,744.4,716.1
2020-12-04,Indonesia-Vizag,Supramax,13.6,2020,12,4,4,13.87,13.32,696.3,717.6,722.5
2020-12-11,Indonesia-Vizag,Supramax,15.66,2020,12,11,4,13.6,14.96,715.5,774.0,696.3
2020-12-18,Indonesia-Vizag,Supramax,16.42,2020,12,18,4,15.66,13.11,820.8,854.7,715.5
2020-12-25,Indonesia-Vizag,Supramax,17.35,2020,12,25,4,16.42,11.95,912.7,865.8,820.8
2021-01-01,Indonesia-Vizag,Supramax,16.48,2021,1,1,4,17.35,15.38,955.0,975.9,912.7
2021-01-08,Indonesia-Vizag,Supramax,18.2,2021,1,8,4,16.48,14.39,1032.9,923.1,955.0
2021-01-15,Indonesia-Vizag,Supramax,17.37,2021,1,15,4,18.2,13.87,986.7,983.6,1032.9
2021-01-22,Indonesia-Vizag,Supramax,18.01,2021,1,22,4,17.37,13.6,1122.3,996.5,986.7
2021-01-29,Indonesia-Vizag,Supramax,17.43,2021,1,29,4,18.01,15.66,1093.6,1032.3,1122.3
2021-02-05,Indonesia-Vizag,Supramax,18.76,2021,2,5,4,17.43,16.42,1099.1,1122.1,1093.6
2021-02-12,Indonesia-Vizag,Supramax,20.37,2021,2,12,4,18.76,17.35,1168.9,1188.2,1099.1
2021-02-19,Indonesia-Vizag,Supramax,18.96,2021,2,19,4,20.37,16.48,1269.8,1152.0,1168.9
2021-02-26,Indonesia-Vizag,Supramax,18.95,2021,2,26,4,18.96,18.2,1224.1,1296.2,1269.8
2021-03-05,Indonesia-Vizag,Supramax,20.3,2021,3,5,4,18.95,17.37,1245.2,1266.8,1224.1
2021-03-12,Indonesia-Vizag,Supramax,20.99,2021,3,12,4,20.3,18.01,1239.4,1276.6,1245.2
2021-03-19,Indonesia-Vizag,Supramax,20.35,2021,3,19,4,20.99,17.43,1356.1,1307.6,1239.4
2021-03-26,Indonesia-Vizag,Supramax,21.71,2021,3,26,4,20.35,18.76,1370.8,1267.4,1356.1
2021-04-02,Indonesia-Vizag,Supramax,18.57,2021,4,2,4,21.71,20.37,1287.1,1421.0,1370.8
2021-04-09,Indonesia-Vizag,Supramax,20.95,2021,4,9,4,18.57,18.96,1297.5,1344.8,1287.1
2021-04-16,Indonesia-Vizag,Supramax,20.16,2021,4,16,4,20.95,18.95,1305.9,1358.2,1297.5
2021-04-23,Indonesia-Vizag,Supramax,20.23,2021,4,23,4,20.16,20.3,1359.5,1369.5,1305.9
2021-04-30,Indonesia-Vizag,Supramax,20.05,2021,4,30,4,20.23,20.99,1226.7,1307.2,1359.5
2021-05-07,Indonesia-Vizag,Supramax,25.03,2021,5,7,4,20.05,20.35,2783.8,2753.3,1226.7
2021-05-14,Indonesia-Vizag,Supramax,24.7,2021,5,14,4,25.03,21.71,2815.2,2675.0,2783.8
2021-05-21,Indonesia-Vizag,Supramax,23.58,2021,5,21,4,24.7,18.57,2801.9,2736.3,2815.2
2021-05-28,Indonesia-Vizag,Supramax,24.69,2021,5,28,4,23.58,20.95,2772.8,2706.3,2801.9
2021-06-04,Indonesia-Vizag,Supramax,24.41,2021,6,4,4,24.69,20.16,2631.4,2637.8,2772.8
2021-06-11,Indonesia-Vizag,Supramax,24.09,2021,6,11,4,24.41,20.23,2581.2,2681.1,2631.4
2021-06-18,Indonesia-Vizag,Supramax,23.89,2021,6,18,4,24.09,20.05,2563.7,2678.4,2581.2
2021-06-25,Indonesia-Vizag,Supramax,22.33,2021,6,25,4,23.89,25.03,2586.4,2513.7,2563.7
2021-07-02,Indonesia-Vizag,Supramax,23.06,2021,7,2,4,22.33,24.7,2535.9,2582.2,2586.4
2021-07-09,Indonesia-Vizag,Supramax,22.33,2021,7,9,4,23.06,23.58,2399.4,2466.2,2535.9
2021-07-16,Indonesia-Vizag,Supramax,21.5,2021,7,16,4,22.33,24.69,2500.1,2467.0,2399.4
2021-07-23,Indonesia-Vizag,Supramax,21.65,2021,7,23,4,21.5,24.41,2439.1,2320.6,2500.1
2021-07-30,Indonesia-Vizag,Supramax,22.13,2021,7,30,4,21.65,24.09,2299.0,2281.2,2439.1
2021-08-06,Indonesia-Vizag,Supramax,21.45,2021,8,6,4,22.13,23.89,2267.5,2347.0,2299.0
2021-08-13,Indonesia-Vizag,Supramax,20.39,2021,8,13,4,21.45,22.33,2296.4,2300.4,2267.5
2021-08-20,Indonesia-Vizag,Supramax,19.49,2021,8,20,4,20.39,23.06,2224.7,2188.1,2296.4
2021-08-27,Indonesia-Vizag,Supramax,20.27,2021,8,27,4,19.49,22.33,2151.3,2192.3,2224.7
2021-09-03,Indonesia-Vizag,Supramax,20.2,2021,9,3,4,20.27,21.5,2126.6,2098.0,2151.3
2021-09-10,Indonesia-Vizag,Supramax,17.76,2021,9,10,4,20.2,21.65,2068.9,2065.0,2126.6
2021-09-17,Indonesia-Vizag,Supramax,18.84,2021,9,17,4,17.76,22.13,2060.5,2097.9,2068.9
2021-09-24,Indonesia-Vizag,Supramax,19.14,2021,9,24,4,18.84,21.45,2094.4,2130.2,2060.5
2021-10-01,Indonesia-Vizag,Supramax,19.14,2021,10,1,4,19.14,20.39,2106.2,1949.2,2094.4
2021-10-08,Indonesia-Vizag,Supramax,19.0,2021,10,8,4,19.14,19.49,2070.6,2075.7,2106.2
2021-10-15,Indonesia-Vizag,Supramax,20.3,2021,10,15,4,19.0,20.27,1987.6,2006.3,2070.6
2021-10-22,Indonesia-Vizag,Supramax,19.13,2021,10,22,4,20.3,20.2,2064.4,2127.2,1987.6
2021-10-29,Indonesia-Vizag,Supramax,21.22,2021,10,29,4,19.13,17.76,2025.7,2074.7,2064.4
2021-11-05,Indonesia-Vizag,Supramax,19.02,2021,11,5,4,21.22,18.84,2087.2,2149.5,2025.7
2021-11-12,Indonesia-Vizag,Supramax,20.45,2021,11,12,4,19.02,19.14,2169.6,2138.3,2087.2
2021-11-19,Indonesia-Vizag,Supramax,20.97,2021,11,19,4,20.45,19.14,2198.5,2156.0,2169.6
2021-11-26,Indonesia-Vizag,Supramax,21.84,2021,11,26,4,20.97,19.0,2260.9,2174.7,2198.5
2021-12-03,Indonesia-Vizag,Supramax,14.11,2021,12,3,4,21.84,20.3,769.1,724.2,2260.9
2021-12-10,Indonesia-Vizag,Supramax,16.33,2021,12,10,4,14.11,19.13,808.2,737.9,769.1
2021-12-17,Indonesia-Vizag,Supramax,15.1,2021,12,17,4,16.33,21.22,977.5,821.1,808.2
2021-12-24,Indonesia-Vizag,Supramax,16.48,2021,12,24,4,15.1,19.02,996.8,1068.7,977.5
2021-12-31,Indonesia-Vizag,Supramax,17.95,2021,12,31,4,16.48,20.45,985.7,996.6,996.8
2022-01-07,Indonesia-Vizag,Supramax,15.62,2022,1,7,4,17.95,20.97,1064.8,1169.6,985.7
2022-01-14,Indonesia-Vizag,Supramax,18.33,2022,1,14,4,15.62,21.84,1109.5,1188.7,1064.8
2022-01-21,Indonesia-Vizag,Supramax,18.67,2022,1,21,4,18.33,14.11,1270.3,1228.4,1109.5
2022-01-28,Indonesia-Vizag,Supramax,18.39,2022,1,28,4,18.67,16.33,1360.2,1390.8,1270.3
2022-02-04,Indonesia-Vizag,Supramax,19.78,2022,2,4,4,18.39,15.1,1441.4,1564.6,1360.2
2022-02-11,Indonesia-Vizag,Supramax,19.42,2022,2,11,4,19.78,16.48,1587.7,1420.8,1441.4
2022-02-18,Indonesia-Vizag,Supramax,20.39,2022,2,18,4,19.42,17.95,1670.0,1588.0,1587.7
2022-02-25,Indonesia-Vizag,Supramax,22.28,2022,2,25,4,20.39,15.62,1666.2,1769.8,1670.0
2022-03-04,Indonesia-Vizag,Supramax,21.77,2022,3,4,4,22.28,18.33,1748.9,1789.9,1666.2
2022-03-11,Indonesia-Vizag,Supramax,23.65,2022,3,11,4,21.77,18.67,1866.9,1935.3,1748.9
2022-03-18,Indonesia-Vizag,Supramax,23.76,2022,3,18,4,23.65,18.39,1940.8,2005.3,1866.9
2022-03-25,Indonesia-Vizag,Supramax,21.77,2022,3,25,4,23.76,19.78,1949.5,2055.2,1940.8
2022-04-01,Indonesia-Vizag,Supramax,23.74,2022,4,1,4,21.77,19.42,2068.0,2131.2,1949.5
2022-04-08,Indonesia-Vizag,Supramax,24.74,2022,4,8,4,23.74,20.39,2133.8,2195.8,2068.0
2022-04-15,Indonesia-Vizag,Supramax,22.5,2022,4,15,4,24.74,22.28,2259.7,2330.6,2133.8
2022-04-22,Indonesia-Vizag,Supramax,24.96,2022,4,22,4,22.5,21.77,2247.7,2298.9,2259.7
2022-04-29,Indonesia-Vizag,Supramax,25.0,2022,4,29,4,24.96,23.65,2491.9,2420.0,2247.7
2022-05-06,Indonesia-Vizag,Supramax,23.76,2022,5,6,4,25.0,23.76,2386.8,2439.6,2491.9
2022-05-13,Indonesia-Vizag,Supramax,22.86,2022,5,13,4,23.76,21.77,2534.5,2457.6,2386.8
2022-05-20,Indonesia-Vizag,Supramax,25.71,2022,5,20,4,22.86,23.74,2526.3,2494.1,2534.5
2022-05-27,Indonesia-Vizag,Supramax,23.67,2022,5,27,4,25.71,24.74,2492.5,2439.0,2526.3
2022-06-03,Indonesia-Vizag,Supramax,23.71,2022,6,3,4,23.67,22.5,2490.5,2479.9,2492.5
2022-06-10,Indonesia-Vizag,Supramax,23.37,2022,6,10,4,23.71,24.96,2579.3,2477.6,2490.5
2022-06-17,Indonesia-Vizag,Supramax,25.18,2022,6,17,4,23.37,25.0,2600.4,2601.0,2579.3
2022-06-24,Indonesia-Vizag,Supramax,22.8,2022,6,24,4,25.18,23.76,2582.5,2612.3,2600.4
2022-07-01,Indonesia-Vizag,Supramax,22.48,2022,7,1,4,22.8,22.86,2620.8,2624.6,2582.5
2022-07-08,Indonesia-Vizag,Supramax,24.07,2022,7,8,4,22.48,25.71,2619.5,2606.9,2620.8
2022-07-15,Indonesia-Vizag,Supramax,22.74,2022,7,15,4,24.07,23.67,2568.5,2568.6,2619.5
2022-07-22,Indonesia-Vizag,Supramax,22.9,2022,7,22,4,22.74,23.71,2571.4,2551.0,2568.5
2022-07-29,Indonesia-Vizag,Supramax,23.37,2022,7,29,4,22.9,23.37,2446.9,2521.4,2571.4
2022-08-05,Indonesia-Vizag,Supramax,21.52,2022,8,5,4,23.37,25.18,2505.7,2493.2,2446.9
2022-08-12,Indonesia-Vizag,Supramax,20.72,2022,8,12,4,21.52,22.8,2485.3,2647.2,2505.7
2022-08-19,Indonesia-Vizag,Supramax,20.38,2022,8,19,4,20.72,22.48,2438.4,2551.4,2485.3
2022-08-26,Indonesia-Vizag,Supramax,22.38,2022,8,26,4,20.38,24.07,2387.4,2480.1,2438.4
2022-09-02,Indonesia-Vizag,Supramax,21.62,2022,9,2,4,22.38,22.74,2543.0,2496.7,2387.4
2022-09-09,Indonesia-Vizag,Supramax,18.79,2022,9,9,4,21.62,22.9,2354.4,2371.2,2543.0
2022-09-16,Indonesia-Vizag,Supramax,20.38,2022,9,16,4,18.79,23.37,2275.6,2380.1,2354.4
2022-09-23,Indonesia-Vizag,Supramax,19.7,2022,9,23,4,20.38,21.52,2252.0,2242.2,2275.6
2022-09-30,Indonesia-Vizag,Supramax,20.61,2022,9,30,4,19.7,20.72,2269.5,2312.7,2252.0
2022-10-07,Indonesia-Vizag,Supramax,19.6,2022,10,7,4,20.61,20.38,2309.4,2274.1,2269.5
2022-10-14,Indonesia-Vizag,Supramax,20.63,2022,10,14,4,19.6,22.38,2220.3,2240.3,2309.4
2022-10-21,Indonesia-Vizag,Supramax,19.62,2022,10,21,4,20.63,21.62,2264.2,2209.6,2220.3
2022-10-28,Indonesia-Vizag,Supramax,19.36,2022,10,28,4,19.62,18.79,2129.7,2145.4,2264.2
2022-11-04,Indonesia-Vizag,Supramax,20.04,2022,11,4,4,19.36,20.38,2156.9,2304.6,2129.7
2022-11-11,Indonesia-Vizag,Supramax,20.15,2022,11,11,4,20.04,19.7,2114.6,2234.6,2156.9
2022-11-18,Indonesia-Vizag,Supramax,20.11,2022,11,18,4,20.15,20.61,2221.4,2125.3,2114.6
2022-11-25,Indonesia-Vizag,Supramax,19.39,2022,11,25,4,20.11,19.6,2134.9,2087.0,2221.4
2022-12-02,Indonesia-Vizag,Supramax,20.42,2022,12,2,4,19.39,20.63,2060.8,2086.2,2134.9
2022-12-09,Indonesia-Vizag,Supramax,19.14,2022,12,9,4,20.42,19.62,2118.9,2152.0,2060.8
2022-12-16,Indonesia-Vizag,Supramax,21.65,2022,12,16,4,19.14,19.36,1998.8,2061.1,2118.9
2022-12-23,Indonesia-Vizag,Supramax,22.32,2022,12,23,4,21.65,20.04,2157.6,2061.8,1998.8
2022-12-30,Indonesia-Vizag,Supramax,21.19,2022,12,30,4,22.32,20.15,2117.6,1975.4,2157.6
2023-01-06,Indonesia-Vizag,Supramax,21.76,2023,1,6,4,21.19,20.11,2126.6,2044.5,2117.6
2023-01-13,Indonesia-Vizag,Supramax,22.82,2023,1,13,4,21.76,19.39,2204.7,2096.6,2126.6
2023-01-20,Indonesia-Vizag,Supramax,23.02,2023,1,20,4,22.82,20.42,2059.7,2186.3,2204.7
2023-01-27,Indonesia-Vizag,Supramax,23.28,2023,1,27,4,23.02,19.14,2132.5,2109.8,2059.7
2023-02-03,Indonesia-Vizag,Supramax,21.84,2023,2,3,4,23.28,21.65,2021.6,2170.6,2132.5
2023-02-10,Indonesia-Vizag,Supramax,22.75,2023,2,10,4,21.84,22.32,2093.7,2135.1,2021.6
2023-02-17,Indonesia-Vizag,Supramax,23.56,2023,2,17,4,22.75,21.19,2191.5,2089.3,2093.7
2023-02-24,Indonesia-Vizag,Supramax,23.53,2023,2,24,4,23.56,21.76,2071.5,2148.7,2191.5
2023-03-03,Indonesia-Vizag,Supramax,23.2,2023,3,3,4,23.53,22.82,2103.4,2160.1,2071.5
2023-03-10,Indonesia-Vizag,Supramax,23.62,2023,3,10,4,23.2,23.02,2073.0,2058.9,2103.4
2023-03-17,Indonesia-Vizag,Supramax,24.38,2023,3,17,4,23.62,23.28,2213.0,2130.4,2073.0
2023-03-24,Indonesia-Vizag,Supramax,25.05,2023,3,24,4,24.38,21.84,2187.6,2159.8,2213.0
2023-03-31,Indonesia-Vizag,Supramax,23.45,2023,3,31,4,25.05,22.75,2124.5,2103.4,2187.6
2023-04-07,Indonesia-Vizag,Supramax,24.64,2023,4,7,4,23.45,23.56,2068.9,2073.4,2124.5
2023-04-14,Indonesia-Vizag,Supramax,24.78,2023,4,14,4,24.64,23.53,2174.1,2046.0,2068.9
2023-04-21,Indonesia-Vizag,Supramax,23.31,2023,4,21,4,24.78,23.2,2127.3,2173.7,2174.1
2023-04-28,Indonesia-Vizag,Supramax,22.91,2023,4,28,4,23.31,23.62,1961.7,2114.8,2127.3
2023-05-05,Indonesia-Vizag,Supramax,22.64,2023,5,5,4,22.91,24.38,2032.7,2008.9,1961.7
2023-05-12,Indonesia-Vizag,Supramax,23.32,2023,5,12,4,22.64,25.05,2127.0,2100.4,2032.7
2023-05-19,Indonesia-Vizag,Supramax,21.47,2023,5,19,4,23.32,23.45,2024.5,2062.1,2127.0
2023-05-26,Indonesia-Vizag,Supramax,21.88,2023,5,26,4,21.47,24.64,2149.8,2017.7,2024.5
2023-06-02,Indonesia-Vizag,Supramax,22.07,2023,6,2,4,21.88,24.78,2045.5,1911.7,2149.8
2023-06-09,Indonesia-Vizag,Supramax,21.36,2023,6,9,4,22.07,23.31,2012.6,2069.7,2045.5
2023-06-16,Indonesia-Vizag,Supramax,21.15,2023,6,16,4,21.36,22.91,1940.0,1986.8,2012.6
2023-06-23,Indonesia-Vizag,Supramax,20.4,2023,6,23,4,21.15,22.64,1974.0,1921.4,1940.0
2023-06-30,Indonesia-Vizag,Supramax,20.8,2023,6,30,4,20.4,23.32,1988.1,1957.5,1974.0
2023-07-07,Indonesia-Vizag,Supramax,19.15,2023,7,7,4,20.8,21.47,1852.7,1953.2,1988.1
2023-07-14,Indonesia-Vizag,Supramax,19.5,2023,7,14,4,19.15,21.88,1754.6,1913.4,1852.7
2023-07-21,Indonesia-Vizag,Supramax,19.43,2023,7,21,4,19.5,22.07,1771.6,1704.6,1754.6
2023-07-28,Indonesia-Vizag,Supramax,19.3,2023,7,28,4,19.43,21.36,1805.7,1707.1,1771.6
2023-08-04,Indonesia-Vizag,Supramax,18.02,2023,8,4,4,19.3,21.15,1704.0,1688.0,1805.7
2023-08-11,Indonesia-Vizag,Supramax,18.69,2023,8,11,4,18.02,20.4,1676.0,1755.2,1704.0
2023-08-18,Indonesia-Vizag,Supramax,18.19,2023,8,18,4,18.69,20.8,1713.0,1773.8,1676.0
2023-08-25,Indonesia-Vizag,Supramax,17.04,2023,8,25,4,18.19,19.15,1644.4,1665.1,1713.0
2023-09-01,Indonesia-Vizag,Supramax,18.85,2023,9,1,4,17.04,19.5,1750.1,1786.0,1644.4
2023-09-08,Indonesia-Vizag,Supramax,17.87,2023,9,8,4,18.85,19.43,1654.2,1684.8,1750.1
2023-09-15,Indonesia-Vizag,Supramax,18.08,2023,9,15,4,17.87,19.3,1669.2,1660.6,1654.2
2023-09-22,Indonesia-Vizag,Supramax,17.45,2023,9,22,4,18.08,18.02,1675.7,1585.4,1669.2
2023-09-29,Indonesia-Vizag,Supramax,18.04,2023,9,29,4,17.45,18.69,1678.1,1648.4,1675.7
2023-10-06,Indonesia-Vizag,Supramax,17.86,2023,10,6,4,18.04,18.19,1669.6,1606.4,1678.1
2023-10-13,Indonesia-Vizag,Supramax,17.12,2023,10,13,4,17.86,17.04,1674.2,1605.9,1669.6
2023-10-20,Indonesia-Vizag,Supramax,17.15,2023,10,20,4,17.12,18.85,1537.6,1535.1,1674.2
2023-10-27,Indonesia-Vizag,Supramax,16.97,2023,10,27,4,17.15,17.87,1733.0,1575.2,1537.6
2023-11-03,Indonesia-Vizag,Supramax,17.67,2023,11,3,4,16.97,18.08,1625.2,1588.2,1733.0
2023-11-10,Indonesia-Vizag,Supramax,17.65,2023,11,10,4,17.67,17.45,1638.7,1569.7,1625.2
2023-11-17,Indonesia-Vizag,Supramax,16.89,2023,11,17,4,17.65,18.04,1563.7,1529.4,1638.7
2023-11-24,Indonesia-Vizag,Supramax,17.17,2023,11,24,4,16.89,17.86,1635.0,1637.1,1563.7
2023-12-01,Indonesia-Vizag,Supramax,19.02,2023,12,1,4,17.17,17.12,1698.0,1605.4,1635.0
2023-12-08,Indonesia-Vizag,Supramax,19.79,2023,12,8,4,19.02,17.15,1666.2,1646.2,1698.0
2023-12-15,Indonesia-Vizag,Supramax,19.55,2023,12,15,4,19.79,16.97,1631.3,1702.6,1666.2
2023-12-22,Indonesia-Vizag,Supramax,20.1,2023,12,22,4,19.55,17.67,1714.1,1723.9,1631.3
2023-12-29,Indonesia-Vizag,Supramax,19.09,2023,12,29,4,20.1,17.65,1814.5,1789.6,1714.1
2024-01-05,Indonesia-Vizag,Supramax,19.85,2024,1,5,4,19.09,16.89,1774.9,1647.3,1814.5
2024-01-12,Indonesia-Vizag,Supramax,20.14,2024,1,12,4,19.85,17.17,1733.5,1741.7,1774.9
2024-01-19,Indonesia-Vizag,Supramax,20.37,2024,1,19,4,20.14,19.02,1707.1,1739.8,1733.5
2024-01-26,Indonesia-Vizag,Supramax,20.81,2024,1,26,4,20.37,19.79,1772.1,1801.2,1707.1
2024-02-02,Indonesia-Vizag,Supramax,21.74,2024,2,2,4,20.81,19.55,1846.3,1783.6,1772.1
2024-02-09,Indonesia-Vizag,Supramax,22.03,2024,2,9,4,21.74,20.1,1858.9,1794.2,1846.3
2024-02-16,Indonesia-Vizag,Supramax,21.87,2024,2,16,4,22.03,19.09,1868.0,1806.4,1858.9
2024-02-23,Indonesia-Vizag,Supramax,22.53,2024,2,23,4,21.87,19.85,1803.9,1810.3,1868.0
2024-03-01,Indonesia-Vizag,Supramax,21.7,2024,3,1,4,22.53,20.14,1850.9,1773.2,1803.9
2024-03-08,Indonesia-Vizag,Supramax,23.56,2024,3,8,4,21.7,20.37,1852.0,1801.3,1850.9
2024-03-15,Indonesia-Vizag,Supramax,21.42,2024,3,15,4,23.56,20.81,1848.7,1789.1,1852.0
2024-03-22,Indonesia-Vizag,Supramax,19.85,2024,3,22,4,21.42,21.74,1807.5,1906.3,1848.7
2024-03-29,Indonesia-Vizag,Supramax,22.15,2024,3,29,4,19.85,22.03,1778.0,1712.1,1807.5
2024-04-05,Indonesia-Vizag,Supramax,20.96,2024,4,5,4,22.15,21.87,1696.2,1795.0,1778.0
2024-04-12,Indonesia-Vizag,Supramax,21.14,2024,4,12,4,20.96,22.53,1665.8,1708.5,1696.2
2024-04-19,Indonesia-Vizag,Supramax,20.3,2024,4,19,4,21.14,21.7,1656.0,1718.3,1665.8
2024-04-26,Indonesia-Vizag,Supramax,20.22,2024,4,26,4,20.3,23.56,1635.3,1702.1,1656.0
2024-05-03,Indonesia-Vizag,Supramax,20.27,2024,5,3,4,20.22,21.42,1523.5,1574.2,1635.3
2024-05-10,Indonesia-Vizag,Supramax,20.25,2024,5,10,4,20.27,19.85,1498.9,1520.2,1523.5
2024-05-17,Indonesia-Vizag,Supramax,20.76,2024,5,17,4,20.25,22.15,1531.9,1537.9,1498.9
2024-05-24,Indonesia-Vizag,Supramax,21.18,2024,5,24,4,20.76,20.96,1385.7,1369.4,1531.9
2024-05-31,Indonesia-Vizag,Supramax,19.58,2024,5,31,4,21.18,21.14,1373.8,1360.2,1385.7
2024-06-07,Indonesia-Vizag,Supramax,19.41,2024,6,7,4,19.58,20.3,1313.4,1317.3,1373.8
2024-06-14,Indonesia-Vizag,Supramax,17.86,2024,6,14,4,19.41,20.22,1188.1,1245.8,1313.4
2024-06-21,Indonesia-Vizag,Supramax,18.01,2024,6,21,4,17.86,20.27,1102.2,1126.9,1188.1
2024-06-28,Indonesia-Vizag,Supramax,17.63,2024,6,28,4,18.01,20.25,1055.9,1015.2,1102.2
2024-07-05,Indonesia-Vizag,Supramax,16.72,2024,7,5,4,17.63,20.76,948.0,956.3,1055.9
2024-07-12,Indonesia-Vizag,Supramax,14.84,2024,7,12,4,16.72,21.18,910.0,809.3,948.0
2024-07-19,Indonesia-Vizag,Supramax,14.99,2024,7,19,4,14.84,19.58,906.6,811.2,910.0
2024-07-26,Indonesia-Vizag,Supramax,15.26,2024,7,26,4,14.99,19.41,765.8,714.1,906.6
2024-08-02,Indonesia-Vizag,Supramax,14.68,2024,8,2,4,15.26,17.86,660.9,681.6,765.8
2024-08-09,Indonesia-Vizag,Supramax,14.17,2024,8,9,4,14.68,18.01,601.9,577.4,660.9
2024-08-16,Indonesia-Vizag,Supramax,14.05,2024,8,16,4,14.17,17.63,495.5,569.6,601.9
2024-08-23,Indonesia-Vizag,Supramax,11.39,2024,8,23,4,14.05,16.72,451.6,450.0,495.5
2024-08-30,Indonesia-Vizag,Supramax,11.2,2024,8,30,4,11.39,14.84,310.1,346.2,451.6
2024-09-06,Indonesia-Vizag,Supramax,12.77,2024,9,6,4,11.2,14.99,300.0,300.0,310.1
2024-09-13,Indonesia-Vizag,Supramax,12.3,2024,9,13,4,12.77,15.26,300.0,300.0,300.0
2024-09-20,Indonesia-Vizag,Supramax,10.21,2024,9,20,4,12.3,14.68,300.0,300.0,300.0
2024-09-27,Indonesia-Vizag,Supramax,12.49,2024,9,27,4,10.21,14.17,325.3,300.0,300.0
2024-10-04,Indonesia-Vizag,Supramax,11.16,2024,10,4,4,12.49,14.05,300.0,300.0,325.3
2024-10-11,Indonesia-Vizag,Supramax,11.34,2024,10,11,4,11.16,11.39,300.0,300.0,300.0
2024-10-18,Indonesia-Vizag,Supramax,11.53,2024,10,18,4,11.34,11.2,300.0,300.0,300.0
2024-10-25,Indonesia-Vizag,Supramax,13.01,2024,10,25,4,11.53,12.77,300.0,300.0,300.0
2024-11-01,Indonesia-Vizag,Supramax,12.77,2024,11,1,4,13.01,12.3,300.0,300.0,300.0
2024-11-08,Indonesia-Vizag,Supramax,12.5,2024,11,8,4,12.77,10.21,300.0,300.0,300.0
2024-11-15,Indonesia-Vizag,Supramax,13.46,2024,11,15,4,12.5,12.49,300.0,300.0,300.0
2024-11-22,Indonesia-Vizag,Supramax,12.93,2024,11,22,4,13.46,11.16,300.0,300.0,300.0
2024-11-29,Indonesia-Vizag,Supramax,13.96,2024,11,29,4,12.93,11.34,300.0,300.0,300.0
2024-12-06,Indonesia-Vizag,Supramax,12.9,2024,12,6,4,13.96,11.53,300.0,300.0,300.0
2024-12-13,Indonesia-Vizag,Supramax,14.25,2024,12,13,4,12.9,13.01,300.0,300.0,300.0
2024-12-20,Indonesia-Vizag,Supramax,14.72,2024,12,20,4,14.25,12.77,300.0,300.0,300.0
2024-12-27,Indonesia-Vizag,Supramax,14.36,2024,12,27,4,14.72,12.5,300.0,300.0,300.0
2025-01-03,Indonesia-Vizag,Supramax,15.13,2025,1,3,4,14.36,13.46,338.4,300.0,300.0
2025-01-10,Indonesia-Vizag,Supramax,14.96,2025,1,10,4,15.13,12.93,333.0,317.3,338.4
2025-01-17,Indonesia-Vizag,Supramax,15.34,2025,1,17,4,14.96,13.96,394.4,349.6,333.0
2025-01-24,Indonesia-Vizag,Supramax,13.74,2025,1,24,4,15.34,12.9,501.5,531.2,394.4
2025-01-31,Indonesia-Vizag,Supramax,16.38,2025,1,31,4,13.74,14.25,510.3,495.5,501.5
2025-02-07,Indonesia-Vizag,Supramax,15.75,2025,2,7,4,16.38,14.72,541.1,611.7,510.3
2025-02-14,Indonesia-Vizag,Supramax,17.06,2025,2,14,4,15.75,14.36,734.5,543.1,541.1
2025-02-21,Indonesia-Vizag,Supramax,16.76,2025,2,21,4,17.06,15.13,651.0,686.5,734.5
2025-02-28,Indonesia-Vizag,Supramax,18.28,2025,2,28,4,16.76,14.96,781.7,719.2,651.0
2025-03-07,Indonesia-Vizag,Supramax,18.23,2025,3,7,4,18.28,15.34,901.9,831.0,781.7
2025-03-14,Indonesia-Vizag,Supramax,17.76,2025,3,14,4,18.23,13.74,913.8,939.3,901.9
2025-03-21,Indonesia-Vizag,Supramax,18.07,2025,3,21,4,17.76,16.38,990.8,856.6,913.8
2025-03-28,Indonesia-Vizag,Supramax,17.99,2025,3,28,4,18.07,15.75,994.5,1057.9,990.8
2025-04-04,Indonesia-Vizag,Supramax,18.02,2025,4,4,4,17.99,17.06,1081.3,1133.8,994.5
2025-04-11,Indonesia-Vizag,Supramax,19.68,2025,4,11,4,18.02,16.76,1155.6,1110.7,1081.3
2025-04-18,Indonesia-Vizag,Supramax,21.74,2025,4,18,4,19.68,18.28,1228.1,1134.4,1155.6
2025-04-25,Indonesia-Vizag,Supramax,21.56,2025,4,25,4,21.74,18.23,1341.8,1228.8,1228.1
2025-05-02,Indonesia-Vizag,Supramax,20.63,2025,5,2,4,21.56,17.76,1220.7,1407.5,1341.8
2025-05-09,Indonesia-Vizag,Supramax,20.32,2025,5,9,4,20.63,18.07,1447.9,1327.1,1220.7
2025-05-16,Indonesia-Vizag,Supramax,21.94,2025,5,16,4,20.32,17.99,1358.5,1402.9,1447.9
2025-05-23,Indonesia-Vizag,Supramax,20.97,2025,5,23,4,21.94,18.02,1431.4,1373.7,1358.5
2025-05-30,Indonesia-Vizag,Supramax,21.07,2025,5,30,4,20.97,19.68,1448.9,1420.9,1431.4
2025-06-06,Indonesia-Vizag,Supramax,20.76,2025,6,6,4,21.07,21.74,1391.3,1478.5,1448.9
2025-06-13,Indonesia-Vizag,Supramax,19.62,2025,6,13,4,20.76,21.56,1449.4,1490.9,1391.3
2025-06-20,Indonesia-Vizag,Supramax,19.54,2025,6,20,4,19.62,20.63,1325.6,1505.2,1449.4
2025-06-27,Indonesia-Vizag,Supramax,19.57,2025,6,27,4,19.54,20.32,1454.5,1423.6,1325.6
2025-07-04,Indonesia-Vizag,Supramax,18.52,2025,7,4,4,19.57,21.94,1473.0,1393.4,1454.5
2025-07-11,Indonesia-Vizag,Supramax,18.24,2025,7,11,4,18.52,20.97,1503.0,1415.4,1473.0
2025-07-18,Indonesia-Vizag,Supramax,19.19,2025,7,18,4,18.24,21.07,1441.0,1446.0,1503.0
2025-07-25,Indonesia-Vizag,Supramax,17.6,2025,7,25,4,19.19,20.76,1411.3,1424.0,1441.0
2025-08-01,Indonesia-Vizag,Supramax,18.56,2025,8,1,4,17.6,19.62,1376.9,1464.1,1411.3
2025-08-08,Indonesia-Vizag,Supramax,16.52,2025,8,8,4,18.56,19.54,1404.1,1413.5,1376.9
2025-08-15,Indonesia-Vizag,Supramax,18.05,2025,8,15,4,16.52,19.57,1419.9,1376.3,1404.1
2025-08-22,Indonesia-Vizag,Supramax,16.77,2025,8,22,4,18.05,18.52,1381.7,1378.7,1419.9
2025-08-29,Indonesia-Vizag,Supramax,15.31,2025,8,29,4,16.77,18.24,1369.7,1286.8,1381.7
2025-09-05,Indonesia-Vizag,Supramax,16.3,2025,9,5,4,15.31,19.19,1277.9,1337.5,1369.7
2025-09-12,Indonesia-Vizag,Supramax,16.74,2025,9,12,4,16.3,17.6,1314.5,1328.7,1277.9
2025-09-19,Indonesia-Vizag,Supramax,16.32,2025,9,19,4,16.74,18.56,1229.3,1276.5,1314.5
2025-09-26,Indonesia-Vizag,Supramax,16.8,2025,9,26,4,16.32,16.52,1262.4,1263.9,1229.3
2025-10-03,Indonesia-Vizag,Supramax,15.91,2025,10,3,4,16.8,18.05,1199.6,1293.1,1262.4
2025-10-10,Indonesia-Vizag,Supramax,16.29,2025,10,10,4,15.91,16.77,1194.9,1272.2,1199.6
2025-10-17,Indonesia-Vizag,Supramax,14.98,2025,10,17,4,16.29,15.31,1246.7,1230.7,1194.9
2025-10-24,Indonesia-Vizag,Supramax,16.47,2025,10,24,4,14.98,16.3,1236.4,1223.0,1246.7
2025-10-31,Indonesia-Vizag,Supramax,16.07,2025,10,31,4,16.47,16.74,1185.5,1175.0,1236.4
2025-11-07,Indonesia-Vizag,Supramax,16.57,2025,11,7,4,16.07,16.32,1296.1,1230.0,1185.5
2025-11-14,Indonesia-Vizag,Supramax,16.66,2025,11,14,4,16.57,16.8,1158.5,1192.1,1296.1
2025-11-21,Indonesia-Vizag,Supramax,16.93,2025,11,21,4,16.66,15.91,1242.0,1220.3,1158.5
2025-11-28,Indonesia-Vizag,Supramax,17.56,2025,11,28,4,16.93,16.29,1231.0,1205.5,1242.0
2025-12-05,Indonesia-Vizag,Supramax,16.57,2025,12,5,4,17.56,14.98,1119.0,1264.5,1231.0
2025-12-12,Indonesia-Vizag,Supramax,17.78,2025,12,12,4,16.57,16.47,1286.9,1188.5,1119.0
2025-12-19,Indonesia-Vizag,Supramax,18.61,2025,12,19,4,17.78,16.07,1246.9,1260.6,1286.9
2025-12-26,Indonesia-Vizag,Supramax,17.04,2025,12,26,4,18.61,16.57,1316.4,1408.1,1246.9
2026-01-02,Indonesia-Vizag,Supramax,18.92,2026,1,2,4,17.04,16.66,1356.8,1305.2,1316.4
2026-01-09,Indonesia-Vizag,Supramax,18.55,2026,1,9,4,18.92,16.93,1347.2,1209.1,1356.8
2026-01-16,Indonesia-Vizag,Supramax,19.13,2026,1,16,4,18.55,17.56,1268.9,1403.0,1347.2
2026-01-23,Indonesia-Vizag,Supramax,19.64,2026,1,23,4,19.13,16.57,1399.5,1401.1,1268.9
2026-01-30,Indonesia-Vizag,Supramax,20.74,2026,1,30,4,19.64,17.78,1528.6,1467.4,1399.5
2026-02-06,Indonesia-Vizag,Supramax,20.49,2026,2,6,4,20.74,18.61,1417.4,1423.0,1528.6
2026-02-13,Indonesia-Vizag,Supramax,20.92,2026,2,13,4,20.49,17.04,1578.6,1347.8,1417.4
2026-02-20,Indonesia-Vizag,Supramax,19.1,2026,2,20,4,20.92,18.92,1403.5,1499.1,1578.6
2026-02-27,Indonesia-Vizag,Supramax,21.6,2026,2,27,4,19.1,18.55,1635.4,1591.4,1403.5
2026-03-06,Indonesia-Vizag,Supramax,20.65,2026,3,6,4,21.6,19.13,1578.4,1586.5,1635.4
2026-03-13,Indonesia-Vizag,Supramax,20.17,2026,3,13,4,20.65,19.64,1480.1,1592.1,1578.4
2026-03-20,Indonesia-Vizag,Supramax,22.79,2026,3,20,4,20.17,20.74,1690.7,1672.6,1480.1
2026-03-27,Indonesia-Vizag,Supramax,21.9,2026,3,27,4,22.79,20.49,1715.8,1657.2,1690.7
2026-04-03,Indonesia-Vizag,Supramax,21.69,2026,4,3,4,21.9,20.92,1720.6,1636.3,1715.8
2026-04-10,Indonesia-Vizag,Supramax,22.31,2026,4,10,4,21.69,19.1,1719.7,1754.6,1720.6
2026-04-17,Indonesia-Vizag,Supramax,21.46,2026,4,17,4,22.31,21.6,1741.8,1824.3,1719.7
2026-04-24,Indonesia-Vizag,Supramax,21.75,2026,4,24,4,21.46,20.65,1737.8,1690.2,1741.8
2026-05-01,Indonesia-Vizag,Supramax,22.0,2026,5,1,4,21.75,20.17,1804.6,1740.5,1737.8
2026-05-08,Indonesia-Vizag,Supramax,21.5,2026,5,8,4,22.0,22.79,1867.4,1799.7,1804.6
2026-05-15,Indonesia-Vizag,Supramax,21.39,2026,5,15,4,21.5,21.9,1800.6,1930.8,1867.4
2026-05-22,Indonesia-Vizag,Supramax,20.03,2026,5,22,4,21.39,21.69,1884.4,1928.1,1800.6
2026-05-29,Indonesia-Vizag,Supramax,21.33,2026,5,29,4,20.03,22.31,1775.5,1852.0,1884.4
2026-06-05,Indonesia-Vizag,Supramax,21.75,2026,6,5,4,21.33,21.46,1893.6,1773.8,1775.5
2026-06-12,Indonesia-Vizag,Supramax,21.53,2026,6,12,4,21.75,21.75,1910.5,1884.3,1893.6
2026-06-19,Indonesia-Vizag,Supramax,21.74,2026,6,19,4,21.53,22.0,1882.1,2027.3,1910.5
2026-06-26,Indonesia-Vizag,Supramax,19.02,2026,6,26,4,21.74,21.5,1836.2,1969.2,1882.1
2026-07-03,Indonesia-Vizag,Supramax,19.22,2026,7,3,4,19.02,21.39,1941.0,1869.2,1836.2
2026-07-10,Indonesia-Vizag,Supramax,21.27,2026,7,10,4,19.22,20.03,1862.4,1845.2,1941.0
2026-07-17,Indonesia-Vizag,Supramax,19.75,2026,7,17,4,21.27,21.33,1877.2,2024.2,1862.4
2026-07-24,Indonesia-Vizag,Supramax,19.03,2026,7,24,4,19.75,21.75,1881.8,1966.6,1877.2
2026-07-31,Indonesia-Vizag,Supramax,18.45,2026,7,31,4,19.03,21.53,1881.8,1869.8,1881.8
2026-08-07,Indonesia-Vizag,Supramax,19.92,2026,8,7,4,18.45,21.74,1944.8,1823.2,1881.8
2026-08-14,Indonesia-Vizag,Supramax,19.46,2026,8,14,4,19.92,19.02,1922.7,1935.5,1944.8
2026-08-21,Indonesia-Vizag,Supramax,18.53,2026,8,21,4,19.46,19.22,1890.6,1916.5,1922.7
2026-08-28,Indonesia-Vizag,Supramax,19.17,2026,8,28,4,18.53,21.27,1863.2,1967.9,1890.6
2018-02-23,SouthAfrica-Krishnapatnam,Capesize,22.79,2018,2,23,4,22.42,18.3,2306.9,2170.6,2171.5
2018-03-02,SouthAfrica-Krishnapatnam,Capesize,23.32,2018,3,2,4,22.79,19.69,2308.2,2272.3,2306.9
2018-03-09,SouthAfrica-Krishnapatnam,Capesize,23.02,2018,3,9,4,23.32,19.18,2291.4,2274.8,2308.2
2018-03-16,SouthAfrica-Krishnapatnam,Capesize,21.68,2018,3,16,4,23.02,19.84,2287.3,2280.0,2291.4
2018-03-23,SouthAfrica-Krishnapatnam,Capesize,23.42,2018,3,23,4,21.68,19.68,2331.8,2306.2,2287.3
2018-03-30,SouthAfrica-Krishnapatnam,Capesize,21.79,2018,3,30,4,23.42,21.37,2384.8,2367.6,2331.8
2018-04-06,SouthAfrica-Krishnapatnam,Capesize,23.17,2018,4,6,4,21.79,22.42,2410.1,2433.8,2384.8
2018-04-13,SouthAfrica-Krishnapatnam,Capesize,22.51,2018,4,13,4,23.17,22.79,2378.3,2408.3,2410.1
2018-04-20,SouthAfrica-Krishnapatnam,Capesize,23.84,2018,4,20,4,22.51,23.32,2446.4,2291.5,2378.3
2018-04-27,SouthAfrica-Krishnapatnam,Capesize,22.43,2018,4,27,4,23.84,23.02,2390.1,2359.0,2446.4
2018-05-04,SouthAfrica-Krishnapatnam,Capesize,22.77,2018,5,4,4,22.43,21.68,2345.4,2418.0,2390.1
2018-05-11,SouthAfrica-Krishnapatnam,Capesize,23.27,2018,5,11,4,22.77,23.42,2388.1,2331.1,2345.4
2018-05-18,SouthAfrica-Krishnapatnam,Capesize,23.93,2018,5,18,4,23.27,21.79,2412.5,2456.3,2388.1
2018-05-25,SouthAfrica-Krishnapatnam,Capesize,23.09,2018,5,25,4,23.93,23.17,2323.4,2458.5,2412.5
2018-06-01,SouthAfrica-Krishnapatnam,Capesize,23.85,2018,6,1,4,23.09,22.51,2323.7,2402.6,2323.4
2018-06-08,SouthAfrica-Krishnapatnam,Capesize,21.33,2018,6,8,4,23.85,23.84,2297.5,2354.7,2323.7
2018-06-15,SouthAfrica-Krishnapatnam,Capesize,19.74,2018,6,15,4,21.33,22.43,2241.2,2273.7,2297.5
2018-06-22,SouthAfrica-Krishnapatnam,Capesize,20.96,2018,6,22,4,19.74,22.77,2128.9,2195.7,2241.2
2018-06-29,SouthAfrica-Krishnapatnam,Capesize,21.23,2018,6,29,4,20.96,23.27,2197.3,2128.1,2128.9
2018-07-06,SouthAfrica-Krishnapatnam,Capesize,20.34,2018,7,6,4,21.23,23.93,2149.3,2157.8,2197.3
2018-07-13,SouthAfrica-Krishnapatnam,Capesize,19.2,2018,7,13,4,20.34,23.09,2189.9,2083.8,2149.3
2018-07-20,SouthAfrica-Krishnapatnam,Capesize,17.81,2018,7,20,4,19.2,23.85,2139.2,2033.8,2189.9
2018-07-27,SouthAfrica-Krishnapatnam,Capesize,18.63,2018,7,27,4,17.81,21.33,1987.2,1970.1,2139.2
2018-08-03,SouthAfrica-Krishnapatnam,Capesize,20.09,2018,8,3,4,18.63,19.74,2085.5,1949.0,1987.2
2018-08-10,SouthAfrica-Krishnapatnam,Capesize,16.94,2018,8,10,4,20.09,20.96,1865.5,1949.7,2085.5
2018-08-17,SouthAfrica-Krishnapatnam,Capesize,16.6,2018,8,17,4,16.94,21.23,1900.8,1835.8,1865.5
2018-08-24,SouthAfrica-Krishnapatnam,Capesize,18.12,2018,8,24,4,16.6,20.34,1810.9,1794.4,1900.8
2018-08-31,SouthAfrica-Krishnapatnam,Capesize,16.05,2018,8,31,4,18.12,19.2,1627.8,1781.5,1810.9
2018-09-07,SouthAfrica-Krishnapatnam,Capesize,17.67,2018,9,7,4,16.05,17.81,1667.4,1690.0,1627.8
2018-09-14,SouthAfrica-Krishnapatnam,Capesize,15.53,2018,9,14,4,17.67,18.63,1700.8,1672.9,1667.4
2018-09-21,SouthAfrica-Krishnapatnam,Capesize,15.22,2018,9,21,4,15.53,20.09,1661.0,1623.6,1700.8
2018-09-28,SouthAfrica-Krishnapatnam,Capesize,15.88,2018,9,28,4,15.22,16.94,1631.5,1612.4,1661.0
2018-10-05,SouthAfrica-Krishnapatnam,Capesize,16.92,2018,10,5,4,15.88,16.6,1633.9,1646.5,1631.5
2018-10-12,SouthAfrica-Krishnapatnam,Capesize,14.53,2018,10,12,4,16.92,18.12,1471.8,1552.6,1633.9
2018-10-19,SouthAfrica-Krishnapatnam,Capesize,13.66,2018,10,19,4,14.53,16.05,1573.8,1658.5,1471.8
2018-10-26,SouthAfrica-Krishnapatnam,Capesize,15.66,2018,10,26,4,13.66,17.67,1661.9,1572.7,1573.8
2018-11-02,SouthAfrica-Krishnapatnam,Capesize,17.24,2018,11,2,4,15.66,15.53,1594.7,1588.4,1661.9
2018-11-09,SouthAfrica-Krishnapatnam,Capesize,16.3,2018,11,9,4,17.24,15.22,1584.1,1561.8,1594.7
2018-11-16,SouthAfrica-Krishnapatnam,Capesize,16.79,2018,11,16,4,16.3,15.88,1695.6,1662.8,1584.1
2018-11-23,SouthAfrica-Krishnapatnam,Capesize,16.3,2018,11,23,4,16.79,16.92,1565.8,1632.0,1695.6
2018-11-30,SouthAfrica-Krishnapatnam,Capesize,17.62,2018,11,30,4,16.3,14.53,1627.9,1652.3,1565.8
2018-12-07,SouthAfrica-Krishnapatnam,Capesize,17.07,2018,12,7,4,17.62,13.66,1695.0,1690.3,1627.9
2018-12-14,SouthAfrica-Krishnapatnam,Capesize,18.81,2018,12,14,4,17.07,15.66,1715.5,1757.6,1695.0
2018-12-21,SouthAfrica-Krishnapatnam,Capesize,18.28,2018,12,21,4,18.81,17.24,1798.3,1751.8,1715.5
2018-12-28,SouthAfrica-Krishnapatnam,Capesize,19.04,2018,12,28,4,18.28,16.3,1772.4,1802.5,1798.3
2019-01-04,SouthAfrica-Krishnapatnam,Capesize,18.81,2019,1,4,4,19.04,16.79,1980.9,1937.9,1772.4
2019-01-11,SouthAfrica-Krishnapatnam,Capesize,18.13,2019,1,11,4,18.81,16.3,1936.0,1901.2,1980.9
2019-01-18,SouthAfrica-Krishnapatnam,Capesize,20.05,2019,1,18,4,18.13,17.62,1960.2,1929.1,1936.0
2019-01-25,SouthAfrica-Krishnapatnam,Capesize,19.37,2019,1,25,4,20.05,17.07,2010.3,2099.3,1960.2
2019-02-01,SouthAfrica-Krishnapatnam,Capesize,20.27,2019,2,1,4,19.37,18.81,2038.5,2089.5,2010.3
2019-02-08,SouthAfrica-Krishnapatnam,Capesize,22.44,2019,2,8,4,20.27,18.28,2176.7,2043.9,2038.5
2019-02-15,SouthAfrica-Krishnapatnam,Capesize,22.66,2019,2,15,4,22.44,19.04,2253.8,2176.9,2176.7
2019-02-22,SouthAfrica-Krishnapatnam,Capesize,22.72,2019,2,22,4,22.66,18.81,2335.2,2271.9,2253.8
2019-03-01,SouthAfrica-Krishnapatnam,Capesize,23.35,2019,3,1,4,22.72,18.13,2298.9,2400.7,2335.2
2019-03-08,SouthAfrica-Krishnapatnam,Capesize,23.36,2019,3,8,4,23.35,20.05,2424.4,2425.2,2298.9
2019-03-15,SouthAfrica-Krishnapatnam,Capesize,24.08,2019,3,15,4,23.36,19.37,2357.8,2534.1,2424.4
2019-03-22,SouthAfrica-Krishnapatnam,Capesize,23.59,2019,3,22,4,24.08,20.27,2449.9,2540.0,2357.8
2019-03-29,SouthAfrica-Krishnapatnam,Capesize,25.3,2019,3,29,4,23.59,22.44,2500.1,2482.5,2449.9
2019-04-05,SouthAfrica-Krishnapatnam,Capesize,23.88,2019,4,5,4,25.3,22.66,2550.0,2545.2,2500.1
2019-04-12,SouthAfrica-Krishnapatnam,Capesize,24.47,2019,4,12,4,23.88,22.72,2623.0,2602.4,2550.0
2019-04-19,SouthAfrica-Krishnapatnam,Capesize,24.86,2019,4,19,4,24.47,23.35,2661.0,2610.5,2623.0
2019-04-26,SouthAfrica-Krishnapatnam,Capesize,24.25,2019,4,26,4,24.86,23.36,2663.9,2598.0,2661.0
2019-05-03,SouthAfrica-Krishnapatnam,Capesize,25.31,2019,5,3,4,24.25,24.08,2726.3,2611.2,2663.9
2019-05-10,SouthAfrica-Krishnapatnam,Capesize,25.21,2019,5,10,4,25.31,23.59,2658.8,2701.1,2726.3
2019-05-17,SouthAfrica-Krishnapatnam,Capesize,23.64,2019,5,17,4,25.21,25.3,2695.0,2694.3,2658.8
2019-05-24,SouthAfrica-Krishnapatnam,Capesize,23.97,2019,5,24,4,23.64,23.88,2748.6,2744.6,2695.0
2019-05-31,SouthAfrica-Krishnapatnam,Capesize,22.99,2019,5,31,4,23.97,24.47,2600.5,2697.5,2748.6
2019-06-07,SouthAfrica-Krishnapatnam,Capesize,23.31,2019,6,7,4,22.99,24.86,2630.2,2683.6,2600.5
2019-06-14,SouthAfrica-Krishnapatnam,Capesize,23.71,2019,6,14,4,23.31,24.25,2665.3,2693.3,2630.2
2019-06-21,SouthAfrica-Krishnapatnam,Capesize,23.18,2019,6,21,4,23.71,25.31,2669.9,2559.0,2665.3
2019-06-28,SouthAfrica-Krishnapatnam,Capesize,21.69,2019,6,28,4,23.18,25.21,2612.1,2618.6,2669.9
2019-07-05,SouthAfrica-Krishnapatnam,Capesize,20.9,2019,7,5,4,21.69,23.64,2542.9,2554.6,2612.1
2019-07-12,SouthAfrica-Krishnapatnam,Capesize,23.02,2019,7,12,4,20.9,23.97,2626.3,2637.5,2542.9
2019-07-19,SouthAfrica-Krishnapatnam,Capesize,21.72,2019,7,19,4,23.02,22.99,2536.0,2486.7,2626.3
2019-07-26,SouthAfrica-Krishnapatnam,Capesize,20.24,2019,7,26,4,21.72,23.31,2380.4,2425.1,2536.0
2019-08-02,SouthAfrica-Krishnapatnam,Capesize,20.65,2019,8,2,4,20.24,23.71,2304.5,2373.1,2380.4
2019-08-09,SouthAfrica-Krishnapatnam,Capesize,19.43,2019,8,9,4,20.65,23.18,2297.7,2358.7,2304.5
2019-08-16,SouthAfrica-Krishnapatnam,Capesize,19.05,2019,8,16,4,19.43,21.69,2285.7,2247.6,2297.7
2019-08-23,SouthAfrica-Krishnapatnam,Capesize,18.9,2019,8,23,4,19.05,20.9,2212.3,2334.6,2285.7
2019-08-30,SouthAfrica-Krishnapatnam,Capesize,17.98,2019,8,30,4,18.9,23.02,2054.5,2084.9,2212.3
2019-09-06,SouthAfrica-Krishnapatnam,Capesize,18.35,2019,9,6,4,17.98,21.72,2053.2,2040.6,2054.5
2019-09-13,SouthAfrica-Krishnapatnam,Capesize,17.82,2019,9,13,4,18.35,20.24,2018.5,1989.6,2053.2
2019-09-20,SouthAfrica-Krishnapatnam,Capesize,18.01,2019,9,20,4,17.82,20.65,1988.8,1979.4,2018.5
2019-09-27,SouthAfrica-Krishnapatnam,Capesize,17.19,2019,9,27,4,18.01,19.43,1907.9,1926.7,1988.8
2019-10-04,SouthAfrica-Krishnapatnam,Capesize,16.19,2019,10,4,4,17.19,19.05,1825.4,1906.7,1907.9
2019-10-11,SouthAfrica-Krishnapatnam,Capesize,16.37,2019,10,11,4,16.19,18.9,1724.4,1738.7,1825.4
2019-10-18,SouthAfrica-Krishnapatnam,Capesize,16.01,2019,10,18,4,16.37,17.98,1675.6,1751.1,1724.4
2019-10-25,SouthAfrica-Krishnapatnam,Capesize,16.32,2019,10,25,4,16.01,18.35,1692.2,1658.3,1675.6
2019-11-01,SouthAfrica-Krishnapatnam,Capesize,17.09,2019,11,1,4,16.32,17.82,1608.1,1568.8,1692.2
2019-11-08,SouthAfrica-Krishnapatnam,Capesize,15.21,2019,11,8,4,17.09,18.01,1559.8,1526.8,1608.1
2019-11-15,SouthAfrica-Krishnapatnam,Capesize,15.21,2019,11,15,4,15.21,17.19,1539.3,1537.2,1559.8
2019-11-22,SouthAfrica-Krishnapatnam,Capesize,16.71,2019,11,22,4,15.21,16.19,1463.3,1563.0,1539.3
2019-11-29,SouthAfrica-Krishnapatnam,Capesize,16.63,2019,11,29,4,16.71,16.37,1341.3,1383.8,1463.3
2019-12-06,SouthAfrica-Krishnapatnam,Capesize,15.15,2019,12,6,4,16.63,16.01,1425.5,1391.8,1341.3
2019-12-13,SouthAfrica-Krishnapatnam,Capesize,14.52,2019,12,13,4,15.15,16.32,1298.9,1346.2,1425.5
2019-12-20,SouthAfrica-Krishnapatnam,Capesize,15.58,2019,12,20,4,14.52,17.09,1324.0,1358.0,1298.9
2019-12-27,SouthAfrica-Krishnapatnam,Capesize,16.53,2019,12,27,4,15.58,15.21,1253.4,1504.7,1324.0
2020-01-03,SouthAfrica-Krishnapatnam,Capesize,15.0,2020,1,3,4,16.53,15.21,1316.1,1305.5,1253.4
2020-01-10,SouthAfrica-Krishnapatnam,Capesize,16.33,2020,1,10,4,15.0,16.71,1303.2,1243.5,1316.1
2020-01-17,SouthAfrica-Krishnapatnam,Capesize,18.24,2020,1,17,4,16.33,16.63,1270.9,1366.1,1303.2
2020-01-24,SouthAfrica-Krishnapatnam,Capesize,15.22,2020,1,24,4,18.24,15.15,1262.1,1181.1,1270.9
2020-01-31,SouthAfrica-Krishnapatnam,Capesize,17.66,2020,1,31,4,15.22,14.52,1214.3,1257.5,1262.1
2020-02-07,SouthAfrica-Krishnapatnam,Capesize,17.88,2020,2,7,4,17.66,15.58,1225.3,1126.5,1214.3
2020-02-14,SouthAfrica-Krishnapatnam,Capesize,17.57,2020,2,14,4,17.88,16.53,1160.6,1236.6,1225.3
2020-02-21,SouthAfrica-Krishnapatnam,Capesize,17.82,2020,2,21,4,17.57,15.0,1116.5,1198.5,1160.6
2020-02-28,SouthAfrica-Krishnapatnam,Capesize,17.43,2020,2,28,4,17.82,16.33,1107.3,1151.3,1116.5
2020-03-06,SouthAfrica-Krishnapatnam,Capesize,13.47,2020,3,6,4,17.43,18.24,627.5,527.8,1107.3
2020-03-13,SouthAfrica-Krishnapatnam,Capesize,14.78,2020,3,13,4,13.47,15.22,368.7,569.6,627.5
2020-03-20,SouthAfrica-Krishnapatnam,Capesize,13.73,2020,3,20,4,14.78,17.66,491.8,454.7,368.7
2020-03-27,SouthAfrica-Krishnapatnam,Capesize,13.95,2020,3,27,4,13.73,17.88,499.0,482.9,491.8
2020-04-03,SouthAfrica-Krishnapatnam,Capesize,13.1,2020,4,3,4,13.95,17.57,400.8,434.8,499.0
2020-04-10,SouthAfrica-Krishnapatnam,Capesize,15.02,2020,4,10,4,13.1,17.82,500.6,411.1,400.8
2020-04-17,SouthAfrica-Krishnapatnam,Capesize,14.29,2020,4,17,4,15.02,17.43,420.0,430.4,500.6
2020-04-24,SouthAfrica-Krishnapatnam,Capesize,13.52,2020,4,24,4,14.29,13.47,483.1,347.7,420.0
2020-05-01,SouthAfrica-Krishnapatnam,Capesize,14.95,2020,5,1,4,13.52,14.78,392.4,414.7,483.1
2020-05-08,SouthAfrica-Krishnapatnam,Capesize,13.56,2020,5,8,4,14.95,13.73,436.9,329.2,392.4
2020-05-15,SouthAfrica-Krishnapatnam,Capesize,11.16,2020,5,15,4,13.56,13.95,380.2,443.8,436.9
2020-05-22,SouthAfrica-Krishnapatnam,Capesize,11.28,2020,5,22,4,11.16,13.1,338.9,300.0,380.2
2020-05-29,SouthAfrica-Krishnapatnam,Capesize,13.55,2020,5,29,4,11.28,15.02,345.9,340.9,338.9
2020-06-05,SouthAfrica-Krishnapatnam,Capesize,12.17,2020,6,5,4,13.55,14.29,304.2,300.0,345.9
2020-06-12,SouthAfrica-Krishnapatnam,Capesize,11.5,2020,6,12,4,12.17,13.52,343.0,300.0,304.2
2020-06-19,SouthAfrica-Krishnapatnam,Capesize,10.72,2020,6,19,4,11.5,14.95,300.0,300.0,343.0
2020-06-26,SouthAfrica-Krishnapatnam,Capesize,8.96,2020,6,26,4,10.72,13.56,300.0,300.0,300.0
2020-07-03,SouthAfrica-Krishnapatnam,Capesize,10.98,2020,7,3,4,8.96,11.16,300.0,300.0,300.0
2020-07-10,SouthAfrica-Krishnapatnam,Capesize,10.54,2020,7,10,4,10.98,11.28,300.0,300.0,300.0
2020-07-17,SouthAfrica-Krishnapatnam,Capesize,11.16,2020,7,17,4,10.54,13.55,300.0,300.0,300.0
2020-07-24,SouthAfrica-Krishnapatnam,Capesize,10.3,2020,7,24,4,11.16,12.17,300.0,300.0,300.0
2020-07-31,SouthAfrica-Krishnapatnam,Capesize,10.08,2020,7,31,4,10.3,11.5,300.0,300.0,300.0
2020-08-07,SouthAfrica-Krishnapatnam,Capesize,9.66,2020,8,7,4,10.08,10.72,300.0,300.0,300.0
2020-08-14,SouthAfrica-Krishnapatnam,Capesize,8.54,2020,8,14,4,9.66,8.96,300.0,300.0,300.0
2020-08-21,SouthAfrica-Krishnapatnam,Capesize,9.6,2020,8,21,4,8.54,10.98,300.0,300.0,300.0
2020-08-28,SouthAfrica-Krishnapatnam,Capesize,9.37,2020,8,28,4,9.6,10.54,300.0,300.0,300.0
2020-09-04,SouthAfrica-Krishnapatnam,Capesize,10.77,2020,9,4,4,9.37,11.16,660.4,646.0,300.0
2020-09-11,SouthAfrica-Krishnapatnam,Capesize,10.85,2020,9,11,4,10.77,10.3,520.1,601.9,660.4
2020-09-18,SouthAfrica-Krishnapatnam,Capesize,10.08,2020,9,18,4,10.85,10.08,567.2,536.3,520.1
2020-09-25,SouthAfrica-Krishnapatnam,Capesize,11.28,2020,9,25,4,10.08,9.66,649.1,594.6,567.2
2020-10-02,SouthAfrica-Krishnapatnam,Capesize,10.52,2020,10,2,4,11.28,8.54,598.5,526.8,649.1
2020-10-09,SouthAfrica-Krishnapatnam,Capesize,11.1,2020,10,9,4,10.52,9.6,558.9,504.9,598.5
2020-10-16,SouthAfrica-Krishnapatnam,Capesize,11.19,2020,10,16,4,11.1,9.37,615.1,654.9,558.9
2020-10-23,SouthAfrica-Krishnapatnam,Capesize,11.78,2020,10,23,4,11.19,10.77,694.6,679.2,615.1
2020-10-30,SouthAfrica-Krishnapatnam,Capesize,9.33,2020,10,30,4,11.78,10.85,606.3,606.8,694.6
2020-11-06,SouthAfrica-Krishnapatnam,Capesize,11.09,2020,11,6,4,9.33,10.08,636.9,651.0,606.3
2020-11-13,SouthAfrica-Krishnapatnam,Capesize,10.79,2020,11,13,4,11.09,11.28,705.3,709.5,636.9
2020-11-20,SouthAfrica-Krishnapatnam,Capesize,11.13,2020,11,20,4,10.79,10.52,716.1,686.8,705.3
2020-11-27,SouthAfrica-Krishnapatnam,Capesize,11.51,2020,11,27,4,11.13,11.1,722.5,744.4,716.1
2020-12-04,SouthAfrica-Krishnapatnam,Capesize,11.13,2020,12,4,4,11.51,11.19,696.3,717.6,722.5
2020-12-11,SouthAfrica-Krishnapatnam,Capesize,11.76,2020,12,11,4,11.13,11.78,715.5,774.0,696.3
2020-12-18,SouthAfrica-Krishnapatnam,Capesize,14.2,2020,12,18,4,11.76,9.33,820.8,854.7,715.5
2020-12-25,SouthAfrica-Krishnapatnam,Capesize,14.6,2020,12,25,4,14.2,11.09,912.7,865.8,820.8
2021-01-01,SouthAfrica-Krishnapatnam,Capesize,14.95,2021,1,1,4,14.6,10.79,955.0,975.9,912.7
2021-01-08,SouthAfrica-Krishnapatnam,Capesize,14.85,2021,1,8,4,14.95,11.13,1032.9,923.1,955.0
2021-01-15,SouthAfrica-Krishnapatnam,Capesize,14.89,2021,1,15,4,14.85,11.51,986.7,983.6,1032.9
2021-01-22,SouthAfrica-Krishnapatnam,Capesize,15.21,2021,1,22,4,14.89,11.13,1122.3,996.5,986.7
2021-01-29,SouthAfrica-Krishnapatnam,Capesize,16.15,2021,1,29,4,15.21,11.76,1093.6,1032.3,1122.3
2021-02-05,SouthAfrica-Krishnapatnam,Capesize,15.71,2021,2,5,4,16.15,14.2,1099.1,1122.1,1093.6
2021-02-12,SouthAfrica-Krishnapatnam,Capesize,16.14,2021,2,12,4,15.71,14.6,1168.9,1188.2,1099.1
2021-02-19,SouthAfrica-Krishnapatnam,Capesize,18.18,2021,2,19,4,16.14,14.95,1269.8,1152.0,1168.9
2021-02-26,SouthAfrica-Krishnapatnam,Capesize,17.68,2021,2,26,4,18.18,14.85,1224.1,1296.2,1269.8
2021-03-05,SouthAfrica-Krishnapatnam,Capesize,16.85,2021,3,5,4,17.68,14.89,1245.2,1266.8,1224.1
2021-03-12,SouthAfrica-Krishnapatnam,Capesize,16.23,2021,3,12,4,16.85,15.21,1239.4,1276.6,1245.2
2021-03-19,SouthAfrica-Krishnapatnam,Capesize,18.59,2021,3,19,4,16.23,16.15,1356.1,1307.6,1239.4
2021-03-26,SouthAfrica-Krishnapatnam,Capesize,19.57,2021,3,26,4,18.59,15.71,1370.8,1267.4,1356.1
2021-04-02,SouthAfrica-Krishnapatnam,Capesize,18.31,2021,4,2,4,19.57,16.14,1287.1,1421.0,1370.8
2021-04-09,SouthAfrica-Krishnapatnam,Capesize,19.04,2021,4,9,4,18.31,18.18,1297.5,1344.8,1287.1
2021-04-16,SouthAfrica-Krishnapatnam,Capesize,17.15,2021,4,16,4,19.04,17.68,1305.9,1358.2,1297.5
2021-04-23,SouthAfrica-Krishnapatnam,Capesize,18.32,2021,4,23,4,17.15,16.85,1359.5,1369.5,1305.9
2021-04-30,SouthAfrica-Krishnapatnam,Capesize,17.57,2021,4,30,4,18.32,16.23,1226.7,1307.2,1359.5
2021-05-07,SouthAfrica-Krishnapatnam,Capesize,25.34,2021,5,7,4,17.57,18.59,2783.8,2753.3,1226.7
2021-05-14,SouthAfrica-Krishnapatnam,Capesize,24.08,2021,5,14,4,25.34,19.57,2815.2,2675.0,2783.8
2021-05-21,SouthAfrica-Krishnapatnam,Capesize,23.45,2021,5,21,4,24.08,18.31,2801.9,2736.3,2815.2
2021-05-28,SouthAfrica-Krishnapatnam,Capesize,23.1,2021,5,28,4,23.45,19.04,2772.8,2706.3,2801.9
2021-06-04,SouthAfrica-Krishnapatnam,Capesize,22.94,2021,6,4,4,23.1,17.15,2631.4,2637.8,2772.8
2021-06-11,SouthAfrica-Krishnapatnam,Capesize,23.26,2021,6,11,4,22.94,18.32,2581.2,2681.1,2631.4
2021-06-18,SouthAfrica-Krishnapatnam,Capesize,23.07,2021,6,18,4,23.26,17.57,2563.7,2678.4,2581.2
2021-06-25,SouthAfrica-Krishnapatnam,Capesize,21.87,2021,6,25,4,23.07,25.34,2586.4,2513.7,2563.7
2021-07-02,SouthAfrica-Krishnapatnam,Capesize,21.76,2021,7,2,4,21.87,24.08,2535.9,2582.2,2586.4
2021-07-09,SouthAfrica-Krishnapatnam,Capesize,21.27,2021,7,9,4,21.76,23.45,2399.4,2466.2,2535.9
2021-07-16,SouthAfrica-Krishnapatnam,Capesize,22.09,2021,7,16,4,21.27,23.1,2500.1,2467.0,2399.4
2021-07-23,SouthAfrica-Krishnapatnam,Capesize,22.0,2021,7,23,4,22.09,22.94,2439.1,2320.6,2500.1
2021-07-30,SouthAfrica-Krishnapatnam,Capesize,19.77,2021,7,30,4,22.0,23.26,2299.0,2281.2,2439.1
2021-08-06,SouthAfrica-Krishnapatnam,Capesize,20.95,2021,8,6,4,19.77,23.07,2267.5,2347.0,2299.0
2021-08-13,SouthAfrica-Krishnapatnam,Capesize,19.81,2021,8,13,4,20.95,21.87,2296.4,2300.4,2267.5
2021-08-20,SouthAfrica-Krishnapatnam,Capesize,19.95,2021,8,20,4,19.81,21.76,2224.7,2188.1,2296.4
2021-08-27,SouthAfrica-Krishnapatnam,Capesize,19.02,2021,8,27,4,19.95,21.27,2151.3,2192.3,2224.7
2021-09-03,SouthAfrica-Krishnapatnam,Capesize,20.26,2021,9,3,4,19.02,22.09,2126.6,2098.0,2151.3
2021-09-10,SouthAfrica-Krishnapatnam,Capesize,18.34,2021,9,10,4,20.26,22.0,2068.9,2065.0,2126.6
2021-09-17,SouthAfrica-Krishnapatnam,Capesize,17.93,2021,9,17,4,18.34,19.77,2060.5,2097.9,2068.9
2021-09-24,SouthAfrica-Krishnapatnam,Capesize,17.65,2021,9,24,4,17.93,20.95,2094.4,2130.2,2060.5
2021-10-01,SouthAfrica-Krishnapatnam,Capesize,18.89,2021,10,1,4,17.65,19.81,2106.2,1949.2,2094.4
2021-10-08,SouthAfrica-Krishnapatnam,Capesize,17.84,2021,10,8,4,18.89,19.95,2070.6,2075.7,2106.2
2021-10-15,SouthAfrica-Krishnapatnam,Capesize,18.36,2021,10,15,4,17.84,19.02,1987.6,2006.3,2070.6
2021-10-22,SouthAfrica-Krishnapatnam,Capesize,18.93,2021,10,22,4,18.36,20.26,2064.4,2127.2,1987.6
2021-10-29,SouthAfrica-Krishnapatnam,Capesize,19.51,2021,10,29,4,18.93,18.34,2025.7,2074.7,2064.4
2021-11-05,SouthAfrica-Krishnapatnam,Capesize,16.97,2021,11,5,4,19.51,17.93,2087.2,2149.5,2025.7
2021-11-12,SouthAfrica-Krishnapatnam,Capesize,19.19,2021,11,12,4,16.97,17.65,2169.6,2138.3,2087.2
2021-11-19,SouthAfrica-Krishnapatnam,Capesize,17.97,2021,11,19,4,19.19,18.89,2198.5,2156.0,2169.6
2021-11-26,SouthAfrica-Krishnapatnam,Capesize,19.76,2021,11,26,4,17.97,17.84,2260.9,2174.7,2198.5
2021-12-03,SouthAfrica-Krishnapatnam,Capesize,11.56,2021,12,3,4,19.76,18.36,769.1,724.2,2260.9
2021-12-10,SouthAfrica-Krishnapatnam,Capesize,11.08,2021,12,10,4,11.56,18.93,808.2,737.9,769.1
2021-12-17,SouthAfrica-Krishnapatnam,Capesize,13.87,2021,12,17,4,11.08,19.51,977.5,821.1,808.2
2021-12-24,SouthAfrica-Krishnapatnam,Capesize,13.58,2021,12,24,4,13.87,16.97,996.8,1068.7,977.5
2021-12-31,SouthAfrica-Krishnapatnam,Capesize,15.35,2021,12,31,4,13.58,19.19,985.7,996.6,996.8
2022-01-07,SouthAfrica-Krishnapatnam,Capesize,14.03,2022,1,7,4,15.35,17.97,1064.8,1169.6,985.7
2022-01-14,SouthAfrica-Krishnapatnam,Capesize,15.03,2022,1,14,4,14.03,19.76,1109.5,1188.7,1064.8
2022-01-21,SouthAfrica-Krishnapatnam,Capesize,17.89,2022,1,21,4,15.03,11.56,1270.3,1228.4,1109.5
2022-01-28,SouthAfrica-Krishnapatnam,Capesize,16.74,2022,1,28,4,17.89,11.08,1360.2,1390.8,1270.3
2022-02-04,SouthAfrica-Krishnapatnam,Capesize,19.01,2022,2,4,4,16.74,13.87,1441.4,1564.6,1360.2
2022-02-11,SouthAfrica-Krishnapatnam,Capesize,18.57,2022,2,11,4,19.01,13.58,1587.7,1420.8,1441.4
2022-02-18,SouthAfrica-Krishnapatnam,Capesize,19.17,2022,2,18,4,18.57,15.35,1670.0,1588.0,1587.7
2022-02-25,SouthAfrica-Krishnapatnam,Capesize,18.92,2022,2,25,4,19.17,14.03,1666.2,1769.8,1670.0
2022-03-04,SouthAfrica-Krishnapatnam,Capesize,19.02,2022,3,4,4,18.92,15.03,1748.9,1789.9,1666.2
2022-03-11,SouthAfrica-Krishnapatnam,Capesize,18.52,2022,3,11,4,19.02,17.89,1866.9,1935.3,1748.9
2022-03-18,SouthAfrica-Krishnapatnam,Capesize,21.09,2022,3,18,4,18.52,16.74,1940.8,2005.3,1866.9
2022-03-25,SouthAfrica-Krishnapatnam,Capesize,20.1,2022,3,25,4,21.09,19.01,1949.5,2055.2,1940.8
2022-04-01,SouthAfrica-Krishnapatnam,Capesize,21.46,2022,4,1,4,20.1,18.57,2068.0,2131.2,1949.5
2022-04-08,SouthAfrica-Krishnapatnam,Capesize,21.25,2022,4,8,4,21.46,19.17,2133.8,2195.8,2068.0
2022-04-15,SouthAfrica-Krishnapatnam,Capesize,22.59,2022,4,15,4,21.25,18.92,2259.7,2330.6,2133.8
2022-04-22,SouthAfrica-Krishnapatnam,Capesize,22.37,2022,4,22,4,22.59,19.02,2247.7,2298.9,2259.7
2022-04-29,SouthAfrica-Krishnapatnam,Capesize,23.39,2022,4,29,4,22.37,18.52,2491.9,2420.0,2247.7
2022-05-06,SouthAfrica-Krishnapatnam,Capesize,23.09,2022,5,6,4,23.39,21.09,2386.8,2439.6,2491.9
2022-05-13,SouthAfrica-Krishnapatnam,Capesize,23.96,2022,5,13,4,23.09,20.1,2534.5,2457.6,2386.8
2022-05-20,SouthAfrica-Krishnapatnam,Capesize,24.5,2022,5,20,4,23.96,21.46,2526.3,2494.1,2534.5
2022-05-27,SouthAfrica-Krishnapatnam,Capesize,23.52,2022,5,27,4,24.5,21.25,2492.5,2439.0,2526.3
2022-06-03,SouthAfrica-Krishnapatnam,Capesize,23.77,2022,6,3,4,23.52,22.59,2490.5,2479.9,2492.5
2022-06-10,SouthAfrica-Krishnapatnam,Capesize,23.8,2022,6,10,4,23.77,22.37,2579.3,2477.6,2490.5
2022-06-17,SouthAfrica-Krishnapatnam,Capesize,22.32,2022,6,17,4,23.8,23.39,2600.4,2601.0,2579.3
2022-06-24,SouthAfrica-Krishnapatnam,Capesize,23.34,2022,6,24,4,22.32,23.09,2582.5,2612.3,2600.4
2022-07-01,SouthAfrica-Krishnapatnam,Capesize,24.96,2022,7,1,4,23.34,23.96,2620.8,2624.6,2582.5
2022-07-08,SouthAfrica-Krishnapatnam,Capesize,21.36,2022,7,8,4,24.96,24.5,2619.5,2606.9,2620.8
2022-07-15,SouthAfrica-Krishnapatnam,Capesize,22.58,2022,7,15,4,21.36,23.52,2568.5,2568.6,2619.5
2022-07-22,SouthAfrica-Krishnapatnam,Capesize,21.84,2022,7,22,4,22.58,23.77,2571.4,2551.0,2568.5
2022-07-29,SouthAfrica-Krishnapatnam,Capesize,21.92,2022,7,29,4,21.84,23.8,2446.9,2521.4,2571.4
2022-08-05,SouthAfrica-Krishnapatnam,Capesize,20.01,2022,8,5,4,21.92,22.32,2505.7,2493.2,2446.9
2022-08-12,SouthAfrica-Krishnapatnam,Capesize,21.37,2022,8,12,4,20.01,23.34,2485.3,2647.2,2505.7
2022-08-19,SouthAfrica-Krishnapatnam,Capesize,21.42,2022,8,19,4,21.37,24.96,2438.4,2551.4,2485.3
2022-08-26,SouthAfrica-Krishnapatnam,Capesize,19.49,2022,8,26,4,21.42,21.36,2387.4,2480.1,2438.4
2022-09-02,SouthAfrica-Krishnapatnam,Capesize,19.89,2022,9,2,4,19.49,22.58,2543.0,2496.7,2387.4
2022-09-09,SouthAfrica-Krishnapatnam,Capesize,21.06,2022,9,9,4,19.89,21.84,2354.4,2371.2,2543.0
2022-09-16,SouthAfrica-Krishnapatnam,Capesize,18.22,2022,9,16,4,21.06,21.92,2275.6,2380.1,2354.4
2022-09-23,SouthAfrica-Krishnapatnam,Capesize,18.54,2022,9,23,4,18.22,20.01,2252.0,2242.2,2275.6
2022-09-30,SouthAfrica-Krishnapatnam,Capesize,19.24,2022,9,30,4,18.54,21.37,2269.5,2312.7,2252.0
2022-10-07,SouthAfrica-Krishnapatnam,Capesize,17.85,2022,10,7,4,19.24,21.42,2309.4,2274.1,2269.5
2022-10-14,SouthAfrica-Krishnapatnam,Capesize,20.51,2022,10,14,4,17.85,19.49,2220.3,2240.3,2309.4
2022-10-21,SouthAfrica-Krishnapatnam,Capesize,19.82,2022,10,21,4,20.51,19.89,2264.2,2209.6,2220.3
2022-10-28,SouthAfrica-Krishnapatnam,Capesize,17.83,2022,10,28,4,19.82,21.06,2129.7,2145.4,2264.2
2022-11-04,SouthAfrica-Krishnapatnam,Capesize,18.19,2022,11,4,4,17.83,18.22,2156.9,2304.6,2129.7
2022-11-11,SouthAfrica-Krishnapatnam,Capesize,19.21,2022,11,11,4,18.19,18.54,2114.6,2234.6,2156.9
2022-11-18,SouthAfrica-Krishnapatnam,Capesize,20.07,2022,11,18,4,19.21,19.24,2221.4,2125.3,2114.6
2022-11-25,SouthAfrica-Krishnapatnam,Capesize,18.17,2022,11,25,4,20.07,17.85,2134.9,2087.0,2221.4
2022-12-02,SouthAfrica-Krishnapatnam,Capesize,20.34,2022,12,2,4,18.17,20.51,2060.8,2086.2,2134.9
2022-12-09,SouthAfrica-Krishnapatnam,Capesize,20.03,2022,12,9,4,20.34,19.82,2118.9,2152.0,2060.8
2022-12-16,SouthAfrica-Krishnapatnam,Capesize,19.67,2022,12,16,4,20.03,17.83,1998.8,2061.1,2118.9
2022-12-23,SouthAfrica-Krishnapatnam,Capesize,21.56,2022,12,23,4,19.67,18.19,2157.6,2061.8,1998.8
2022-12-30,SouthAfrica-Krishnapatnam,Capesize,22.08,2022,12,30,4,21.56,19.21,2117.6,1975.4,2157.6
2023-01-06,SouthAfrica-Krishnapatnam,Capesize,19.81,2023,1,6,4,22.08,20.07,2126.6,2044.5,2117.6
2023-01-13,SouthAfrica-Krishnapatnam,Capesize,21.79,2023,1,13,4,19.81,18.17,2204.7,2096.6,2126.6
2023-01-20,SouthAfrica-Krishnapatnam,Capesize,20.32,2023,1,20,4,21.79,20.34,2059.7,2186.3,2204.7
2023-01-27,SouthAfrica-Krishnapatnam,Capesize,21.46,2023,1,27,4,20.32,20.03,2132.5,2109.8,2059.7
2023-02-03,SouthAfrica-Krishnapatnam,Capesize,20.69,2023,2,3,4,21.46,19.67,2021.6,2170.6,2132.5
2023-02-10,SouthAfrica-Krishnapatnam,Capesize,21.39,2023,2,10,4,20.69,21.56,2093.7,2135.1,2021.6
2023-02-17,SouthAfrica-Krishnapatnam,Capesize,21.42,2023,2,17,4,21.39,22.08,2191.5,2089.3,2093.7
2023-02-24,SouthAfrica-Krishnapatnam,Capesize,21.31,2023,2,24,4,21.42,19.81,2071.5,2148.7,2191.5
2023-03-03,SouthAfrica-Krishnapatnam,Capesize,22.24,2023,3,3,4,21.31,21.79,2103.4,2160.1,2071.5
2023-03-10,SouthAfrica-Krishnapatnam,Capesize,20.91,2023,3,10,4,22.24,20.32,2073.0,2058.9,2103.4
2023-03-17,SouthAfrica-Krishnapatnam,Capesize,22.2,2023,3,17,4,20.91,21.46,2213.0,2130.4,2073.0
2023-03-24,SouthAfrica-Krishnapatnam,Capesize,22.98,2023,3,24,4,22.2,20.69,2187.6,2159.8,2213.0
2023-03-31,SouthAfrica-Krishnapatnam,Capesize,22.12,2023,3,31,4,22.98,21.39,2124.5,2103.4,2187.6
2023-04-07,SouthAfrica-Krishnapatnam,Capesize,21.68,2023,4,7,4,22.12,21.42,2068.9,2073.4,2124.5
2023-04-14,SouthAfrica-Krishnapatnam,Capesize,22.4,2023,4,14,4,21.68,21.31,2174.1,2046.0,2068.9
2023-04-21,SouthAfrica-Krishnapatnam,Capesize,22.45,2023,4,21,4,22.4,22.24,2127.3,2173.7,2174.1
2023-04-28,SouthAfrica-Krishnapatnam,Capesize,21.03,2023,4,28,4,22.45,20.91,1961.7,2114.8,2127.3
2023-05-05,SouthAfrica-Krishnapatnam,Capesize,20.45,2023,5,5,4,21.03,22.2,2032.7,2008.9,1961.7
2023-05-12,SouthAfrica-Krishnapatnam,Capesize,21.93,2023,5,12,4,20.45,22.98,2127.0,2100.4,2032.7
2023-05-19,SouthAfrica-Krishnapatnam,Capesize,21.44,2023,5,19,4,21.93,22.12,2024.5,2062.1,2127.0
2023-05-26,SouthAfrica-Krishnapatnam,Capesize,21.54,2023,5,26,4,21.44,21.68,2149.8,2017.7,2024.5
2023-06-02,SouthAfrica-Krishnapatnam,Capesize,19.3,2023,6,2,4,21.54,22.4,2045.5,1911.7,2149.8
2023-06-09,SouthAfrica-Krishnapatnam,Capesize,21.01,2023,6,9,4,19.3,22.45,2012.6,2069.7,2045.5
2023-06-16,SouthAfrica-Krishnapatnam,Capesize,21.08,2023,6,16,4,21.01,21.03,1940.0,1986.8,2012.6
2023-06-23,SouthAfrica-Krishnapatnam,Capesize,20.09,2023,6,23,4,21.08,20.45,1974.0,1921.4,1940.0
2023-06-30,SouthAfrica-Krishnapatnam,Capesize,19.63,2023,6,30,4,20.09,21.93,1988.1,1957.5,1974.0
2023-07-07,SouthAfrica-Krishnapatnam,Capesize,17.94,2023,7,7,4,19.63,21.44,1852.7,1953.2,1988.1
2023-07-14,SouthAfrica-Krishnapatnam,Capesize,17.96,2023,7,14,4,17.94,21.54,1754.6,1913.4,1852.7
2023-07-21,SouthAfrica-Krishnapatnam,Capesize,17.43,2023,7,21,4,17.96,19.3,1771.6,1704.6,1754.6
2023-07-28,SouthAfrica-Krishnapatnam,Capesize,16.84,2023,7,28,4,17.43,21.01,1805.7,1707.1,1771.6
2023-08-04,SouthAfrica-Krishnapatnam,Capesize,15.74,2023,8,4,4,16.84,21.08,1704.0,1688.0,1805.7
2023-08-11,SouthAfrica-Krishnapatnam,Capesize,16.65,2023,8,11,4,15.74,20.09,1676.0,1755.2,1704.0
2023-08-18,SouthAfrica-Krishnapatnam,Capesize,16.57,2023,8,18,4,16.65,19.63,1713.0,1773.8,1676.0
2023-08-25,SouthAfrica-Krishnapatnam,Capesize,16.05,2023,8,25,4,16.57,17.94,1644.4,1665.1,1713.0
2023-09-01,SouthAfrica-Krishnapatnam,Capesize,15.54,2023,9,1,4,16.05,17.96,1750.1,1786.0,1644.4
2023-09-08,SouthAfrica-Krishnapatnam,Capesize,16.74,2023,9,8,4,15.54,17.43,1654.2,1684.8,1750.1
2023-09-15,SouthAfrica-Krishnapatnam,Capesize,15.8,2023,9,15,4,16.74,16.84,1669.2,1660.6,1654.2
2023-09-22,SouthAfrica-Krishnapatnam,Capesize,16.34,2023,9,22,4,15.8,15.74,1675.7,1585.4,1669.2
2023-09-29,SouthAfrica-Krishnapatnam,Capesize,16.39,2023,9,29,4,16.34,16.65,1678.1,1648.4,1675.7
2023-10-06,SouthAfrica-Krishnapatnam,Capesize,14.99,2023,10,6,4,16.39,16.57,1669.6,1606.4,1678.1
2023-10-13,SouthAfrica-Krishnapatnam,Capesize,16.11,2023,10,13,4,14.99,16.05,1674.2,1605.9,1669.6
2023-10-20,SouthAfrica-Krishnapatnam,Capesize,16.48,2023,10,20,4,16.11,15.54,1537.6,1535.1,1674.2
2023-10-27,SouthAfrica-Krishnapatnam,Capesize,15.14,2023,10,27,4,16.48,16.74,1733.0,1575.2,1537.6
2023-11-03,SouthAfrica-Krishnapatnam,Capesize,16.98,2023,11,3,4,15.14,15.8,1625.2,1588.2,1733.0
2023-11-10,SouthAfrica-Krishnapatnam,Capesize,16.07,2023,11,10,4,16.98,16.34,1638.7,1569.7,1625.2
2023-11-17,SouthAfrica-Krishnapatnam,Capesize,15.9,2023,11,17,4,16.07,16.39,1563.7,1529.4,1638.7
2023-11-24,SouthAfrica-Krishnapatnam,Capesize,14.82,2023,11,24,4,15.9,14.99,1635.0,1637.1,1563.7
2023-12-01,SouthAfrica-Krishnapatnam,Capesize,18.36,2023,12,1,4,14.82,16.11,1698.0,1605.4,1635.0
2023-12-08,SouthAfrica-Krishnapatnam,Capesize,17.5,2023,12,8,4,18.36,16.48,1666.2,1646.2,1698.0
2023-12-15,SouthAfrica-Krishnapatnam,Capesize,17.94,2023,12,15,4,17.5,15.14,1631.3,1702.6,1666.2
2023-12-22,SouthAfrica-Krishnapatnam,Capesize,17.51,2023,12,22,4,17.94,16.98,1714.1,1723.9,1631.3
2023-12-29,SouthAfrica-Krishnapatnam,Capesize,18.75,2023,12,29,4,17.51,16.07,1814.5,1789.6,1714.1
2024-01-05,SouthAfrica-Krishnapatnam,Capesize,20.26,2024,1,5,4,18.75,15.9,1774.9,1647.3,1814.5
2024-01-12,SouthAfrica-Krishnapatnam,Capesize,18.16,2024,1,12,4,20.26,14.82,1733.5,1741.7,1774.9
2024-01-19,SouthAfrica-Krishnapatnam,Capesize,19.83,2024,1,19,4,18.16,18.36,1707.1,1739.8,1733.5
2024-01-26,SouthAfrica-Krishnapatnam,Capesize,18.59,2024,1,26,4,19.83,17.5,1772.1,1801.2,1707.1
2024-02-02,SouthAfrica-Krishnapatnam,Capesize,19.81,2024,2,2,4,18.59,17.94,1846.3,1783.6,1772.1
2024-02-09,SouthAfrica-Krishnapatnam,Capesize,20.49,2024,2,9,4,19.81,17.51,1858.9,1794.2,1846.3
2024-02-16,SouthAfrica-Krishnapatnam,Capesize,20.09,2024,2,16,4,20.49,18.75,1868.0,1806.4,1858.9
2024-02-23,SouthAfrica-Krishnapatnam,Capesize,21.17,2024,2,23,4,20.09,20.26,1803.9,1810.3,1868.0
2024-03-01,SouthAfrica-Krishnapatnam,Capesize,21.07,2024,3,1,4,21.17,18.16,1850.9,1773.2,1803.9
2024-03-08,SouthAfrica-Krishnapatnam,Capesize,21.37,2024,3,8,4,21.07,19.83,1852.0,1801.3,1850.9
2024-03-15,SouthAfrica-Krishnapatnam,Capesize,21.13,2024,3,15,4,21.37,18.59,1848.7,1789.1,1852.0
2024-03-22,SouthAfrica-Krishnapatnam,Capesize,20.27,2024,3,22,4,21.13,19.81,1807.5,1906.3,1848.7
2024-03-29,SouthAfrica-Krishnapatnam,Capesize,18.76,2024,3,29,4,20.27,20.49,1778.0,1712.1,1807.5
2024-04-05,SouthAfrica-Krishnapatnam,Capesize,20.88,2024,4,5,4,18.76,20.09,1696.2,1795.0,1778.0
2024-04-12,SouthAfrica-Krishnapatnam,Capesize,20.34,2024,4,12,4,20.88,21.17,1665.8,1708.5,1696.2
2024-04-19,SouthAfrica-Krishnapatnam,Capesize,18.53,2024,4,19,4,20.34,21.07,1656.0,1718.3,1665.8
2024-04-26,SouthAfrica-Krishnapatnam,Capesize,20.12,2024,4,26,4,18.53,21.37,1635.3,1702.1,1656.0
2024-05-03,SouthAfrica-Krishnapatnam,Capesize,18.72,2024,5,3,4,20.12,21.13,1523.5,1574.2,1635.3
2024-05-10,SouthAfrica-Krishnapatnam,Capesize,18.36,2024,5,10,4,18.72,20.27,1498.9,1520.2,1523.5
2024-05-17,SouthAfrica-Krishnapatnam,Capesize,17.8,2024,5,17,4,18.36,18.76,1531.9,1537.9,1498.9
2024-05-24,SouthAfrica-Krishnapatnam,Capesize,17.63,2024,5,24,4,17.8,20.88,1385.7,1369.4,1531.9
2024-05-31,SouthAfrica-Krishnapatnam,Capesize,18.36,2024,5,31,4,17.63,20.34,1373.8,1360.2,1385.7
2024-06-07,SouthAfrica-Krishnapatnam,Capesize,16.66,2024,6,7,4,18.36,18.53,1313.4,1317.3,1373.8
2024-06-14,SouthAfrica-Krishnapatnam,Capesize,16.25,2024,6,14,4,16.66,20.12,1188.1,1245.8,1313.4
2024-06-21,SouthAfrica-Krishnapatnam,Capesize,14.86,2024,6,21,4,16.25,18.72,1102.2,1126.9,1188.1
2024-06-28,SouthAfrica-Krishnapatnam,Capesize,14.99,2024,6,28,4,14.86,18.36,1055.9,1015.2,1102.2
2024-07-05,SouthAfrica-Krishnapatnam,Capesize,14.71,2024,7,5,4,14.99,17.8,948.0,956.3,1055.9
2024-07-12,SouthAfrica-Krishnapatnam,Capesize,13.55,2024,7,12,4,14.71,17.63,910.0,809.3,948.0
2024-07-19,SouthAfrica-Krishnapatnam,Capesize,14.08,2024,7,19,4,13.55,18.36,906.6,811.2,910.0
2024-07-26,SouthAfrica-Krishnapatnam,Capesize,12.9,2024,7,26,4,14.08,16.66,765.8,714.1,906.6
2024-08-02,SouthAfrica-Krishnapatnam,Capesize,11.73,2024,8,2,4,12.9,16.25,660.9,681.6,765.8
2024-08-09,SouthAfrica-Krishnapatnam,Capesize,11.07,2024,8,9,4,11.73,14.86,601.9,577.4,660.9
2024-08-16,SouthAfrica-Krishnapatnam,Capesize,11.44,2024,8,16,4,11.07,14.99,495.5,569.6,601.9
2024-08-23,SouthAfrica-Krishnapatnam,Capesize,9.81,2024,8,23,4,11.44,14.71,451.6,450.0,495.5
2024-08-30,SouthAfrica-Krishnapatnam,Capesize,8.87,2024,8,30,4,9.81,13.55,310.1,346.2,451.6
2024-09-06,SouthAfrica-Krishnapatnam,Capesize,9.3,2024,9,6,4,8.87,14.08,300.0,300.0,310.1
2024-09-13,SouthAfrica-Krishnapatnam,Capesize,8.78,2024,9,13,4,9.3,12.9,300.0,300.0,300.0
2024-09-20,SouthAfrica-Krishnapatnam,Capesize,8.77,2024,9,20,4,8.78,11.73,300.0,300.0,300.0
2024-09-27,SouthAfrica-Krishnapatnam,Capesize,8.68,2024,9,27,4,8.77,11.07,325.3,300.0,300.0
2024-10-04,SouthAfrica-Krishnapatnam,Capesize,10.28,2024,10,4,4,8.68,11.44,300.0,300.0,325.3
2024-10-11,SouthAfrica-Krishnapatnam,Capesize,9.4,2024,10,11,4,10.28,9.81,300.0,300.0,300.0
2024-10-18,SouthAfrica-Krishnapatnam,Capesize,8.4,2024,10,18,4,9.4,8.87,300.0,300.0,300.0
2024-10-25,SouthAfrica-Krishnapatnam,Capesize,11.34,2024,10,25,4,8.4,9.3,300.0,300.0,300.0
2024-11-01,SouthAfrica-Krishnapatnam,Capesize,8.85,2024,11,1,4,11.34,8.78,300.0,300.0,300.0
2024-11-08,SouthAfrica-Krishnapatnam,Capesize,10.3,2024,11,8,4,8.85,8.77,300.0,300.0,300.0
2024-11-15,SouthAfrica-Krishnapatnam,Capesize,9.75,2024,11,15,4,10.3,8.68,300.0,300.0,300.0
2024-11-22,SouthAfrica-Krishnapatnam,Capesize,9.78,2024,11,22,4,9.75,10.28,300.0,300.0,300.0
2024-11-29,SouthAfrica-Krishnapatnam,Capesize,9.33,2024,11,29,4,9.78,9.4,300.0,300.0,300.0
2024-12-06,SouthAfrica-Krishnapatnam,Capesize,8.88,2024,12,6,4,9.33,8.4,300.0,300.0,300.0
2024-12-13,SouthAfrica-Krishnapatnam,Capesize,10.0,2024,12,13,4,8.88,11.34,300.0,300.0,300.0
2024-12-20,SouthAfrica-Krishnapatnam,Capesize,10.96,2024,12,20,4,10.0,8.85,300.0,300.0,300.0
2024-12-27,SouthAfrica-Krishnapatnam,Capesize,12.44,2024,12,27,4,10.96,10.3,300.0,300.0,300.0
2025-01-03,SouthAfrica-Krishnapatnam,Capesize,11.02,2025,1,3,4,12.44,9.75,338.4,300.0,300.0
2025-01-10,SouthAfrica-Krishnapatnam,Capesize,11.41,2025,1,10,4,11.02,9.78,333.0,317.3,338.4
2025-01-17,SouthAfrica-Krishnapatnam,Capesize,11.97,2025,1,17,4,11.41,9.33,394.4,349.6,333.0
2025-01-24,SouthAfrica-Krishnapatnam,Capesize,11.83,2025,1,24,4,11.97,8.88,501.5,531.2,394.4
2025-01-31,SouthAfrica-Krishnapatnam,Capesize,13.5,2025,1,31,4,11.83,10.0,510.3,495.5,501.5
2025-02-07,SouthAfrica-Krishnapatnam,Capesize,12.72,2025,2,7,4,13.5,10.96,541.1,611.7,510.3
2025-02-14,SouthAfrica-Krishnapatnam,Capesize,14.95,2025,2,14,4,12.72,12.44,734.5,543.1,541.1
2025-02-21,SouthAfrica-Krishnapatnam,Capesize,13.48,2025,2,21,4,14.95,11.02,651.0,686.5,734.5
2025-02-28,SouthAfrica-Krishnapatnam,Capesize,15.38,2025,2,28,4,13.48,11.41,781.7,719.2,651.0
2025-03-07,SouthAfrica-Krishnapatnam,Capesize,17.67,2025,3,7,4,15.38,11.97,901.9,831.0,781.7
2025-03-14,SouthAfrica-Krishnapatnam,Capesize,15.94,2025,3,14,4,17.67,11.83,913.8,939.3,901.9
2025-03-21,SouthAfrica-Krishnapatnam,Capesize,15.68,2025,3,21,4,15.94,13.5,990.8,856.6,913.8
2025-03-28,SouthAfrica-Krishnapatnam,Capesize,14.84,2025,3,28,4,15.68,12.72,994.5,1057.9,990.8
2025-04-04,SouthAfrica-Krishnapatnam,Capesize,17.1,2025,4,4,4,14.84,14.95,1081.3,1133.8,994.5
2025-04-11,SouthAfrica-Krishnapatnam,Capesize,16.78,2025,4,11,4,17.1,13.48,1155.6,1110.7,1081.3
2025-04-18,SouthAfrica-Krishnapatnam,Capesize,17.81,2025,4,18,4,16.78,15.38,1228.1,1134.4,1155.6
2025-04-25,SouthAfrica-Krishnapatnam,Capesize,17.52,2025,4,25,4,17.81,17.67,1341.8,1228.8,1228.1
2025-05-02,SouthAfrica-Krishnapatnam,Capesize,18.21,2025,5,2,4,17.52,15.94,1220.7,1407.5,1341.8
2025-05-09,SouthAfrica-Krishnapatnam,Capesize,17.6,2025,5,9,4,18.21,15.68,1447.9,1327.1,1220.7
2025-05-16,SouthAfrica-Krishnapatnam,Capesize,16.61,2025,5,16,4,17.6,14.84,1358.5,1402.9,1447.9
2025-05-23,SouthAfrica-Krishnapatnam,Capesize,17.03,2025,5,23,4,16.61,17.1,1431.4,1373.7,1358.5
2025-05-30,SouthAfrica-Krishnapatnam,Capesize,17.21,2025,5,30,4,17.03,16.78,1448.9,1420.9,1431.4
2025-06-06,SouthAfrica-Krishnapatnam,Capesize,17.89,2025,6,6,4,17.21,17.81,1391.3,1478.5,1448.9
2025-06-13,SouthAfrica-Krishnapatnam,Capesize,18.4,2025,6,13,4,17.89,17.52,1449.4,1490.9,1391.3
2025-06-20,SouthAfrica-Krishnapatnam,Capesize,16.54,2025,6,20,4,18.4,18.21,1325.6,1505.2,1449.4
2025-06-27,SouthAfrica-Krishnapatnam,Capesize,16.78,2025,6,27,4,16.54,17.6,1454.5,1423.6,1325.6
2025-07-04,SouthAfrica-Krishnapatnam,Capesize,16.18,2025,7,4,4,16.78,16.61,1473.0,1393.4,1454.5
2025-07-11,SouthAfrica-Krishnapatnam,Capesize,17.13,2025,7,11,4,16.18,17.03,1503.0,1415.4,1473.0
2025-07-18,SouthAfrica-Krishnapatnam,Capesize,15.53,2025,7,18,4,17.13,17.21,1441.0,1446.0,1503.0
2025-07-25,SouthAfrica-Krishnapatnam,Capesize,15.46,2025,7,25,4,15.53,17.89,1411.3,1424.0,1441.0
2025-08-01,SouthAfrica-Krishnapatnam,Capesize,15.84,2025,8,1,4,15.46,18.4,1376.9,1464.1,1411.3
2025-08-08,SouthAfrica-Krishnapatnam,Capesize,16.08,2025,8,8,4,15.84,16.54,1404.1,1413.5,1376.9
2025-08-15,SouthAfrica-Krishnapatnam,Capesize,15.27,2025,8,15,4,16.08,16.78,1419.9,1376.3,1404.1
2025-08-22,SouthAfrica-Krishnapatnam,Capesize,14.35,2025,8,22,4,15.27,16.18,1381.7,1378.7,1419.9
2025-08-29,SouthAfrica-Krishnapatnam,Capesize,15.25,2025,8,29,4,14.35,17.13,1369.7,1286.8,1381.7
2025-09-05,SouthAfrica-Krishnapatnam,Capesize,15.13,2025,9,5,4,15.25,15.53,1277.9,1337.5,1369.7
2025-09-12,SouthAfrica-Krishnapatnam,Capesize,13.91,2025,9,12,4,15.13,15.46,1314.5,1328.7,1277.9
2025-09-19,SouthAfrica-Krishnapatnam,Capesize,14.42,2025,9,19,4,13.91,15.84,1229.3,1276.5,1314.5
2025-09-26,SouthAfrica-Krishnapatnam,Capesize,13.94,2025,9,26,4,14.42,16.08,1262.4,1263.9,1229.3
2025-10-03,SouthAfrica-Krishnapatnam,Capesize,14.13,2025,10,3,4,13.94,15.27,1199.6,1293.1,1262.4
2025-10-10,SouthAfrica-Krishnapatnam,Capesize,11.76,2025,10,10,4,14.13,14.35,1194.9,1272.2,1199.6
2025-10-17,SouthAfrica-Krishnapatnam,Capesize,14.31,2025,10,17,4,11.76,15.25,1246.7,1230.7,1194.9
2025-10-24,SouthAfrica-Krishnapatnam,Capesize,13.48,2025,10,24,4,14.31,15.13,1236.4,1223.0,1246.7
2025-10-31,SouthAfrica-Krishnapatnam,Capesize,13.51,2025,10,31,4,13.48,13.91,1185.5,1175.0,1236.4
2025-11-07,SouthAfrica-Krishnapatnam,Capesize,13.8,2025,11,7,4,13.51,14.42,1296.1,1230.0,1185.5
2025-11-14,SouthAfrica-Krishnapatnam,Capesize,12.86,2025,11,14,4,13.8,13.94,1158.5,1192.1,1296.1
2025-11-21,SouthAfrica-Krishnapatnam,Capesize,14.43,2025,11,21,4,12.86,14.13,1242.0,1220.3,1158.5
2025-11-28,SouthAfrica-Krishnapatnam,Capesize,14.52,2025,11,28,4,14.43,11.76,1231.0,1205.5,1242.0
2025-12-05,SouthAfrica-Krishnapatnam,Capesize,15.14,2025,12,5,4,14.52,14.31,1119.0,1264.5,1231.0
2025-12-12,SouthAfrica-Krishnapatnam,Capesize,15.28,2025,12,12,4,15.14,13.48,1286.9,1188.5,1119.0
2025-12-19,SouthAfrica-Krishnapatnam,Capesize,14.87,2025,12,19,4,15.28,13.51,1246.9,1260.6,1286.9
2025-12-26,SouthAfrica-Krishnapatnam,Capesize,16.16,2025,12,26,4,14.87,13.8,1316.4,1408.1,1246.9
2026-01-02,SouthAfrica-Krishnapatnam,Capesize,16.54,2026,1,2,4,16.16,12.86,1356.8,1305.2,1316.4
2026-01-09,SouthAfrica-Krishnapatnam,Capesize,15.31,2026,1,9,4,16.54,14.43,1347.2,1209.1,1356.8
2026-01-16,SouthAfrica-Krishnapatnam,Capesize,15.92,2026,1,16,4,15.31,14.52,1268.9,1403.0,1347.2
2026-01-23,SouthAfrica-Krishnapatnam,Capesize,18.59,2026,1,23,4,15.92,15.14,1399.5,1401.1,1268.9
2026-01-30,SouthAfrica-Krishnapatnam,Capesize,18.84,2026,1,30,4,18.59,15.28,1528.6,1467.4,1399.5
2026-02-06,SouthAfrica-Krishnapatnam,Capesize,18.22,2026,2,6,4,18.84,14.87,1417.4,1423.0,1528.6
2026-02-13,SouthAfrica-Krishnapatnam,Capesize,17.57,2026,2,13,4,18.22,16.16,1578.6,1347.8,1417.4
2026-02-20,SouthAfrica-Krishnapatnam,Capesize,18.23,2026,2,20,4,17.57,16.54,1403.5,1499.1,1578.6
2026-02-27,SouthAfrica-Krishnapatnam,Capesize,19.62,2026,2,27,4,18.23,15.31,1635.4,1591.4,1403.5
2026-03-06,SouthAfrica-Krishnapatnam,Capesize,20.29,2026,3,6,4,19.62,15.92,1578.4,1586.5,1635.4
2026-03-13,SouthAfrica-Krishnapatnam,Capesize,18.6,2026,3,13,4,20.29,18.59,1480.1,1592.1,1578.4
2026-03-20,SouthAfrica-Krishnapatnam,Capesize,19.92,2026,3,20,4,18.6,18.84,1690.7,1672.6,1480.1
2026-03-27,SouthAfrica-Krishnapatnam,Capesize,20.64,2026,3,27,4,19.92,18.22,1715.8,1657.2,1690.7
2026-04-03,SouthAfrica-Krishnapatnam,Capesize,20.9,2026,4,3,4,20.64,17.57,1720.6,1636.3,1715.8
2026-04-10,SouthAfrica-Krishnapatnam,Capesize,20.32,2026,4,10,4,20.9,18.23,1719.7,1754.6,1720.6
2026-04-17,SouthAfrica-Krishnapatnam,Capesize,19.74,2026,4,17,4,20.32,19.62,1741.8,1824.3,1719.7
2026-04-24,SouthAfrica-Krishnapatnam,Capesize,20.53,2026,4,24,4,19.74,20.29,1737.8,1690.2,1741.8
2026-05-01,SouthAfrica-Krishnapatnam,Capesize,19.52,2026,5,1,4,20.53,18.6,1804.6,1740.5,1737.8
2026-05-08,SouthAfrica-Krishnapatnam,Capesize,20.93,2026,5,8,4,19.52,19.92,1867.4,1799.7,1804.6
2026-05-15,SouthAfrica-Krishnapatnam,Capesize,19.52,2026,5,15,4,20.93,20.64,1800.6,1930.8,1867.4
2026-05-22,SouthAfrica-Krishnapatnam,Capesize,18.92,2026,5,22,4,19.52,20.9,1884.4,1928.1,1800.6
2026-05-29,SouthAfrica-Krishnapatnam,Capesize,19.26,2026,5,29,4,18.92,20.32,1775.5,1852.0,1884.4
2026-06-05,SouthAfrica-Krishnapatnam,Capesize,21.0,2026,6,5,4,19.26,19.74,1893.6,1773.8,1775.5
2026-06-12,SouthAfrica-Krishnapatnam,Capesize,19.38,2026,6,12,4,21.0,20.53,1910.5,1884.3,1893.6
2026-06-19,SouthAfrica-Krishnapatnam,Capesize,18.85,2026,6,19,4,19.38,19.52,1882.1,2027.3,1910.5
2026-06-26,SouthAfrica-Krishnapatnam,Capesize,18.8,2026,6,26,4,18.85,20.93,1836.2,1969.2,1882.1
2026-07-03,SouthAfrica-Krishnapatnam,Capesize,19.93,2026,7,3,4,18.8,19.52,1941.0,1869.2,1836.2
2026-07-10,SouthAfrica-Krishnapatnam,Capesize,19.27,2026,7,10,4,19.93,18.92,1862.4,1845.2,1941.0
2026-07-17,SouthAfrica-Krishnapatnam,Capesize,19.15,2026,7,17,4,19.27,19.26,1877.2,2024.2,1862.4
2026-07-24,SouthAfrica-Krishnapatnam,Capesize,18.54,2026,7,24,4,19.15,21.0,1881.8,1966.6,1877.2
2026-07-31,SouthAfrica-Krishnapatnam,Capesize,16.95,2026,7,31,4,18.54,19.38,1881.8,1869.8,1881.8
2026-08-07,SouthAfrica-Krishnapatnam,Capesize,17.9,2026,8,7,4,16.95,18.85,1944.8,1823.2,1881.8
2026-08-14,SouthAfrica-Krishnapatnam,Capesize,18.48,2026,8,14,4,17.9,18.8,1922.7,1935.5,1944.8
2026-08-21,SouthAfrica-Krishnapatnam,Capesize,17.02,2026,8,21,4,18.48,19.93,1890.6,1916.5,1922.7
2026-08-28,SouthAfrica-Krishnapatnam,Capesize,18.1,2026,8,28,4,17.02,19.27,1863.2,1967.9,1890.6
2018-02-23,SouthAfrica-Vizag,Panamax,24.99,2018,2,23,4,23.22,20.83,2306.9,2170.6,2171.5
2018-03-02,SouthAfrica-Vizag,Panamax,23.9,2018,3,2,4,24.99,20.46,2308.2,2272.3,2306.9
2018-03-09,SouthAfrica-Vizag,Panamax,25.37,2018,3,9,4,23.9,22.68,2291.4,2274.8,2308.2
2018-03-16,SouthAfrica-Vizag,Panamax,24.27,2018,3,16,4,25.37,21.25,2287.3,2280.0,2291.4
2018-03-23,SouthAfrica-Vizag,Panamax,24.86,2018,3,23,4,24.27,23.6,2331.8,2306.2,2287.3
2018-03-30,SouthAfrica-Vizag,Panamax,25.78,2018,3,30,4,24.86,23.96,2384.8,2367.6,2331.8
2018-04-06,SouthAfrica-Vizag,Panamax,25.03,2018,4,6,4,25.78,23.22,2410.1,2433.8,2384.8
2018-04-13,SouthAfrica-Vizag,Panamax,26.18,2018,4,13,4,25.03,24.99,2378.3,2408.3,2410.1
2018-04-20,SouthAfrica-Vizag,Panamax,24.95,2018,4,20,4,26.18,23.9,2446.4,2291.5,2378.3
2018-04-27,SouthAfrica-Vizag,Panamax,26.59,2018,4,27,4,24.95,25.37,2390.1,2359.0,2446.4
2018-05-04,SouthAfrica-Vizag,Panamax,24.78,2018,5,4,4,26.59,24.27,2345.4,2418.0,2390.1
2018-05-11,SouthAfrica-Vizag,Panamax,24.76,2018,5,11,4,24.78,24.86,2388.1,2331.1,2345.4
2018-05-18,SouthAfrica-Vizag,Panamax,25.54,2018,5,18,4,24.76,25.78,2412.5,2456.3,2388.1
2018-05-25,SouthAfrica-Vizag,Panamax,24.39,2018,5,25,4,25.54,25.03,2323.4,2458.5,2412.5
2018-06-01,SouthAfrica-Vizag,Panamax,24.09,2018,6,1,4,24.39,26.18,2323.7,2402.6,2323.4
2018-06-08,SouthAfrica-Vizag,Panamax,24.02,2018,6,8,4,24.09,24.95,2297.5,2354.7,2323.7
2018-06-15,SouthAfrica-Vizag,Panamax,23.27,2018,6,15,4,24.02,26.59,2241.2,2273.7,2297.5
2018-06-22,SouthAfrica-Vizag,Panamax,22.24,2018,6,22,4,23.27,24.78,2128.9,2195.7,2241.2
2018-06-29,SouthAfrica-Vizag,Panamax,22.97,2018,6,29,4,22.24,24.76,2197.3,2128.1,2128.9
2018-07-06,SouthAfrica-Vizag,Panamax,22.19,2018,7,6,4,22.97,25.54,2149.3,2157.8,2197.3
2018-07-13,SouthAfrica-Vizag,Panamax,21.33,2018,7,13,4,22.19,24.39,2189.9,2083.8,2149.3
2018-07-20,SouthAfrica-Vizag,Panamax,20.74,2018,7,20,4,21.33,24.09,2139.2,2033.8,2189.9
2018-07-27,SouthAfrica-Vizag,Panamax,20.06,2018,7,27,4,20.74,24.02,1987.2,1970.1,2139.2
2018-08-03,SouthAfrica-Vizag,Panamax,20.54,2018,8,3,4,20.06,23.27,2085.5,1949.0,1987.2
2018-08-10,SouthAfrica-Vizag,Panamax,20.26,2018,8,10,4,20.54,22.24,1865.5,1949.7,2085.5
2018-08-17,SouthAfrica-Vizag,Panamax,20.65,2018,8,17,4,20.26,22.97,1900.8,1835.8,1865.5
2018-08-24,SouthAfrica-Vizag,Panamax,18.31,2018,8,24,4,20.65,22.19,1810.9,1794.4,1900.8
2018-08-31,SouthAfrica-Vizag,Panamax,18.48,2018,8,31,4,18.31,21.33,1627.8,1781.5,1810.9
2018-09-07,SouthAfrica-Vizag,Panamax,18.36,2018,9,7,4,18.48,20.74,1667.4,1690.0,1627.8
2018-09-14,SouthAfrica-Vizag,Panamax,18.62,2018,9,14,4,18.36,20.06,1700.8,1672.9,1667.4
2018-09-21,SouthAfrica-Vizag,Panamax,17.16,2018,9,21,4,18.62,20.54,1661.0,1623.6,1700.8
2018-09-28,SouthAfrica-Vizag,Panamax,19.76,2018,9,28,4,17.16,20.26,1631.5,1612.4,1661.0
2018-10-05,SouthAfrica-Vizag,Panamax,20.02,2018,10,5,4,19.76,20.65,1633.9,1646.5,1631.5
2018-10-12,SouthAfrica-Vizag,Panamax,16.17,2018,10,12,4,20.02,18.31,1471.8,1552.6,1633.9
2018-10-19,SouthAfrica-Vizag,Panamax,17.54,2018,10,19,4,16.17,18.48,1573.8,1658.5,1471.8
2018-10-26,SouthAfrica-Vizag,Panamax,18.58,2018,10,26,4,17.54,18.36,1661.9,1572.7,1573.8
2018-11-02,SouthAfrica-Vizag,Panamax,18.84,2018,11,2,4,18.58,18.62,1594.7,1588.4,1661.9
2018-11-09,SouthAfrica-Vizag,Panamax,18.49,2018,11,9,4,18.84,17.16,1584.1,1561.8,1594.7
2018-11-16,SouthAfrica-Vizag,Panamax,18.9,2018,11,16,4,18.49,19.76,1695.6,1662.8,1584.1
2018-11-23,SouthAfrica-Vizag,Panamax,19.15,2018,11,23,4,18.9,20.02,1565.8,1632.0,1695.6
2018-11-30,SouthAfrica-Vizag,Panamax,18.19,2018,11,30,4,19.15,16.17,1627.9,1652.3,1565.8
2018-12-07,SouthAfrica-Vizag,Panamax,19.67,2018,12,7,4,18.19,17.54,1695.0,1690.3,1627.9
2018-12-14,SouthAfrica-Vizag,Panamax,20.47,2018,12,14,4,19.67,18.58,1715.5,1757.6,1695.0
2018-12-21,SouthAfrica-Vizag,Panamax,19.73,2018,12,21,4,20.47,18.84,1798.3,1751.8,1715.5
2018-12-28,SouthAfrica-Vizag,Panamax,21.63,2018,12,28,4,19.73,18.49,1772.4,1802.5,1798.3
2019-01-04,SouthAfrica-Vizag,Panamax,21.25,2019,1,4,4,21.63,18.9,1980.9,1937.9,1772.4
2019-01-11,SouthAfrica-Vizag,Panamax,22.95,2019,1,11,4,21.25,19.15,1936.0,1901.2,1980.9
2019-01-18,SouthAfrica-Vizag,Panamax,22.77,2019,1,18,4,22.95,18.19,1960.2,1929.1,1936.0
2019-01-25,SouthAfrica-Vizag,Panamax,23.61,2019,1,25,4,22.77,19.67,2010.3,2099.3,1960.2
2019-02-01,SouthAfrica-Vizag,Panamax,24.97,2019,2,1,4,23.61,20.47,2038.5,2089.5,2010.3
2019-02-08,SouthAfrica-Vizag,Panamax,24.62,2019,2,8,4,24.97,19.73,2176.7,2043.9,2038.5
2019-02-15,SouthAfrica-Vizag,Panamax,24.4,2019,2,15,4,24.62,21.63,2253.8,2176.9,2176.7
2019-02-22,SouthAfrica-Vizag,Panamax,24.57,2019,2,22,4,24.4,21.25,2335.2,2271.9,2253.8
2019-03-01,SouthAfrica-Vizag,Panamax,22.79,2019,3,1,4,24.57,22.95,2298.9,2400.7,2335.2
2019-03-08,SouthAfrica-Vizag,Panamax,24.47,2019,3,8,4,22.79,22.77,2424.4,2425.2,2298.9
2019-03-15,SouthAfrica-Vizag,Panamax,25.49,2019,3,15,4,24.47,23.61,2357.8,2534.1,2424.4
2019-03-22,SouthAfrica-Vizag,Panamax,25.59,2019,3,22,4,25.49,24.97,2449.9,2540.0,2357.8
2019-03-29,SouthAfrica-Vizag,Panamax,26.55,2019,3,29,4,25.59,24.62,2500.1,2482.5,2449.9
2019-04-05,SouthAfrica-Vizag,Panamax,24.85,2019,4,5,4,26.55,24.4,2550.0,2545.2,2500.1
2019-04-12,SouthAfrica-Vizag,Panamax,25.53,2019,4,12,4,24.85,24.57,2623.0,2602.4,2550.0
2019-04-19,SouthAfrica-Vizag,Panamax,25.44,2019,4,19,4,25.53,22.79,2661.0,2610.5,2623.0
2019-04-26,SouthAfrica-Vizag,Panamax,27.84,2019,4,26,4,25.44,24.47,2663.9,2598.0,2661.0
2019-05-03,SouthAfrica-Vizag,Panamax,26.39,2019,5,3,4,27.84,25.49,2726.3,2611.2,2663.9
2019-05-10,SouthAfrica-Vizag,Panamax,25.58,2019,5,10,4,26.39,25.59,2658.8,2701.1,2726.3
2019-05-17,SouthAfrica-Vizag,Panamax,25.56,2019,5,17,4,25.58,26.55,2695.0,2694.3,2658.8
2019-05-24,SouthAfrica-Vizag,Panamax,26.76,2019,5,24,4,25.56,24.85,2748.6,2744.6,2695.0
2019-05-31,SouthAfrica-Vizag,Panamax,25.78,2019,5,31,4,26.76,25.53,2600.5,2697.5,2748.6
2019-06-07,SouthAfrica-Vizag,Panamax,25.89,2019,6,7,4,25.78,25.44,2630.2,2683.6,2600.5
2019-06-14,SouthAfrica-Vizag,Panamax,25.12,2019,6,14,4,25.89,27.84,2665.3,2693.3,2630.2
2019-06-21,SouthAfrica-Vizag,Panamax,24.39,2019,6,21,4,25.12,26.39,2669.9,2559.0,2665.3
2019-06-28,SouthAfrica-Vizag,Panamax,24.72,2019,6,28,4,24.39,25.58,2612.1,2618.6,2669.9
2019-07-05,SouthAfrica-Vizag,Panamax,23.94,2019,7,5,4,24.72,25.56,2542.9,2554.6,2612.1
2019-07-12,SouthAfrica-Vizag,Panamax,24.08,2019,7,12,4,23.94,26.76,2626.3,2637.5,2542.9
2019-07-19,SouthAfrica-Vizag,Panamax,22.96,2019,7,19,4,24.08,25.78,2536.0,2486.7,2626.3
2019-07-26,SouthAfrica-Vizag,Panamax,22.02,2019,7,26,4,22.96,25.89,2380.4,2425.1,2536.0
2019-08-02,SouthAfrica-Vizag,Panamax,20.51,2019,8,2,4,22.02,25.12,2304.5,2373.1,2380.4
2019-08-09,SouthAfrica-Vizag,Panamax,21.86,2019,8,9,4,20.51,24.39,2297.7,2358.7,2304.5
2019-08-16,SouthAfrica-Vizag,Panamax,21.6,2019,8,16,4,21.86,24.72,2285.7,2247.6,2297.7
2019-08-23,SouthAfrica-Vizag,Panamax,21.43,2019,8,23,4,21.6,23.94,2212.3,2334.6,2285.7
2019-08-30,SouthAfrica-Vizag,Panamax,22.39,2019,8,30,4,21.43,24.08,2054.5,2084.9,2212.3
2019-09-06,SouthAfrica-Vizag,Panamax,20.64,2019,9,6,4,22.39,22.96,2053.2,2040.6,2054.5
2019-09-13,SouthAfrica-Vizag,Panamax,19.8,2019,9,13,4,20.64,22.02,2018.5,1989.6,2053.2
2019-09-20,SouthAfrica-Vizag,Panamax,19.88,2019,9,20,4,19.8,20.51,1988.8,1979.4,2018.5
2019-09-27,SouthAfrica-Vizag,Panamax,18.84,2019,9,27,4,19.88,21.86,1907.9,1926.7,1988.8
2019-10-04,SouthAfrica-Vizag,Panamax,18.58,2019,10,4,4,18.84,21.6,1825.4,1906.7,1907.9
2019-10-11,SouthAfrica-Vizag,Panamax,18.4,2019,10,11,4,18.58,21.43,1724.4,1738.7,1825.4
2019-10-18,SouthAfrica-Vizag,Panamax,18.83,2019,10,18,4,18.4,22.39,1675.6,1751.1,1724.4
2019-10-25,SouthAfrica-Vizag,Panamax,18.7,2019,10,25,4,18.83,20.64,1692.2,1658.3,1675.6
2019-11-01,SouthAfrica-Vizag,Panamax,17.39,2019,11,1,4,18.7,19.8,1608.1,1568.8,1692.2
2019-11-08,SouthAfrica-Vizag,Panamax,18.4,2019,11,8,4,17.39,19.88,1559.8,1526.8,1608.1
2019-11-15,SouthAfrica-Vizag,Panamax,18.99,2019,11,15,4,18.4,18.84,1539.3,1537.2,1559.8
2019-11-22,SouthAfrica-Vizag,Panamax,17.91,2019,11,22,4,18.99,18.58,1463.3,1563.0,1539.3
2019-11-29,SouthAfrica-Vizag,Panamax,19.03,2019,11,29,4,17.91,18.4,1341.3,1383.8,1463.3
2019-12-06,SouthAfrica-Vizag,Panamax,18.84,2019,12,6,4,19.03,18.83,1425.5,1391.8,1341.3
2019-12-13,SouthAfrica-Vizag,Panamax,18.11,2019,12,13,4,18.84,18.7,1298.9,1346.2,1425.5
2019-12-20,SouthAfrica-Vizag,Panamax,18.06,2019,12,20,4,18.11,17.39,1324.0,1358.0,1298.9
2019-12-27,SouthAfrica-Vizag,Panamax,17.25,2019,12,27,4,18.06,18.4,1253.4,1504.7,1324.0
2020-01-03,SouthAfrica-Vizag,Panamax,18.57,2020,1,3,4,17.25,18.99,1316.1,1305.5,1253.4
2020-01-10,SouthAfrica-Vizag,Panamax,19.18,2020,1,10,4,18.57,17.91,1303.2,1243.5,1316.1
2020-01-17,SouthAfrica-Vizag,Panamax,19.5,2020,1,17,4,19.18,19.03,1270.9,1366.1,1303.2
2020-01-24,SouthAfrica-Vizag,Panamax,20.98,2020,1,24,4,19.5,18.84,1262.1,1181.1,1270.9
2020-01-31,SouthAfrica-Vizag,Panamax,20.17,2020,1,31,4,20.98,18.11,1214.3,1257.5,1262.1
2020-02-07,SouthAfrica-Vizag,Panamax,21.63,2020,2,7,4,20.17,18.06,1225.3,1126.5,1214.3
2020-02-14,SouthAfrica-Vizag,Panamax,19.9,2020,2,14,4,21.63,17.25,1160.6,1236.6,1225.3
2020-02-21,SouthAfrica-Vizag,Panamax,20.06,2020,2,21,4,19.9,18.57,1116.5,1198.5,1160.6
2020-02-28,SouthAfrica-Vizag,Panamax,20.55,2020,2,28,4,20.06,19.18,1107.3,1151.3,1116.5
2020-03-06,SouthAfrica-Vizag,Panamax,18.75,2020,3,6,4,20.55,19.5,627.5,527.8,1107.3
2020-03-13,SouthAfrica-Vizag,Panamax,17.67,2020,3,13,4,18.75,20.98,368.7,569.6,627.5
2020-03-20,SouthAfrica-Vizag,Panamax,18.33,2020,3,20,4,17.67,20.17,491.8,454.7,368.7
2020-03-27,SouthAfrica-Vizag,Panamax,18.09,2020,3,27,4,18.33,21.63,499.0,482.9,491.8
2020-04-03,SouthAfrica-Vizag,Panamax,16.83,2020,4,3,4,18.09,19.9,400.8,434.8,499.0
2020-04-10,SouthAfrica-Vizag,Panamax,17.66,2020,4,10,4,16.83,20.06,500.6,411.1,400.8
2020-04-17,SouthAfrica-Vizag,Panamax,16.97,2020,4,17,4,17.66,20.55,420.0,430.4,500.6
2020-04-24,SouthAfrica-Vizag,Panamax,18.71,2020,4,24,4,16.97,18.75,483.1,347.7,420.0
2020-05-01,SouthAfrica-Vizag,Panamax,17.97,2020,5,1,4,18.71,17.67,392.4,414.7,483.1
2020-05-08,SouthAfrica-Vizag,Panamax,17.44,2020,5,8,4,17.97,18.33,436.9,329.2,392.4
2020-05-15,SouthAfrica-Vizag,Panamax,16.22,2020,5,15,4,17.44,18.09,380.2,443.8,436.9
2020-05-22,SouthAfrica-Vizag,Panamax,15.9,2020,5,22,4,16.22,16.83,338.9,300.0,380.2
2020-05-29,SouthAfrica-Vizag,Panamax,15.42,2020,5,29,4,15.9,17.66,345.9,340.9,338.9
2020-06-05,SouthAfrica-Vizag,Panamax,14.94,2020,6,5,4,15.42,16.97,304.2,300.0,345.9
2020-06-12,SouthAfrica-Vizag,Panamax,16.94,2020,6,12,4,14.94,18.71,343.0,300.0,304.2
2020-06-19,SouthAfrica-Vizag,Panamax,15.53,2020,6,19,4,16.94,17.97,300.0,300.0,343.0
2020-06-26,SouthAfrica-Vizag,Panamax,14.58,2020,6,26,4,15.53,17.44,300.0,300.0,300.0
2020-07-03,SouthAfrica-Vizag,Panamax,15.03,2020,7,3,4,14.58,16.22,300.0,300.0,300.0
2020-07-10,SouthAfrica-Vizag,Panamax,14.78,2020,7,10,4,15.03,15.9,300.0,300.0,300.0
2020-07-17,SouthAfrica-Vizag,Panamax,14.07,2020,7,17,4,14.78,15.42,300.0,300.0,300.0
2020-07-24,SouthAfrica-Vizag,Panamax,14.1,2020,7,24,4,14.07,14.94,300.0,300.0,300.0
2020-07-31,SouthAfrica-Vizag,Panamax,14.78,2020,7,31,4,14.1,16.94,300.0,300.0,300.0
2020-08-07,SouthAfrica-Vizag,Panamax,14.05,2020,8,7,4,14.78,15.53,300.0,300.0,300.0
2020-08-14,SouthAfrica-Vizag,Panamax,13.54,2020,8,14,4,14.05,14.58,300.0,300.0,300.0
2020-08-21,SouthAfrica-Vizag,Panamax,13.52,2020,8,21,4,13.54,15.03,300.0,300.0,300.0
2020-08-28,SouthAfrica-Vizag,Panamax,13.02,2020,8,28,4,13.52,14.78,300.0,300.0,300.0
2020-09-04,SouthAfrica-Vizag,Panamax,14.15,2020,9,4,4,13.02,14.07,660.4,646.0,300.0
2020-09-11,SouthAfrica-Vizag,Panamax,11.78,2020,9,11,4,14.15,14.1,520.1,601.9,660.4
2020-09-18,SouthAfrica-Vizag,Panamax,14.8,2020,9,18,4,11.78,14.78,567.2,536.3,520.1
2020-09-25,SouthAfrica-Vizag,Panamax,14.28,2020,9,25,4,14.8,14.05,649.1,594.6,567.2
2020-10-02,SouthAfrica-Vizag,Panamax,14.8,2020,10,2,4,14.28,13.54,598.5,526.8,649.1
2020-10-09,SouthAfrica-Vizag,Panamax,15.07,2020,10,9,4,14.8,13.52,558.9,504.9,598.5
2020-10-16,SouthAfrica-Vizag,Panamax,13.72,2020,10,16,4,15.07,13.02,615.1,654.9,558.9
2020-10-23,SouthAfrica-Vizag,Panamax,15.29,2020,10,23,4,13.72,14.15,694.6,679.2,615.1
2020-10-30,SouthAfrica-Vizag,Panamax,15.31,2020,10,30,4,15.29,11.78,606.3,606.8,694.6
2020-11-06,SouthAfrica-Vizag,Panamax,14.23,2020,11,6,4,15.31,14.8,636.9,651.0,606.3
2020-11-13,SouthAfrica-Vizag,Panamax,16.28,2020,11,13,4,14.23,14.28,705.3,709.5,636.9
2020-11-20,SouthAfrica-Vizag,Panamax,15.91,2020,11,20,4,16.28,14.8,716.1,686.8,705.3
2020-11-27,SouthAfrica-Vizag,Panamax,16.75,2020,11,27,4,15.91,15.07,722.5,744.4,716.1
2020-12-04,SouthAfrica-Vizag,Panamax,14.8,2020,12,4,4,16.75,13.72,696.3,717.6,722.5
2020-12-11,SouthAfrica-Vizag,Panamax,15.6,2020,12,11,4,14.8,15.29,715.5,774.0,696.3
2020-12-18,SouthAfrica-Vizag,Panamax,16.8,2020,12,18,4,15.6,15.31,820.8,854.7,715.5
2020-12-25,SouthAfrica-Vizag,Panamax,18.09,2020,12,25,4,16.8,14.23,912.7,865.8,820.8
2021-01-01,SouthAfrica-Vizag,Panamax,18.1,2021,1,1,4,18.09,16.28,955.0,975.9,912.7
2021-01-08,SouthAfrica-Vizag,Panamax,18.75,2021,1,8,4,18.1,15.91,1032.9,923.1,955.0
2021-01-15,SouthAfrica-Vizag,Panamax,17.91,2021,1,15,4,18.75,16.75,986.7,983.6,1032.9
2021-01-22,SouthAfrica-Vizag,Panamax,19.66,2021,1,22,4,17.91,14.8,1122.3,996.5,986.7
2021-01-29,SouthAfrica-Vizag,Panamax,19.47,2021,1,29,4,19.66,15.6,1093.6,1032.3,1122.3
2021-02-05,SouthAfrica-Vizag,Panamax,19.81,2021,2,5,4,19.47,16.8,1099.1,1122.1,1093.6
2021-02-12,SouthAfrica-Vizag,Panamax,20.45,2021,2,12,4,19.81,18.09,1168.9,1188.2,1099.1
2021-02-19,SouthAfrica-Vizag,Panamax,21.47,2021,2,19,4,20.45,18.1,1269.8,1152.0,1168.9
2021-02-26,SouthAfrica-Vizag,Panamax,20.07,2021,2,26,4,21.47,18.75,1224.1,1296.2,1269.8
2021-03-05,SouthAfrica-Vizag,Panamax,21.03,2021,3,5,4,20.07,17.91,1245.2,1266.8,1224.1
2021-03-12,SouthAfrica-Vizag,Panamax,20.61,2021,3,12,4,21.03,19.66,1239.4,1276.6,1245.2
2021-03-19,SouthAfrica-Vizag,Panamax,20.2,2021,3,19,4,20.61,19.47,1356.1,1307.6,1239.4
2021-03-26,SouthAfrica-Vizag,Panamax,21.26,2021,3,26,4,20.2,19.81,1370.8,1267.4,1356.1
2021-04-02,SouthAfrica-Vizag,Panamax,20.73,2021,4,2,4,21.26,20.45,1287.1,1421.0,1370.8
2021-04-09,SouthAfrica-Vizag,Panamax,20.91,2021,4,9,4,20.73,21.47,1297.5,1344.8,1287.1
2021-04-16,SouthAfrica-Vizag,Panamax,21.42,2021,4,16,4,20.91,20.07,1305.9,1358.2,1297.5
2021-04-23,SouthAfrica-Vizag,Panamax,21.34,2021,4,23,4,21.42,21.03,1359.5,1369.5,1305.9
2021-04-30,SouthAfrica-Vizag,Panamax,20.07,2021,4,30,4,21.34,20.61,1226.7,1307.2,1359.5
2021-05-07,SouthAfrica-Vizag,Panamax,27.59,2021,5,7,4,20.07,20.2,2783.8,2753.3,1226.7
2021-05-14,SouthAfrica-Vizag,Panamax,24.76,2021,5,14,4,27.59,21.26,2815.2,2675.0,2783.8
2021-05-21,SouthAfrica-Vizag,Panamax,25.93,2021,5,21,4,24.76,20.73,2801.9,2736.3,2815.2
2021-05-28,SouthAfrica-Vizag,Panamax,26.06,2021,5,28,4,25.93,20.91,2772.8,2706.3,2801.9
2021-06-04,SouthAfrica-Vizag,Panamax,24.3,2021,6,4,4,26.06,21.42,2631.4,2637.8,2772.8
2021-06-11,SouthAfrica-Vizag,Panamax,23.78,2021,6,11,4,24.3,21.34,2581.2,2681.1,2631.4
2021-06-18,SouthAfrica-Vizag,Panamax,25.23,2021,6,18,4,23.78,20.07,2563.7,2678.4,2581.2
2021-06-25,SouthAfrica-Vizag,Panamax,23.81,2021,6,25,4,25.23,27.59,2586.4,2513.7,2563.7
2021-07-02,SouthAfrica-Vizag,Panamax,23.04,2021,7,2,4,23.81,24.76,2535.9,2582.2,2586.4
2021-07-09,SouthAfrica-Vizag,Panamax,23.61,2021,7,9,4,23.04,25.93,2399.4,2466.2,2535.9
2021-07-16,SouthAfrica-Vizag,Panamax,22.81,2021,7,16,4,23.61,26.06,2500.1,2467.0,2399.4
2021-07-23,SouthAfrica-Vizag,Panamax,23.05,2021,7,23,4,22.81,24.3,2439.1,2320.6,2500.1
2021-07-30,SouthAfrica-Vizag,Panamax,22.44,2021,7,30,4,23.05,23.78,2299.0,2281.2,2439.1
2021-08-06,SouthAfrica-Vizag,Panamax,21.1,2021,8,6,4,22.44,25.23,2267.5,2347.0,2299.0
2021-08-13,SouthAfrica-Vizag,Panamax,23.84,2021,8,13,4,21.1,23.81,2296.4,2300.4,2267.5
2021-08-20,SouthAfrica-Vizag,Panamax,21.74,2021,8,20,4,23.84,23.04,2224.7,2188.1,2296.4
2021-08-27,SouthAfrica-Vizag,Panamax,21.49,2021,8,27,4,21.74,23.61,2151.3,2192.3,2224.7
2021-09-03,SouthAfrica-Vizag,Panamax,20.25,2021,9,3,4,21.49,22.81,2126.6,2098.0,2151.3
2021-09-10,SouthAfrica-Vizag,Panamax,20.21,2021,9,10,4,20.25,23.05,2068.9,2065.0,2126.6
2021-09-17,SouthAfrica-Vizag,Panamax,19.28,2021,9,17,4,20.21,22.44,2060.5,2097.9,2068.9
2021-09-24,SouthAfrica-Vizag,Panamax,20.87,2021,9,24,4,19.28,21.1,2094.4,2130.2,2060.5
2021-10-01,SouthAfrica-Vizag,Panamax,20.83,2021,10,1,4,20.87,23.84,2106.2,1949.2,2094.4
2021-10-08,SouthAfrica-Vizag,Panamax,20.93,2021,10,8,4,20.83,21.74,2070.6,2075.7,2106.2
2021-10-15,SouthAfrica-Vizag,Panamax,20.93,2021,10,15,4,20.93,21.49,1987.6,2006.3,2070.6
2021-10-22,SouthAfrica-Vizag,Panamax,19.26,2021,10,22,4,20.93,20.25,2064.4,2127.2,1987.6
2021-10-29,SouthAfrica-Vizag,Panamax,22.0,2021,10,29,4,19.26,20.21,2025.7,2074.7,2064.4
2021-11-05,SouthAfrica-Vizag,Panamax,21.47,2021,11,5,4,22.0,19.28,2087.2,2149.5,2025.7
2021-11-12,SouthAfrica-Vizag,Panamax,21.34,2021,11,12,4,21.47,20.87,2169.6,2138.3,2087.2
2021-11-19,SouthAfrica-Vizag,Panamax,21.87,2021,11,19,4,21.34,20.83,2198.5,2156.0,2169.6
2021-11-26,SouthAfrica-Vizag,Panamax,23.65,2021,11,26,4,21.87,20.93,2260.9,2174.7,2198.5
2021-12-03,SouthAfrica-Vizag,Panamax,16.52,2021,12,3,4,23.65,20.93,769.1,724.2,2260.9
2021-12-10,SouthAfrica-Vizag,Panamax,15.52,2021,12,10,4,16.52,19.26,808.2,737.9,769.1
2021-12-17,SouthAfrica-Vizag,Panamax,18.6,2021,12,17,4,15.52,22.0,977.5,821.1,808.2
2021-12-24,SouthAfrica-Vizag,Panamax,15.94,2021,12,24,4,18.6,21.47,996.8,1068.7,977.5
2021-12-31,SouthAfrica-Vizag,Panamax,18.63,2021,12,31,4,15.94,21.34,985.7,996.6,996.8
2022-01-07,SouthAfrica-Vizag,Panamax,18.71,2022,1,7,4,18.63,21.87,1064.8,1169.6,985.7
2022-01-14,SouthAfrica-Vizag,Panamax,19.22,2022,1,14,4,18.71,23.65,1109.5,1188.7,1064.8
2022-01-21,SouthAfrica-Vizag,Panamax,19.11,2022,1,21,4,19.22,16.52,1270.3,1228.4,1109.5
2022-01-28,SouthAfrica-Vizag,Panamax,20.54,2022,1,28,4,19.11,15.52,1360.2,1390.8,1270.3
2022-02-04,SouthAfrica-Vizag,Panamax,21.96,2022,2,4,4,20.54,18.6,1441.4,1564.6,1360.2
2022-02-11,SouthAfrica-Vizag,Panamax,21.5,2022,2,11,4,21.96,15.94,1587.7,1420.8,1441.4
2022-02-18,SouthAfrica-Vizag,Panamax,23.59,2022,2,18,4,21.5,18.63,1670.0,1588.0,1587.7
2022-02-25,SouthAfrica-Vizag,Panamax,20.79,2022,2,25,4,23.59,18.71,1666.2,1769.8,1670.0
2022-03-04,SouthAfrica-Vizag,Panamax,21.89,2022,3,4,4,20.79,19.22,1748.9,1789.9,1666.2
2022-03-11,SouthAfrica-Vizag,Panamax,23.54,2022,3,11,4,21.89,19.11,1866.9,1935.3,1748.9
2022-03-18,SouthAfrica-Vizag,Panamax,23.3,2022,3,18,4,23.54,20.54,1940.8,2005.3,1866.9
2022-03-25,SouthAfrica-Vizag,Panamax,21.6,2022,3,25,4,23.3,21.96,1949.5,2055.2,1940.8
2022-04-01,SouthAfrica-Vizag,Panamax,24.96,2022,4,1,4,21.6,21.5,2068.0,2131.2,1949.5
2022-04-08,SouthAfrica-Vizag,Panamax,23.98,2022,4,8,4,24.96,23.59,2133.8,2195.8,2068.0
2022-04-15,SouthAfrica-Vizag,Panamax,23.81,2022,4,15,4,23.98,20.79,2259.7,2330.6,2133.8
2022-04-22,SouthAfrica-Vizag,Panamax,24.8,2022,4,22,4,23.81,21.89,2247.7,2298.9,2259.7
2022-04-29,SouthAfrica-Vizag,Panamax,26.5,2022,4,29,4,24.8,23.54,2491.9,2420.0,2247.7
2022-05-06,SouthAfrica-Vizag,Panamax,24.73,2022,5,6,4,26.5,23.3,2386.8,2439.6,2491.9
2022-05-13,SouthAfrica-Vizag,Panamax,26.65,2022,5,13,4,24.73,21.6,2534.5,2457.6,2386.8
2022-05-20,SouthAfrica-Vizag,Panamax,25.67,2022,5,20,4,26.65,24.96,2526.3,2494.1,2534.5
2022-05-27,SouthAfrica-Vizag,Panamax,25.2,2022,5,27,4,25.67,23.98,2492.5,2439.0,2526.3
2022-06-03,SouthAfrica-Vizag,Panamax,25.66,2022,6,3,4,25.2,23.81,2490.5,2479.9,2492.5
2022-06-10,SouthAfrica-Vizag,Panamax,24.64,2022,6,10,4,25.66,24.8,2579.3,2477.6,2490.5
2022-06-17,SouthAfrica-Vizag,Panamax,25.09,2022,6,17,4,24.64,26.5,2600.4,2601.0,2579.3
2022-06-24,SouthAfrica-Vizag,Panamax,24.08,2022,6,24,4,25.09,24.73,2582.5,2612.3,2600.4
2022-07-01,SouthAfrica-Vizag,Panamax,24.68,2022,7,1,4,24.08,26.65,2620.8,2624.6,2582.5
2022-07-08,SouthAfrica-Vizag,Panamax,24.01,2022,7,8,4,24.68,25.67,2619.5,2606.9,2620.8
2022-07-15,SouthAfrica-Vizag,Panamax,23.26,2022,7,15,4,24.01,25.2,2568.5,2568.6,2619.5
2022-07-22,SouthAfrica-Vizag,Panamax,23.93,2022,7,22,4,23.26,25.66,2571.4,2551.0,2568.5
2022-07-29,SouthAfrica-Vizag,Panamax,23.3,2022,7,29,4,23.93,24.64,2446.9,2521.4,2571.4
2022-08-05,SouthAfrica-Vizag,Panamax,22.73,2022,8,5,4,23.3,25.09,2505.7,2493.2,2446.9
2022-08-12,SouthAfrica-Vizag,Panamax,21.51,2022,8,12,4,22.73,24.08,2485.3,2647.2,2505.7
2022-08-19,SouthAfrica-Vizag,Panamax,23.0,2022,8,19,4,21.51,24.68,2438.4,2551.4,2485.3
2022-08-26,SouthAfrica-Vizag,Panamax,23.75,2022,8,26,4,23.0,24.01,2387.4,2480.1,2438.4
2022-09-02,SouthAfrica-Vizag,Panamax,23.08,2022,9,2,4,23.75,23.26,2543.0,2496.7,2387.4
2022-09-09,SouthAfrica-Vizag,Panamax,22.21,2022,9,9,4,23.08,23.93,2354.4,2371.2,2543.0
2022-09-16,SouthAfrica-Vizag,Panamax,21.38,2022,9,16,4,22.21,23.3,2275.6,2380.1,2354.4
2022-09-23,SouthAfrica-Vizag,Panamax,21.92,2022,9,23,4,21.38,22.73,2252.0,2242.2,2275.6
2022-09-30,SouthAfrica-Vizag,Panamax,20.36,2022,9,30,4,21.92,21.51,2269.5,2312.7,2252.0
2022-10-07,SouthAfrica-Vizag,Panamax,20.69,2022,10,7,4,20.36,23.0,2309.4,2274.1,2269.5
2022-10-14,SouthAfrica-Vizag,Panamax,22.59,2022,10,14,4,20.69,23.75,2220.3,2240.3,2309.4
2022-10-21,SouthAfrica-Vizag,Panamax,20.03,2022,10,21,4,22.59,23.08,2264.2,2209.6,2220.3
2022-10-28,SouthAfrica-Vizag,Panamax,20.84,2022,10,28,4,20.03,22.21,2129.7,2145.4,2264.2
2022-11-04,SouthAfrica-Vizag,Panamax,21.21,2022,11,4,4,20.84,21.38,2156.9,2304.6,2129.7
2022-11-11,SouthAfrica-Vizag,Panamax,20.44,2022,11,11,4,21.21,21.92,2114.6,2234.6,2156.9
2022-11-18,SouthAfrica-Vizag,Panamax,21.8,2022,11,18,4,20.44,20.36,2221.4,2125.3,2114.6
2022-11-25,SouthAfrica-Vizag,Panamax,21.46,2022,11,25,4,21.8,20.69,2134.9,2087.0,2221.4
2022-12-02,SouthAfrica-Vizag,Panamax,20.14,2022,12,2,4,21.46,22.59,2060.8,2086.2,2134.9
2022-12-09,SouthAfrica-Vizag,Panamax,20.65,2022,12,9,4,20.14,20.03,2118.9,2152.0,2060.8
2022-12-16,SouthAfrica-Vizag,Panamax,21.5,2022,12,16,4,20.65,20.84,1998.8,2061.1,2118.9
2022-12-23,SouthAfrica-Vizag,Panamax,24.26,2022,12,23,4,21.5,21.21,2157.6,2061.8,1998.8
2022-12-30,SouthAfrica-Vizag,Panamax,22.74,2022,12,30,4,24.26,20.44,2117.6,1975.4,2157.6
2023-01-06,SouthAfrica-Vizag,Panamax,23.47,2023,1,6,4,22.74,21.8,2126.6,2044.5,2117.6
2023-01-13,SouthAfrica-Vizag,Panamax,23.05,2023,1,13,4,23.47,21.46,2204.7,2096.6,2126.6
2023-01-20,SouthAfrica-Vizag,Panamax,21.64,2023,1,20,4,23.05,20.14,2059.7,2186.3,2204.7
2023-01-27,SouthAfrica-Vizag,Panamax,24.62,2023,1,27,4,21.64,20.65,2132.5,2109.8,2059.7
2023-02-03,SouthAfrica-Vizag,Panamax,23.73,2023,2,3,4,24.62,21.5,2021.6,2170.6,2132.5
2023-02-10,SouthAfrica-Vizag,Panamax,24.43,2023,2,10,4,23.73,24.26,2093.7,2135.1,2021.6
2023-02-17,SouthAfrica-Vizag,Panamax,24.23,2023,2,17,4,24.43,22.74,2191.5,2089.3,2093.7
2023-02-24,SouthAfrica-Vizag,Panamax,24.68,2023,2,24,4,24.23,23.47,2071.5,2148.7,2191.5
2023-03-03,SouthAfrica-Vizag,Panamax,24.78,2023,3,3,4,24.68,23.05,2103.4,2160.1,2071.5
2023-03-10,SouthAfrica-Vizag,Panamax,23.38,2023,3,10,4,24.78,21.64,2073.0,2058.9,2103.4
2023-03-17,SouthAfrica-Vizag,Panamax,25.46,2023,3,17,4,23.38,24.62,2213.0,2130.4,2073.0
2023-03-24,SouthAfrica-Vizag,Panamax,25.39,2023,3,24,4,25.46,23.73,2187.6,2159.8,2213.0
2023-03-31,SouthAfrica-Vizag,Panamax,23.33,2023,3,31,4,25.39,24.43,2124.5,2103.4,2187.6
2023-04-07,SouthAfrica-Vizag,Panamax,24.97,2023,4,7,4,23.33,24.23,2068.9,2073.4,2124.5
2023-04-14,SouthAfrica-Vizag,Panamax,24.95,2023,4,14,4,24.97,24.68,2174.1,2046.0,2068.9
2023-04-21,SouthAfrica-Vizag,Panamax,25.37,2023,4,21,4,24.95,24.78,2127.3,2173.7,2174.1
2023-04-28,SouthAfrica-Vizag,Panamax,23.23,2023,4,28,4,25.37,23.38,1961.7,2114.8,2127.3
2023-05-05,SouthAfrica-Vizag,Panamax,23.43,2023,5,5,4,23.23,25.46,2032.7,2008.9,1961.7
2023-05-12,SouthAfrica-Vizag,Panamax,24.21,2023,5,12,4,23.43,25.39,2127.0,2100.4,2032.7
2023-05-19,SouthAfrica-Vizag,Panamax,23.95,2023,5,19,4,24.21,23.33,2024.5,2062.1,2127.0
2023-05-26,SouthAfrica-Vizag,Panamax,24.87,2023,5,26,4,23.95,24.97,2149.8,2017.7,2024.5
2023-06-02,SouthAfrica-Vizag,Panamax,23.08,2023,6,2,4,24.87,24.95,2045.5,1911.7,2149.8
2023-06-09,SouthAfrica-Vizag,Panamax,23.89,2023,6,9,4,23.08,25.37,2012.6,2069.7,2045.5
2023-06-16,SouthAfrica-Vizag,Panamax,22.0,2023,6,16,4,23.89,23.23,1940.0,1986.8,2012.6
2023-06-23,SouthAfrica-Vizag,Panamax,22.57,2023,6,23,4,22.0,23.43,1974.0,1921.4,1940.0
2023-06-30,SouthAfrica-Vizag,Panamax,23.39,2023,6,30,4,22.57,24.21,1988.1,1957.5,1974.0
2023-07-07,SouthAfrica-Vizag,Panamax,20.52,2023,7,7,4,23.39,23.95,1852.7,1953.2,1988.1
2023-07-14,SouthAfrica-Vizag,Panamax,21.16,2023,7,14,4,20.52,24.87,1754.6,1913.4,1852.7
2023-07-21,SouthAfrica-Vizag,Panamax,19.92,2023,7,21,4,21.16,23.08,1771.6,1704.6,1754.6
2023-07-28,SouthAfrica-Vizag,Panamax,21.8,2023,7,28,4,19.92,23.89,1805.7,1707.1,1771.6
2023-08-04,SouthAfrica-Vizag,Panamax,21.08,2023,8,4,4,21.8,22.0,1704.0,1688.0,1805.7
2023-08-11,SouthAfrica-Vizag,Panamax,18.75,2023,8,11,4,21.08,22.57,1676.0,1755.2,1704.0
2023-08-18,SouthAfrica-Vizag,Panamax,19.72,2023,8,18,4,18.75,23.39,1713.0,1773.8,1676.0
2023-08-25,SouthAfrica-Vizag,Panamax,19.06,2023,8,25,4,19.72,20.52,1644.4,1665.1,1713.0
2023-09-01,SouthAfrica-Vizag,Panamax,19.09,2023,9,1,4,19.06,21.16,1750.1,1786.0,1644.4
2023-09-08,SouthAfrica-Vizag,Panamax,18.53,2023,9,8,4,19.09,19.92,1654.2,1684.8,1750.1
2023-09-15,SouthAfrica-Vizag,Panamax,18.76,2023,9,15,4,18.53,21.8,1669.2,1660.6,1654.2
2023-09-22,SouthAfrica-Vizag,Panamax,17.43,2023,9,22,4,18.76,21.08,1675.7,1585.4,1669.2
2023-09-29,SouthAfrica-Vizag,Panamax,20.48,2023,9,29,4,17.43,18.75,1678.1,1648.4,1675.7
2023-10-06,SouthAfrica-Vizag,Panamax,19.62,2023,10,6,4,20.48,19.72,1669.6,1606.4,1678.1
2023-10-13,SouthAfrica-Vizag,Panamax,18.26,2023,10,13,4,19.62,19.06,1674.2,1605.9,1669.6
2023-10-20,SouthAfrica-Vizag,Panamax,18.76,2023,10,20,4,18.26,19.09,1537.6,1535.1,1674.2
2023-10-27,SouthAfrica-Vizag,Panamax,19.1,2023,10,27,4,18.76,18.53,1733.0,1575.2,1537.6
2023-11-03,SouthAfrica-Vizag,Panamax,17.94,2023,11,3,4,19.1,18.76,1625.2,1588.2,1733.0
2023-11-10,SouthAfrica-Vizag,Panamax,19.01,2023,11,10,4,17.94,17.43,1638.7,1569.7,1625.2
2023-11-17,SouthAfrica-Vizag,Panamax,18.26,2023,11,17,4,19.01,20.48,1563.7,1529.4,1638.7
2023-11-24,SouthAfrica-Vizag,Panamax,18.42,2023,11,24,4,18.26,19.62,1635.0,1637.1,1563.7
2023-12-01,SouthAfrica-Vizag,Panamax,18.49,2023,12,1,4,18.42,18.26,1698.0,1605.4,1635.0
2023-12-08,SouthAfrica-Vizag,Panamax,20.3,2023,12,8,4,18.49,18.76,1666.2,1646.2,1698.0
2023-12-15,SouthAfrica-Vizag,Panamax,19.63,2023,12,15,4,20.3,19.1,1631.3,1702.6,1666.2
2023-12-22,SouthAfrica-Vizag,Panamax,20.04,2023,12,22,4,19.63,17.94,1714.1,1723.9,1631.3
2023-12-29,SouthAfrica-Vizag,Panamax,21.88,2023,12,29,4,20.04,19.01,1814.5,1789.6,1714.1
2024-01-05,SouthAfrica-Vizag,Panamax,21.08,2024,1,5,4,21.88,18.26,1774.9,1647.3,1814.5
2024-01-12,SouthAfrica-Vizag,Panamax,21.34,2024,1,12,4,21.08,18.42,1733.5,1741.7,1774.9
2024-01-19,SouthAfrica-Vizag,Panamax,21.83,2024,1,19,4,21.34,18.49,1707.1,1739.8,1733.5
2024-01-26,SouthAfrica-Vizag,Panamax,20.23,2024,1,26,4,21.83,20.3,1772.1,1801.2,1707.1
2024-02-02,SouthAfrica-Vizag,Panamax,22.69,2024,2,2,4,20.23,19.63,1846.3,1783.6,1772.1
2024-02-09,SouthAfrica-Vizag,Panamax,23.02,2024,2,9,4,22.69,20.04,1858.9,1794.2,1846.3
2024-02-16,SouthAfrica-Vizag,Panamax,22.67,2024,2,16,4,23.02,21.88,1868.0,1806.4,1858.9
2024-02-23,SouthAfrica-Vizag,Panamax,24.18,2024,2,23,4,22.67,21.08,1803.9,1810.3,1868.0
2024-03-01,SouthAfrica-Vizag,Panamax,23.46,2024,3,1,4,24.18,21.34,1850.9,1773.2,1803.9
2024-03-08,SouthAfrica-Vizag,Panamax,23.16,2024,3,8,4,23.46,21.83,1852.0,1801.3,1850.9
2024-03-15,SouthAfrica-Vizag,Panamax,22.65,2024,3,15,4,23.16,20.23,1848.7,1789.1,1852.0
2024-03-22,SouthAfrica-Vizag,Panamax,23.24,2024,3,22,4,22.65,22.69,1807.5,1906.3,1848.7
2024-03-29,SouthAfrica-Vizag,Panamax,22.27,2024,3,29,4,23.24,23.02,1778.0,1712.1,1807.5
2024-04-05,SouthAfrica-Vizag,Panamax,22.46,2024,4,5,4,22.27,22.67,1696.2,1795.0,1778.0
2024-04-12,SouthAfrica-Vizag,Panamax,23.25,2024,4,12,4,22.46,24.18,1665.8,1708.5,1696.2
2024-04-19,SouthAfrica-Vizag,Panamax,23.49,2024,4,19,4,23.25,23.46,1656.0,1718.3,1665.8
2024-04-26,SouthAfrica-Vizag,Panamax,22.26,2024,4,26,4,23.49,23.16,1635.3,1702.1,1656.0
2024-05-03,SouthAfrica-Vizag,Panamax,21.71,2024,5,3,4,22.26,22.65,1523.5,1574.2,1635.3
2024-05-10,SouthAfrica-Vizag,Panamax,21.86,2024,5,10,4,21.71,23.24,1498.9,1520.2,1523.5
2024-05-17,SouthAfrica-Vizag,Panamax,21.54,2024,5,17,4,21.86,22.27,1531.9,1537.9,1498.9
2024-05-24,SouthAfrica-Vizag,Panamax,21.44,2024,5,24,4,21.54,22.46,1385.7,1369.4,1531.9
2024-05-31,SouthAfrica-Vizag,Panamax,19.75,2024,5,31,4,21.44,23.25,1373.8,1360.2,1385.7
2024-06-07,SouthAfrica-Vizag,Panamax,20.43,2024,6,7,4,19.75,23.49,1313.4,1317.3,1373.8
2024-06-14,SouthAfrica-Vizag,Panamax,18.55,2024,6,14,4,20.43,22.26,1188.1,1245.8,1313.4
2024-06-21,SouthAfrica-Vizag,Panamax,17.25,2024,6,21,4,18.55,21.71,1102.2,1126.9,1188.1
2024-06-28,SouthAfrica-Vizag,Panamax,18.57,2024,6,28,4,17.25,21.86,1055.9,1015.2,1102.2
2024-07-05,SouthAfrica-Vizag,Panamax,16.41,2024,7,5,4,18.57,21.54,948.0,956.3,1055.9
2024-07-12,SouthAfrica-Vizag,Panamax,16.14,2024,7,12,4,16.41,21.44,910.0,809.3,948.0
2024-07-19,SouthAfrica-Vizag,Panamax,16.5,2024,7,19,4,16.14,19.75,906.6,811.2,910.0
2024-07-26,SouthAfrica-Vizag,Panamax,15.65,2024,7,26,4,16.5,20.43,765.8,714.1,906.6
2024-08-02,SouthAfrica-Vizag,Panamax,16.35,2024,8,2,4,15.65,18.55,660.9,681.6,765.8
2024-08-09,SouthAfrica-Vizag,Panamax,15.06,2024,8,9,4,16.35,17.25,601.9,577.4,660.9
2024-08-16,SouthAfrica-Vizag,Panamax,14.59,2024,8,16,4,15.06,18.57,495.5,569.6,601.9
2024-08-23,SouthAfrica-Vizag,Panamax,14.4,2024,8,23,4,14.59,16.41,451.6,450.0,495.5
2024-08-30,SouthAfrica-Vizag,Panamax,14.06,2024,8,30,4,14.4,16.14,310.1,346.2,451.6
2024-09-06,SouthAfrica-Vizag,Panamax,14.44,2024,9,6,4,14.06,16.5,300.0,300.0,310.1
2024-09-13,SouthAfrica-Vizag,Panamax,13.26,2024,9,13,4,14.44,15.65,300.0,300.0,300.0
2024-09-20,SouthAfrica-Vizag,Panamax,12.22,2024,9,20,4,13.26,16.35,300.0,300.0,300.0
2024-09-27,SouthAfrica-Vizag,Panamax,12.98,2024,9,27,4,12.22,15.06,325.3,300.0,300.0
2024-10-04,SouthAfrica-Vizag,Panamax,13.54,2024,10,4,4,12.98,14.59,300.0,300.0,325.3
2024-10-11,SouthAfrica-Vizag,Panamax,12.43,2024,10,11,4,13.54,14.4,300.0,300.0,300.0
2024-10-18,SouthAfrica-Vizag,Panamax,12.69,2024,10,18,4,12.43,14.06,300.0,300.0,300.0
2024-10-25,SouthAfrica-Vizag,Panamax,14.15,2024,10,25,4,12.69,14.44,300.0,300.0,300.0
2024-11-01,SouthAfrica-Vizag,Panamax,14.42,2024,11,1,4,14.15,13.26,300.0,300.0,300.0
2024-11-08,SouthAfrica-Vizag,Panamax,14.35,2024,11,8,4,14.42,12.22,300.0,300.0,300.0
2024-11-15,SouthAfrica-Vizag,Panamax,13.15,2024,11,15,4,14.35,12.98,300.0,300.0,300.0
2024-11-22,SouthAfrica-Vizag,Panamax,14.38,2024,11,22,4,13.15,13.54,300.0,300.0,300.0
2024-11-29,SouthAfrica-Vizag,Panamax,15.73,2024,11,29,4,14.38,12.43,300.0,300.0,300.0
2024-12-06,SouthAfrica-Vizag,Panamax,13.37,2024,12,6,4,15.73,12.69,300.0,300.0,300.0
2024-12-13,SouthAfrica-Vizag,Panamax,15.64,2024,12,13,4,13.37,14.15,300.0,300.0,300.0
2024-12-20,SouthAfrica-Vizag,Panamax,14.12,2024,12,20,4,15.64,14.42,300.0,300.0,300.0
2024-12-27,SouthAfrica-Vizag,Panamax,13.75,2024,12,27,4,14.12,14.35,300.0,300.0,300.0
2025-01-03,SouthAfrica-Vizag,Panamax,14.17,2025,1,3,4,13.75,13.15,338.4,300.0,300.0
2025-01-10,SouthAfrica-Vizag,Panamax,14.77,2025,1,10,4,14.17,14.38,333.0,317.3,338.4
2025-01-17,SouthAfrica-Vizag,Panamax,15.57,2025,1,17,4,14.77,15.73,394.4,349.6,333.0
2025-01-24,SouthAfrica-Vizag,Panamax,16.98,2025,1,24,4,15.57,13.37,501.5,531.2,394.4
2025-01-31,SouthAfrica-Vizag,Panamax,16.99,2025,1,31,4,16.98,15.64,510.3,495.5,501.5
2025-02-07,SouthAfrica-Vizag,Panamax,16.72,2025,2,7,4,16.99,14.12,541.1,611.7,510.3
2025-02-14,SouthAfrica-Vizag,Panamax,19.27,2025,2,14,4,16.72,13.75,734.5,543.1,541.1
2025-02-21,SouthAfrica-Vizag,Panamax,18.99,2025,2,21,4,19.27,14.17,651.0,686.5,734.5
2025-02-28,SouthAfrica-Vizag,Panamax,20.36,2025,2,28,4,18.99,14.77,781.7,719.2,651.0
2025-03-07,SouthAfrica-Vizag,Panamax,18.81,2025,3,7,4,20.36,15.57,901.9,831.0,781.7
2025-03-14,SouthAfrica-Vizag,Panamax,20.0,2025,3,14,4,18.81,16.98,913.8,939.3,901.9
2025-03-21,SouthAfrica-Vizag,Panamax,20.84,2025,3,21,4,20.0,16.99,990.8,856.6,913.8
2025-03-28,SouthAfrica-Vizag,Panamax,19.14,2025,3,28,4,20.84,16.72,994.5,1057.9,990.8
2025-04-04,SouthAfrica-Vizag,Panamax,19.38,2025,4,4,4,19.14,19.27,1081.3,1133.8,994.5
2025-04-11,SouthAfrica-Vizag,Panamax,20.23,2025,4,11,4,19.38,18.99,1155.6,1110.7,1081.3
2025-04-18,SouthAfrica-Vizag,Panamax,19.0,2025,4,18,4,20.23,20.36,1228.1,1134.4,1155.6
2025-04-25,SouthAfrica-Vizag,Panamax,20.99,2025,4,25,4,19.0,18.81,1341.8,1228.8,1228.1
2025-05-02,SouthAfrica-Vizag,Panamax,20.98,2025,5,2,4,20.99,20.0,1220.7,1407.5,1341.8
2025-05-09,SouthAfrica-Vizag,Panamax,21.83,2025,5,9,4,20.98,20.84,1447.9,1327.1,1220.7
2025-05-16,SouthAfrica-Vizag,Panamax,21.46,2025,5,16,4,21.83,19.14,1358.5,1402.9,1447.9
2025-05-23,SouthAfrica-Vizag,Panamax,21.84,2025,5,23,4,21.46,19.38,1431.4,1373.7,1358.5
2025-05-30,SouthAfrica-Vizag,Panamax,22.2,2025,5,30,4,21.84,20.23,1448.9,1420.9,1431.4
2025-06-06,SouthAfrica-Vizag,Panamax,19.38,2025,6,6,4,22.2,19.0,1391.3,1478.5,1448.9
2025-06-13,SouthAfrica-Vizag,Panamax,20.59,2025,6,13,4,19.38,20.99,1449.4,1490.9,1391.3
2025-06-20,SouthAfrica-Vizag,Panamax,21.55,2025,6,20,4,20.59,20.98,1325.6,1505.2,1449.4
2025-06-27,SouthAfrica-Vizag,Panamax,20.59,2025,6,27,4,21.55,21.83,1454.5,1423.6,1325.6
2025-07-04,SouthAfrica-Vizag,Panamax,19.98,2025,7,4,4,20.59,21.46,1473.0,1393.4,1454.5
2025-07-11,SouthAfrica-Vizag,Panamax,20.3,2025,7,11,4,19.98,21.84,1503.0,1415.4,1473.0
2025-07-18,SouthAfrica-Vizag,Panamax,19.72,2025,7,18,4,20.3,22.2,1441.0,1446.0,1503.0
2025-07-25,SouthAfrica-Vizag,Panamax,19.78,2025,7,25,4,19.72,19.38,1411.3,1424.0,1441.0
2025-08-01,SouthAfrica-Vizag,Panamax,17.48,2025,8,1,4,19.78,20.59,1376.9,1464.1,1411.3
2025-08-08,SouthAfrica-Vizag,Panamax,18.32,2025,8,8,4,17.48,21.55,1404.1,1413.5,1376.9
2025-08-15,SouthAfrica-Vizag,Panamax,18.17,2025,8,15,4,18.32,20.59,1419.9,1376.3,1404.1
2025-08-22,SouthAfrica-Vizag,Panamax,17.71,2025,8,22,4,18.17,19.98,1381.7,1378.7,1419.9
2025-08-29,SouthAfrica-Vizag,Panamax,18.04,2025,8,29,4,17.71,20.3,1369.7,1286.8,1381.7
2025-09-05,SouthAfrica-Vizag,Panamax,18.17,2025,9,5,4,18.04,19.72,1277.9,1337.5,1369.7
2025-09-12,SouthAfrica-Vizag,Panamax,16.63,2025,9,12,4,18.17,19.78,1314.5,1328.7,1277.9
2025-09-19,SouthAfrica-Vizag,Panamax,16.31,2025,9,19,4,16.63,17.48,1229.3,1276.5,1314.5
2025-09-26,SouthAfrica-Vizag,Panamax,16.49,2025,9,26,4,16.31,18.32,1262.4,1263.9,1229.3
2025-10-03,SouthAfrica-Vizag,Panamax,17.41,2025,10,3,4,16.49,18.17,1199.6,1293.1,1262.4
2025-10-10,SouthAfrica-Vizag,Panamax,16.69,2025,10,10,4,17.41,17.71,1194.9,1272.2,1199.6
2025-10-17,SouthAfrica-Vizag,Panamax,16.64,2025,10,17,4,16.69,18.04,1246.7,1230.7,1194.9
2025-10-24,SouthAfrica-Vizag,Panamax,17.18,2025,10,24,4,16.64,18.17,1236.4,1223.0,1246.7
2025-10-31,SouthAfrica-Vizag,Panamax,16.63,2025,10,31,4,17.18,16.63,1185.5,1175.0,1236.4
2025-11-07,SouthAfrica-Vizag,Panamax,16.6,2025,11,7,4,16.63,16.31,1296.1,1230.0,1185.5
2025-11-14,SouthAfrica-Vizag,Panamax,16.34,2025,11,14,4,16.6,16.49,1158.5,1192.1,1296.1
2025-11-21,SouthAfrica-Vizag,Panamax,16.78,2025,11,21,4,16.34,17.41,1242.0,1220.3,1158.5
2025-11-28,SouthAfrica-Vizag,Panamax,19.15,2025,11,28,4,16.78,16.69,1231.0,1205.5,1242.0
2025-12-05,SouthAfrica-Vizag,Panamax,17.53,2025,12,5,4,19.15,16.64,1119.0,1264.5,1231.0
2025-12-12,SouthAfrica-Vizag,Panamax,18.5,2025,12,12,4,17.53,17.18,1286.9,1188.5,1119.0
2025-12-19,SouthAfrica-Vizag,Panamax,18.83,2025,12,19,4,18.5,16.63,1246.9,1260.6,1286.9
2025-12-26,SouthAfrica-Vizag,Panamax,18.97,2025,12,26,4,18.83,16.6,1316.4,1408.1,1246.9
2026-01-02,SouthAfrica-Vizag,Panamax,20.19,2026,1,2,4,18.97,16.34,1356.8,1305.2,1316.4
2026-01-09,SouthAfrica-Vizag,Panamax,20.43,2026,1,9,4,20.19,16.78,1347.2,1209.1,1356.8
2026-01-16,SouthAfrica-Vizag,Panamax,19.15,2026,1,16,4,20.43,19.15,1268.9,1403.0,1347.2
2026-01-23,SouthAfrica-Vizag,Panamax,20.03,2026,1,23,4,19.15,17.53,1399.5,1401.1,1268.9
2026-01-30,SouthAfrica-Vizag,Panamax,20.76,2026,1,30,4,20.03,18.5,1528.6,1467.4,1399.5
2026-02-06,SouthAfrica-Vizag,Panamax,21.7,2026,2,6,4,20.76,18.83,1417.4,1423.0,1528.6
2026-02-13,SouthAfrica-Vizag,Panamax,22.07,2026,2,13,4,21.7,18.97,1578.6,1347.8,1417.4
2026-02-20,SouthAfrica-Vizag,Panamax,21.34,2026,2,20,4,22.07,20.19,1403.5,1499.1,1578.6
2026-02-27,SouthAfrica-Vizag,Panamax,22.57,2026,2,27,4,21.34,20.43,1635.4,1591.4,1403.5
2026-03-06,SouthAfrica-Vizag,Panamax,22.38,2026,3,6,4,22.57,19.15,1578.4,1586.5,1635.4
2026-03-13,SouthAfrica-Vizag,Panamax,22.68,2026,3,13,4,22.38,20.03,1480.1,1592.1,1578.4
2026-03-20,SouthAfrica-Vizag,Panamax,22.74,2026,3,20,4,22.68,20.76,1690.7,1672.6,1480.1
2026-03-27,SouthAfrica-Vizag,Panamax,22.34,2026,3,27,4,22.74,21.7,1715.8,1657.2,1690.7
2026-04-03,SouthAfrica-Vizag,Panamax,23.51,2026,4,3,4,22.34,22.07,1720.6,1636.3,1715.8
2026-04-10,SouthAfrica-Vizag,Panamax,23.25,2026,4,10,4,23.51,21.34,1719.7,1754.6,1720.6
2026-04-17,SouthAfrica-Vizag,Panamax,23.79,2026,4,17,4,23.25,22.57,1741.8,1824.3,1719.7
2026-04-24,SouthAfrica-Vizag,Panamax,22.31,2026,4,24,4,23.79,22.38,1737.8,1690.2,1741.8
2026-05-01,SouthAfrica-Vizag,Panamax,22.81,2026,5,1,4,22.31,22.68,1804.6,1740.5,1737.8
2026-05-08,SouthAfrica-Vizag,Panamax,23.09,2026,5,8,4,22.81,22.74,1867.4,1799.7,1804.6
2026-05-15,SouthAfrica-Vizag,Panamax,22.99,2026,5,15,4,23.09,22.34,1800.6,1930.8,1867.4
2026-05-22,SouthAfrica-Vizag,Panamax,22.13,2026,5,22,4,22.99,23.51,1884.4,1928.1,1800.6
2026-05-29,SouthAfrica-Vizag,Panamax,22.09,2026,5,29,4,22.13,23.25,1775.5,1852.0,1884.4
2026-06-05,SouthAfrica-Vizag,Panamax,22.01,2026,6,5,4,22.09,23.79,1893.6,1773.8,1775.5
2026-06-12,SouthAfrica-Vizag,Panamax,21.36,2026,6,12,4,22.01,22.31,1910.5,1884.3,1893.6
2026-06-19,SouthAfrica-Vizag,Panamax,21.23,2026,6,19,4,21.36,22.81,1882.1,2027.3,1910.5
2026-06-26,SouthAfrica-Vizag,Panamax,22.12,2026,6,26,4,21.23,23.09,1836.2,1969.2,1882.1
2026-07-03,SouthAfrica-Vizag,Panamax,20.48,2026,7,3,4,22.12,22.99,1941.0,1869.2,1836.2
2026-07-10,SouthAfrica-Vizag,Panamax,21.27,2026,7,10,4,20.48,22.13,1862.4,1845.2,1941.0
2026-07-17,SouthAfrica-Vizag,Panamax,19.47,2026,7,17,4,21.27,22.09,1877.2,2024.2,1862.4
2026-07-24,SouthAfrica-Vizag,Panamax,20.35,2026,7,24,4,19.47,22.01,1881.8,1966.6,1877.2
2026-07-31,SouthAfrica-Vizag,Panamax,20.68,2026,7,31,4,20.35,21.36,1881.8,1869.8,1881.8
2026-08-07,SouthAfrica-Vizag,Panamax,21.11,2026,8,7,4,20.68,21.23,1944.8,1823.2,1881.8
2026-08-14,SouthAfrica-Vizag,Panamax,19.76,2026,8,14,4,21.11,22.12,1922.7,1935.5,1944.8
2026-08-21,SouthAfrica-Vizag,Panamax,20.52,2026,8,21,4,19.76,20.48,1890.6,1916.5,1922.7
2026-08-28,SouthAfrica-Vizag,Panamax,20.41,2026,8,28,4,20.52,21.27,1863.2,1967.9,1890.6
